,gene,cluster_id,baseMean,logFC,lfcSE,stat,p_val,p_adj.loc,p_adj.glb,contrast
1,RP11-34P13.7,OPALIN+ Oligodendrocytes,21.7,0.241,0.47,0.513,0.608,0.865,0.905,PD
2,RP11-206L10.9,OPALIN+ Oligodendrocytes,121,-0.154,0.191,-0.807,0.42,0.756,0.815,PD
3,RP5-832C2.5,OPALIN+ Oligodendrocytes,13.6,0.732,0.42,1.74,0.081,0.351,0.439,PD
4,RP11-345P4.9,OPALIN+ Oligodendrocytes,29.6,0.0421,0.441,0.0956,0.924,0.967,0.986,PD
5,RP11-431K24.1,OPALIN+ Oligodendrocytes,15.6,-0.269,0.343,-0.785,0.433,0.765,0.824,PD
6,RP4-635E18.7,OPALIN+ Oligodendrocytes,13.5,0.311,0.373,0.834,0.404,0.741,0.806,PD
7,FLJ37453,OPALIN+ Oligodendrocytes,65.2,-0.0761,0.38,-0.2,0.841,0.949,0.97,PD
8,RP4-798A10.2,OPALIN+ Oligodendrocytes,11.4,0.379,0.497,0.762,0.446,0.771,0.829,PD
9,RP4-798A10.7,OPALIN+ Oligodendrocytes,7.97,-1.54,0.635,-2.42,0.0157,NA,0.202,PD
10,RP1-43E13.2,OPALIN+ Oligodendrocytes,171,0.299,0.232,1.29,0.198,0.545,0.639,PD
11,RP1-184J9.2,OPALIN+ Oligodendrocytes,10.9,0.499,0.511,0.975,0.329,NA,0.758,PD
12,LINC01355,OPALIN+ Oligodendrocytes,59.2,-0.0581,0.291,-0.2,0.842,0.949,0.97,PD
13,ZNF436-AS1,OPALIN+ Oligodendrocytes,18.9,-0.269,0.349,-0.772,0.44,0.768,0.827,PD
14,TCEB3-AS1,OPALIN+ Oligodendrocytes,142,0.0794,0.185,0.429,0.668,0.886,0.924,PD
15,RP11-70P17.1,OPALIN+ Oligodendrocytes,9.53,0.086,0.51,0.169,0.866,NA,0.977,PD
16,RP3-476K8.3,OPALIN+ Oligodendrocytes,17.9,0.443,0.392,1.13,0.259,0.617,0.698,PD
17,RP5-1092A3.4,OPALIN+ Oligodendrocytes,9.44,-0.0684,0.44,-0.156,0.876,NA,0.979,PD
18,SNHG12,OPALIN+ Oligodendrocytes,30.5,0.473,0.388,1.22,0.223,0.582,0.67,PD
19,MATN1-AS1,OPALIN+ Oligodendrocytes,35.6,-0.115,0.265,-0.432,0.666,0.886,0.923,PD
20,RP11-266K22.2,OPALIN+ Oligodendrocytes,20.6,0.0837,0.362,0.231,0.817,0.944,0.965,PD
21,RP11-84A19.4,OPALIN+ Oligodendrocytes,17.6,1.39,0.399,3.48,0.00051,0.0205,0.0249,PD
22,RP11-277A4.4,OPALIN+ Oligodendrocytes,18.8,0.54,0.348,1.55,0.121,0.42,0.515,PD
23,RP1-117O3.2,OPALIN+ Oligodendrocytes,17.5,0.494,0.483,1.02,0.306,0.661,0.74,PD
24,RP11-415J8.3,OPALIN+ Oligodendrocytes,18.2,0.461,0.555,0.83,0.407,0.744,0.808,PD
25,RP4-665N4.8,OPALIN+ Oligodendrocytes,21.1,0.574,0.502,1.14,0.253,0.61,0.694,PD
26,LINC01137,OPALIN+ Oligodendrocytes,34.6,-0.322,0.308,-1.04,0.297,0.652,0.733,PD
27,RP11-109P14.10,OPALIN+ Oligodendrocytes,23.9,0.458,0.618,0.74,0.459,0.779,0.837,PD
28,RP5-864K19.4,OPALIN+ Oligodendrocytes,416,0.375,0.251,1.49,0.135,0.447,0.54,PD
29,RP1-39G22.7,OPALIN+ Oligodendrocytes,26.7,0.0792,0.332,0.238,0.812,0.943,0.963,PD
30,RP11-656D10.3,OPALIN+ Oligodendrocytes,95.5,0.154,0.242,0.637,0.524,0.829,0.872,PD
31,NFYC-AS1,OPALIN+ Oligodendrocytes,11.1,-0.146,0.487,-0.299,0.765,0.924,0.951,PD
32,SLFNL1-AS1,OPALIN+ Oligodendrocytes,12.6,0.116,0.399,0.292,0.77,0.927,0.953,PD
33,RP11-399E6.1,OPALIN+ Oligodendrocytes,12.2,0.745,0.404,1.84,0.0653,0.32,0.399,PD
34,SLC2A1-AS1,OPALIN+ Oligodendrocytes,13.1,-0.821,0.499,-1.65,0.0995,0.378,0.472,PD
35,RP1-92O14.3,OPALIN+ Oligodendrocytes,33.5,-0.187,0.305,-0.614,0.539,0.835,0.877,PD
36,RP11-7O11.3,OPALIN+ Oligodendrocytes,14.4,0.0654,0.503,0.13,0.897,0.96,0.982,PD
37,RP5-1198O20.4,OPALIN+ Oligodendrocytes,37.2,-1.49,0.339,-4.41,1.04E-05,0.00223,0.00246,PD
38,RP11-269F19.2,OPALIN+ Oligodendrocytes,11,0.267,0.491,0.545,0.586,0.861,0.896,PD
39,RP11-191G24.1,OPALIN+ Oligodendrocytes,38.6,-0.47,0.298,-1.58,0.115,0.405,0.502,PD
40,RP5-1024G6.2,OPALIN+ Oligodendrocytes,24.5,0.44,0.411,1.07,0.284,0.637,0.72,PD
41,RP11-90C4.1,OPALIN+ Oligodendrocytes,18.4,-0.0764,0.312,-0.245,0.807,0.943,0.962,PD
42,LINC01135,OPALIN+ Oligodendrocytes,484,-0.0546,0.227,-0.241,0.81,0.943,0.963,PD
43,LINC01358,OPALIN+ Oligodendrocytes,70.1,-0.326,0.314,-1.04,0.3,0.655,0.734,PD
44,RP5-1044H5.1,OPALIN+ Oligodendrocytes,103,0.357,0.687,0.52,0.603,0.865,0.904,PD
45,RP4-598P13.1,OPALIN+ Oligodendrocytes,11.1,0.527,0.515,1.02,0.306,0.661,0.74,PD
46,ZRANB2-AS1,OPALIN+ Oligodendrocytes,8.84,-0.284,0.75,-0.379,0.705,NA,0.934,PD
47,LINC01362,OPALIN+ Oligodendrocytes,10.6,-0.0197,0.51,-0.0386,0.969,NA,0.992,PD
48,RP11-475O6.1,OPALIN+ Oligodendrocytes,132,-0.127,0.26,-0.489,0.625,0.87,0.912,PD
49,RP11-486G15.2,OPALIN+ Oligodendrocytes,51.8,-0.0204,0.334,-0.061,0.951,0.979,0.991,PD
50,RP11-131L23.1,OPALIN+ Oligodendrocytes,21.2,-0.932,0.421,-2.21,0.0269,0.2,0.264,PD
51,RP4-651E10.4,OPALIN+ Oligodendrocytes,17.9,0.509,0.377,1.35,0.178,0.513,0.609,PD
52,PKN2-AS1,OPALIN+ Oligodendrocytes,55.7,-0.477,0.234,-2.03,0.0419,0.25,0.327,PD
53,FLJ27354,OPALIN+ Oligodendrocytes,312,0.0192,0.247,0.0776,0.938,0.974,0.988,PD
54,RP4-621B10.8,OPALIN+ Oligodendrocytes,9.04,0.55,0.589,0.932,0.351,NA,0.774,PD
55,RP4-639F20.1,OPALIN+ Oligodendrocytes,53.6,-0.114,0.254,-0.448,0.654,0.884,0.919,PD
56,RP11-57H12.3,OPALIN+ Oligodendrocytes,39.4,-0.165,0.276,-0.599,0.549,0.84,0.879,PD
57,DPYD-AS1,OPALIN+ Oligodendrocytes,87,0.229,0.533,0.429,0.668,0.886,0.924,PD
58,MIR137HG,OPALIN+ Oligodendrocytes,13.4,0.166,0.424,0.392,0.695,0.899,0.932,PD
59,RP5-896L10.1,OPALIN+ Oligodendrocytes,9.85,0.0338,0.595,0.0568,0.955,NA,0.991,PD
60,RP4-549L20.3,OPALIN+ Oligodendrocytes,9.05,0.582,0.541,1.08,0.282,NA,0.718,PD
61,RP11-421L21.3,OPALIN+ Oligodendrocytes,40.9,-0.109,0.24,-0.452,0.651,0.884,0.919,PD
62,RP11-202K23.1,OPALIN+ Oligodendrocytes,55.1,1.55,1.13,1.37,0.169,0.497,0.599,PD
63,RP5-1065J22.8,OPALIN+ Oligodendrocytes,12.3,0.0931,0.401,0.232,0.816,0.944,0.965,PD
64,RP5-1074L1.1,OPALIN+ Oligodendrocytes,20.9,0.799,0.393,2.03,0.0422,0.251,0.328,PD
65,RP5-1074L1.4,OPALIN+ Oligodendrocytes,19.2,0.466,0.386,1.21,0.227,0.585,0.672,PD
66,SLC16A1-AS1,OPALIN+ Oligodendrocytes,531,0.0216,0.209,0.103,0.918,0.965,0.985,PD
67,RP11-31F15.2,OPALIN+ Oligodendrocytes,53,-0.33,0.286,-1.15,0.249,0.608,0.69,PD
68,HIPK1-AS1,OPALIN+ Oligodendrocytes,14.6,-0.99,0.404,-2.45,0.0142,0.144,0.189,PD
69,RP11-418J17.1,OPALIN+ Oligodendrocytes,279,0.664,0.23,2.88,0.00396,0.0674,0.089,PD
70,LINC00623,OPALIN+ Oligodendrocytes,75,-0.0282,0.372,-0.0758,0.94,0.974,0.989,PD
71,RP11-439A17.10,OPALIN+ Oligodendrocytes,26.4,0.741,0.289,2.56,0.0104,0.125,0.159,PD
72,CH17-437K3.1,OPALIN+ Oligodendrocytes,55.4,0.647,0.392,1.65,0.0987,0.378,0.471,PD
73,CH17-125A10.2,OPALIN+ Oligodendrocytes,13.4,-0.976,0.496,-1.97,0.0492,0.275,0.352,PD
74,RP11-289H16.1,OPALIN+ Oligodendrocytes,107,-0.148,0.338,-0.439,0.661,0.884,0.922,PD
75,RP11-337C18.8,OPALIN+ Oligodendrocytes,156,-0.000535,0.168,-0.00318,0.997,0.998,0.999,PD
76,LINC00624,OPALIN+ Oligodendrocytes,18.8,0.531,0.443,1.2,0.231,0.587,0.675,PD
77,RP4-565E6.1,OPALIN+ Oligodendrocytes,348,-0.398,0.243,-1.64,0.102,0.385,0.477,PD
78,CH17-189H20.1,OPALIN+ Oligodendrocytes,1390,0.557,0.224,2.49,0.0128,0.136,0.18,PD
79,RP11-326G21.1,OPALIN+ Oligodendrocytes,14.9,-0.0132,0.507,-0.026,0.979,0.987,0.994,PD
80,FALEC,OPALIN+ Oligodendrocytes,14.3,0.254,0.447,0.567,0.57,0.854,0.891,PD
81,RP11-98D18.9,OPALIN+ Oligodendrocytes,10.5,0.0778,0.378,0.206,0.837,NA,0.97,PD
82,FLG-AS1,OPALIN+ Oligodendrocytes,19.7,-1.11,0.404,-2.75,0.00604,0.0929,0.118,PD
83,RP11-307C12.12,OPALIN+ Oligodendrocytes,9.56,0.152,0.539,0.282,0.778,NA,0.954,PD
84,RP11-336K24.12,OPALIN+ Oligodendrocytes,9.59,0.0374,0.46,0.0813,0.935,NA,0.988,PD
85,RP11-536C5.2,OPALIN+ Oligodendrocytes,19.3,0.421,0.33,1.27,0.202,0.551,0.643,PD
86,RP11-122G18.12,OPALIN+ Oligodendrocytes,14.4,-0.493,0.404,-1.22,0.222,0.582,0.669,PD
87,RGS5,OPALIN+ Oligodendrocytes,47.1,0.208,0.278,0.749,0.454,0.775,0.833,PD
88,RP11-466F5.8,OPALIN+ Oligodendrocytes,21.5,-0.146,0.292,-0.498,0.619,0.865,0.908,PD
89,LINC00970,OPALIN+ Oligodendrocytes,42.4,-0.191,0.383,-0.498,0.618,0.865,0.908,PD
90,RP11-296O14.3,OPALIN+ Oligodendrocytes,218,-0.0393,0.17,-0.232,0.817,0.944,0.965,PD
91,RP1-102G20.5,OPALIN+ Oligodendrocytes,12.4,-0.467,0.548,-0.852,0.394,0.733,0.8,PD
92,RP11-318C24.2,OPALIN+ Oligodendrocytes,13.7,0.785,0.508,1.54,0.123,0.421,0.517,PD
93,RP11-195C7.1,OPALIN+ Oligodendrocytes,71.4,0.0639,0.369,0.173,0.862,0.954,0.977,PD
94,RP11-533E19.7,OPALIN+ Oligodendrocytes,15.7,0.49,0.4,1.23,0.221,0.582,0.668,PD
95,RP11-46A10.5,OPALIN+ Oligodendrocytes,27.8,0.584,0.346,1.69,0.0915,0.369,0.459,PD
96,LINC01344,OPALIN+ Oligodendrocytes,42,0.251,0.56,0.448,0.654,0.884,0.919,PD
97,RP11-295K2.3,OPALIN+ Oligodendrocytes,146,-0.287,0.255,-1.13,0.26,0.619,0.699,PD
98,ERVMER61-1,OPALIN+ Oligodendrocytes,18.2,0.0467,0.379,0.123,0.902,0.961,0.983,PD
99,MIR181A1HG,OPALIN+ Oligodendrocytes,1600,-0.228,0.2,-1.14,0.254,0.61,0.695,PD
100,LINC01222,OPALIN+ Oligodendrocytes,32.6,-0.693,0.48,-1.44,0.149,0.468,0.563,PD
101,LINC00862,OPALIN+ Oligodendrocytes,586,1.02,0.306,3.34,0.000848,0.026,0.035,PD
102,RP11-469A15.2,OPALIN+ Oligodendrocytes,70.5,1.11,0.57,1.94,0.0523,0.283,0.36,PD
103,RP11-134G8.7,OPALIN+ Oligodendrocytes,269,0.454,0.195,2.33,0.0199,0.167,0.223,PD
104,IPO9-AS1,OPALIN+ Oligodendrocytes,113,0.202,0.393,0.513,0.608,0.865,0.905,PD
105,RP11-307B6.3,OPALIN+ Oligodendrocytes,20.9,-0.641,0.4,-1.6,0.109,0.394,0.491,PD
106,RP11-739N20.2,OPALIN+ Oligodendrocytes,24.5,0.45,0.468,0.96,0.337,0.69,0.763,PD
107,RP11-6J21.2,OPALIN+ Oligodendrocytes,15.4,-0.104,0.564,-0.184,0.854,0.952,0.975,PD
108,C1orf132,OPALIN+ Oligodendrocytes,240,0.853,0.349,2.45,0.0144,0.145,0.191,PD
109,RP1-28O10.1,OPALIN+ Oligodendrocytes,40.2,-0.444,0.296,-1.5,0.134,0.445,0.539,PD
110,SERTAD4-AS1,OPALIN+ Oligodendrocytes,34,0.817,0.361,2.26,0.0237,0.187,0.248,PD
111,LINC00467,OPALIN+ Oligodendrocytes,52.6,-0.798,0.39,-2.04,0.041,0.25,0.326,PD
112,RP11-384C4.7,OPALIN+ Oligodendrocytes,65.2,0.131,0.275,0.477,0.633,0.876,0.913,PD
113,RP11-61J19.5,OPALIN+ Oligodendrocytes,15.6,-0.316,0.465,-0.678,0.498,0.814,0.861,PD
114,FLVCR1-AS1,OPALIN+ Oligodendrocytes,17.3,0.515,0.389,1.32,0.186,0.524,0.62,PD
115,RP11-53A1.3,OPALIN+ Oligodendrocytes,27.3,0.561,0.492,1.14,0.254,0.61,0.695,PD
116,LYPLAL1-AS1,OPALIN+ Oligodendrocytes,19,-0.557,0.365,-1.53,0.126,0.43,0.527,PD
117,C1orf140,OPALIN+ Oligodendrocytes,8.43,-0.506,0.485,-1.04,0.297,NA,0.733,PD
118,RP11-378J18.9,OPALIN+ Oligodendrocytes,64.7,-0.085,0.256,-0.333,0.739,0.915,0.944,PD
119,RP11-455P21.3,OPALIN+ Oligodendrocytes,22.7,0.447,0.366,1.22,0.222,0.582,0.669,PD
120,RP11-285F7.2,OPALIN+ Oligodendrocytes,225,-0.508,0.312,-1.63,0.103,0.388,0.48,PD
121,ITPKB-AS1,OPALIN+ Oligodendrocytes,11,0.713,0.588,1.21,0.225,0.584,0.671,PD
122,RP11-295G20.2,OPALIN+ Oligodendrocytes,14.6,0.612,0.425,1.44,0.15,0.468,0.563,PD
123,RP5-827C21.4,OPALIN+ Oligodendrocytes,30.2,0.0353,0.398,0.0887,0.929,0.969,0.986,PD
124,RP11-385F5.4,OPALIN+ Oligodendrocytes,37.4,0.169,0.304,0.556,0.578,0.857,0.893,PD
125,RP11-561I11.4,OPALIN+ Oligodendrocytes,32.1,0.755,0.446,1.69,0.0905,0.368,0.457,PD
126,RP11-518L10.5,OPALIN+ Oligodendrocytes,120,0.943,0.312,3.02,0.00255,0.0551,0.0718,PD
127,AC142528.1,OPALIN+ Oligodendrocytes,12,0.457,0.423,1.08,0.28,0.631,0.717,PD
128,RNASEH1-AS1,OPALIN+ Oligodendrocytes,38.2,0.605,0.327,1.85,0.0644,0.317,0.395,PD
129,RP11-400L8.2,OPALIN+ Oligodendrocytes,36.1,0.0442,0.287,0.154,0.877,0.956,0.979,PD
130,RP11-521D12.1,OPALIN+ Oligodendrocytes,49.5,0.549,0.337,1.63,0.103,0.388,0.48,PD
131,RP11-521D12.2,OPALIN+ Oligodendrocytes,35.8,-0.6,0.348,-1.72,0.0847,0.357,0.446,PD
132,RP11-95D17.1,OPALIN+ Oligodendrocytes,9.15,-0.058,0.509,-0.114,0.909,NA,0.984,PD
133,RN7SL832P,OPALIN+ Oligodendrocytes,10.6,-0.47,0.415,-1.13,0.257,NA,0.698,PD
134,MIR3681HG,OPALIN+ Oligodendrocytes,12.7,0.07,0.425,0.165,0.869,0.956,0.977,PD
135,LINC00276,OPALIN+ Oligodendrocytes,27.8,0.753,0.467,1.61,0.107,0.39,0.486,PD
136,AC010145.4,OPALIN+ Oligodendrocytes,37.7,-1.03,0.358,-2.86,0.00422,0.0699,0.0928,PD
137,GACAT3,OPALIN+ Oligodendrocytes,23.6,-0.929,0.536,-1.73,0.0831,0.355,0.443,PD
138,LINC01376,OPALIN+ Oligodendrocytes,129,-1.42,0.325,-4.39,1.13E-05,0.00223,0.00247,PD
139,AC067959.1,OPALIN+ Oligodendrocytes,17.1,0.224,0.511,0.438,0.661,0.884,0.922,PD
140,AC009228.1,OPALIN+ Oligodendrocytes,19.9,0.296,0.329,0.9,0.368,0.723,0.788,PD
141,DNAJC27-AS1,OPALIN+ Oligodendrocytes,144,-0.48,0.249,-1.93,0.0539,0.286,0.363,PD
142,AC012074.2,OPALIN+ Oligodendrocytes,9.14,-0.0872,0.441,-0.198,0.843,NA,0.971,PD
143,AC013472.4,OPALIN+ Oligodendrocytes,9.17,0.847,0.564,1.5,0.133,NA,0.537,PD
144,AC074117.10,OPALIN+ Oligodendrocytes,42.4,0.63,0.35,1.8,0.0718,0.332,0.413,PD
145,AC097724.3,OPALIN+ Oligodendrocytes,28.8,-1.49,0.389,-3.84,0.000121,0.00926,0.0116,PD
146,AC016907.3,OPALIN+ Oligodendrocytes,36.8,-0.585,0.33,-1.77,0.0759,0.34,0.423,PD
147,LINC00486,OPALIN+ Oligodendrocytes,7120,-0.0471,0.206,-0.228,0.819,0.945,0.965,PD
148,AL121656.5,OPALIN+ Oligodendrocytes,14.5,0.0796,0.679,0.117,0.907,0.962,0.983,PD
149,AC020594.5,OPALIN+ Oligodendrocytes,26.9,0.474,0.305,1.56,0.12,0.419,0.514,PD
150,LINC01317,OPALIN+ Oligodendrocytes,16.7,0.158,0.513,0.308,0.758,0.921,0.948,PD
151,AC012593.1,OPALIN+ Oligodendrocytes,1530,-0.49,0.241,-2.03,0.0424,0.251,0.329,PD
152,AC007246.3,OPALIN+ Oligodendrocytes,87.2,0.123,0.206,0.595,0.552,0.84,0.88,PD
153,RP11-417F21.1,OPALIN+ Oligodendrocytes,22.9,0.45,0.522,0.862,0.388,0.732,0.796,PD
154,AC073283.4,OPALIN+ Oligodendrocytes,597,0.801,0.293,2.74,0.00619,0.0929,0.119,PD
155,AC079807.4,OPALIN+ Oligodendrocytes,24.2,-1.61,0.457,-3.53,0.000411,0.0199,0.0218,PD
156,AC007682.1,OPALIN+ Oligodendrocytes,26.9,-0.232,0.334,-0.695,0.487,0.803,0.853,PD
157,AC092839.3,OPALIN+ Oligodendrocytes,17.7,1.01,0.579,1.74,0.0814,0.351,0.44,PD
158,AC093110.3,OPALIN+ Oligodendrocytes,14.7,0.194,0.713,0.272,0.785,0.934,0.957,PD
159,AC012358.8,OPALIN+ Oligodendrocytes,66.2,-0.108,0.495,-0.218,0.827,0.945,0.968,PD
160,LINC01122,OPALIN+ Oligodendrocytes,292,-0.431,0.236,-1.83,0.0673,0.324,0.401,PD
161,RP11-444A22.1,OPALIN+ Oligodendrocytes,38,0.38,0.636,0.597,0.55,0.84,0.88,PD
162,RP11-355B11.2,OPALIN+ Oligodendrocytes,55.2,-0.332,0.31,-1.07,0.283,0.636,0.72,PD
163,AC018462.2,OPALIN+ Oligodendrocytes,21.2,-0.166,0.441,-0.376,0.707,0.9,0.935,PD
164,AC074289.1,OPALIN+ Oligodendrocytes,35.1,-0.728,0.356,-2.04,0.041,0.25,0.326,PD
165,AC008074.3,OPALIN+ Oligodendrocytes,14.8,-0.645,0.398,-1.62,0.105,0.39,0.485,PD
166,RP11-474G23.3,OPALIN+ Oligodendrocytes,24.1,0.15,0.301,0.499,0.618,0.865,0.908,PD
167,DCTN1-AS1,OPALIN+ Oligodendrocytes,21.8,-0.6,0.483,-1.24,0.214,0.572,0.659,PD
168,AC104135.2,OPALIN+ Oligodendrocytes,8.09,-2.11,1.44,-1.46,0.143,NA,0.552,PD
169,RP11-355F16.1,OPALIN+ Oligodendrocytes,43.1,-0.271,0.25,-1.08,0.278,0.63,0.716,PD
170,AC007099.1,OPALIN+ Oligodendrocytes,11.3,-0.229,0.63,-0.363,0.717,0.902,0.938,PD
171,AC012494.1,OPALIN+ Oligodendrocytes,12.1,0.294,0.588,0.501,0.617,0.865,0.907,PD
172,ST3GAL5-AS1,OPALIN+ Oligodendrocytes,27.6,-1.31,0.568,-2.31,0.021,0.172,0.231,PD
173,AC015971.2,OPALIN+ Oligodendrocytes,15.7,0.416,0.469,0.888,0.374,0.727,0.791,PD
174,LINC00342,OPALIN+ Oligodendrocytes,49.8,-0.535,0.336,-1.59,0.111,0.397,0.495,PD
175,AC159540.1,OPALIN+ Oligodendrocytes,149,0.0593,0.264,0.225,0.822,0.945,0.967,PD
176,LINC01102,OPALIN+ Oligodendrocytes,168,-0.399,0.314,-1.27,0.204,0.554,0.645,PD
177,LINC01103,OPALIN+ Oligodendrocytes,13.3,0.0363,0.7,0.0519,0.959,0.98,0.991,PD
178,AC010884.1,OPALIN+ Oligodendrocytes,78.1,0.467,0.268,1.74,0.0818,0.352,0.44,PD
179,RP11-332H14.2,OPALIN+ Oligodendrocytes,26.4,-0.169,0.313,-0.539,0.59,0.862,0.899,PD
180,GCC2-AS1,OPALIN+ Oligodendrocytes,21.6,-0.0741,0.352,-0.211,0.833,0.945,0.968,PD
181,MIR4435-2HG,OPALIN+ Oligodendrocytes,20.9,0.0871,0.357,0.244,0.807,0.943,0.963,PD
182,AC079922.3,OPALIN+ Oligodendrocytes,13.9,0.651,0.371,1.76,0.0788,0.346,0.432,PD
183,AC017074.2,OPALIN+ Oligodendrocytes,18.1,2.05,0.388,5.27,1.34E-07,9.27E-05,0.000114,PD
184,AC009404.2,OPALIN+ Oligodendrocytes,23.3,0.488,0.36,1.36,0.175,0.508,0.605,PD
185,AC012363.4,OPALIN+ Oligodendrocytes,39.5,0.012,0.328,0.0367,0.971,0.982,0.992,PD
186,RP11-204L24.2,OPALIN+ Oligodendrocytes,10.8,1.75,0.661,2.65,0.0081,NA,0.137,PD
187,NIFK-AS1,OPALIN+ Oligodendrocytes,202,0.0486,0.16,0.303,0.762,0.922,0.95,PD
188,AC068282.3,OPALIN+ Oligodendrocytes,12.9,0.765,0.366,2.09,0.0367,0.237,0.308,PD
189,AC010976.2,OPALIN+ Oligodendrocytes,20.5,0.557,0.769,0.724,0.469,0.789,0.842,PD
190,RP11-395A13.2,OPALIN+ Oligodendrocytes,16.7,0.0378,0.42,0.0899,0.928,0.969,0.986,PD
191,AC010890.1,OPALIN+ Oligodendrocytes,14.7,0.245,0.537,0.456,0.648,0.884,0.919,PD
192,CCNT2-AS1,OPALIN+ Oligodendrocytes,70.3,-0.15,0.306,-0.489,0.625,0.87,0.912,PD
193,AC097721.2,OPALIN+ Oligodendrocytes,97.8,0.288,0.199,1.45,0.148,0.465,0.561,PD
194,RP11-107E5.4,OPALIN+ Oligodendrocytes,10.5,-0.431,0.689,-0.625,0.532,NA,0.874,PD
195,ZEB2-AS1,OPALIN+ Oligodendrocytes,8.55,-0.876,0.5,-1.75,0.0799,NA,0.435,PD
196,TEX41,OPALIN+ Oligodendrocytes,10.9,-0.054,0.51,-0.106,0.916,NA,0.984,PD
197,AC105402.4,OPALIN+ Oligodendrocytes,998,0.436,0.551,0.791,0.429,0.763,0.823,PD
198,AC144449.1,OPALIN+ Oligodendrocytes,326,-0.901,0.259,-3.48,0.000508,0.0205,0.0249,PD
199,AC005042.4,OPALIN+ Oligodendrocytes,19.4,0.466,0.677,0.689,0.491,0.807,0.856,PD
200,AC009961.3,OPALIN+ Oligodendrocytes,32.1,-0.284,0.324,-0.878,0.38,0.729,0.793,PD
201,AC009299.2,OPALIN+ Oligodendrocytes,14.5,-0.91,0.361,-2.52,0.0118,0.132,0.173,PD
202,AC092684.1,OPALIN+ Oligodendrocytes,17.5,-0.155,0.45,-0.344,0.731,0.912,0.942,PD
203,AC074363.1,OPALIN+ Oligodendrocytes,71.5,0.629,0.313,2.01,0.0448,0.26,0.337,PD
204,AC007405.4,OPALIN+ Oligodendrocytes,8.99,0.31,0.56,0.554,0.58,NA,0.893,PD
205,AC018890.6,OPALIN+ Oligodendrocytes,264,0.108,0.323,0.333,0.739,0.915,0.944,PD
206,HAGLR,OPALIN+ Oligodendrocytes,69.3,0.34,0.295,1.15,0.25,0.608,0.691,PD
207,AC079305.8,OPALIN+ Oligodendrocytes,33.7,0.337,0.252,1.34,0.181,0.519,0.614,PD
208,AC009948.5,OPALIN+ Oligodendrocytes,9.39,0.181,0.475,0.381,0.703,NA,0.933,PD
209,TTN-AS1,OPALIN+ Oligodendrocytes,351,-0.0977,0.206,-0.475,0.635,0.876,0.913,PD
210,AC007966.1,OPALIN+ Oligodendrocytes,16,0.0708,0.435,0.163,0.871,0.956,0.977,PD
211,FSIP2-AS1,OPALIN+ Oligodendrocytes,46.8,-0.141,0.293,-0.48,0.631,0.874,0.913,PD
212,LINC01473,OPALIN+ Oligodendrocytes,116,-0.106,0.26,-0.409,0.683,0.893,0.929,PD
213,RP11-410E4.1,OPALIN+ Oligodendrocytes,12.5,0.32,0.383,0.836,0.403,0.741,0.806,PD
214,AC017101.10,OPALIN+ Oligodendrocytes,15.4,0.0301,0.473,0.0637,0.949,0.979,0.991,PD
215,AC007319.1,OPALIN+ Oligodendrocytes,109,0.266,0.557,0.477,0.633,0.876,0.913,PD
216,AC093388.3,OPALIN+ Oligodendrocytes,155,-0.424,0.188,-2.25,0.0245,0.189,0.253,PD
217,AC098617.1,OPALIN+ Oligodendrocytes,31.6,0.183,0.555,0.33,0.741,0.915,0.944,PD
218,AC011997.1,OPALIN+ Oligodendrocytes,130,0.823,0.282,2.92,0.00349,0.0632,0.0832,PD
219,AC019330.1,OPALIN+ Oligodendrocytes,12.7,0.378,0.424,0.892,0.372,0.725,0.79,PD
220,AC093590.1,OPALIN+ Oligodendrocytes,204,-0.418,0.468,-0.894,0.371,0.725,0.79,PD
221,AC007163.3,OPALIN+ Oligodendrocytes,359,-0.557,0.264,-2.11,0.0348,0.233,0.305,PD
222,AC005037.3,OPALIN+ Oligodendrocytes,53.2,0.014,0.234,0.0597,0.952,0.979,0.991,PD
223,AC007879.5,OPALIN+ Oligodendrocytes,19.6,0.226,0.416,0.544,0.587,0.861,0.897,PD
224,RP11-260M2.1,OPALIN+ Oligodendrocytes,20.4,-0.288,0.427,-0.674,0.5,0.815,0.862,PD
225,AC007038.7,OPALIN+ Oligodendrocytes,120,-0.616,0.246,-2.5,0.0124,0.135,0.177,PD
226,LANCL1-AS1,OPALIN+ Oligodendrocytes,65.1,0.326,0.533,0.612,0.54,0.835,0.877,PD
227,AC072062.1,OPALIN+ Oligodendrocytes,22.2,0.387,0.709,0.545,0.586,0.861,0.896,PD
228,PKI55,OPALIN+ Oligodendrocytes,10.3,0.291,0.46,0.633,0.527,NA,0.873,PD
229,AC097662.2,OPALIN+ Oligodendrocytes,50.7,0.112,0.238,0.472,0.637,0.876,0.914,PD
230,AC009950.2,OPALIN+ Oligodendrocytes,12.8,-0.253,0.397,-0.637,0.524,0.829,0.872,PD
231,AC105461.1,OPALIN+ Oligodendrocytes,10.7,0.383,0.498,0.768,0.442,NA,0.828,PD
232,AC079135.1,OPALIN+ Oligodendrocytes,11.4,-1.68,0.518,-3.24,0.0012,0.0344,0.0447,PD
233,AC105760.2,OPALIN+ Oligodendrocytes,40.2,-0.0576,0.296,-0.194,0.846,0.95,0.972,PD
234,AC062017.1,OPALIN+ Oligodendrocytes,17.2,-0.804,0.455,-1.77,0.0771,0.342,0.426,PD
235,CAPN10-AS1,OPALIN+ Oligodendrocytes,27,0.423,0.285,1.49,0.137,0.448,0.543,PD
236,AC005237.4,OPALIN+ Oligodendrocytes,17.3,-2.28,0.632,-3.6,0.000318,0.0176,0.0187,PD
237,BOK-AS1,OPALIN+ Oligodendrocytes,23.6,0.373,0.315,1.19,0.236,0.594,0.679,PD
238,LINC01266,OPALIN+ Oligodendrocytes,133,-0.46,0.213,-2.16,0.031,0.22,0.287,PD
239,RP11-97C16.1,OPALIN+ Oligodendrocytes,11.3,-0.433,0.413,-1.05,0.294,0.649,0.731,PD
240,AC026188.1,OPALIN+ Oligodendrocytes,279,-0.37,0.233,-1.59,0.112,0.398,0.496,PD
241,AC018816.3,OPALIN+ Oligodendrocytes,17.1,-0.583,0.398,-1.47,0.143,0.455,0.55,PD
242,AC026202.3,OPALIN+ Oligodendrocytes,33.1,0.249,0.323,0.771,0.44,0.768,0.828,PD
243,GRM7-AS1,OPALIN+ Oligodendrocytes,18.1,0.201,0.38,0.528,0.597,0.862,0.901,PD
244,LMCD1-AS1,OPALIN+ Oligodendrocytes,2200,-0.52,0.267,-1.95,0.0516,0.281,0.359,PD
245,THUMPD3-AS1,OPALIN+ Oligodendrocytes,321,0.772,0.25,3.09,0.002,0.0486,0.062,PD
246,PRRT3-AS1,OPALIN+ Oligodendrocytes,33.5,-0.031,0.286,-0.108,0.914,0.965,0.984,PD
247,RP11-1020A11.2,OPALIN+ Oligodendrocytes,8.09,-0.713,0.456,-1.56,0.118,NA,0.51,PD
248,SLC6A1-AS1,OPALIN+ Oligodendrocytes,90.4,-0.33,0.667,-0.494,0.621,0.867,0.91,PD
249,FGD5-AS1,OPALIN+ Oligodendrocytes,205,-0.0677,0.307,-0.221,0.825,0.945,0.968,PD
250,SH3BP5-AS1,OPALIN+ Oligodendrocytes,34,-0.112,0.264,-0.423,0.672,0.891,0.925,PD
251,RP11-285J16.1,OPALIN+ Oligodendrocytes,21.2,0.211,0.397,0.532,0.595,0.862,0.9,PD
252,ENTPD3-AS1,OPALIN+ Oligodendrocytes,318,-0.46,0.209,-2.2,0.028,0.203,0.269,PD
253,RP4-613B23.1,OPALIN+ Oligodendrocytes,687,-1.06,0.276,-3.85,0.00012,0.00926,0.0116,PD
254,CCDC13-AS1,OPALIN+ Oligodendrocytes,23.2,-1.02,0.569,-1.79,0.0729,0.334,0.415,PD
255,RP4-555D20.2,OPALIN+ Oligodendrocytes,26.9,0.365,0.362,1.01,0.313,0.663,0.744,PD
256,RP11-944L7.4,OPALIN+ Oligodendrocytes,128,-0.0781,0.196,-0.398,0.691,0.896,0.931,PD
257,KIF9-AS1,OPALIN+ Oligodendrocytes,191,-0.113,0.198,-0.569,0.569,0.853,0.89,PD
258,RP11-708J19.1,OPALIN+ Oligodendrocytes,29.8,-0.136,0.311,-0.436,0.663,0.885,0.922,PD
259,U73166.2,OPALIN+ Oligodendrocytes,16.4,-0.104,0.469,-0.221,0.825,0.945,0.968,PD
260,SEMA3B-AS1,OPALIN+ Oligodendrocytes,9.07,-0.715,0.678,-1.05,0.292,NA,0.729,PD
261,RP11-884K10.7,OPALIN+ Oligodendrocytes,13.7,-0.0284,0.433,-0.0655,0.948,0.978,0.991,PD
262,ARF4-AS1,OPALIN+ Oligodendrocytes,19,-0.514,0.335,-1.53,0.125,0.427,0.524,PD
263,DENND6A-AS1,OPALIN+ Oligodendrocytes,44.4,-0.103,0.239,-0.43,0.667,0.886,0.924,PD
264,RP11-802O23.3,OPALIN+ Oligodendrocytes,47.7,-0.0971,0.338,-0.287,0.774,0.928,0.953,PD
265,PSMD6-AS2,OPALIN+ Oligodendrocytes,27.1,0.166,0.29,0.572,0.567,0.851,0.888,PD
266,ADAMTS9-AS2,OPALIN+ Oligodendrocytes,8.99,0.488,0.435,1.12,0.261,NA,0.7,PD
267,SUCLG2-AS1,OPALIN+ Oligodendrocytes,100,-0.178,0.243,-0.732,0.464,0.785,0.84,PD
268,CTD-2013N24.2,OPALIN+ Oligodendrocytes,10,0.0453,0.416,0.109,0.913,NA,0.984,PD
269,SAMMSON,OPALIN+ Oligodendrocytes,304,-0.0922,0.536,-0.172,0.863,0.954,0.977,PD
270,RP11-154H23.4,OPALIN+ Oligodendrocytes,50.6,-0.0524,0.261,-0.201,0.841,0.949,0.97,PD
271,LINC00877,OPALIN+ Oligodendrocytes,558,-0.159,0.236,-0.673,0.501,0.815,0.862,PD
272,LINC00870,OPALIN+ Oligodendrocytes,32.3,-0.651,0.389,-1.67,0.0942,0.369,0.462,PD
273,RP11-803B1.8,OPALIN+ Oligodendrocytes,36.7,0.511,0.303,1.68,0.0923,0.369,0.459,PD
274,LINC00506,OPALIN+ Oligodendrocytes,57.2,0.129,0.253,0.51,0.61,0.865,0.906,PD
275,ST3GAL6-AS1,OPALIN+ Oligodendrocytes,16.9,-0.681,0.591,-1.15,0.25,0.608,0.691,PD
276,CTD-2021J15.1,OPALIN+ Oligodendrocytes,10.5,-0.123,0.583,-0.211,0.833,NA,0.968,PD
277,LINC00882,OPALIN+ Oligodendrocytes,1110,-0.458,0.191,-2.4,0.0163,0.154,0.205,PD
278,DUBR,OPALIN+ Oligodendrocytes,1050,0.16,0.204,0.783,0.433,0.765,0.824,PD
279,RP11-446H18.5,OPALIN+ Oligodendrocytes,324,-0.428,0.234,-1.83,0.0674,0.324,0.401,PD
280,RP11-446H18.6,OPALIN+ Oligodendrocytes,31.2,0.54,0.368,1.47,0.141,0.455,0.549,PD
281,PVRL3-AS1,OPALIN+ Oligodendrocytes,49.2,-1.46,0.425,-3.43,0.000608,0.0221,0.0276,PD
282,RP11-572M11.4,OPALIN+ Oligodendrocytes,111,-0.511,0.195,-2.62,0.00888,0.117,0.146,PD
283,RP11-197K3.1,OPALIN+ Oligodendrocytes,54.6,0.275,0.537,0.512,0.609,0.865,0.905,PD
284,ZBTB20-AS2,OPALIN+ Oligodendrocytes,11.2,0.0906,0.579,0.156,0.876,0.956,0.979,PD
285,RP11-190P13.2,OPALIN+ Oligodendrocytes,29.1,-0.579,0.325,-1.78,0.0746,0.338,0.419,PD
286,RP11-384F7.2,OPALIN+ Oligodendrocytes,427,1.14,0.299,3.8,0.000146,0.0106,0.0124,PD
287,RP11-384F7.1,OPALIN+ Oligodendrocytes,18,1.19,0.514,2.33,0.02,0.167,0.224,PD
288,RP11-18H7.1,OPALIN+ Oligodendrocytes,61.1,0.225,0.222,1.01,0.312,0.663,0.744,PD
289,RP11-299J3.8,OPALIN+ Oligodendrocytes,107,-0.705,0.231,-3.05,0.00228,0.0533,0.0668,PD
290,RP11-67L2.2,OPALIN+ Oligodendrocytes,13.6,-0.791,0.41,-1.93,0.054,0.286,0.363,PD
291,MYLK-AS1,OPALIN+ Oligodendrocytes,106,0.446,0.244,1.82,0.0681,0.325,0.403,PD
292,RP11-434H6.7,OPALIN+ Oligodendrocytes,17.1,0.299,0.423,0.706,0.48,0.801,0.85,PD
293,H1FX-AS1,OPALIN+ Oligodendrocytes,12.2,0.155,0.358,0.433,0.665,0.886,0.923,PD
294,TMCC1-AS1,OPALIN+ Oligodendrocytes,15.8,-0.0226,0.386,-0.0586,0.953,0.98,0.991,PD
295,RP11-77P16.4,OPALIN+ Oligodendrocytes,10.9,-0.145,0.432,-0.335,0.737,NA,0.944,PD
296,NCK1-AS1,OPALIN+ Oligodendrocytes,29.7,-0.412,0.301,-1.37,0.171,0.499,0.6,PD
297,RP11-319G6.1,OPALIN+ Oligodendrocytes,316,-0.654,0.158,-4.14,3.53E-05,0.00488,0.00526,PD
298,RP11-71N10.1,OPALIN+ Oligodendrocytes,208,-0.213,0.245,-0.869,0.385,0.732,0.794,PD
299,RP11-167H9.4,OPALIN+ Oligodendrocytes,25.7,-0.582,0.528,-1.1,0.27,0.627,0.71,PD
300,LINC00886,OPALIN+ Oligodendrocytes,52.4,0.0301,0.227,0.133,0.894,0.96,0.981,PD
301,LINC00880,OPALIN+ Oligodendrocytes,11.4,-0.54,0.43,-1.26,0.209,0.562,0.652,PD
302,IL12A-AS1,OPALIN+ Oligodendrocytes,11.5,0.513,0.37,1.38,0.166,0.492,0.592,PD
303,LINC01322,OPALIN+ Oligodendrocytes,25,0.24,0.361,0.664,0.507,0.82,0.864,PD
304,KCNMB2-AS1,OPALIN+ Oligodendrocytes,36.2,0.23,0.308,0.746,0.456,0.777,0.835,PD
305,RP11-360P21.2,OPALIN+ Oligodendrocytes,23,-0.859,0.311,-2.76,0.00573,0.091,0.113,PD
306,PEX5L-AS2,OPALIN+ Oligodendrocytes,13,0.428,0.889,0.481,0.63,0.874,0.913,PD
307,RP11-496B10.3,OPALIN+ Oligodendrocytes,19.4,-0.314,0.381,-0.825,0.409,0.745,0.809,PD
308,RP11-275H4.1,OPALIN+ Oligodendrocytes,20.4,-0.512,0.49,-1.04,0.296,0.652,0.732,PD
309,RP11-4B14.3,OPALIN+ Oligodendrocytes,88.9,-0.43,0.391,-1.1,0.272,0.627,0.71,PD
310,YEATS2-AS1,OPALIN+ Oligodendrocytes,19.4,0.572,0.638,0.896,0.37,0.725,0.789,PD
311,RP11-573D15.8,OPALIN+ Oligodendrocytes,10.9,-0.428,0.445,-0.962,0.336,NA,0.762,PD
312,P3H2-AS1,OPALIN+ Oligodendrocytes,13.4,1.49,0.452,3.29,0.00101,0.0303,0.0391,PD
313,LINC00884,OPALIN+ Oligodendrocytes,22.8,0.125,0.404,0.31,0.757,0.921,0.948,PD
314,TMEM44-AS1,OPALIN+ Oligodendrocytes,56.3,-0.174,0.283,-0.615,0.538,0.835,0.877,PD
315,AC069513.4,OPALIN+ Oligodendrocytes,14.3,-0.212,0.549,-0.386,0.699,0.9,0.933,PD
316,LINC00969,OPALIN+ Oligodendrocytes,919,-0.0369,0.215,-0.171,0.864,0.954,0.977,PD
317,RP11-2H3.7,OPALIN+ Oligodendrocytes,14.5,0.134,0.44,0.304,0.761,0.922,0.95,PD
318,RP11-1263C18.2,OPALIN+ Oligodendrocytes,10.7,0.765,0.593,1.29,0.197,NA,0.638,PD
319,RP11-440L14.1,OPALIN+ Oligodendrocytes,411,0.0136,0.266,0.0511,0.959,0.98,0.991,PD
320,CTBP1-AS,OPALIN+ Oligodendrocytes,34.1,0.54,0.68,0.794,0.427,0.763,0.822,PD
321,CTBP1-AS2,OPALIN+ Oligodendrocytes,63.5,-0.0515,0.193,-0.267,0.789,0.935,0.958,PD
322,NOP14-AS1,OPALIN+ Oligodendrocytes,34,-0.749,0.254,-2.95,0.00318,0.0627,0.0796,PD
323,STX18-AS1,OPALIN+ Oligodendrocytes,299,-0.138,0.195,-0.707,0.48,0.801,0.85,PD
324,RP11-539L10.3,OPALIN+ Oligodendrocytes,51.4,0.327,0.3,1.09,0.277,0.63,0.715,PD
325,AC093323.3,OPALIN+ Oligodendrocytes,17.9,0.15,0.416,0.36,0.719,0.902,0.938,PD
326,RP11-367J11.3,OPALIN+ Oligodendrocytes,11.4,-0.157,0.421,-0.372,0.71,0.9,0.936,PD
327,RP11-774O3.3,OPALIN+ Oligodendrocytes,21.2,-0.0421,0.436,-0.0965,0.923,0.967,0.986,PD
328,RP11-689P11.2,OPALIN+ Oligodendrocytes,17.7,-0.303,0.349,-0.869,0.385,0.732,0.794,PD
329,LINC01182,OPALIN+ Oligodendrocytes,112,1.07,0.451,2.38,0.0173,0.158,0.211,PD
330,RP11-669M16.1,OPALIN+ Oligodendrocytes,12.1,1.14,0.605,1.88,0.0602,0.305,0.378,PD
331,LINC00504,OPALIN+ Oligodendrocytes,21.3,-0.363,0.422,-0.858,0.391,0.732,0.798,PD
332,CPEB2-AS1,OPALIN+ Oligodendrocytes,42.8,0.143,0.323,0.442,0.659,0.884,0.92,PD
333,RP11-665G4.1,OPALIN+ Oligodendrocytes,148,-0.381,0.283,-1.34,0.179,0.515,0.612,PD
334,TAPT1-AS1,OPALIN+ Oligodendrocytes,805,0.0608,0.172,0.354,0.724,0.905,0.939,PD
335,RP11-446J8.1,OPALIN+ Oligodendrocytes,31.3,0.204,0.376,0.541,0.588,0.862,0.898,PD
336,RP11-141E13.1,OPALIN+ Oligodendrocytes,11.9,0.339,0.516,0.658,0.511,0.822,0.866,PD
337,AC006160.5,OPALIN+ Oligodendrocytes,33.5,-0.479,0.321,-1.49,0.136,0.447,0.541,PD
338,RP11-608O21.1,OPALIN+ Oligodendrocytes,37.6,-0.202,0.502,-0.402,0.688,0.896,0.93,PD
339,RP11-17E2.2,OPALIN+ Oligodendrocytes,13.4,0.397,0.605,0.657,0.512,0.822,0.867,PD
340,RP11-496D24.2,OPALIN+ Oligodendrocytes,108,-0.12,0.329,-0.363,0.717,0.902,0.938,PD
341,RP11-431M7.3,OPALIN+ Oligodendrocytes,16.3,-0.831,0.451,-1.84,0.0655,0.32,0.399,PD
342,UGDH-AS1,OPALIN+ Oligodendrocytes,304,0.053,0.161,0.33,0.742,0.915,0.944,PD
343,RP11-539G18.3,OPALIN+ Oligodendrocytes,24.7,-0.151,0.36,-0.419,0.675,0.891,0.926,PD
344,RP11-121C2.3,OPALIN+ Oligodendrocytes,14.1,0.59,0.57,1.04,0.3,0.655,0.734,PD
345,RP11-584P21.2,OPALIN+ Oligodendrocytes,110,1.39,0.393,3.54,0.000396,0.0199,0.0215,PD
346,UBA6-AS1,OPALIN+ Oligodendrocytes,453,0.245,0.269,0.909,0.363,0.718,0.785,PD
347,RP11-692D12.1,OPALIN+ Oligodendrocytes,431,-0.793,0.248,-3.2,0.00137,0.0378,0.05,PD
348,LINC01088,OPALIN+ Oligodendrocytes,59.4,0.188,0.334,0.564,0.573,0.856,0.892,PD
349,RP11-377G16.2,OPALIN+ Oligodendrocytes,11.9,-0.248,0.376,-0.661,0.509,0.821,0.865,PD
350,RP11-127B20.3,OPALIN+ Oligodendrocytes,22.5,-0.346,0.367,-0.943,0.345,0.697,0.769,PD
351,RP11-576N17.5,OPALIN+ Oligodendrocytes,8.94,0.0616,0.468,0.131,0.895,NA,0.981,PD
352,RP11-778J15.1,OPALIN+ Oligodendrocytes,16.8,0.541,0.377,1.43,0.152,0.469,0.566,PD
353,RP11-742B18.1,OPALIN+ Oligodendrocytes,35.9,1.13,0.437,2.58,0.0099,0.122,0.155,PD
354,RP11-10L7.1,OPALIN+ Oligodendrocytes,35.6,0.246,0.315,0.783,0.434,0.765,0.824,PD
355,FAM13A-AS1,OPALIN+ Oligodendrocytes,151,0.399,0.177,2.26,0.0241,0.188,0.251,PD
356,RP11-115D19.1,OPALIN+ Oligodendrocytes,15.1,1.16,0.638,1.82,0.0684,0.325,0.403,PD
357,RP11-710C12.1,OPALIN+ Oligodendrocytes,36.7,-0.331,0.406,-0.814,0.416,0.751,0.813,PD
358,RP11-145G20.1,OPALIN+ Oligodendrocytes,16.3,-0.858,0.464,-1.85,0.0646,0.317,0.395,PD
359,RP11-1299A16.3,OPALIN+ Oligodendrocytes,22.5,0.0387,0.32,0.121,0.904,0.962,0.983,PD
360,RP11-571L19.7,OPALIN+ Oligodendrocytes,30.8,-0.399,0.394,-1.01,0.311,0.663,0.742,PD
361,RP11-696N14.1,OPALIN+ Oligodendrocytes,39.3,-0.0192,0.292,-0.0659,0.947,0.978,0.991,PD
362,RP11-15B17.1,OPALIN+ Oligodendrocytes,23.4,-0.777,0.314,-2.48,0.0132,0.137,0.182,PD
363,FLJ20021,OPALIN+ Oligodendrocytes,11,-0.366,0.434,-0.843,0.399,0.738,0.805,PD
364,RP11-498M5.2,OPALIN+ Oligodendrocytes,13,0.195,0.596,0.327,0.744,0.915,0.944,PD
365,RP11-10L12.4,OPALIN+ Oligodendrocytes,119,0.973,0.319,3.05,0.00231,0.0533,0.0675,PD
366,RP11-729M20.1,OPALIN+ Oligodendrocytes,15.4,0.0733,0.53,0.138,0.89,0.96,0.98,PD
367,AC004053.1,OPALIN+ Oligodendrocytes,129,-0.254,0.208,-1.22,0.222,0.582,0.67,PD
368,RP11-710F7.3,OPALIN+ Oligodendrocytes,8.55,-0.228,0.55,-0.414,0.679,NA,0.927,PD
369,RP11-286E11.1,OPALIN+ Oligodendrocytes,810,0.144,0.204,0.705,0.481,0.801,0.851,PD
370,SEC24B-AS1,OPALIN+ Oligodendrocytes,38.7,-0.597,0.289,-2.07,0.0388,0.245,0.319,PD
371,RP11-650J17.1,OPALIN+ Oligodendrocytes,45.5,-0.371,0.575,-0.646,0.518,0.827,0.87,PD
372,SNHG8,OPALIN+ Oligodendrocytes,35.5,-0.182,0.408,-0.446,0.655,0.884,0.919,PD
373,RP11-679C8.2,OPALIN+ Oligodendrocytes,168,-0.297,0.201,-1.48,0.139,0.449,0.545,PD
374,RP11-420A23.1,OPALIN+ Oligodendrocytes,214,-0.147,0.202,-0.728,0.467,0.786,0.841,PD
375,RP11-614F17.2,OPALIN+ Oligodendrocytes,9.48,-1.06,0.643,-1.64,0.1,NA,0.473,PD
376,RP11-745L13.2,OPALIN+ Oligodendrocytes,192,-0.113,0.314,-0.359,0.72,0.903,0.938,PD
377,RP11-404I7.2,OPALIN+ Oligodendrocytes,162,-0.0837,0.211,-0.398,0.691,0.896,0.931,PD
378,RP11-9G1.3,OPALIN+ Oligodendrocytes,421,-0.413,0.243,-1.7,0.0889,0.364,0.454,PD
379,RP11-138I17.1,OPALIN+ Oligodendrocytes,121,0.656,0.441,1.49,0.137,0.448,0.543,PD
380,RP11-371F15.3,OPALIN+ Oligodendrocytes,311,0.506,0.327,1.55,0.122,0.42,0.515,PD
381,RP11-83A24.2,OPALIN+ Oligodendrocytes,412,0.409,0.243,1.68,0.0929,0.369,0.461,PD
382,SCOC-AS1,OPALIN+ Oligodendrocytes,48.6,-0.303,0.313,-0.968,0.333,0.688,0.76,PD
383,RP11-284M14.1,OPALIN+ Oligodendrocytes,455,-0.471,0.234,-2.02,0.0435,0.256,0.331,PD
384,HHIP-AS1,OPALIN+ Oligodendrocytes,42.1,-0.173,0.259,-0.668,0.504,0.817,0.863,PD
385,RP11-425A23.1,OPALIN+ Oligodendrocytes,9.95,-0.168,0.433,-0.388,0.698,NA,0.932,PD
386,RP11-597D13.9,OPALIN+ Oligodendrocytes,40.5,0.814,0.383,2.13,0.0333,0.23,0.299,PD
387,RP11-10K16.1,OPALIN+ Oligodendrocytes,77.4,0.292,0.34,0.86,0.39,0.732,0.797,PD
388,RP11-798M19.3,OPALIN+ Oligodendrocytes,8.69,-0.0691,0.475,-0.146,0.884,NA,0.98,PD
389,RP11-798M19.6,OPALIN+ Oligodendrocytes,62.1,-0.0866,0.255,-0.339,0.734,0.914,0.943,PD
390,RP11-87F15.2,OPALIN+ Oligodendrocytes,14.2,0.327,0.471,0.696,0.487,0.803,0.853,PD
391,RP11-130F10.1,OPALIN+ Oligodendrocytes,471,-0.168,0.162,-1.04,0.3,0.655,0.734,PD
392,LINC01098,OPALIN+ Oligodendrocytes,90.7,-0.561,0.371,-1.51,0.13,0.436,0.532,PD
393,LINC01099,OPALIN+ Oligodendrocytes,610,-0.856,0.229,-3.73,0.00019,0.0125,0.0148,PD
394,RP11-367N14.2,OPALIN+ Oligodendrocytes,44.2,0.153,0.238,0.644,0.52,0.828,0.87,PD
395,RP11-290F5.1,OPALIN+ Oligodendrocytes,28.7,-0.151,0.399,-0.379,0.705,0.9,0.934,PD
396,RP11-326I11.4,OPALIN+ Oligodendrocytes,42.2,-1.32,0.285,-4.62,3.81E-06,0.00175,0.00135,PD
397,RP11-714G18.1,OPALIN+ Oligodendrocytes,27.4,0.978,0.379,2.58,0.00985,0.122,0.155,PD
398,LINC01060,OPALIN+ Oligodendrocytes,62.6,1.02,1.28,0.796,NA,NA,NA,PD
399,AF146191.4,OPALIN+ Oligodendrocytes,132,0.571,0.178,3.21,0.00133,0.0375,0.049,PD
400,EXOC3-AS1,OPALIN+ Oligodendrocytes,13.2,0.131,0.422,0.311,0.756,0.921,0.948,PD
401,FLJ33360,OPALIN+ Oligodendrocytes,21,-0.285,0.333,-0.856,0.392,0.732,0.799,PD
402,RP11-480D4.1,OPALIN+ Oligodendrocytes,101,-0.573,0.261,-2.2,0.028,0.203,0.269,PD
403,MIR4458HG,OPALIN+ Oligodendrocytes,23.7,0.622,0.446,1.39,0.163,0.487,0.587,PD
404,RP11-315A16.1,OPALIN+ Oligodendrocytes,9.74,-0.157,0.523,-0.301,0.764,NA,0.951,PD
405,RP11-143A12.3,OPALIN+ Oligodendrocytes,124,-0.0721,0.3,-0.241,0.81,0.943,0.963,PD
406,SNHG18,OPALIN+ Oligodendrocytes,25.4,-0.0513,0.478,-0.107,0.914,0.965,0.984,PD
407,CTD-2143L24.1,OPALIN+ Oligodendrocytes,22.2,0.789,0.394,2,0.0456,0.262,0.34,PD
408,CTD-2023M8.1,OPALIN+ Oligodendrocytes,8.49,-0.0856,0.577,-0.148,0.882,NA,0.979,PD
409,RP11-774D14.1,OPALIN+ Oligodendrocytes,400,-0.0141,0.278,-0.0506,0.96,0.98,0.991,PD
410,RP11-374A4.1,OPALIN+ Oligodendrocytes,30,-0.101,0.273,-0.369,0.712,0.9,0.936,PD
411,RP11-804N13.1,OPALIN+ Oligodendrocytes,44.8,-0.213,0.246,-0.865,0.387,0.732,0.795,PD
412,C5orf17,OPALIN+ Oligodendrocytes,10.3,-0.0171,0.572,-0.0299,0.976,NA,0.994,PD
413,CTD-2152M20.2,OPALIN+ Oligodendrocytes,31.3,1.14,0.295,3.88,0.000102,0.00883,0.0105,PD
414,CTD-2186M15.3,OPALIN+ Oligodendrocytes,7.99,-0.00286,0.505,-0.00567,0.995,NA,0.999,PD
415,CTD-2282P23.2,OPALIN+ Oligodendrocytes,9.94,0.0134,0.586,0.0229,0.982,NA,0.995,PD
416,GDNF-AS1,OPALIN+ Oligodendrocytes,98.6,-1.25,0.372,-3.37,0.000753,0.0247,0.0322,PD
417,LIFR-AS1,OPALIN+ Oligodendrocytes,70.4,-0.815,0.306,-2.66,0.00775,0.106,0.134,PD
418,NNT-AS1,OPALIN+ Oligodendrocytes,162,0.165,0.221,0.745,0.456,0.777,0.835,PD
419,RP11-53O19.1,OPALIN+ Oligodendrocytes,143,-0.714,0.236,-3.02,0.00253,0.0551,0.0718,PD
420,RP11-53O19.3,OPALIN+ Oligodendrocytes,34.5,0.404,0.326,1.24,0.216,0.572,0.661,PD
421,CTD-2175A23.1,OPALIN+ Oligodendrocytes,51.3,-0.578,0.353,-1.64,0.102,0.385,0.477,PD
422,CTD-2366F13.1,OPALIN+ Oligodendrocytes,8.57,-0.185,0.488,-0.38,0.704,NA,0.934,PD
423,RP11-506H20.1,OPALIN+ Oligodendrocytes,11.8,0.355,0.589,0.603,0.547,0.84,0.879,PD
424,CTD-2227I18.1,OPALIN+ Oligodendrocytes,9.9,0.0958,0.449,0.213,0.831,NA,0.968,PD
425,PART1,OPALIN+ Oligodendrocytes,19.7,-0.856,0.476,-1.8,0.0721,0.332,0.413,PD
426,CTC-436P18.1,OPALIN+ Oligodendrocytes,36.1,-0.415,0.248,-1.67,0.0944,0.369,0.462,PD
427,RP11-2O17.2,OPALIN+ Oligodendrocytes,20.1,0.0651,0.74,0.088,0.93,0.969,0.987,PD
428,RP11-434D9.1,OPALIN+ Oligodendrocytes,90.6,-0.192,0.347,-0.554,0.58,0.857,0.893,PD
429,RP11-83M16.6,OPALIN+ Oligodendrocytes,9.11,0.221,0.474,0.466,0.641,NA,0.916,PD
430,RP11-136K7.2,OPALIN+ Oligodendrocytes,30.7,-0.144,0.395,-0.365,0.715,0.902,0.937,PD
431,RP11-79P5.9,OPALIN+ Oligodendrocytes,12.4,-0.325,0.466,-0.696,0.486,0.803,0.853,PD
432,CTC-366B18.4,OPALIN+ Oligodendrocytes,8.92,0.673,0.496,1.36,0.174,NA,0.605,PD
433,SCAMP1-AS1,OPALIN+ Oligodendrocytes,21.8,-0.193,0.328,-0.59,0.555,0.842,0.882,PD
434,CTD-2201I18.1,OPALIN+ Oligodendrocytes,24.9,1.41,0.48,2.93,0.00336,0.0628,0.0815,PD
435,CTC-458I2.2,OPALIN+ Oligodendrocytes,50.3,0.218,0.347,0.629,0.53,0.829,0.873,PD
436,CTD-2015H6.3,OPALIN+ Oligodendrocytes,9.65,-1.32,0.469,-2.81,0.00498,NA,0.103,PD
437,CKMT2-AS1,OPALIN+ Oligodendrocytes,296,0.0741,0.244,0.304,0.761,0.922,0.95,PD
438,CTD-2269F5.1,OPALIN+ Oligodendrocytes,112,-0.554,0.343,-1.62,0.106,0.39,0.485,PD
439,RP11-72L22.1,OPALIN+ Oligodendrocytes,40.6,-1.39,0.577,-2.41,0.0161,0.154,0.205,PD
440,TMEM161B-AS1,OPALIN+ Oligodendrocytes,1150,0.234,0.168,1.4,0.162,0.487,0.586,PD
441,CTC-498M16.4,OPALIN+ Oligodendrocytes,25.1,-0.876,0.365,-2.4,0.0164,0.154,0.205,PD
442,LINC00461,OPALIN+ Oligodendrocytes,244,-0.392,0.201,-1.95,0.0518,0.281,0.359,PD
443,CTC-467M3.1,OPALIN+ Oligodendrocytes,14.1,-1.58,0.549,-2.88,0.004,0.0674,0.0892,PD
444,MEF2C-AS1,OPALIN+ Oligodendrocytes,10.8,-0.142,0.412,-0.345,0.73,NA,0.942,PD
445,LUCAT1,OPALIN+ Oligodendrocytes,31.4,1.68,0.451,3.72,0.000203,0.0127,0.0151,PD
446,ARRDC3-AS1,OPALIN+ Oligodendrocytes,10.7,-0.168,0.383,-0.438,0.662,NA,0.922,PD
447,LINC01554,OPALIN+ Oligodendrocytes,8.93,-0.0896,0.445,-0.201,0.84,NA,0.97,PD
448,CTD-2337A12.1,OPALIN+ Oligodendrocytes,234,-0.261,0.198,-1.32,0.187,0.524,0.622,PD
449,CTD-2260A17.2,OPALIN+ Oligodendrocytes,172,-0.401,0.204,-1.97,0.0488,0.275,0.352,PD
450,CTD-2215E18.1,OPALIN+ Oligodendrocytes,159,-0.461,0.27,-1.71,0.0873,0.362,0.451,PD
451,LINC01340,OPALIN+ Oligodendrocytes,15.3,-0.372,0.485,-0.766,0.443,0.77,0.828,PD
452,CTD-2007H13.3,OPALIN+ Oligodendrocytes,234,-0.335,0.179,-1.87,0.0618,0.309,0.384,PD
453,CTD-2001C12.1,OPALIN+ Oligodendrocytes,30.4,-0.642,0.326,-1.97,0.049,0.275,0.352,PD
454,CTD-2193G5.1,OPALIN+ Oligodendrocytes,11.1,-0.234,0.439,-0.533,0.594,0.862,0.9,PD
455,LINC01023,OPALIN+ Oligodendrocytes,13.9,0.0222,0.447,0.0497,0.96,0.98,0.991,PD
456,CTD-2587M2.1,OPALIN+ Oligodendrocytes,14.6,-0.0931,0.444,-0.21,0.834,0.945,0.969,PD
457,EPB41L4A-AS1,OPALIN+ Oligodendrocytes,27,0.152,0.301,0.505,0.614,0.865,0.907,PD
458,AC010226.4,OPALIN+ Oligodendrocytes,18.2,-0.653,0.404,-1.62,0.106,0.39,0.485,PD
459,CTD-2287O16.5,OPALIN+ Oligodendrocytes,8.76,-0.13,0.458,-0.283,0.777,NA,0.954,PD
460,SEMA6A-AS1,OPALIN+ Oligodendrocytes,93.9,0.302,0.256,1.18,0.237,0.595,0.679,PD
461,CTB-118N6.2,OPALIN+ Oligodendrocytes,10.2,-0.934,0.519,-1.8,0.072,NA,0.413,PD
462,CTB-161M19.4,OPALIN+ Oligodendrocytes,141,-0.136,0.223,-0.61,0.542,0.837,0.877,PD
463,LINC01170,OPALIN+ Oligodendrocytes,1550,-0.329,0.23,-1.43,0.153,0.47,0.568,PD
464,CTD-2308B18.3,OPALIN+ Oligodendrocytes,19.7,0.663,0.461,1.44,0.15,0.468,0.563,PD
465,RP11-43D2.2,OPALIN+ Oligodendrocytes,10.3,0.301,0.635,0.474,0.635,NA,0.913,PD
466,RP11-756H20.1,OPALIN+ Oligodendrocytes,48.5,0.729,0.316,2.31,0.021,0.172,0.231,PD
467,LINC01184,OPALIN+ Oligodendrocytes,672,-0.138,0.161,-0.859,0.39,0.732,0.798,PD
468,TH2LCRR,OPALIN+ Oligodendrocytes,11.6,0.436,0.587,0.743,0.457,0.777,0.835,PD
469,AC004237.1,OPALIN+ Oligodendrocytes,14.2,0.332,0.501,0.661,0.508,0.821,0.865,PD
470,RP11-215P8.3,OPALIN+ Oligodendrocytes,8.3,0.76,0.48,1.59,0.113,NA,0.498,PD
471,RP11-381K20.2,OPALIN+ Oligodendrocytes,595,0.0757,0.171,0.442,0.659,0.884,0.92,PD
472,CTB-35F21.1,OPALIN+ Oligodendrocytes,34.5,-0.389,0.323,-1.2,0.228,0.585,0.674,PD
473,CTC-329D1.3,OPALIN+ Oligodendrocytes,20.5,-0.789,0.385,-2.05,0.0402,0.25,0.324,PD
474,CTC-329D1.2,OPALIN+ Oligodendrocytes,112,0.114,0.221,0.517,0.605,0.865,0.904,PD
475,AC005609.16,OPALIN+ Oligodendrocytes,14.3,0.77,0.459,1.68,0.0938,0.369,0.462,PD
476,AC005592.2,OPALIN+ Oligodendrocytes,45.3,0.37,0.351,1.05,0.292,0.647,0.729,PD
477,CTC-806A22.1,OPALIN+ Oligodendrocytes,12.2,0.542,0.416,1.3,0.192,0.535,0.631,PD
478,RP11-118M9.3,OPALIN+ Oligodendrocytes,17.7,0.379,0.456,0.832,0.406,0.743,0.808,PD
479,JAKMIP2-AS1,OPALIN+ Oligodendrocytes,37.5,0.628,0.383,1.64,0.101,0.383,0.475,PD
480,RP11-373N22.3,OPALIN+ Oligodendrocytes,511,0.0131,0.148,0.0886,0.929,0.969,0.986,PD
481,CTC-529P8.1,OPALIN+ Oligodendrocytes,391,-0.609,0.272,-2.24,0.0252,0.19,0.255,PD
482,GRPEL2-AS1,OPALIN+ Oligodendrocytes,17.8,0.366,0.43,0.853,0.394,0.733,0.8,PD
483,CTB-12O2.1,OPALIN+ Oligodendrocytes,27.7,0.013,0.316,0.0412,0.967,0.98,0.991,PD
484,LINC01470,OPALIN+ Oligodendrocytes,108,0.761,0.532,1.43,0.153,0.47,0.568,PD
485,SAP30L-AS1,OPALIN+ Oligodendrocytes,72,-0.299,0.238,-1.26,0.209,0.562,0.652,PD
486,CTB-47B11.3,OPALIN+ Oligodendrocytes,13.9,-1.5,0.601,-2.49,0.0129,0.136,0.18,PD
487,AC008697.1,OPALIN+ Oligodendrocytes,11,-0.123,0.474,-0.259,0.796,0.939,0.959,PD
488,RP11-167P20.1,OPALIN+ Oligodendrocytes,372,-0.0762,0.234,-0.326,0.745,0.916,0.944,PD
489,CTC-340A15.2,OPALIN+ Oligodendrocytes,21.9,-1.54,0.685,-2.25,0.0244,0.189,0.253,PD
490,CTC-535M15.2,OPALIN+ Oligodendrocytes,9.91,-0.666,0.582,-1.14,0.252,NA,0.694,PD
491,LINC01411,OPALIN+ Oligodendrocytes,333,-0.345,0.243,-1.42,0.156,0.479,0.574,PD
492,PRR7-AS1,OPALIN+ Oligodendrocytes,20.4,-0.372,0.314,-1.19,0.235,0.594,0.679,PD
493,RP11-1252I4.2,OPALIN+ Oligodendrocytes,14.9,0.445,0.407,1.09,0.275,0.629,0.713,PD
494,RP11-281O15.4,OPALIN+ Oligodendrocytes,19.9,0.418,0.385,1.09,0.278,0.63,0.715,PD
495,RP11-1379J22.2,OPALIN+ Oligodendrocytes,14.6,0.418,0.485,0.861,0.389,0.732,0.797,PD
496,CTB-129O4.1,OPALIN+ Oligodendrocytes,20.9,0.773,0.378,2.04,0.0411,0.25,0.326,PD
497,LINC00847,OPALIN+ Oligodendrocytes,31.3,0.405,0.331,1.22,0.221,0.582,0.669,PD
498,CTC-338M12.5,OPALIN+ Oligodendrocytes,10.3,-0.52,0.42,-1.24,0.216,NA,0.661,PD
499,AC138035.2,OPALIN+ Oligodendrocytes,22.9,-0.87,0.297,-2.93,0.00337,0.0628,0.0815,PD
500,GMDS-AS1,OPALIN+ Oligodendrocytes,623,-0.4,0.214,-1.87,0.0615,0.309,0.383,PD
501,RP1-223B1.1,OPALIN+ Oligodendrocytes,417,-0.985,0.467,-2.11,0.0349,0.233,0.305,PD
502,RP11-428J1.4,OPALIN+ Oligodendrocytes,11.5,0.705,0.422,1.67,0.095,0.37,0.462,PD
503,RP11-69L16.4,OPALIN+ Oligodendrocytes,15.6,0.521,0.55,0.947,0.343,0.697,0.768,PD
504,RP3-510L9.1,OPALIN+ Oligodendrocytes,78,0.0215,0.202,0.106,0.915,0.965,0.984,PD
505,RP1-151F17.2,OPALIN+ Oligodendrocytes,10.2,0.146,0.401,0.365,0.715,NA,0.938,PD
506,RP4-625H18.2,OPALIN+ Oligodendrocytes,20.7,-0.216,0.37,-0.585,0.559,0.844,0.885,PD
507,RP11-239H6.2,OPALIN+ Oligodendrocytes,14.5,-0.336,0.462,-0.728,0.467,0.786,0.841,PD
508,RP3-348I23.2,OPALIN+ Oligodendrocytes,9.39,0.0815,0.545,0.15,0.881,NA,0.979,PD
509,CASC15,OPALIN+ Oligodendrocytes,42.9,-0.348,0.368,-0.946,0.344,0.697,0.768,PD
510,RP11-457M11.5,OPALIN+ Oligodendrocytes,29,0.124,0.457,0.272,0.786,0.934,0.957,PD
511,LINC00240,OPALIN+ Oligodendrocytes,128,-0.604,0.252,-2.4,0.0166,0.155,0.206,PD
512,RP1-313I6.12,OPALIN+ Oligodendrocytes,19.1,-0.36,0.43,-0.836,0.403,0.741,0.806,PD
513,ZSCAN16-AS1,OPALIN+ Oligodendrocytes,101,0.113,0.255,0.441,0.659,0.884,0.921,PD
514,HCG17,OPALIN+ Oligodendrocytes,402,0.0332,0.265,0.125,0.901,0.96,0.982,PD
515,HCG27,OPALIN+ Oligodendrocytes,19.4,0.43,0.33,1.3,0.193,0.535,0.631,PD
516,XXbac-BPG154L12.4,OPALIN+ Oligodendrocytes,180,0.558,0.358,1.56,0.119,0.419,0.513,PD
517,HCG25,OPALIN+ Oligodendrocytes,27.7,-0.0748,0.352,-0.213,0.832,0.945,0.968,PD
518,DAXX,OPALIN+ Oligodendrocytes,28.5,0.3,0.351,0.855,0.393,0.732,0.799,PD
519,PHF1,OPALIN+ Oligodendrocytes,84.4,0.197,0.331,0.596,0.551,0.84,0.88,PD
520,XXbac-BPG294E21.9,OPALIN+ Oligodendrocytes,17.3,-0.313,0.365,-0.857,0.391,0.732,0.798,PD
521,RP11-140K17.3,OPALIN+ Oligodendrocytes,20.8,0.722,0.389,1.86,0.0633,0.316,0.39,PD
522,RP3-329A5.8,OPALIN+ Oligodendrocytes,11.3,-0.376,0.413,-0.911,0.362,0.717,0.784,PD
523,RP1-179N16.6,OPALIN+ Oligodendrocytes,90.9,-0.082,0.221,-0.372,0.71,0.9,0.936,PD
524,RP11-61I13.3,OPALIN+ Oligodendrocytes,21.9,0.327,0.57,0.574,0.566,0.851,0.888,PD
525,RP3-475N16.1,OPALIN+ Oligodendrocytes,22.9,0.262,0.438,0.599,0.549,0.84,0.879,PD
526,RP1-8B1.4,OPALIN+ Oligodendrocytes,42.4,0.338,0.255,1.32,0.185,0.524,0.62,PD
527,RP11-795J1.1,OPALIN+ Oligodendrocytes,44.9,0.043,0.27,0.159,0.874,0.956,0.979,PD
528,RP3-523E19.2,OPALIN+ Oligodendrocytes,40.6,0.475,0.566,0.839,0.402,0.741,0.806,PD
529,RP11-472M19.2,OPALIN+ Oligodendrocytes,21.3,0.719,0.404,1.78,0.0751,0.339,0.421,PD
530,RP11-203B9.4,OPALIN+ Oligodendrocytes,31.6,0.0264,0.49,0.054,0.957,0.98,0.991,PD
531,XXbac-BPGBPG55C20.2,OPALIN+ Oligodendrocytes,97.6,-0.0602,0.278,-0.217,0.828,0.945,0.968,PD
532,XXbac-BPG55C20.7,OPALIN+ Oligodendrocytes,220,0.637,0.312,2.04,0.0412,0.25,0.326,PD
533,RP3-525N10.2,OPALIN+ Oligodendrocytes,126,-0.424,0.282,-1.51,0.132,0.441,0.536,PD
534,RP11-398K22.12,OPALIN+ Oligodendrocytes,58.9,-0.677,0.303,-2.24,0.0253,0.19,0.255,PD
535,RP11-554D15.1,OPALIN+ Oligodendrocytes,11.8,-0.193,0.434,-0.446,0.656,0.884,0.92,PD
536,RP1-234P15.4,OPALIN+ Oligodendrocytes,62.1,-0.148,0.235,-0.629,0.529,0.829,0.873,PD
537,RP11-250B2.3,OPALIN+ Oligodendrocytes,18.6,0.395,0.361,1.1,0.273,0.627,0.711,PD
538,RP4-676J13.2,OPALIN+ Oligodendrocytes,12.5,1.8,0.456,3.96,7.63E-05,0.00878,0.00863,PD
539,UFL1-AS1,OPALIN+ Oligodendrocytes,80,-0.579,0.369,-1.57,0.116,0.409,0.505,PD
540,RP11-436D23.1,OPALIN+ Oligodendrocytes,826,0.0165,0.272,0.0606,0.952,0.979,0.991,PD
541,RP11-98I9.4,OPALIN+ Oligodendrocytes,45.2,-0.194,0.331,-0.585,0.559,0.844,0.885,PD
542,BVES-AS1,OPALIN+ Oligodendrocytes,79.3,0.389,0.292,1.33,0.183,0.524,0.617,PD
543,LINC00222,OPALIN+ Oligodendrocytes,19.2,0.875,0.417,2.1,0.0358,0.235,0.306,PD
544,TRAF3IP2-AS1,OPALIN+ Oligodendrocytes,615,-0.0362,0.195,-0.185,0.853,0.952,0.975,PD
545,C6orf3,OPALIN+ Oligodendrocytes,15.9,0.999,0.438,2.28,0.0226,0.18,0.241,PD
546,RP3-399L15.3,OPALIN+ Oligodendrocytes,2510,0.314,0.179,1.75,0.0799,0.348,0.435,PD
547,RP11-351A11.1,OPALIN+ Oligodendrocytes,29,0.569,0.474,1.2,0.229,0.585,0.675,PD
548,RNF217-AS1,OPALIN+ Oligodendrocytes,56.8,-0.971,0.463,-2.1,0.036,0.235,0.306,PD
549,RP11-624M8.1,OPALIN+ Oligodendrocytes,45,-0.866,0.322,-2.69,0.0072,0.101,0.13,PD
550,NCOA7-AS1,OPALIN+ Oligodendrocytes,10.3,0.523,0.618,0.847,0.397,NA,0.802,PD
551,RP11-527F13.1,OPALIN+ Oligodendrocytes,35.5,1.17,0.337,3.46,0.000535,0.0205,0.0256,PD
552,RP11-103C16.2,OPALIN+ Oligodendrocytes,13.6,0.406,0.537,0.755,0.451,0.774,0.832,PD
553,RP11-69I8.3,OPALIN+ Oligodendrocytes,98.8,-0.476,0.308,-1.55,0.122,0.42,0.515,PD
554,TARID,OPALIN+ Oligodendrocytes,11.4,-0.387,0.397,-0.976,0.329,0.682,0.758,PD
555,RP11-557H15.3,OPALIN+ Oligodendrocytes,156,-0.097,0.238,-0.407,0.684,0.894,0.929,PD
556,LINC01010,OPALIN+ Oligodendrocytes,157,-0.822,0.344,-2.39,0.017,0.157,0.209,PD
557,RP11-557H15.4,OPALIN+ Oligodendrocytes,331,-1.05,0.23,-4.56,5.15E-06,0.00178,0.00147,PD
558,LINC00271,OPALIN+ Oligodendrocytes,91.8,-0.495,0.305,-1.62,0.105,0.39,0.485,PD
559,RP3-406A7.7,OPALIN+ Oligodendrocytes,122,0.723,0.384,1.88,0.0599,0.305,0.378,PD
560,RP1-225E12.2,OPALIN+ Oligodendrocytes,17.3,0.4,0.417,0.959,0.338,0.69,0.763,PD
561,LINC01277,OPALIN+ Oligodendrocytes,21.6,-0.251,0.434,-0.579,0.563,0.847,0.887,PD
562,RP11-545I5.3,OPALIN+ Oligodendrocytes,123,-0.766,0.348,-2.2,0.0275,0.203,0.267,PD
563,STXBP5-AS1,OPALIN+ Oligodendrocytes,59.9,0.558,0.289,1.93,0.0534,0.286,0.361,PD
564,RP1-12G14.9,OPALIN+ Oligodendrocytes,9.09,0.909,0.776,1.17,0.241,NA,0.684,PD
565,RP11-350J20.5,OPALIN+ Oligodendrocytes,32.2,0.822,0.379,2.17,0.0301,0.215,0.281,PD
566,RAET1E-AS1,OPALIN+ Oligodendrocytes,14.2,-1.03,0.512,-2.01,0.0443,0.259,0.334,PD
567,RP1-101K10.6,OPALIN+ Oligodendrocytes,40.9,-0.173,0.278,-0.621,0.535,0.834,0.875,PD
568,RP11-477D19.2,OPALIN+ Oligodendrocytes,10.1,-0.0931,0.44,-0.212,0.832,NA,0.968,PD
569,RP1-111C20.4,OPALIN+ Oligodendrocytes,83,-0.12,0.226,-0.528,0.598,0.862,0.901,PD
570,PACRG-AS3,OPALIN+ Oligodendrocytes,215,0.293,0.261,1.12,0.261,0.62,0.7,PD
571,PACRG-AS1,OPALIN+ Oligodendrocytes,61.1,-0.186,0.261,-0.714,0.475,0.794,0.847,PD
572,CAHM,OPALIN+ Oligodendrocytes,71,-0.833,0.369,-2.26,0.0238,0.187,0.249,PD
573,RP4-655C5.9,OPALIN+ Oligodendrocytes,10.4,-0.777,0.468,-1.66,0.0968,NA,0.467,PD
574,RP1-168L15.5,OPALIN+ Oligodendrocytes,10.3,-0.423,0.466,-0.906,0.365,NA,0.786,PD
575,RP1-167A14.2,OPALIN+ Oligodendrocytes,61.8,-0.31,0.33,-0.942,0.346,0.697,0.769,PD
576,RP1-266L20.4,OPALIN+ Oligodendrocytes,30.1,0.306,0.268,1.14,0.253,0.61,0.695,PD
577,PSMB1,OPALIN+ Oligodendrocytes,227,0.207,0.244,0.85,0.395,0.733,0.8,PD
578,AC093627.9,OPALIN+ Oligodendrocytes,13.1,0.345,0.376,0.918,0.359,0.713,0.781,PD
579,AC093627.12,OPALIN+ Oligodendrocytes,14.3,0.317,0.405,0.782,0.434,0.765,0.824,PD
580,RP11-449P15.2,OPALIN+ Oligodendrocytes,34,-0.186,0.33,-0.561,0.575,0.857,0.892,PD
581,AC091729.9,OPALIN+ Oligodendrocytes,20.9,0.0837,0.492,0.17,0.865,0.954,0.977,PD
582,PSMG3-AS1,OPALIN+ Oligodendrocytes,15.4,-0.479,0.437,-1.1,0.273,0.627,0.71,PD
583,RP11-1275H24.2,OPALIN+ Oligodendrocytes,16.5,-0.67,0.327,-2.05,0.0403,0.25,0.324,PD
584,AC073343.13,OPALIN+ Oligodendrocytes,32.2,0.0423,0.338,0.125,0.9,0.96,0.982,PD
585,RP5-1159O4.2,OPALIN+ Oligodendrocytes,13.2,-0.319,0.445,-0.717,0.474,0.794,0.845,PD
586,RP5-1159O4.1,OPALIN+ Oligodendrocytes,26,-0.784,0.372,-2.11,0.035,0.233,0.305,PD
587,AC011288.2,OPALIN+ Oligodendrocytes,19.6,0.129,0.422,0.305,0.76,0.922,0.95,PD
588,AC003075.4,OPALIN+ Oligodendrocytes,51.5,-0.946,0.515,-1.84,0.0662,0.322,0.4,PD
589,AC017060.1,OPALIN+ Oligodendrocytes,13.7,0.607,0.577,1.05,0.293,0.647,0.73,PD
590,AC004540.5,OPALIN+ Oligodendrocytes,32.7,-0.258,0.4,-0.647,0.518,0.827,0.87,PD
591,JAZF1-AS1,OPALIN+ Oligodendrocytes,16.8,-0.625,0.402,-1.56,0.12,0.419,0.514,PD
592,AC007255.8,OPALIN+ Oligodendrocytes,20.5,-0.117,0.55,-0.213,0.831,0.945,0.968,PD
593,AC007285.6,OPALIN+ Oligodendrocytes,28.6,-0.676,0.402,-1.68,0.0923,0.369,0.459,PD
594,LINC00997,OPALIN+ Oligodendrocytes,9.53,0.932,0.463,2.01,0.0441,NA,0.334,PD
595,RP11-379H18.1,OPALIN+ Oligodendrocytes,19.8,0.677,0.383,1.77,0.0769,0.342,0.425,PD
596,AC018647.3,OPALIN+ Oligodendrocytes,152,0.0694,0.299,0.232,0.816,0.944,0.965,PD
597,SEPT7-AS1,OPALIN+ Oligodendrocytes,86.9,-0.277,0.213,-1.3,0.193,0.535,0.631,PD
598,ELMO1-AS1,OPALIN+ Oligodendrocytes,166,0.758,0.429,1.77,0.0774,0.343,0.426,PD
599,LINC00265,OPALIN+ Oligodendrocytes,48.7,-0.00216,0.228,-0.00947,0.992,0.994,0.998,PD
600,AC004951.6,OPALIN+ Oligodendrocytes,33.4,0.124,0.303,0.408,0.683,0.894,0.929,PD
601,LINC00957,OPALIN+ Oligodendrocytes,18.9,0.403,0.306,1.32,0.187,0.524,0.622,PD
602,SNHG15,OPALIN+ Oligodendrocytes,21.8,-0.125,0.403,-0.31,0.756,0.921,0.948,PD
603,RP4-724E13.2,OPALIN+ Oligodendrocytes,16.6,0.457,0.415,1.1,0.27,0.627,0.71,PD
604,LINC01445,OPALIN+ Oligodendrocytes,60.9,0.278,0.252,1.11,0.269,0.627,0.709,PD
605,RP11-340I6.8,OPALIN+ Oligodendrocytes,21.9,0.302,0.329,0.918,0.359,0.713,0.781,PD
606,RP5-1132H15.1,OPALIN+ Oligodendrocytes,14,0.285,0.449,0.635,0.526,0.829,0.873,PD
607,GS1-124K5.4,OPALIN+ Oligodendrocytes,20.4,-0.299,0.35,-0.856,0.392,0.732,0.799,PD
608,RP11-792A8.4,OPALIN+ Oligodendrocytes,42.1,0.0521,0.287,0.181,0.856,0.952,0.976,PD
609,RP11-458F8.4,OPALIN+ Oligodendrocytes,16.5,-0.231,0.445,-0.52,0.603,0.865,0.904,PD
610,RP11-166O4.6,OPALIN+ Oligodendrocytes,30.8,-0.0975,0.327,-0.298,0.765,0.924,0.951,PD
611,LINC01372,OPALIN+ Oligodendrocytes,17.3,-0.101,0.413,-0.244,0.807,0.943,0.963,PD
612,AC004878.2,OPALIN+ Oligodendrocytes,19.9,0.375,0.498,0.752,0.452,0.775,0.832,PD
613,APTR,OPALIN+ Oligodendrocytes,92.8,0.236,0.253,0.935,0.35,0.702,0.773,PD
614,RP5-1093G23.1,OPALIN+ Oligodendrocytes,37.5,-0.00104,0.445,-0.00233,0.998,0.998,0.999,PD
615,AC005009.2,OPALIN+ Oligodendrocytes,28.7,0.621,0.323,1.92,0.0543,0.286,0.364,PD
616,TP53TG1,OPALIN+ Oligodendrocytes,33.3,-0.189,0.313,-0.604,0.546,0.84,0.879,PD
617,AC003991.3,OPALIN+ Oligodendrocytes,28,0.84,0.333,2.53,0.0115,0.131,0.17,PD
618,RP11-142A5.1,OPALIN+ Oligodendrocytes,83.7,-0.295,0.292,-1.01,0.311,0.663,0.743,PD
619,CYP51A1-AS1,OPALIN+ Oligodendrocytes,8.92,0.599,0.419,1.43,0.154,NA,0.57,PD
620,AC007566.10,OPALIN+ Oligodendrocytes,506,-0.0219,0.163,-0.135,0.893,0.96,0.981,PD
621,AC002451.3,OPALIN+ Oligodendrocytes,21.9,-0.608,0.366,-1.66,0.0963,0.371,0.466,PD
622,RP11-506M12.1,OPALIN+ Oligodendrocytes,9.94,0.205,0.408,0.504,0.614,NA,0.907,PD
623,RP11-126L15.4,OPALIN+ Oligodendrocytes,8.24,-0.973,0.531,-1.83,0.0667,NA,0.401,PD
624,RP11-514P8.8,OPALIN+ Oligodendrocytes,44.5,-0.157,0.391,-0.401,0.688,0.896,0.93,PD
625,CTB-107G13.1,OPALIN+ Oligodendrocytes,14.1,1.27,0.601,2.12,0.0342,0.233,0.303,PD
626,LINC01004,OPALIN+ Oligodendrocytes,300,0.324,0.19,1.71,0.088,0.363,0.452,PD
627,KMT2E-AS1,OPALIN+ Oligodendrocytes,28.2,0.398,0.498,0.8,0.424,0.759,0.819,PD
628,CTB-152G17.6,OPALIN+ Oligodendrocytes,36.6,0.443,0.328,1.35,0.177,0.513,0.608,PD
629,RP4-778K6.3,OPALIN+ Oligodendrocytes,9.79,-1.26,0.516,-2.44,0.0146,NA,0.193,PD
630,AC004112.4,OPALIN+ Oligodendrocytes,23,-0.636,0.306,-2.08,0.0376,0.241,0.313,PD
631,AC002066.1,OPALIN+ Oligodendrocytes,24,0.884,0.551,1.6,0.109,0.393,0.491,PD
632,RP11-560I19.1,OPALIN+ Oligodendrocytes,10.7,-0.37,0.494,-0.749,0.454,NA,0.833,PD
633,RP11-390E23.6,OPALIN+ Oligodendrocytes,11.1,0.194,0.436,0.445,0.656,0.884,0.92,PD
634,RP4-630C24.3,OPALIN+ Oligodendrocytes,521,0.171,0.272,0.629,0.529,0.829,0.873,PD
635,RP5-921G16.1,OPALIN+ Oligodendrocytes,1080,0.46,0.245,1.88,0.06,0.305,0.378,PD
636,POT1-AS1,OPALIN+ Oligodendrocytes,281,0.00249,0.191,0.0131,0.99,0.992,0.998,PD
637,RP11-3B12.2,OPALIN+ Oligodendrocytes,54.5,0.82,0.317,2.58,0.00974,0.122,0.154,PD
638,RP11-212P7.2,OPALIN+ Oligodendrocytes,56.7,-0.129,0.231,-0.559,0.576,0.857,0.892,PD
639,RP11-274B21.10,OPALIN+ Oligodendrocytes,17.3,0.93,0.37,2.51,0.012,0.133,0.173,PD
640,RP11-448A19.1,OPALIN+ Oligodendrocytes,35.6,0.0425,0.279,0.152,0.879,0.956,0.979,PD
641,AC016831.7,OPALIN+ Oligodendrocytes,152,1.18,0.498,2.36,0.0182,0.162,0.218,PD
642,RP11-138A9.2,OPALIN+ Oligodendrocytes,53.6,0.999,0.526,1.9,0.0579,0.299,0.373,PD
643,RP11-134L10.1,OPALIN+ Oligodendrocytes,9.85,0.314,0.479,0.654,0.513,NA,0.868,PD
644,AC009264.1,OPALIN+ Oligodendrocytes,11,0.266,0.644,0.412,0.68,0.893,0.928,PD
645,RP11-744I24.2,OPALIN+ Oligodendrocytes,29.9,-0.978,0.393,-2.49,0.0128,0.136,0.18,PD
646,RP5-894A10.2,OPALIN+ Oligodendrocytes,174,0.608,0.293,2.07,0.0381,0.243,0.316,PD
647,AC073342.12,OPALIN+ Oligodendrocytes,109,0.125,0.305,0.411,0.681,0.893,0.929,PD
648,ATP6V0E2-AS1,OPALIN+ Oligodendrocytes,15.2,0.9,0.331,2.72,0.00648,0.0952,0.121,PD
649,RP4-548D19.3,OPALIN+ Oligodendrocytes,11.6,0.465,0.458,1.02,0.31,0.663,0.741,PD
650,LINC01003,OPALIN+ Oligodendrocytes,18.3,0.409,0.369,1.11,0.268,0.627,0.708,PD
651,PAXIP1-AS1,OPALIN+ Oligodendrocytes,48,-0.217,0.222,-0.978,0.328,0.682,0.757,PD
652,AC144652.1,OPALIN+ Oligodendrocytes,23.4,0.482,0.336,1.43,0.152,0.469,0.566,PD
653,AC008060.7,OPALIN+ Oligodendrocytes,21.3,1.5,0.766,1.96,0.0499,0.276,0.354,PD
654,AC009403.2,OPALIN+ Oligodendrocytes,185,0.0956,0.186,0.513,0.608,0.865,0.905,PD
655,LINC01006,OPALIN+ Oligodendrocytes,140,-0.982,0.303,-3.25,0.00117,0.0344,0.0444,PD
656,LINC00685,OPALIN+ Oligodendrocytes,157,0.111,0.466,0.238,0.812,0.943,0.963,PD
657,RP13-465B17.4,OPALIN+ Oligodendrocytes,12.5,-0.51,0.587,-0.869,0.385,0.732,0.794,PD
658,LINC00106,OPALIN+ Oligodendrocytes,39.4,0.164,0.331,0.494,0.621,0.867,0.91,PD
659,ASMTL-AS1,OPALIN+ Oligodendrocytes,12.2,-0.623,0.512,-1.22,0.224,0.582,0.67,PD
660,RP11-1M18.1,OPALIN+ Oligodendrocytes,17.6,0.468,0.432,1.08,0.278,0.63,0.716,PD
661,RP6-1O2.1,OPALIN+ Oligodendrocytes,14.2,0.148,0.438,0.337,0.736,0.914,0.943,PD
662,RP11-120D5.1,OPALIN+ Oligodendrocytes,144,-0.49,0.215,-2.28,0.0224,0.18,0.239,PD
663,GS1-590J6.3,OPALIN+ Oligodendrocytes,8.68,-0.95,0.486,-1.96,0.0506,NA,0.355,PD
664,PTCHD1-AS,OPALIN+ Oligodendrocytes,23.1,-0.59,0.428,-1.38,0.168,0.497,0.597,PD
665,RP11-342D14.1,OPALIN+ Oligodendrocytes,35.9,-0.764,0.444,-1.72,0.0849,0.357,0.446,PD
666,AF196970.3,OPALIN+ Oligodendrocytes,20.5,-0.0634,0.33,-0.192,0.847,0.952,0.972,PD
667,KANTR,OPALIN+ Oligodendrocytes,521,0.349,0.208,1.67,0.0943,0.369,0.462,PD
668,RP13-188A5.1,OPALIN+ Oligodendrocytes,103,-0.51,0.185,-2.75,0.00589,0.0924,0.116,PD
669,LINC00891,OPALIN+ Oligodendrocytes,51.2,-0.986,0.585,-1.69,0.0917,0.369,0.459,PD
670,JPX,OPALIN+ Oligodendrocytes,880,-0.0568,0.239,-0.237,0.812,0.943,0.963,PD
671,FTX,OPALIN+ Oligodendrocytes,3020,0.119,0.19,0.627,0.531,0.83,0.873,PD
672,MIR325HG,OPALIN+ Oligodendrocytes,592,-0.862,0.22,-3.92,8.88E-05,0.00883,0.00941,PD
673,DIAPH2-AS1,OPALIN+ Oligodendrocytes,15.9,0.492,0.488,1.01,0.313,0.663,0.744,PD
674,LINC00630,OPALIN+ Oligodendrocytes,80.6,-0.337,0.201,-1.68,0.0934,0.369,0.462,PD
675,LL0XNC01-237H1.2,OPALIN+ Oligodendrocytes,17,0.22,0.436,0.504,0.614,0.865,0.907,PD
676,MORF4L2-AS1,OPALIN+ Oligodendrocytes,18,-0.0635,0.481,-0.132,0.895,0.96,0.981,PD
677,PLS3-AS1,OPALIN+ Oligodendrocytes,102,-0.247,0.366,-0.674,0.5,0.815,0.862,PD
678,DANT2,OPALIN+ Oligodendrocytes,454,-0.565,0.225,-2.51,0.0122,0.135,0.175,PD
679,LINC01285,OPALIN+ Oligodendrocytes,126,-0.574,0.267,-2.15,0.0315,0.222,0.29,PD
680,RHOXF1-AS1,OPALIN+ Oligodendrocytes,35.4,0.226,0.282,0.802,0.423,0.759,0.817,PD
681,RP1-30E17.2,OPALIN+ Oligodendrocytes,12.6,1.42,0.836,1.69,0.0904,0.368,0.457,PD
682,RP4-537K23.4,OPALIN+ Oligodendrocytes,452,0.272,0.285,0.957,0.339,0.69,0.764,PD
683,FIRRE,OPALIN+ Oligodendrocytes,161,-0.0281,0.26,-0.108,0.914,0.965,0.984,PD
684,RAP2C-AS1,OPALIN+ Oligodendrocytes,107,-0.915,0.321,-2.85,0.00437,0.071,0.0948,PD
685,RP11-1114A5.4,OPALIN+ Oligodendrocytes,139,0.273,0.213,1.28,0.2,0.547,0.64,PD
686,LINC00632,OPALIN+ Oligodendrocytes,405,0.0993,0.248,0.401,0.688,0.896,0.93,PD
687,CDR1-AS,OPALIN+ Oligodendrocytes,154,-0.113,0.384,-0.295,0.768,0.925,0.952,PD
688,SPANXA2-OT1,OPALIN+ Oligodendrocytes,113,-0.955,0.319,-3,0.00273,0.0572,0.0733,PD
689,LINC00894,OPALIN+ Oligodendrocytes,480,-0.159,0.166,-0.96,0.337,0.69,0.763,PD
690,U52111.14,OPALIN+ Oligodendrocytes,9.99,-0.308,0.511,-0.602,0.547,NA,0.879,PD
691,XX-FW83563B9.5,OPALIN+ Oligodendrocytes,7.78,0.553,0.556,0.994,0.32,NA,0.752,PD
692,CH17-340M24.3,OPALIN+ Oligodendrocytes,24.8,-0.132,0.409,-0.323,0.746,0.917,0.946,PD
693,TMLHE-AS1,OPALIN+ Oligodendrocytes,41.7,-0.311,0.409,-0.759,0.448,0.773,0.83,PD
694,CTD-2336O2.1,OPALIN+ Oligodendrocytes,25.7,-0.0403,0.335,-0.12,0.904,0.962,0.983,PD
695,CH17-174L20.1,OPALIN+ Oligodendrocytes,10.3,-1.8,1.45,-1.24,0.213,NA,0.659,PD
696,RP11-378A12.1,OPALIN+ Oligodendrocytes,11.7,-1.74,1.44,-1.2,0.228,0.585,0.674,PD
697,GS1-57L11.1,OPALIN+ Oligodendrocytes,17.4,-0.0208,0.691,-0.0301,0.976,0.985,0.994,PD
698,RP11-124B13.1,OPALIN+ Oligodendrocytes,8.6,-0.233,0.516,-0.451,0.652,NA,0.919,PD
699,RP11-115C21.2,OPALIN+ Oligodendrocytes,10.1,-0.152,0.414,-0.368,0.713,NA,0.936,PD
700,MCPH1-AS1,OPALIN+ Oligodendrocytes,112,0.285,0.235,1.22,0.224,0.582,0.67,PD
701,FAM66B,OPALIN+ Oligodendrocytes,106,-0.554,0.325,-1.71,0.0877,0.363,0.452,PD
702,FAM85B,OPALIN+ Oligodendrocytes,183,0.352,0.299,1.18,0.238,0.595,0.68,PD
703,RP11-1E4.1,OPALIN+ Oligodendrocytes,13.4,-0.148,0.394,-0.377,0.706,0.9,0.934,PD
704,FAM66D,OPALIN+ Oligodendrocytes,285,-0.955,0.373,-2.56,0.0104,0.125,0.159,PD
705,AC145124.2,OPALIN+ Oligodendrocytes,10.9,-0.263,0.501,-0.526,0.599,NA,0.902,PD
706,FAM66A,OPALIN+ Oligodendrocytes,19.7,0.184,0.55,0.335,0.738,0.915,0.944,PD
707,RP11-468H14.2,OPALIN+ Oligodendrocytes,18,0.495,0.421,1.17,0.24,0.597,0.682,PD
708,RP11-156K13.1,OPALIN+ Oligodendrocytes,180,0.0639,0.327,0.196,0.845,0.95,0.972,PD
709,RP11-624C23.1,OPALIN+ Oligodendrocytes,21.4,0.476,0.408,1.17,0.243,0.6,0.686,PD
710,CTD-2647L4.1,OPALIN+ Oligodendrocytes,33.1,0.322,0.552,0.583,0.56,0.844,0.885,PD
711,RP11-51J9.5,OPALIN+ Oligodendrocytes,27.2,0.359,0.452,0.793,0.428,0.763,0.822,PD
712,RP11-11N9.4,OPALIN+ Oligodendrocytes,12.3,0.0528,0.51,0.104,0.917,0.965,0.985,PD
713,RP11-317N12.1,OPALIN+ Oligodendrocytes,12,-1.26,0.533,-2.36,0.0182,0.162,0.218,PD
714,RP11-360L9.4,OPALIN+ Oligodendrocytes,18.4,-0.596,0.348,-1.71,0.0869,0.361,0.45,PD
715,RP11-110G21.1,OPALIN+ Oligodendrocytes,48.4,-0.729,0.245,-2.97,0.003,0.0608,0.0779,PD
716,LINC01301,OPALIN+ Oligodendrocytes,35.6,-0.0505,0.309,-0.163,0.87,0.956,0.977,PD
717,AC022182.1,OPALIN+ Oligodendrocytes,71.6,-1.23,0.369,-3.34,0.000839,0.026,0.0349,PD
718,RP11-32K4.1,OPALIN+ Oligodendrocytes,17.7,-0.052,0.383,-0.136,0.892,0.96,0.98,PD
719,LINC01299,OPALIN+ Oligodendrocytes,74.1,-1.08,0.417,-2.58,0.00985,0.122,0.155,PD
720,RP11-326E22.1,OPALIN+ Oligodendrocytes,9.21,0.456,0.639,0.714,0.475,NA,0.847,PD
721,RP11-531A24.5,OPALIN+ Oligodendrocytes,42.2,0.36,0.256,1.4,0.16,0.484,0.582,PD
722,RP11-463D19.1,OPALIN+ Oligodendrocytes,26.8,0.103,0.473,0.218,0.827,0.945,0.968,PD
723,MIR2052HG,OPALIN+ Oligodendrocytes,129,1.26,0.429,2.94,0.0033,0.0628,0.0808,PD
724,ZFHX4-AS1,OPALIN+ Oligodendrocytes,41.2,-0.529,0.332,-1.6,0.111,0.396,0.493,PD
725,RP11-941H19.3,OPALIN+ Oligodendrocytes,9.59,-0.464,0.422,-1.1,0.272,NA,0.71,PD
726,RP11-48B3.5,OPALIN+ Oligodendrocytes,10.8,-0.468,0.448,-1.05,0.296,NA,0.732,PD
727,CA3-AS1,OPALIN+ Oligodendrocytes,29.1,0.555,0.379,1.47,0.143,0.455,0.55,PD
728,CTA-392E5.1,OPALIN+ Oligodendrocytes,319,1.16,0.493,2.36,0.0184,0.162,0.219,PD
729,RP11-586K2.1,OPALIN+ Oligodendrocytes,8.22,-0.0279,0.544,-0.0513,0.959,NA,0.991,PD
730,RP11-37B2.1,OPALIN+ Oligodendrocytes,242,0.288,0.199,1.45,0.147,0.465,0.561,PD
731,LINC00534,OPALIN+ Oligodendrocytes,21.5,0.561,0.437,1.29,0.199,0.547,0.639,PD
732,AB015752.3,OPALIN+ Oligodendrocytes,61.6,0.0146,0.326,0.0449,0.964,0.98,0.991,PD
733,RP11-662G23.1,OPALIN+ Oligodendrocytes,45.5,-0.718,0.409,-1.76,0.0788,0.346,0.432,PD
734,OTUD6B-AS1,OPALIN+ Oligodendrocytes,102,0.259,0.234,1.11,0.269,0.627,0.709,PD
735,CTD-3239E11.2,OPALIN+ Oligodendrocytes,12.6,0.493,0.608,0.811,0.418,0.753,0.813,PD
736,LINC00535,OPALIN+ Oligodendrocytes,14.6,-1.23,0.408,-3.01,0.00259,0.0551,0.0719,PD
737,CTD-2006H14.2,OPALIN+ Oligodendrocytes,11.5,-0.203,0.372,-0.547,0.584,0.861,0.896,PD
738,RP11-267M23.4,OPALIN+ Oligodendrocytes,46.4,-0.00583,0.242,-0.024,0.981,0.987,0.994,PD
739,C8orf37-AS1,OPALIN+ Oligodendrocytes,52.5,-0.902,0.305,-2.95,0.00315,0.0627,0.0792,PD
740,KB-1458E12.1,OPALIN+ Oligodendrocytes,8.75,0.761,0.449,1.7,0.09,NA,0.456,PD
741,RP11-410L14.2,OPALIN+ Oligodendrocytes,145,0.073,0.197,0.371,0.711,0.9,0.936,PD
742,KB-1460A1.5,OPALIN+ Oligodendrocytes,82.9,1.08,0.317,3.41,0.000655,0.0228,0.0292,PD
743,UBR5-AS1,OPALIN+ Oligodendrocytes,31.5,-0.685,0.347,-1.97,0.0485,0.275,0.351,PD
744,AZIN1-AS1,OPALIN+ Oligodendrocytes,185,-0.857,0.255,-3.36,0.000769,0.0247,0.0328,PD
745,KB-1507C5.4,OPALIN+ Oligodendrocytes,38.1,-0.549,0.341,-1.61,0.107,0.391,0.487,PD
746,BAALC-AS1,OPALIN+ Oligodendrocytes,98.9,1.82,0.524,3.48,0.000507,0.0205,0.0249,PD
747,RP11-395G23.3,OPALIN+ Oligodendrocytes,8.89,0.37,0.575,0.644,0.52,NA,0.87,PD
748,LINC01608,OPALIN+ Oligodendrocytes,2520,-0.29,0.238,-1.22,0.223,0.582,0.67,PD
749,LINC01609,OPALIN+ Oligodendrocytes,12.3,-0.865,0.603,-1.43,0.151,0.469,0.565,PD
750,LINC00536,OPALIN+ Oligodendrocytes,32.4,0.877,0.283,3.1,0.00192,0.0472,0.0609,PD
751,AC023590.1,OPALIN+ Oligodendrocytes,64.7,0.477,0.607,0.786,0.432,0.765,0.824,PD
752,SAMD12-AS1,OPALIN+ Oligodendrocytes,26.3,-0.741,0.377,-1.96,0.0496,0.276,0.353,PD
753,RP11-760H22.2,OPALIN+ Oligodendrocytes,84.2,0.173,0.306,0.567,0.571,0.854,0.891,PD
754,RP11-398G24.2,OPALIN+ Oligodendrocytes,12.3,1.66,0.921,1.8,0.072,0.332,0.413,PD
755,RP11-557C18.3,OPALIN+ Oligodendrocytes,12.5,0.756,0.514,1.47,0.142,0.455,0.549,PD
756,RNF139-AS1,OPALIN+ Oligodendrocytes,17.5,-0.129,0.344,-0.375,0.707,0.9,0.935,PD
757,PCAT1,OPALIN+ Oligodendrocytes,64.7,-0.00366,0.262,-0.014,0.989,0.992,0.997,PD
758,CCDC26,OPALIN+ Oligodendrocytes,16.5,-0.0272,0.377,-0.0722,0.942,0.975,0.989,PD
759,AC083843.1,OPALIN+ Oligodendrocytes,9.47,-0.512,0.487,-1.05,0.293,NA,0.73,PD
760,RP11-30J20.1,OPALIN+ Oligodendrocytes,15.7,0.581,0.491,1.18,0.236,0.594,0.679,PD
761,CTA-204B4.2,OPALIN+ Oligodendrocytes,140,0.138,0.272,0.51,0.61,0.865,0.906,PD
762,RP11-953B20.1,OPALIN+ Oligodendrocytes,47.3,0.235,0.285,0.824,0.41,0.745,0.809,PD
763,MINCR,OPALIN+ Oligodendrocytes,25.7,0.316,0.412,0.768,0.443,0.77,0.828,PD
764,VLDLR-AS1,OPALIN+ Oligodendrocytes,332,0.335,0.262,1.28,0.2,0.547,0.64,PD
765,RFX3-AS1,OPALIN+ Oligodendrocytes,505,-0.697,0.262,-2.66,0.00775,0.106,0.134,PD
766,RP11-307L3.4,OPALIN+ Oligodendrocytes,18.3,0.335,0.509,0.658,0.51,0.822,0.866,PD
767,PTPRD-AS1,OPALIN+ Oligodendrocytes,28.9,-0.523,0.381,-1.37,0.17,0.497,0.599,PD
768,LURAP1L-AS1,OPALIN+ Oligodendrocytes,671,-0.549,1.06,-0.519,0.604,0.865,0.904,PD
769,RP11-120J1.1,OPALIN+ Oligodendrocytes,12.2,0.0372,0.392,0.095,0.924,0.967,0.986,PD
770,RP11-408A13.4,OPALIN+ Oligodendrocytes,10.3,-0.146,0.51,-0.285,0.775,NA,0.954,PD
771,RP11-354P17.15,OPALIN+ Oligodendrocytes,10.8,-0.43,0.52,-0.827,0.408,NA,0.808,PD
772,CDKN2B-AS1,OPALIN+ Oligodendrocytes,19.7,0.0796,0.449,0.177,0.859,0.952,0.977,PD
773,LINC01239,OPALIN+ Oligodendrocytes,10.4,-0.193,0.529,-0.365,0.715,NA,0.937,PD
774,PTENP1-AS,OPALIN+ Oligodendrocytes,17.6,-0.402,0.341,-1.18,0.238,0.595,0.681,PD
775,RP11-195F19.9,OPALIN+ Oligodendrocytes,13.6,0.413,0.359,1.15,0.25,0.608,0.691,PD
776,RP11-112J3.16,OPALIN+ Oligodendrocytes,8.78,-0.116,0.481,-0.242,0.809,NA,0.963,PD
777,EBLN3P,OPALIN+ Oligodendrocytes,90.3,-0.0992,0.27,-0.367,0.713,0.901,0.937,PD
778,FAM201A,OPALIN+ Oligodendrocytes,24.8,0.646,0.374,1.73,0.0839,0.355,0.444,PD
779,GLIDR,OPALIN+ Oligodendrocytes,224,-0.856,0.243,-3.53,0.000417,0.0199,0.022,PD
780,BMS1P14,OPALIN+ Oligodendrocytes,12.4,-0.693,0.638,-1.09,0.277,0.63,0.715,PD
781,RP11-374M1.4,OPALIN+ Oligodendrocytes,10.9,0.746,0.465,1.6,0.109,0.393,0.49,PD
782,RP11-262H14.3,OPALIN+ Oligodendrocytes,118,-0.456,0.41,-1.11,0.267,0.627,0.707,PD
783,RP11-262H14.4,OPALIN+ Oligodendrocytes,15.9,-0.221,0.436,-0.507,0.612,0.865,0.907,PD
784,RP11-88I18.2,OPALIN+ Oligodendrocytes,83.2,-0.0454,0.278,-0.163,0.87,0.956,0.977,PD
785,MAMDC2-AS1,OPALIN+ Oligodendrocytes,27.1,-0.51,0.371,-1.37,0.169,0.497,0.599,PD
786,SMC5-AS1,OPALIN+ Oligodendrocytes,36.5,0.143,0.281,0.507,0.612,0.865,0.907,PD
787,RORB-AS1,OPALIN+ Oligodendrocytes,9.93,-0.181,0.475,-0.381,0.703,NA,0.933,PD
788,C9orf41-AS1,OPALIN+ Oligodendrocytes,21.2,0.0782,0.306,0.256,0.798,0.94,0.96,PD
789,PCA3,OPALIN+ Oligodendrocytes,172,0.638,0.575,1.11,0.267,0.627,0.707,PD
790,RP11-154D17.1,OPALIN+ Oligodendrocytes,60.2,-0.673,0.352,-1.91,0.0562,0.293,0.369,PD
791,RP11-522I20.3,OPALIN+ Oligodendrocytes,8.85,-0.508,0.471,-1.08,0.281,NA,0.718,PD
792,RP11-575L7.4,OPALIN+ Oligodendrocytes,13.4,0.251,0.385,0.651,0.515,0.827,0.87,PD
793,RP11-575L7.8,OPALIN+ Oligodendrocytes,11.2,0.839,0.609,1.38,0.168,0.497,0.597,PD
794,RP11-213G2.2,OPALIN+ Oligodendrocytes,24,-0.06,0.387,-0.155,0.877,0.956,0.979,PD
795,GAS1RR,OPALIN+ Oligodendrocytes,33.4,-0.441,0.377,-1.17,0.243,0.6,0.685,PD
796,C9orf170,OPALIN+ Oligodendrocytes,26,-0.701,0.435,-1.61,0.107,0.391,0.487,PD
797,RP11-305L7.3,OPALIN+ Oligodendrocytes,42.6,1.32,0.296,4.46,8.11E-06,0.00223,0.00215,PD
798,RP11-2B6.3,OPALIN+ Oligodendrocytes,104,0.117,0.216,0.543,0.587,0.861,0.897,PD
799,RP11-54O15.3,OPALIN+ Oligodendrocytes,15.7,-0.0219,0.476,-0.0459,0.963,0.98,0.991,PD
800,LINC00476,OPALIN+ Oligodendrocytes,269,-0.339,0.175,-1.93,0.0533,0.286,0.361,PD
801,RP11-569G13.3,OPALIN+ Oligodendrocytes,66.2,-0.133,0.481,-0.277,0.782,0.933,0.956,PD
802,RP11-535M15.1,OPALIN+ Oligodendrocytes,49.5,0.393,0.37,1.06,0.288,0.642,0.726,PD
803,RP11-244N9.4,OPALIN+ Oligodendrocytes,9.14,0.142,0.519,0.274,0.784,NA,0.956,PD
804,RP11-554F20.1,OPALIN+ Oligodendrocytes,157,-0.695,0.226,-3.08,0.00206,0.049,0.0632,PD
805,TMEM246-AS1,OPALIN+ Oligodendrocytes,72.2,0.296,0.269,1.1,0.272,0.627,0.71,PD
806,LINC01505,OPALIN+ Oligodendrocytes,1530,-0.228,0.41,-0.556,0.579,0.857,0.893,PD
807,RP11-508N12.2,OPALIN+ Oligodendrocytes,13.6,-0.054,0.561,-0.0962,0.923,0.967,0.986,PD
808,C9orf147,OPALIN+ Oligodendrocytes,44.4,0.0941,0.258,0.364,0.716,0.902,0.938,PD
809,RP11-162D16.2,OPALIN+ Oligodendrocytes,20.2,-0.419,0.371,-1.13,0.258,0.617,0.698,PD
810,MIR181A2HG,OPALIN+ Oligodendrocytes,158,-0.689,0.192,-3.58,0.000342,0.0182,0.0196,PD
811,RP11-343J18.1,OPALIN+ Oligodendrocytes,13.2,-1.13,0.446,-2.53,0.0115,0.131,0.17,PD
812,RP11-228B15.4,OPALIN+ Oligodendrocytes,15.8,-0.584,0.352,-1.66,0.0977,0.375,0.468,PD
813,SLC25A25-AS1,OPALIN+ Oligodendrocytes,28.1,-0.138,0.37,-0.373,0.709,0.9,0.936,PD
814,MIR219A2,OPALIN+ Oligodendrocytes,1270,-1.11,0.413,-2.7,0.00703,0.1,0.128,PD
815,RP11-216B9.6,OPALIN+ Oligodendrocytes,12.4,0.835,0.373,2.24,0.0252,0.19,0.255,PD
816,RP11-544A12.4,OPALIN+ Oligodendrocytes,22.9,0.0935,0.595,0.157,0.875,0.956,0.979,PD
817,RP11-544A12.8,OPALIN+ Oligodendrocytes,23.4,0.138,0.532,0.259,0.796,0.939,0.959,PD
818,RP11-432J22.2,OPALIN+ Oligodendrocytes,10.9,0.179,0.386,0.463,0.643,NA,0.917,PD
819,SNHG7,OPALIN+ Oligodendrocytes,70.7,0.0906,0.276,0.328,0.743,0.915,0.944,PD
820,MAN1B1-AS1,OPALIN+ Oligodendrocytes,19.2,-0.335,0.371,-0.904,0.366,0.721,0.786,PD
821,ARRDC1-AS1,OPALIN+ Oligodendrocytes,40.2,-0.394,0.263,-1.5,0.135,0.445,0.54,PD
822,LINC01001,OPALIN+ Oligodendrocytes,23,-0.176,0.496,-0.355,0.723,0.905,0.939,PD
823,RP11-304M2.3,OPALIN+ Oligodendrocytes,14.3,0.117,0.66,0.177,0.86,0.952,0.977,PD
824,RP11-754B17.1,OPALIN+ Oligodendrocytes,14.4,0.598,0.424,1.41,0.159,0.483,0.579,PD
825,AP006621.5,OPALIN+ Oligodendrocytes,70,0.187,0.268,0.7,0.484,0.803,0.851,PD
826,TOLLIP-AS1,OPALIN+ Oligodendrocytes,9.76,-0.7,0.579,-1.21,0.226,NA,0.672,PD
827,CD81-AS1,OPALIN+ Oligodendrocytes,15,-0.655,0.343,-1.91,0.0562,0.293,0.369,PD
828,KCNQ1OT1,OPALIN+ Oligodendrocytes,1030,0.217,0.217,1,0.317,0.666,0.748,PD
829,RP13-726E6.1,OPALIN+ Oligodendrocytes,32.5,0.101,0.351,0.288,0.773,0.927,0.953,PD
830,CTD-2516F10.2,OPALIN+ Oligodendrocytes,97.3,0.785,0.259,3.03,0.00247,0.0551,0.0705,PD
831,TMEM9B-AS1,OPALIN+ Oligodendrocytes,93.6,-0.695,0.349,-1.99,0.0468,0.268,0.345,PD
832,CTD-2371O3.3,OPALIN+ Oligodendrocytes,29.5,0.142,0.32,0.444,0.657,0.884,0.92,PD
833,SBF2-AS1,OPALIN+ Oligodendrocytes,16.8,-0.0156,0.379,-0.0411,0.967,0.98,0.991,PD
834,RP11-1H15.2,OPALIN+ Oligodendrocytes,22.8,0.176,0.448,0.392,0.695,0.899,0.932,PD
835,MRVI1-AS1,OPALIN+ Oligodendrocytes,70.5,0.467,0.334,1.4,0.162,0.487,0.586,PD
836,RP11-685M7.3,OPALIN+ Oligodendrocytes,12,0.0511,0.5,0.102,0.919,0.965,0.985,PD
837,ZBED5-AS1,OPALIN+ Oligodendrocytes,53.5,-0.577,0.259,-2.23,0.0257,0.192,0.257,PD
838,RP11-17A1.3,OPALIN+ Oligodendrocytes,58.4,-0.518,0.325,-1.6,0.111,0.396,0.493,PD
839,RP11-266A24.1,OPALIN+ Oligodendrocytes,13,-0.221,0.414,-0.535,0.592,0.862,0.899,PD
840,BDNF-AS,OPALIN+ Oligodendrocytes,391,-0.409,0.209,-1.96,0.0497,0.276,0.354,PD
841,Z83001.1,OPALIN+ Oligodendrocytes,14.6,-0.136,0.627,-0.216,0.829,0.945,0.968,PD
842,RP1-65P5.3,OPALIN+ Oligodendrocytes,21.5,-0.255,0.424,-0.602,0.547,0.84,0.879,PD
843,CSTF3-AS1,OPALIN+ Oligodendrocytes,31.7,-0.386,0.264,-1.46,0.144,0.457,0.553,PD
844,RP11-472I20.3,OPALIN+ Oligodendrocytes,53.8,0.131,0.255,0.515,0.606,0.865,0.905,PD
845,RP11-613D13.5,OPALIN+ Oligodendrocytes,12.5,0.711,0.608,1.17,0.242,0.6,0.684,PD
846,RP11-702F3.3,OPALIN+ Oligodendrocytes,12.9,-0.27,0.417,-0.647,0.517,0.827,0.87,PD
847,LRP4-AS1,OPALIN+ Oligodendrocytes,35.3,0.613,0.607,1.01,0.312,0.663,0.744,PD
848,AP000442.1,OPALIN+ Oligodendrocytes,11,-0.373,0.421,-0.885,0.376,0.727,0.792,PD
849,RP11-21A7A.2,OPALIN+ Oligodendrocytes,121,0.331,0.29,1.14,0.254,0.61,0.695,PD
850,AP001462.6,OPALIN+ Oligodendrocytes,12.2,-0.862,0.51,-1.69,0.0906,0.368,0.457,PD
851,NEAT1,OPALIN+ Oligodendrocytes,8080,0.951,0.37,2.57,0.0102,0.124,0.158,PD
852,MALAT1,OPALIN+ Oligodendrocytes,81800,-0.0285,0.251,-0.113,0.91,0.965,0.984,PD
853,RP11-658F2.8,OPALIN+ Oligodendrocytes,16.2,-0.694,0.4,-1.73,0.083,0.355,0.443,PD
854,RP11-119D9.1,OPALIN+ Oligodendrocytes,10.6,-0.14,0.61,-0.23,0.818,NA,0.965,PD
855,AP000487.6,OPALIN+ Oligodendrocytes,61.5,0.404,0.325,1.24,0.214,0.572,0.659,PD
856,AP000487.5,OPALIN+ Oligodendrocytes,55.8,0.519,0.218,2.38,0.0175,0.159,0.213,PD
857,RP11-660L16.2,OPALIN+ Oligodendrocytes,40.7,-0.00439,0.258,-0.017,0.986,0.991,0.996,PD
858,RP11-111M22.3,OPALIN+ Oligodendrocytes,33.2,-0.301,0.279,-1.08,0.28,0.631,0.717,PD
859,RP11-91P24.7,OPALIN+ Oligodendrocytes,78.1,-0.196,0.269,-0.729,0.466,0.786,0.841,PD
860,KCTD21-AS1,OPALIN+ Oligodendrocytes,15.9,0.0641,0.44,0.146,0.884,0.959,0.98,PD
861,RP11-452H21.1,OPALIN+ Oligodendrocytes,152,0.161,0.435,0.369,0.712,0.9,0.936,PD
862,MIR4300HG,OPALIN+ Oligodendrocytes,68.9,0.109,0.455,0.239,0.811,0.943,0.963,PD
863,RAB30-AS1,OPALIN+ Oligodendrocytes,522,-0.203,0.132,-1.54,0.124,0.423,0.52,PD
864,RP11-113K21.4,OPALIN+ Oligodendrocytes,17.9,-0.26,0.635,-0.409,0.683,0.893,0.929,PD
865,PCF11-AS1,OPALIN+ Oligodendrocytes,31.7,0.0899,0.287,0.313,0.754,0.921,0.948,PD
866,RP11-727A23.10,OPALIN+ Oligodendrocytes,66.6,0.0886,0.212,0.417,0.677,0.891,0.926,PD
867,RP11-160H12.2,OPALIN+ Oligodendrocytes,133,0.227,0.512,0.444,0.657,0.884,0.92,PD
868,RP11-317J19.1,OPALIN+ Oligodendrocytes,17.2,0.661,0.427,1.55,0.122,0.42,0.515,PD
869,RP11-712B9.2,OPALIN+ Oligodendrocytes,35.8,-0.513,0.352,-1.46,0.145,0.46,0.556,PD
870,RP11-315O6.1,OPALIN+ Oligodendrocytes,11.4,-0.876,0.438,-2,0.0454,0.262,0.34,PD
871,RP11-94P11.4,OPALIN+ Oligodendrocytes,19.2,-0.455,0.606,-0.751,0.453,0.775,0.833,PD
872,RP11-819C21.1,OPALIN+ Oligodendrocytes,24.7,0.0443,0.342,0.129,0.897,0.96,0.982,PD
873,RP11-708B6.2,OPALIN+ Oligodendrocytes,18.1,0.764,0.495,1.54,0.123,0.421,0.517,PD
874,RP11-356J5.12,OPALIN+ Oligodendrocytes,87.1,-0.513,0.293,-1.75,0.0798,0.348,0.435,PD
875,RP11-65M17.3,OPALIN+ Oligodendrocytes,10.2,0.663,0.483,1.37,0.17,NA,0.6,PD
876,RP11-64D24.2,OPALIN+ Oligodendrocytes,18.9,0.74,0.68,1.09,0.276,0.63,0.714,PD
877,AP000462.2,OPALIN+ Oligodendrocytes,64.3,0.447,0.528,0.846,0.398,0.736,0.803,PD
878,APOA1-AS,OPALIN+ Oligodendrocytes,19.5,0.0709,0.583,0.121,0.903,0.962,0.983,PD
879,BACE1-AS,OPALIN+ Oligodendrocytes,13.4,-0.0723,0.47,-0.154,0.878,0.956,0.979,PD
880,AP000892.4,OPALIN+ Oligodendrocytes,26.5,0.0219,0.416,0.0526,0.958,0.98,0.991,PD
881,RP11-770J1.3,OPALIN+ Oligodendrocytes,18.7,-0.552,0.327,-1.69,0.0911,0.369,0.458,PD
882,AP002954.4,OPALIN+ Oligodendrocytes,43.7,0.7,0.42,1.67,0.0956,0.37,0.464,PD
883,RP11-110I1.12,OPALIN+ Oligodendrocytes,11.9,-0.184,0.544,-0.338,0.736,0.914,0.943,PD
884,RP11-110I1.13,OPALIN+ Oligodendrocytes,9.6,-0.572,0.462,-1.24,0.216,NA,0.661,PD
885,RP11-716H6.1,OPALIN+ Oligodendrocytes,17.9,-0.697,0.357,-1.95,0.0511,0.28,0.357,PD
886,RP11-716H6.2,OPALIN+ Oligodendrocytes,11.1,-0.691,0.415,-1.67,0.0956,0.37,0.464,PD
887,RP11-677M14.7,OPALIN+ Oligodendrocytes,48.8,-0.179,0.283,-0.632,0.527,0.829,0.873,PD
888,STT3A-AS1,OPALIN+ Oligodendrocytes,13.3,0.00951,0.39,0.0244,0.981,0.987,0.994,PD
889,RP11-712L6.5,OPALIN+ Oligodendrocytes,14.9,1.72,0.442,3.9,9.67E-05,0.00883,0.0101,PD
890,KIRREL3-AS1,OPALIN+ Oligodendrocytes,9.58,-0.0628,0.527,-0.119,0.905,NA,0.983,PD
891,RP11-115C10.1,OPALIN+ Oligodendrocytes,15.1,0.714,0.568,1.26,0.208,0.562,0.651,PD
892,RP11-121M22.1,OPALIN+ Oligodendrocytes,38.1,-0.981,0.368,-2.66,0.00771,0.106,0.134,PD
893,RP11-890B15.3,OPALIN+ Oligodendrocytes,25.6,-0.0451,0.354,-0.128,0.898,0.96,0.982,PD
894,AP003025.2,OPALIN+ Oligodendrocytes,23.5,-0.0337,0.545,-0.0619,0.951,0.979,0.991,PD
895,RP11-217L21.1,OPALIN+ Oligodendrocytes,25.5,0.338,0.564,0.599,0.549,0.84,0.879,PD
896,NTM-AS1,OPALIN+ Oligodendrocytes,53.5,0.188,0.294,0.638,0.524,0.829,0.872,PD
897,RP11-809C18.3,OPALIN+ Oligodendrocytes,115,-0.139,0.364,-0.381,0.703,0.9,0.933,PD
898,IDI2-AS1,OPALIN+ Oligodendrocytes,104,-0.112,0.287,-0.389,0.697,0.899,0.932,PD
899,ADARB2-AS1,OPALIN+ Oligodendrocytes,65.6,0.932,0.606,1.54,0.124,0.423,0.52,PD
900,RP11-336A10.2,OPALIN+ Oligodendrocytes,16.9,0.115,0.382,0.302,0.762,0.922,0.95,PD
901,RP11-563J2.2,OPALIN+ Oligodendrocytes,23.4,-2,0.588,-3.41,0.000659,0.0228,0.0292,PD
902,LINC00706,OPALIN+ Oligodendrocytes,37.9,0.207,0.338,0.613,0.54,0.835,0.877,PD
903,LINC00707,OPALIN+ Oligodendrocytes,9.83,0.859,0.458,1.88,0.0608,NA,0.381,PD
904,RP11-799O21.2,OPALIN+ Oligodendrocytes,134,0.518,0.294,1.76,0.0785,0.346,0.431,PD
905,RP11-398C13.6,OPALIN+ Oligodendrocytes,9.25,-0.306,0.48,-0.638,0.523,NA,0.872,PD
906,STAM-AS1,OPALIN+ Oligodendrocytes,21.4,0.289,0.324,0.893,0.372,0.725,0.79,PD
907,RP11-499P20.2,OPALIN+ Oligodendrocytes,110,0.103,0.195,0.529,0.597,0.862,0.901,PD
908,WAC-AS1,OPALIN+ Oligodendrocytes,115,-0.293,0.192,-1.52,0.128,0.433,0.529,PD
909,RP11-462L8.1,OPALIN+ Oligodendrocytes,28.8,0.162,0.303,0.535,0.593,0.862,0.899,PD
910,RP11-324I22.4,OPALIN+ Oligodendrocytes,160,0.0635,0.237,0.268,0.789,0.935,0.958,PD
911,ZNF32-AS3,OPALIN+ Oligodendrocytes,11.9,-0.457,0.474,-0.965,0.335,0.69,0.761,PD
912,TMEM72-AS1,OPALIN+ Oligodendrocytes,62.8,-1.17,0.392,-2.98,0.00291,0.0601,0.0763,PD
913,RP11-38L15.3,OPALIN+ Oligodendrocytes,20,0.495,0.47,1.05,0.292,0.647,0.729,PD
914,RP11-38L15.2,OPALIN+ Oligodendrocytes,32.3,-0.371,0.394,-0.942,0.346,0.697,0.769,PD
915,LINC00843,OPALIN+ Oligodendrocytes,84.7,-0.0336,0.22,-0.153,0.879,0.956,0.979,PD
916,SGMS1-AS1,OPALIN+ Oligodendrocytes,18,-1.09,0.361,-3.02,0.00257,0.0551,0.0719,PD
917,LINC00844,OPALIN+ Oligodendrocytes,520,-0.107,0.359,-0.297,0.766,0.924,0.951,PD
918,LINC00845,OPALIN+ Oligodendrocytes,11.5,-1.1,0.454,-2.42,0.0155,0.15,0.2,PD
919,RP11-464F9.21,OPALIN+ Oligodendrocytes,18.5,-1.14,0.398,-2.86,0.00425,0.0699,0.0932,PD
920,RP11-574K11.29,OPALIN+ Oligodendrocytes,27.1,0.253,0.367,0.688,0.491,0.807,0.856,PD
921,ZMIZ1-AS1,OPALIN+ Oligodendrocytes,23.4,-1.04,0.542,-1.91,0.0557,0.292,0.368,PD
922,NUTM2B-AS1,OPALIN+ Oligodendrocytes,469,-0.412,0.184,-2.25,0.0247,0.189,0.254,PD
923,RP11-182L21.6,OPALIN+ Oligodendrocytes,31.1,0.371,0.546,0.68,0.496,0.814,0.86,PD
924,TMEM254-AS1,OPALIN+ Oligodendrocytes,42.6,-0.54,0.289,-1.87,0.0616,0.309,0.383,PD
925,RP11-77P6.2,OPALIN+ Oligodendrocytes,14.8,-0.207,0.347,-0.596,0.551,0.84,0.88,PD
926,NUTM2A-AS1,OPALIN+ Oligodendrocytes,1600,-0.103,0.224,-0.459,0.646,0.884,0.918,PD
927,RP11-80H5.9,OPALIN+ Oligodendrocytes,41.5,-0.238,0.256,-0.928,0.354,0.707,0.776,PD
928,ENTPD1-AS1,OPALIN+ Oligodendrocytes,855,-0.258,0.154,-1.67,0.0946,0.369,0.462,PD
929,RP11-441O15.3,OPALIN+ Oligodendrocytes,52.1,-0.162,0.226,-0.715,0.474,0.794,0.846,PD
930,OLMALINC,OPALIN+ Oligodendrocytes,1100,0.736,0.345,2.13,0.0329,0.228,0.297,PD
931,RP11-324O2.3,OPALIN+ Oligodendrocytes,16.2,0.888,0.365,2.43,0.0149,0.147,0.195,PD
932,CASC2,OPALIN+ Oligodendrocytes,67.5,-1.21,0.212,-5.72,1.06E-08,1.47E-05,1.38E-05,PD
933,WDR11-AS1,OPALIN+ Oligodendrocytes,174,-0.369,0.273,-1.35,0.177,0.513,0.609,PD
934,FAM53B-AS1,OPALIN+ Oligodendrocytes,45.3,-0.138,0.438,-0.315,0.753,0.921,0.947,PD
935,FLJ37035,OPALIN+ Oligodendrocytes,10.6,-0.417,0.404,-1.03,0.302,NA,0.736,PD
936,LINC00601,OPALIN+ Oligodendrocytes,147,0.257,0.217,1.18,0.236,0.594,0.679,PD
937,RP11-223P11.3,OPALIN+ Oligodendrocytes,17.5,0.346,0.52,0.664,0.507,0.82,0.864,PD
938,RP11-109A6.5,OPALIN+ Oligodendrocytes,28.1,-0.386,0.376,-1.03,0.304,0.66,0.739,PD
939,RP11-218M22.1,OPALIN+ Oligodendrocytes,37.3,0.425,0.547,0.777,0.437,0.765,0.825,PD
940,LINC00940,OPALIN+ Oligodendrocytes,19.5,-0.858,0.339,-2.53,0.0114,0.131,0.17,PD
941,RP4-816N1.6,OPALIN+ Oligodendrocytes,28.2,0.657,0.304,2.16,0.0308,0.22,0.286,PD
942,RP5-940J5.6,OPALIN+ Oligodendrocytes,13.9,0.0743,0.467,0.159,0.873,0.956,0.979,PD
943,FAM66C,OPALIN+ Oligodendrocytes,190,-0.556,0.273,-2.04,0.0413,0.25,0.326,PD
944,RP11-266K4.14,OPALIN+ Oligodendrocytes,17,-0.659,0.445,-1.48,0.138,0.449,0.544,PD
945,LINC00937,OPALIN+ Oligodendrocytes,19.9,-0.0674,0.375,-0.18,0.857,0.952,0.976,PD
946,RP11-259O18.5,OPALIN+ Oligodendrocytes,14.4,-0.14,0.372,-0.377,0.706,0.9,0.934,PD
947,A2M-AS1,OPALIN+ Oligodendrocytes,18.8,0.205,0.351,0.583,0.56,0.844,0.885,PD
948,LINC00987,OPALIN+ Oligodendrocytes,27.7,0.662,0.434,1.52,0.128,0.433,0.529,PD
949,RP11-118B22.4,OPALIN+ Oligodendrocytes,36.3,0.816,0.35,2.33,0.0196,0.167,0.222,PD
950,RP11-277P12.20,OPALIN+ Oligodendrocytes,69,0.403,0.253,1.59,0.112,0.397,0.495,PD
951,SMIM10L1,OPALIN+ Oligodendrocytes,43.8,0.26,0.283,0.916,0.36,0.714,0.782,PD
952,RP11-711K1.8,OPALIN+ Oligodendrocytes,84.7,0.141,0.547,0.258,0.796,0.939,0.959,PD
953,LINC01252,OPALIN+ Oligodendrocytes,57.2,0.438,0.436,1,0.316,0.665,0.747,PD
954,LOH12CR2,OPALIN+ Oligodendrocytes,12.8,0.0658,0.361,0.182,0.855,0.952,0.976,PD
955,RP11-253I19.3,OPALIN+ Oligodendrocytes,29.4,0.13,0.35,0.37,0.711,0.9,0.936,PD
956,RP11-392P7.6,OPALIN+ Oligodendrocytes,19.6,0.841,0.635,1.32,0.186,0.524,0.62,PD
957,RP11-405A12.2,OPALIN+ Oligodendrocytes,16.2,0.414,0.576,0.719,0.472,0.794,0.845,PD
958,RASSF8-AS1,OPALIN+ Oligodendrocytes,86.5,-0.447,0.25,-1.79,0.0739,0.336,0.416,PD
959,RP11-996F15.2,OPALIN+ Oligodendrocytes,41.1,-0.268,0.395,-0.678,0.498,0.814,0.861,PD
960,DDX11-AS1,OPALIN+ Oligodendrocytes,19.8,0.74,0.41,1.8,0.0711,0.332,0.411,PD
961,DENND5B-AS1,OPALIN+ Oligodendrocytes,14,0.526,0.347,1.52,0.129,0.435,0.531,PD
962,RP11-278C7.4,OPALIN+ Oligodendrocytes,10.5,0.334,0.41,0.814,0.415,NA,0.813,PD
963,RP11-847H18.3,OPALIN+ Oligodendrocytes,10.3,0.834,0.462,1.81,0.0709,NA,0.41,PD
964,RP11-352M15.1,OPALIN+ Oligodendrocytes,39.9,0.319,0.316,1.01,0.313,0.663,0.744,PD
965,RP11-352M15.2,OPALIN+ Oligodendrocytes,159,-0.0269,0.208,-0.129,0.897,0.96,0.982,PD
966,RP11-96H19.1,OPALIN+ Oligodendrocytes,47.8,-0.252,0.243,-1.04,0.3,0.655,0.734,PD
967,RP1-197B17.3,OPALIN+ Oligodendrocytes,16.2,-0.0336,0.347,-0.097,0.923,0.967,0.986,PD
968,RP5-1057I20.4,OPALIN+ Oligodendrocytes,38.1,-1.11,0.448,-2.48,0.0132,0.137,0.182,PD
969,RP11-370I10.6,OPALIN+ Oligodendrocytes,47.7,-0.911,0.338,-2.7,0.00697,0.1,0.128,PD
970,RP11-386G11.10,OPALIN+ Oligodendrocytes,31.9,-0.157,0.294,-0.532,0.594,0.862,0.9,PD
971,RP4-605O3.4,OPALIN+ Oligodendrocytes,231,0.104,0.224,0.465,0.642,0.88,0.916,PD
972,RP11-983P16.4,OPALIN+ Oligodendrocytes,105,-0.904,0.259,-3.5,0.000472,0.0205,0.024,PD
973,RP11-603J24.14,OPALIN+ Oligodendrocytes,28.6,0.0879,0.317,0.277,0.781,0.933,0.955,PD
974,RP11-977G19.11,OPALIN+ Oligodendrocytes,10.4,0.0727,0.509,0.143,0.886,NA,0.98,PD
975,RP11-571M6.7,OPALIN+ Oligodendrocytes,7.53,-0.436,0.556,-0.785,0.433,NA,0.824,PD
976,RP11-620J15.3,OPALIN+ Oligodendrocytes,20.5,0.414,0.314,1.32,0.187,0.524,0.621,PD
977,RP11-150C16.1,OPALIN+ Oligodendrocytes,24.1,0.0355,0.332,0.107,0.915,0.965,0.984,PD
978,RP11-272B17.1,OPALIN+ Oligodendrocytes,10.8,-0.666,0.597,-1.11,0.265,NA,0.705,PD
979,RP11-631N16.2,OPALIN+ Oligodendrocytes,76.5,-0.185,0.205,-0.904,0.366,0.721,0.786,PD
980,RP11-196H14.2,OPALIN+ Oligodendrocytes,21.2,0.293,0.359,0.816,0.414,0.75,0.812,PD
981,RP11-629N8.3,OPALIN+ Oligodendrocytes,13.7,-0.643,0.406,-1.59,0.113,0.399,0.498,PD
982,RP11-766N7.3,OPALIN+ Oligodendrocytes,9.88,0.0694,0.66,0.105,0.916,NA,0.984,PD
983,IFNG-AS1,OPALIN+ Oligodendrocytes,51.5,-1.57,0.465,-3.37,0.000746,0.0247,0.0321,PD
984,RP11-637A17.2,OPALIN+ Oligodendrocytes,10.4,-0.249,0.54,-0.461,0.644,NA,0.917,PD
985,LINC01481,OPALIN+ Oligodendrocytes,414,-0.585,0.185,-3.16,0.00157,0.0418,0.0544,PD
986,RP11-320P7.2,OPALIN+ Oligodendrocytes,348,0.17,0.429,0.395,0.693,0.897,0.932,PD
987,RP11-588H23.3,OPALIN+ Oligodendrocytes,24.8,-0.242,0.344,-0.704,0.482,0.801,0.851,PD
988,RP11-81H3.2,OPALIN+ Oligodendrocytes,1200,-0.202,0.301,-0.673,0.501,0.815,0.862,PD
989,RP11-20E24.1,OPALIN+ Oligodendrocytes,44.9,-0.419,0.231,-1.81,0.0702,0.33,0.408,PD
990,RP11-136F16.1,OPALIN+ Oligodendrocytes,11.1,0.573,0.531,1.08,0.28,0.631,0.717,PD
991,RP11-121G22.3,OPALIN+ Oligodendrocytes,11,-0.76,0.75,-1.01,0.311,0.663,0.742,PD
992,RP11-315E17.1,OPALIN+ Oligodendrocytes,205,0.0393,0.24,0.164,0.87,0.956,0.977,PD
993,RP11-13A1.3,OPALIN+ Oligodendrocytes,12.4,0.375,0.448,0.837,0.402,0.741,0.806,PD
994,RP11-734K2.4,OPALIN+ Oligodendrocytes,139,-0.287,0.238,-1.21,0.227,0.585,0.672,PD
995,RP11-981P6.1,OPALIN+ Oligodendrocytes,73.6,-0.634,0.337,-1.88,0.0601,0.305,0.378,PD
996,RP11-796E2.4,OPALIN+ Oligodendrocytes,10.3,-0.589,0.513,-1.15,0.251,NA,0.693,PD
997,RP11-511B23.2,OPALIN+ Oligodendrocytes,23,-0.41,0.518,-0.792,0.428,0.763,0.823,PD
998,RP11-486A14.2,OPALIN+ Oligodendrocytes,10.2,0.371,0.445,0.833,0.405,NA,0.807,PD
999,RP11-887P2.5,OPALIN+ Oligodendrocytes,21.1,0.617,0.614,1,0.316,0.665,0.747,PD
1000,RP11-510I5.4,OPALIN+ Oligodendrocytes,11.1,0.0857,0.613,0.14,0.889,0.96,0.98,PD
1001,RP11-144F15.1,OPALIN+ Oligodendrocytes,17.7,-0.466,0.462,-1.01,0.313,0.663,0.744,PD
1002,RP11-412D9.4,OPALIN+ Oligodendrocytes,11.2,0.536,0.527,1.02,0.31,0.663,0.741,PD
1003,FAM222A-AS1,OPALIN+ Oligodendrocytes,65.1,0.475,0.478,0.995,0.32,0.669,0.751,PD
1004,MAPKAPK5-AS1,OPALIN+ Oligodendrocytes,40.7,0.451,0.283,1.6,0.111,0.396,0.493,PD
1005,RP11-768F21.1,OPALIN+ Oligodendrocytes,10.2,-0.352,0.472,-0.746,0.456,NA,0.835,PD
1006,RP1-267D11.6,OPALIN+ Oligodendrocytes,12.2,-0.543,0.4,-1.36,0.174,0.508,0.605,PD
1007,PXN-AS1,OPALIN+ Oligodendrocytes,34.6,-0.177,0.272,-0.651,0.515,0.827,0.87,PD
1008,RP11-340F14.6,OPALIN+ Oligodendrocytes,14.3,0.337,0.565,0.596,0.551,0.84,0.88,PD
1009,RP13-941N14.1,OPALIN+ Oligodendrocytes,50.1,0.209,0.267,0.781,0.435,0.765,0.824,PD
1010,RP11-282O18.3,OPALIN+ Oligodendrocytes,14.5,1.11,0.448,2.47,0.0134,0.138,0.184,PD
1011,RP11-486O12.2,OPALIN+ Oligodendrocytes,10.9,-0.772,0.468,-1.65,0.0986,NA,0.471,PD
1012,RP11-575F12.1,OPALIN+ Oligodendrocytes,11.5,-0.094,0.527,-0.178,0.858,0.952,0.977,PD
1013,RP11-61K9.2,OPALIN+ Oligodendrocytes,9.76,0.03,0.476,0.063,0.95,NA,0.991,PD
1014,RP11-61K9.3,OPALIN+ Oligodendrocytes,9.98,-0.397,0.532,-0.747,0.455,NA,0.835,PD
1015,RP11-476H16.1,OPALIN+ Oligodendrocytes,21,1.37,0.441,3.12,0.00183,0.0459,0.0598,PD
1016,RP11-172H24.4,OPALIN+ Oligodendrocytes,33.8,0.882,0.422,2.09,0.0365,0.237,0.307,PD
1017,LINC00539,OPALIN+ Oligodendrocytes,61.2,0.883,0.615,1.44,0.151,0.469,0.564,PD
1018,LINC00463,OPALIN+ Oligodendrocytes,54.4,-0.29,0.455,-0.638,0.523,0.829,0.872,PD
1019,RP11-428O18.6,OPALIN+ Oligodendrocytes,134,-1.21,0.335,-3.6,0.000317,0.0176,0.0187,PD
1020,PAN3-AS1,OPALIN+ Oligodendrocytes,8.87,-0.749,0.471,-1.59,0.112,NA,0.496,PD
1021,RP11-141M1.3,OPALIN+ Oligodendrocytes,698,-0.101,0.273,-0.37,0.711,0.9,0.936,PD
1022,RP11-16D22.2,OPALIN+ Oligodendrocytes,12.7,0.186,0.589,0.316,0.752,0.921,0.947,PD
1023,SPG20-AS1,OPALIN+ Oligodendrocytes,26.2,0.406,0.423,0.96,0.337,0.69,0.763,PD
1024,RP11-50D16.4,OPALIN+ Oligodendrocytes,971,0.0053,0.241,0.0219,0.983,0.988,0.995,PD
1025,LINC00598,OPALIN+ Oligodendrocytes,125,0.302,0.258,1.17,0.242,0.6,0.685,PD
1026,RP11-74J13.8,OPALIN+ Oligodendrocytes,110,0.0441,0.194,0.227,0.82,0.945,0.966,PD
1027,RP11-413N19.2,OPALIN+ Oligodendrocytes,10.8,0.811,0.458,1.77,0.0765,NA,0.424,PD
1028,SMIM2-AS1,OPALIN+ Oligodendrocytes,17.3,-1.72,0.49,-3.52,0.000437,0.0201,0.0226,PD
1029,TSC22D1-AS1,OPALIN+ Oligodendrocytes,9.79,-0.101,0.465,-0.216,0.829,NA,0.968,PD
1030,RP11-321C24.1,OPALIN+ Oligodendrocytes,24.9,-0.162,0.449,-0.362,0.718,0.902,0.938,PD
1031,RP11-290D2.3,OPALIN+ Oligodendrocytes,10.9,-0.576,0.44,-1.31,0.191,NA,0.628,PD
1032,CPB2-AS1,OPALIN+ Oligodendrocytes,895,-0.316,0.177,-1.79,0.0736,0.336,0.415,PD
1033,RP11-189B4.7,OPALIN+ Oligodendrocytes,29.1,0.187,0.457,0.409,0.683,0.893,0.929,PD
1034,DLEU2,OPALIN+ Oligodendrocytes,1780,-0.187,0.147,-1.27,0.203,0.551,0.643,PD
1035,DLEU7-AS1,OPALIN+ Oligodendrocytes,10.1,-0.388,0.702,-0.554,0.58,NA,0.893,PD
1036,RNASEH2B-AS1,OPALIN+ Oligodendrocytes,11.6,-0.374,0.379,-0.989,0.323,0.674,0.753,PD
1037,INTS6-AS1,OPALIN+ Oligodendrocytes,74.9,-0.089,0.229,-0.389,0.697,0.899,0.932,PD
1038,RP11-327P2.5,OPALIN+ Oligodendrocytes,11.2,-0.828,0.457,-1.81,0.07,0.33,0.408,PD
1039,RP11-93H24.3,OPALIN+ Oligodendrocytes,12.9,0.289,0.469,0.616,0.538,0.835,0.877,PD
1040,PCDH9-AS1,OPALIN+ Oligodendrocytes,96.9,0.228,0.506,0.45,0.653,0.884,0.919,PD
1041,PCDH9-AS2,OPALIN+ Oligodendrocytes,380,0.122,0.523,0.233,0.815,0.944,0.965,PD
1042,PCDH9-AS3,OPALIN+ Oligodendrocytes,28.4,0.28,0.575,0.488,0.626,0.87,0.912,PD
1043,PCDH9-AS4,OPALIN+ Oligodendrocytes,19.9,0.501,0.578,0.866,0.387,0.732,0.795,PD
1044,RNF219-AS1,OPALIN+ Oligodendrocytes,18.9,-0.159,0.478,-0.332,0.74,0.915,0.944,PD
1045,RBM26-AS1,OPALIN+ Oligodendrocytes,37.3,-1,0.344,-2.92,0.0035,0.0632,0.0832,PD
1046,LINC01080,OPALIN+ Oligodendrocytes,23.4,-0.0601,0.42,-0.143,0.886,0.96,0.98,PD
1047,LINC00351,OPALIN+ Oligodendrocytes,30,-1.08,0.435,-2.49,0.0129,0.136,0.18,PD
1048,DNAJC3-AS1,OPALIN+ Oligodendrocytes,54.2,0.314,0.264,1.19,0.234,0.594,0.679,PD
1049,RP11-12G12.7,OPALIN+ Oligodendrocytes,12.9,0.798,0.397,2.01,0.0444,0.259,0.334,PD
1050,NALCN-AS1,OPALIN+ Oligodendrocytes,59.6,0.642,0.546,1.18,0.239,0.597,0.682,PD
1051,FGF14-AS2,OPALIN+ Oligodendrocytes,9.89,-0.541,0.573,-0.945,0.345,NA,0.768,PD
1052,RP11-40E6.1,OPALIN+ Oligodendrocytes,10.9,-0.0298,0.428,-0.0697,0.944,NA,0.99,PD
1053,RP11-298I3.1,OPALIN+ Oligodendrocytes,24.4,0.195,0.451,0.432,0.666,0.886,0.923,PD
1054,DHRS4-AS1,OPALIN+ Oligodendrocytes,49.5,0.0529,0.252,0.21,0.834,0.945,0.969,PD
1055,NOVA1-AS1,OPALIN+ Oligodendrocytes,17,-0.596,0.368,-1.62,0.105,0.39,0.485,PD
1056,CTD-2591A6.2,OPALIN+ Oligodendrocytes,12.8,-0.474,0.47,-1.01,0.312,0.663,0.744,PD
1057,RP11-596D21.1,OPALIN+ Oligodendrocytes,10.7,-0.301,0.414,-0.726,0.468,NA,0.841,PD
1058,CTD-2213F21.2,OPALIN+ Oligodendrocytes,16.1,0.42,0.503,0.834,0.404,0.741,0.806,PD
1059,RP11-320M16.2,OPALIN+ Oligodendrocytes,14.3,-0.264,0.58,-0.455,0.649,0.884,0.919,PD
1060,RP11-317N8.5,OPALIN+ Oligodendrocytes,18.5,0.522,0.475,1.1,0.272,0.627,0.71,PD
1061,LINC00609,OPALIN+ Oligodendrocytes,3050,-0.195,0.256,-0.763,0.446,0.771,0.829,PD
1062,PTCSC3,OPALIN+ Oligodendrocytes,37.5,0.0159,0.392,0.0406,0.968,0.98,0.991,PD
1063,RP11-259K15.2,OPALIN+ Oligodendrocytes,277,-0.0136,0.289,-0.0472,0.962,0.98,0.991,PD
1064,SLC25A21-AS1,OPALIN+ Oligodendrocytes,14.4,-0.698,0.48,-1.45,0.146,0.462,0.558,PD
1065,CTD-2058B24.3,OPALIN+ Oligodendrocytes,13.9,0.0665,0.456,0.146,0.884,0.959,0.98,PD
1066,CTD-2058B24.2,OPALIN+ Oligodendrocytes,466,0.319,0.291,1.09,0.274,0.627,0.711,PD
1067,RP11-96D24.1,OPALIN+ Oligodendrocytes,12.5,0.408,0.693,0.589,0.556,0.842,0.883,PD
1068,LINC00639,OPALIN+ Oligodendrocytes,1790,0.0986,0.227,0.435,0.664,0.885,0.923,PD
1069,RP11-111A21.1,OPALIN+ Oligodendrocytes,46.3,0.00907,0.264,0.0343,0.973,0.983,0.993,PD
1070,RP11-305B6.3,OPALIN+ Oligodendrocytes,7.49,-0.14,0.522,-0.268,0.789,NA,0.958,PD
1071,RP11-596C23.6,OPALIN+ Oligodendrocytes,47.9,0.45,0.521,0.864,0.387,0.732,0.795,PD
1072,RP11-596C23.2,OPALIN+ Oligodendrocytes,8.42,-0.504,0.522,-0.967,0.334,NA,0.76,PD
1073,LINC01588,OPALIN+ Oligodendrocytes,32.5,1.12,0.487,2.31,0.0211,0.172,0.231,PD
1074,RP11-247L20.4,OPALIN+ Oligodendrocytes,13.2,0.9,0.435,2.07,0.0383,0.243,0.317,PD
1075,LINC00640,OPALIN+ Oligodendrocytes,11.2,1.42,0.507,2.8,0.0051,0.0818,0.105,PD
1076,FRMD6-AS1,OPALIN+ Oligodendrocytes,9.98,-0.121,0.558,-0.216,0.829,NA,0.968,PD
1077,RP11-665C16.5,OPALIN+ Oligodendrocytes,11.2,0.941,0.581,1.62,0.106,0.39,0.485,PD
1078,KTN1-AS1,OPALIN+ Oligodendrocytes,47.5,-0.0524,0.243,-0.215,0.829,0.945,0.968,PD
1079,RP11-930O11.1,OPALIN+ Oligodendrocytes,14.1,0.498,0.413,1.2,0.228,0.585,0.674,PD
1080,RP11-517O13.1,OPALIN+ Oligodendrocytes,19.2,0.491,0.529,0.928,0.353,0.707,0.776,PD
1081,RP11-16B13.1,OPALIN+ Oligodendrocytes,36,-0.706,0.276,-2.56,0.0106,0.126,0.161,PD
1082,HIF1A-AS2,OPALIN+ Oligodendrocytes,19.6,-0.389,0.633,-0.615,0.539,0.835,0.877,PD
1083,CTD-2555O16.2,OPALIN+ Oligodendrocytes,115,0.0708,0.251,0.282,0.778,0.93,0.954,PD
1084,RP11-973N13.4,OPALIN+ Oligodendrocytes,20.3,0.57,0.56,1.02,0.309,0.663,0.741,PD
1085,CTD-2509G16.5,OPALIN+ Oligodendrocytes,22.9,-0.18,0.37,-0.487,0.626,0.87,0.912,PD
1086,RP11-72M17.1,OPALIN+ Oligodendrocytes,95.2,-1.17,0.499,-2.34,0.0193,0.166,0.22,PD
1087,CTD-2325P2.4,OPALIN+ Oligodendrocytes,11.9,-0.0491,0.585,-0.084,0.933,0.972,0.987,PD
1088,RP11-363J20.1,OPALIN+ Oligodendrocytes,10.3,0.525,0.542,0.969,0.332,NA,0.76,PD
1089,RP11-486O13.4,OPALIN+ Oligodendrocytes,121,0.232,0.184,1.26,0.206,0.559,0.649,PD
1090,RP1-261D10.2,OPALIN+ Oligodendrocytes,13.3,-1.15,0.48,-2.4,0.0163,0.154,0.205,PD
1091,RP3-514A23.2,OPALIN+ Oligodendrocytes,10.9,-0.374,0.494,-0.758,0.449,NA,0.831,PD
1092,RP3-414A15.2,OPALIN+ Oligodendrocytes,60.8,0.277,0.307,0.901,0.368,0.723,0.787,PD
1093,RP5-1021I20.1,OPALIN+ Oligodendrocytes,24.3,-1.65,0.646,-2.55,0.0108,0.128,0.164,PD
1094,RP5-1021I20.5,OPALIN+ Oligodendrocytes,73.2,0.583,0.244,2.39,0.0167,0.155,0.207,PD
1095,RP11-950C14.3,OPALIN+ Oligodendrocytes,19.8,0.22,0.324,0.677,0.498,0.814,0.861,PD
1096,RP11-950C14.7,OPALIN+ Oligodendrocytes,14.8,-0.246,0.415,-0.594,0.553,0.84,0.88,PD
1097,RP11-270M14.4,OPALIN+ Oligodendrocytes,10.9,0.468,0.51,0.919,0.358,NA,0.781,PD
1098,RP11-187O7.3,OPALIN+ Oligodendrocytes,64,-0.956,0.331,-2.89,0.00389,0.0671,0.0879,PD
1099,RP11-99E15.2,OPALIN+ Oligodendrocytes,96.1,-0.69,0.22,-3.13,0.00176,0.0449,0.0587,PD
1100,RP11-488C13.5,OPALIN+ Oligodendrocytes,31.4,0.239,0.342,0.698,0.485,0.803,0.852,PD
1101,RP11-242P2.1,OPALIN+ Oligodendrocytes,20.2,0.287,0.631,0.455,0.649,0.884,0.919,PD
1102,RP11-406A9.2,OPALIN+ Oligodendrocytes,15.3,-0.103,0.417,-0.248,0.804,0.943,0.961,PD
1103,CTD-2341M24.1,OPALIN+ Oligodendrocytes,149,0.159,0.29,0.549,0.583,0.86,0.895,PD
1104,DICER1-AS1,OPALIN+ Oligodendrocytes,145,-0.466,0.219,-2.13,0.0334,0.23,0.299,PD
1105,SNHG10,OPALIN+ Oligodendrocytes,22.3,0.201,0.424,0.475,0.635,0.876,0.913,PD
1106,RP11-543C4.1,OPALIN+ Oligodendrocytes,19.6,-0.148,0.37,-0.399,0.69,0.896,0.931,PD
1107,RP11-638I2.4,OPALIN+ Oligodendrocytes,39.3,-0.0687,0.448,-0.153,0.878,0.956,0.979,PD
1108,SNHG23,OPALIN+ Oligodendrocytes,12.2,-0.545,0.64,-0.851,0.395,0.733,0.8,PD
1109,RP11-365N19.2,OPALIN+ Oligodendrocytes,14.3,0.608,0.552,1.1,0.271,0.627,0.71,PD
1110,RP11-894P9.1,OPALIN+ Oligodendrocytes,19.9,0.663,1.08,0.616,0.538,0.835,0.877,PD
1111,RP11-173D3.1,OPALIN+ Oligodendrocytes,58.5,-0.0473,0.344,-0.138,0.891,0.96,0.98,PD
1112,RP11-403B2.7,OPALIN+ Oligodendrocytes,10.3,0.575,0.747,0.769,0.442,NA,0.828,PD
1113,RP11-580I1.1,OPALIN+ Oligodendrocytes,18.8,0.431,1.17,0.37,0.711,0.9,0.936,PD
1114,RP11-580I1.2,OPALIN+ Oligodendrocytes,113,1.29,0.629,2.05,0.0403,0.25,0.324,PD
1115,RP11-107D24.2,OPALIN+ Oligodendrocytes,10.4,0.828,0.743,1.11,0.265,NA,0.705,PD
1116,PWRN3,OPALIN+ Oligodendrocytes,51.8,1.24,1.21,1.03,0.305,0.661,0.739,PD
1117,PWRN1,OPALIN+ Oligodendrocytes,458,1.04,0.866,1.2,0.229,0.585,0.675,PD
1118,PWAR6,OPALIN+ Oligodendrocytes,211,0.284,0.256,1.11,0.267,0.627,0.707,PD
1119,RP11-143J24.1,OPALIN+ Oligodendrocytes,16.9,0.347,0.387,0.895,0.371,0.725,0.789,PD
1120,RP11-932O9.7,OPALIN+ Oligodendrocytes,20.2,0.012,0.332,0.0362,0.971,0.982,0.992,PD
1121,RP11-16E12.1,OPALIN+ Oligodendrocytes,42.3,-0.837,0.306,-2.74,0.00617,0.0929,0.119,PD
1122,RP11-1000B6.3,OPALIN+ Oligodendrocytes,391,-0.103,0.204,-0.504,0.614,0.865,0.907,PD
1123,RP11-1000B6.8,OPALIN+ Oligodendrocytes,58.6,-0.5,0.307,-1.63,0.104,0.388,0.48,PD
1124,RP11-3D4.2,OPALIN+ Oligodendrocytes,16.4,0.011,0.337,0.0327,0.974,0.984,0.993,PD
1125,RP11-323I15.5,OPALIN+ Oligodendrocytes,195,-0.596,0.272,-2.19,0.0286,0.205,0.272,PD
1126,DPH6-AS1,OPALIN+ Oligodendrocytes,537,0.286,0.195,1.46,0.144,0.457,0.552,PD
1127,RP11-128A17.1,OPALIN+ Oligodendrocytes,22.5,-0.38,0.287,-1.33,0.185,0.524,0.619,PD
1128,RP11-720L8.1,OPALIN+ Oligodendrocytes,26.9,0.217,0.517,0.419,0.675,0.891,0.926,PD
1129,RP11-346D14.1,OPALIN+ Oligodendrocytes,128,-0.31,0.411,-0.753,0.452,0.775,0.832,PD
1130,RP11-624L4.1,OPALIN+ Oligodendrocytes,9.06,0.208,0.505,0.411,0.681,NA,0.929,PD
1131,RP11-37C7.3,OPALIN+ Oligodendrocytes,9.47,0.101,0.441,0.229,0.819,NA,0.965,PD
1132,SRP14-AS1,OPALIN+ Oligodendrocytes,58.6,0.258,0.29,0.889,0.374,0.727,0.791,PD
1133,RP11-516C1.1,OPALIN+ Oligodendrocytes,29.4,0.0517,0.377,0.137,0.891,0.96,0.98,PD
1134,EIF3J-AS1,OPALIN+ Oligodendrocytes,122,0.108,0.21,0.513,0.608,0.865,0.905,PD
1135,PATL2,OPALIN+ Oligodendrocytes,10.3,-0.258,0.492,-0.524,0.6,NA,0.903,PD
1136,RP11-519G16.2,OPALIN+ Oligodendrocytes,11.2,-1.29,0.527,-2.44,0.0146,0.147,0.193,PD
1137,CTD-2651B20.3,OPALIN+ Oligodendrocytes,28,-1.38,0.601,-2.3,0.0212,0.173,0.232,PD
1138,GATM-AS1,OPALIN+ Oligodendrocytes,32.5,0.0555,0.306,0.181,0.856,0.952,0.976,PD
1139,RP11-519G16.3,OPALIN+ Oligodendrocytes,18,0.996,0.398,2.5,0.0123,0.135,0.176,PD
1140,RP11-154J22.1,OPALIN+ Oligodendrocytes,15.5,-0.269,0.345,-0.78,0.435,0.765,0.824,PD
1141,GABPB1-AS1,OPALIN+ Oligodendrocytes,622,-0.0848,0.274,-0.309,0.757,0.921,0.948,PD
1142,CTD-2378E12.1,OPALIN+ Oligodendrocytes,104,0.0611,0.277,0.221,0.825,0.945,0.968,PD
1143,RP11-707P17.1,OPALIN+ Oligodendrocytes,260,0.909,0.36,2.53,0.0115,0.131,0.17,PD
1144,RP11-1129I3.1,OPALIN+ Oligodendrocytes,86.2,1.98,0.49,4.03,5.49E-05,0.00689,0.00685,PD
1145,LINC00926,OPALIN+ Oligodendrocytes,19.2,0.832,0.396,2.1,0.0355,0.234,0.305,PD
1146,RORA-AS1,OPALIN+ Oligodendrocytes,198,0.543,0.187,2.91,0.0036,0.0638,0.0846,PD
1147,RP11-16B9.1,OPALIN+ Oligodendrocytes,48,0.495,0.479,1.03,0.301,0.655,0.736,PD
1148,USP3-AS1,OPALIN+ Oligodendrocytes,46,-0.688,0.259,-2.65,0.00796,0.108,0.136,PD
1149,RP11-317G6.1,OPALIN+ Oligodendrocytes,12.6,-0.203,0.532,-0.382,0.702,0.9,0.933,PD
1150,RP11-653J6.1,OPALIN+ Oligodendrocytes,29.9,-0.217,0.271,-0.801,0.423,0.759,0.818,PD
1151,IQCH-AS1,OPALIN+ Oligodendrocytes,54.2,0.541,0.258,2.1,0.0358,0.235,0.306,PD
1152,DRAIC,OPALIN+ Oligodendrocytes,35.6,0.113,0.34,0.333,0.739,0.915,0.944,PD
1153,THSD4-AS1,OPALIN+ Oligodendrocytes,183,0.108,0.261,0.415,0.678,0.893,0.927,PD
1154,RP11-390D11.1,OPALIN+ Oligodendrocytes,8.34,-0.296,0.616,-0.48,0.631,NA,0.913,PD
1155,RP11-106M3.3,OPALIN+ Oligodendrocytes,35.3,0.0735,0.492,0.149,0.881,0.957,0.979,PD
1156,RP11-1007O24.3,OPALIN+ Oligodendrocytes,119,0.286,0.165,1.73,0.0835,0.355,0.444,PD
1157,UBL7-AS1,OPALIN+ Oligodendrocytes,26.5,0.117,0.345,0.339,0.735,0.914,0.943,PD
1158,RP11-10O17.3,OPALIN+ Oligodendrocytes,36.8,0.292,0.305,0.957,0.339,0.69,0.764,PD
1159,RP11-210M15.2,OPALIN+ Oligodendrocytes,134,-0.195,0.195,-0.998,0.318,0.668,0.749,PD
1160,RP11-351M8.2,OPALIN+ Oligodendrocytes,143,-0.144,0.196,-0.734,0.463,0.783,0.84,PD
1161,TMC3-AS1,OPALIN+ Oligodendrocytes,17.1,-0.267,0.358,-0.747,0.455,0.776,0.835,PD
1162,RP11-499F3.2,OPALIN+ Oligodendrocytes,19.8,-1.66,0.631,-2.63,0.00862,0.115,0.144,PD
1163,RP11-379H8.1,OPALIN+ Oligodendrocytes,23.9,0.259,0.627,0.413,0.68,0.893,0.928,PD
1164,CPEB1-AS1,OPALIN+ Oligodendrocytes,176,0.25,0.174,1.44,0.15,0.468,0.563,PD
1165,RP11-752G15.8,OPALIN+ Oligodendrocytes,12.3,-0.54,0.624,-0.865,0.387,0.732,0.795,PD
1166,SNHG21,OPALIN+ Oligodendrocytes,31,0.0772,0.32,0.241,0.809,0.943,0.963,PD
1167,RP11-382A20.5,OPALIN+ Oligodendrocytes,11.3,0.0514,0.467,0.11,0.912,0.965,0.984,PD
1168,RP11-382A20.4,OPALIN+ Oligodendrocytes,19,0.0467,0.344,0.136,0.892,0.96,0.981,PD
1169,RP11-182J1.18,OPALIN+ Oligodendrocytes,51.4,-0.1,0.263,-0.381,0.704,0.9,0.934,PD
1170,RP11-617F23.1,OPALIN+ Oligodendrocytes,42.7,-0.839,0.308,-2.72,0.00646,0.0952,0.121,PD
1171,CTD-2315E11.1,OPALIN+ Oligodendrocytes,14.1,-0.816,0.467,-1.75,0.0804,0.349,0.436,PD
1172,CRTC3-AS1,OPALIN+ Oligodendrocytes,43.4,-0.464,0.41,-1.13,0.259,0.617,0.698,PD
1173,CRAT37,OPALIN+ Oligodendrocytes,13.1,0.287,0.449,0.64,0.522,0.829,0.871,PD
1174,RP11-152L20.3,OPALIN+ Oligodendrocytes,38.6,0.0197,0.455,0.0433,0.965,0.98,0.991,PD
1175,RP11-654A16.3,OPALIN+ Oligodendrocytes,20,0.303,0.378,0.803,0.422,0.759,0.817,PD
1176,RP11-6O2.3,OPALIN+ Oligodendrocytes,15.7,0.894,0.37,2.41,0.0158,0.152,0.202,PD
1177,CTD-2054N24.2,OPALIN+ Oligodendrocytes,15.1,0.603,0.565,1.07,0.286,0.638,0.722,PD
1178,RP11-526I2.5,OPALIN+ Oligodendrocytes,12.9,0.327,0.778,0.421,0.674,0.891,0.925,PD
1179,RP11-66B24.2,OPALIN+ Oligodendrocytes,38.1,0.776,0.246,3.15,0.00161,0.042,0.0552,PD
1180,RP11-66B24.1,OPALIN+ Oligodendrocytes,82,-0.0162,0.375,-0.0431,0.966,0.98,0.991,PD
1181,RP11-505E24.2,OPALIN+ Oligodendrocytes,20.5,0.789,0.359,2.2,0.0281,0.203,0.269,PD
1182,RP11-299G20.2,OPALIN+ Oligodendrocytes,14.3,0.368,0.443,0.829,0.407,0.744,0.808,PD
1183,CAPN15,OPALIN+ Oligodendrocytes,41.6,0.523,0.304,1.72,0.0856,0.359,0.447,PD
1184,LA16c-349E10.1,OPALIN+ Oligodendrocytes,15.4,-0.361,0.436,-0.827,0.408,0.744,0.808,PD
1185,LMF1-AS1,OPALIN+ Oligodendrocytes,55.3,0.489,0.487,1,0.315,0.665,0.747,PD
1186,SNHG9,OPALIN+ Oligodendrocytes,68.6,0.404,0.516,0.783,0.434,0.765,0.824,PD
1187,SNHG19,OPALIN+ Oligodendrocytes,39.3,-0.0395,0.392,-0.101,0.92,0.966,0.985,PD
1188,RP11-20I23.13,OPALIN+ Oligodendrocytes,11.6,0.516,0.377,1.37,0.171,0.5,0.601,PD
1189,RP11-20I23.6,OPALIN+ Oligodendrocytes,42,0.309,0.378,0.817,0.414,0.75,0.812,PD
1190,SRRM2-AS1,OPALIN+ Oligodendrocytes,13.2,-1.06,0.449,-2.37,0.0179,0.162,0.216,PD
1191,CTD-2270P14.5,OPALIN+ Oligodendrocytes,15.7,-0.737,0.524,-1.4,0.16,0.484,0.581,PD
1192,ZNF213-AS1,OPALIN+ Oligodendrocytes,41.4,-0.31,0.293,-1.06,0.291,0.647,0.729,PD
1193,RP11-165E7.1,OPALIN+ Oligodendrocytes,19,0.0259,0.388,0.0668,0.947,0.978,0.991,PD
1194,RP11-10K17.6,OPALIN+ Oligodendrocytes,23,0.0866,0.391,0.222,0.825,0.945,0.968,PD
1195,RP11-77H9.2,OPALIN+ Oligodendrocytes,11.2,-0.0211,0.386,-0.0547,0.956,0.98,0.991,PD
1196,RP11-243A14.1,OPALIN+ Oligodendrocytes,144,0.0781,0.307,0.255,0.799,0.94,0.96,PD
1197,RP11-418I22.2,OPALIN+ Oligodendrocytes,81,-0.238,0.314,-0.757,0.449,0.773,0.831,PD
1198,RP11-418I22.3,OPALIN+ Oligodendrocytes,120,0.131,0.345,0.379,0.705,0.9,0.934,PD
1199,RP11-66H6.3,OPALIN+ Oligodendrocytes,8.97,-0.245,0.632,-0.387,0.699,NA,0.933,PD
1200,RP11-396B14.2,OPALIN+ Oligodendrocytes,27.7,-0.213,0.305,-0.699,0.485,0.803,0.852,PD
1201,RP11-166B2.8,OPALIN+ Oligodendrocytes,140,0.236,0.152,1.55,0.12,0.419,0.515,PD
1202,CTD-2583P5.1,OPALIN+ Oligodendrocytes,8.75,0.4,0.571,0.7,0.484,NA,0.851,PD
1203,MIR193BHG,OPALIN+ Oligodendrocytes,17.7,-0.587,0.388,-1.51,0.13,0.436,0.532,PD
1204,AF001548.5,OPALIN+ Oligodendrocytes,40.5,-0.369,0.336,-1.1,0.273,0.627,0.71,PD
1205,RP11-626G11.5,OPALIN+ Oligodendrocytes,12.6,1.21,0.497,2.43,0.0153,0.15,0.199,PD
1206,RP11-626G11.1,OPALIN+ Oligodendrocytes,10.6,0.406,0.512,0.793,0.428,NA,0.822,PD
1207,CTD-2380F24.1,OPALIN+ Oligodendrocytes,47.3,0.475,0.529,0.897,0.37,0.725,0.789,PD
1208,AC004381.7,OPALIN+ Oligodendrocytes,7.34,-0.932,0.584,-1.6,0.11,NA,0.493,PD
1209,CTD-2649C14.2,OPALIN+ Oligodendrocytes,11,-0.282,0.444,-0.635,0.525,0.829,0.872,PD
1210,CTD-2515A14.1,OPALIN+ Oligodendrocytes,22.5,0.724,0.483,1.5,0.134,0.445,0.539,PD
1211,RP11-266L9.5,OPALIN+ Oligodendrocytes,10.9,0.0062,0.474,0.0131,0.99,0.992,0.998,PD
1212,CTD-2547G23.4,OPALIN+ Oligodendrocytes,27.2,0.169,0.32,0.529,0.597,0.862,0.901,PD
1213,FLJ21408,OPALIN+ Oligodendrocytes,43.2,-0.163,0.272,-0.6,0.549,0.84,0.879,PD
1214,CTD-2049O4.1,OPALIN+ Oligodendrocytes,875,0.0573,0.202,0.283,0.777,0.929,0.954,PD
1215,RP11-22P6.2,OPALIN+ Oligodendrocytes,21.9,-0.00311,0.331,-0.00939,0.993,0.994,0.998,PD
1216,RP11-426C22.5,OPALIN+ Oligodendrocytes,150,-0.0516,0.313,-0.165,0.869,0.956,0.977,PD
1217,RP11-455F5.3,OPALIN+ Oligodendrocytes,19.8,0.358,0.368,0.972,0.331,0.685,0.758,PD
1218,AC002310.12,OPALIN+ Oligodendrocytes,15.2,0.489,0.352,1.39,0.164,0.487,0.589,PD
1219,AC002310.7,OPALIN+ Oligodendrocytes,9,0.355,0.582,0.611,0.541,NA,0.877,PD
1220,RP11-146F11.5,OPALIN+ Oligodendrocytes,29,0.385,0.343,1.12,0.261,0.62,0.7,PD
1221,RP11-146F11.1,OPALIN+ Oligodendrocytes,15.7,-0.0534,0.425,-0.126,0.9,0.96,0.982,PD
1222,MIR762HG,OPALIN+ Oligodendrocytes,28.9,0.146,0.331,0.439,0.66,0.884,0.921,PD
1223,FBXL19-AS1,OPALIN+ Oligodendrocytes,9.92,1.2,0.481,2.5,0.0125,NA,0.177,PD
1224,RP11-196G11.2,OPALIN+ Oligodendrocytes,140,0.517,0.279,1.85,0.0643,0.317,0.394,PD
1225,RP11-196G11.6,OPALIN+ Oligodendrocytes,8.64,1.4,0.506,2.76,0.00575,NA,0.113,PD
1226,RP11-452L6.1,OPALIN+ Oligodendrocytes,83.5,0.125,0.197,0.635,0.525,0.829,0.873,PD
1227,RP11-452L6.5,OPALIN+ Oligodendrocytes,10.2,-0.326,0.489,-0.666,0.505,NA,0.864,PD
1228,RP11-452L6.7,OPALIN+ Oligodendrocytes,9.43,-0.832,0.519,-1.6,0.109,NA,0.491,PD
1229,RP11-23E10.3,OPALIN+ Oligodendrocytes,11.7,-0.139,0.505,-0.276,0.783,0.933,0.956,PD
1230,RP11-169E6.1,OPALIN+ Oligodendrocytes,11.1,-0.0224,0.388,-0.0577,0.954,0.98,0.991,PD
1231,CTD-2034I21.1,OPALIN+ Oligodendrocytes,134,0.572,0.485,1.18,0.238,0.595,0.68,PD
1232,RP11-437L7.1,OPALIN+ Oligodendrocytes,24.9,-0.319,0.431,-0.738,0.46,0.78,0.837,PD
1233,CRNDE,OPALIN+ Oligodendrocytes,156,0.292,0.226,1.29,0.197,0.544,0.638,PD
1234,RP11-461O7.1,OPALIN+ Oligodendrocytes,118,0.014,0.194,0.0721,0.943,0.975,0.989,PD
1235,RP11-413H22.3,OPALIN+ Oligodendrocytes,10.7,0.127,0.5,0.253,0.8,NA,0.96,PD
1236,RP11-343H19.1,OPALIN+ Oligodendrocytes,13.6,-0.0457,0.389,-0.118,0.906,0.962,0.983,PD
1237,RP11-407G23.7,OPALIN+ Oligodendrocytes,15.2,-1.57,0.426,-3.68,0.000232,0.0139,0.0155,PD
1238,RP11-459F6.3,OPALIN+ Oligodendrocytes,12.7,-0.0294,0.354,-0.083,0.934,0.972,0.987,PD
1239,RP11-410D17.2,OPALIN+ Oligodendrocytes,116,0.331,0.249,1.33,0.185,0.524,0.619,PD
1240,RP11-63M22.2,OPALIN+ Oligodendrocytes,9.9,0.513,0.617,0.832,0.405,NA,0.808,PD
1241,RP11-297D21.4,OPALIN+ Oligodendrocytes,129,-0.0943,0.299,-0.315,0.753,0.921,0.947,PD
1242,CTD-2012K14.6,OPALIN+ Oligodendrocytes,24.9,0.281,0.305,0.922,0.357,0.711,0.779,PD
1243,CTD-2033A16.3,OPALIN+ Oligodendrocytes,32.3,0.331,0.386,0.858,0.391,0.732,0.798,PD
1244,RP11-296I10.3,OPALIN+ Oligodendrocytes,18.7,0.165,0.688,0.24,0.81,0.943,0.963,PD
1245,LINC01572,OPALIN+ Oligodendrocytes,249,-0.188,0.227,-0.827,0.408,0.744,0.808,PD
1246,AC004158.3,OPALIN+ Oligodendrocytes,568,-0.235,0.268,-0.878,0.38,0.729,0.793,PD
1247,RP5-991G20.1,OPALIN+ Oligodendrocytes,69.6,-0.163,0.268,-0.608,0.543,0.838,0.877,PD
1248,AC009120.4,OPALIN+ Oligodendrocytes,223,-0.753,0.199,-3.77,0.000161,0.0111,0.0133,PD
1249,RP11-77K12.9,OPALIN+ Oligodendrocytes,17.2,-0.922,0.407,-2.27,0.0233,0.185,0.246,PD
1250,RP11-77K12.4,OPALIN+ Oligodendrocytes,31.5,0.263,0.354,0.744,0.457,0.777,0.835,PD
1251,RP11-150D5.2,OPALIN+ Oligodendrocytes,28.9,-0.615,0.498,-1.23,0.217,0.576,0.665,PD
1252,CTD-2336H13.2,OPALIN+ Oligodendrocytes,42.5,1.24,0.479,2.59,0.00962,0.122,0.153,PD
1253,RP11-264L1.4,OPALIN+ Oligodendrocytes,10.8,0.137,0.675,0.203,0.839,NA,0.97,PD
1254,RP11-525K10.3,OPALIN+ Oligodendrocytes,31.9,-1.16,0.439,-2.64,0.00823,0.11,0.138,PD
1255,PRCAT47,OPALIN+ Oligodendrocytes,10.8,0.208,0.475,0.438,0.662,NA,0.922,PD
1256,RP11-55K13.1,OPALIN+ Oligodendrocytes,10.6,0.259,0.461,0.561,0.575,NA,0.892,PD
1257,RP11-510J16.5,OPALIN+ Oligodendrocytes,14.1,0.328,0.514,0.639,0.523,0.829,0.872,PD
1258,RP11-298D21.3,OPALIN+ Oligodendrocytes,21.1,0.663,0.29,2.28,0.0224,0.18,0.239,PD
1259,RP11-298D21.1,OPALIN+ Oligodendrocytes,1370,0.625,0.247,2.53,0.0115,0.131,0.17,PD
1260,RP11-21B21.4,OPALIN+ Oligodendrocytes,18.1,-0.522,0.371,-1.41,0.16,0.484,0.581,PD
1261,SNAI3-AS1,OPALIN+ Oligodendrocytes,22.7,0.238,0.369,0.644,0.519,0.828,0.87,PD
1262,RP11-46C24.7,OPALIN+ Oligodendrocytes,30.1,0.128,0.256,0.502,0.616,0.865,0.907,PD
1263,RP11-104N10.1,OPALIN+ Oligodendrocytes,8.87,-0.187,0.464,-0.402,0.687,NA,0.93,PD
1264,FAM157C,OPALIN+ Oligodendrocytes,194,-0.256,0.27,-0.949,0.343,0.697,0.768,PD
1265,RP11-356C4.5,OPALIN+ Oligodendrocytes,7.49,-0.212,0.666,-0.318,0.75,NA,0.947,PD
1266,AC137934.1,OPALIN+ Oligodendrocytes,63.4,0.588,0.327,1.8,0.0722,0.332,0.414,PD
1267,RP11-1228E12.2,OPALIN+ Oligodendrocytes,20.4,0.249,0.394,0.633,0.527,0.829,0.873,PD
1268,RP5-1029F21.4,OPALIN+ Oligodendrocytes,10.2,0.0561,0.575,0.0975,0.922,NA,0.986,PD
1269,PITPNA-AS1,OPALIN+ Oligodendrocytes,18.4,0.477,0.411,1.16,0.246,0.604,0.688,PD
1270,RP11-333E1.1,OPALIN+ Oligodendrocytes,103,-0.293,0.253,-1.16,0.246,0.604,0.688,PD
1271,CTC-524C5.2,OPALIN+ Oligodendrocytes,8.2,0.803,0.496,1.62,0.105,NA,0.485,PD
1272,C17orf100,OPALIN+ Oligodendrocytes,20.3,-0.657,0.472,-1.39,0.163,0.487,0.588,PD
1273,ALOX12-AS1,OPALIN+ Oligodendrocytes,406,-0.125,0.198,-0.63,0.529,0.829,0.873,PD
1274,AC113189.5,OPALIN+ Oligodendrocytes,15.4,0.334,0.435,0.767,0.443,0.77,0.828,PD
1275,RP11-85B7.4,OPALIN+ Oligodendrocytes,15.7,0.254,0.506,0.503,0.615,0.865,0.907,PD
1276,RP11-1096G20.5,OPALIN+ Oligodendrocytes,23,-0.367,0.33,-1.11,0.265,0.627,0.705,PD
1277,RP11-849N15.4,OPALIN+ Oligodendrocytes,13.3,0.205,0.486,0.421,0.673,0.891,0.925,PD
1278,SMCR5,OPALIN+ Oligodendrocytes,15.8,0.365,0.395,0.923,0.356,0.71,0.778,PD
1279,EPN2-AS1,OPALIN+ Oligodendrocytes,55.1,0.259,0.331,0.782,0.434,0.765,0.824,PD
1280,AC004448.5,OPALIN+ Oligodendrocytes,13.1,0.329,0.435,0.758,0.449,0.773,0.831,PD
1281,AC004702.2,OPALIN+ Oligodendrocytes,19.1,0.886,0.494,1.79,0.0731,0.334,0.415,PD
1282,CCDC144NL-AS1,OPALIN+ Oligodendrocytes,34.7,-0.202,0.441,-0.459,0.646,0.884,0.918,PD
1283,LINC01563,OPALIN+ Oligodendrocytes,31.8,0.152,0.287,0.53,0.596,0.862,0.901,PD
1284,AC087294.2,OPALIN+ Oligodendrocytes,39,-0.09,0.311,-0.29,0.772,0.927,0.953,PD
1285,RP11-173M1.4,OPALIN+ Oligodendrocytes,16.5,-0.404,0.428,-0.943,0.345,0.697,0.769,PD
1286,RP11-218F4.1,OPALIN+ Oligodendrocytes,40.9,0.589,0.276,2.14,0.0326,0.228,0.296,PD
1287,RP11-192H23.6,OPALIN+ Oligodendrocytes,9.66,0.0305,0.576,0.053,0.958,NA,0.991,PD
1288,RP11-321A17.4,OPALIN+ Oligodendrocytes,17.8,0.275,0.625,0.439,0.66,0.884,0.921,PD
1289,RP11-296K13.4,OPALIN+ Oligodendrocytes,85.3,-0.525,0.26,-2.02,0.0431,0.254,0.331,PD
1290,RP11-802D6.1,OPALIN+ Oligodendrocytes,36.5,-0.00794,0.317,-0.0251,0.98,0.987,0.994,PD
1291,ABHD15-AS1,OPALIN+ Oligodendrocytes,71.6,0.262,0.468,0.561,0.574,0.857,0.892,PD
1292,RP11-82O19.1,OPALIN+ Oligodendrocytes,48.2,-0.0246,0.337,-0.073,0.942,0.975,0.989,PD
1293,CTD-2349P21.5,OPALIN+ Oligodendrocytes,17.5,-0.0997,0.559,-0.178,0.859,0.952,0.977,PD
1294,CTD-2349P21.12,OPALIN+ Oligodendrocytes,11.2,0.0811,0.511,0.159,0.874,0.956,0.979,PD
1295,CTD-2349P21.11,OPALIN+ Oligodendrocytes,69.1,0.263,0.299,0.878,0.38,0.729,0.793,PD
1296,RP11-227G15.11,OPALIN+ Oligodendrocytes,20.8,-0.514,0.337,-1.52,0.128,0.433,0.529,PD
1297,RP11-227G15.8,OPALIN+ Oligodendrocytes,18.8,-0.234,0.439,-0.534,0.593,0.862,0.9,PD
1298,RP11-227G15.12,OPALIN+ Oligodendrocytes,17.4,-0.541,0.591,-0.914,0.36,0.714,0.783,PD
1299,RP11-227G15.9,OPALIN+ Oligodendrocytes,12,-1.03,0.46,-2.24,0.0248,0.189,0.254,PD
1300,RP11-466A19.3,OPALIN+ Oligodendrocytes,27.2,0.44,0.471,0.934,0.35,0.702,0.773,PD
1301,RP11-220C2.1,OPALIN+ Oligodendrocytes,12.2,0.467,0.569,0.822,0.411,0.746,0.81,PD
1302,RP11-1094M14.11,OPALIN+ Oligodendrocytes,64.7,0.052,0.242,0.215,0.83,0.945,0.968,PD
1303,AC015849.19,OPALIN+ Oligodendrocytes,20.5,0.557,0.449,1.24,0.215,0.572,0.66,PD
1304,RP11-387H17.4,OPALIN+ Oligodendrocytes,72.8,0.452,0.247,1.83,0.0675,0.324,0.401,PD
1305,RP11-400F19.6,OPALIN+ Oligodendrocytes,9.85,-0.0406,0.396,-0.103,0.918,NA,0.985,PD
1306,CTD-3193K9.4,OPALIN+ Oligodendrocytes,38.8,-0.269,0.391,-0.688,0.492,0.807,0.857,PD
1307,CTD-3193K9.3,OPALIN+ Oligodendrocytes,13.6,0.183,0.433,0.423,0.673,0.891,0.925,PD
1308,LINC00910,OPALIN+ Oligodendrocytes,11.4,-0.0921,0.417,-0.221,0.825,0.945,0.968,PD
1309,RP11-392O1.4,OPALIN+ Oligodendrocytes,69.4,-0.198,0.258,-0.766,0.444,0.77,0.828,PD
1310,ASB16-AS1,OPALIN+ Oligodendrocytes,30.1,-0.0597,0.248,-0.241,0.81,0.943,0.963,PD
1311,RP5-882C2.2,OPALIN+ Oligodendrocytes,18.5,-0.0161,0.381,-0.0422,0.966,0.98,0.991,PD
1312,AC002117.1,OPALIN+ Oligodendrocytes,87.9,-0.833,0.214,-3.89,9.84E-05,0.00883,0.0102,PD
1313,MAP3K14,OPALIN+ Oligodendrocytes,43.9,0.461,0.348,1.33,0.185,0.524,0.619,PD
1314,RP11-798G7.6,OPALIN+ Oligodendrocytes,9.2,0.494,0.591,0.836,0.403,NA,0.806,PD
1315,CRHR1,OPALIN+ Oligodendrocytes,113,0.326,0.201,1.62,0.105,0.39,0.483,PD
1316,MAPT-AS1,OPALIN+ Oligodendrocytes,127,0.273,0.394,0.693,0.488,0.805,0.855,PD
1317,KANSL1-AS1,OPALIN+ Oligodendrocytes,13.2,0.101,0.509,0.198,0.843,0.949,0.971,PD
1318,THCAT158,OPALIN+ Oligodendrocytes,12.7,0.556,0.427,1.3,0.192,0.535,0.631,PD
1319,CTD-2026D20.2,OPALIN+ Oligodendrocytes,89.5,-0.0495,0.244,-0.203,0.839,0.948,0.97,PD
1320,RP11-580I16.2,OPALIN+ Oligodendrocytes,144,0.192,0.218,0.88,0.379,0.729,0.792,PD
1321,SP2-AS1,OPALIN+ Oligodendrocytes,40.3,-0.162,0.347,-0.466,0.641,0.88,0.916,PD
1322,AC091133.1,OPALIN+ Oligodendrocytes,35.6,-0.0418,0.33,-0.127,0.899,0.96,0.982,PD
1323,RP11-1079K10.3,OPALIN+ Oligodendrocytes,54.3,0.775,0.412,1.88,0.0597,0.305,0.378,PD
1324,RP11-81K2.1,OPALIN+ Oligodendrocytes,94,0.9,0.426,2.11,0.0344,0.233,0.304,PD
1325,RP11-294J22.6,OPALIN+ Oligodendrocytes,37.9,0.64,0.452,1.41,0.157,0.48,0.576,PD
1326,RP11-700H6.1,OPALIN+ Oligodendrocytes,12.8,-1.42,0.487,-2.9,0.00368,0.0643,0.0855,PD
1327,RP11-481C4.1,OPALIN+ Oligodendrocytes,20.8,0.0978,0.494,0.198,0.843,0.949,0.971,PD
1328,RP11-166P13.3,OPALIN+ Oligodendrocytes,8.18,-0.873,0.501,-1.74,0.0816,NA,0.44,PD
1329,RP11-60A24.3,OPALIN+ Oligodendrocytes,30.8,1.64,0.473,3.47,0.000529,0.0205,0.0255,PD
1330,SEPT4-AS1,OPALIN+ Oligodendrocytes,24.9,0.868,0.426,2.04,0.0415,0.25,0.326,PD
1331,AC099850.1,OPALIN+ Oligodendrocytes,51.7,-0.219,0.255,-0.859,0.39,0.732,0.798,PD
1332,LINC01476,OPALIN+ Oligodendrocytes,16.2,0.989,0.549,1.8,0.0716,0.332,0.413,PD
1333,RP11-758H9.2,OPALIN+ Oligodendrocytes,30.6,-0.271,0.348,-0.778,0.436,0.765,0.825,PD
1334,CTD-2319I12.2,OPALIN+ Oligodendrocytes,18.8,-0.728,0.368,-1.98,0.048,0.273,0.349,PD
1335,RP11-15E18.1,OPALIN+ Oligodendrocytes,49.1,0.108,0.35,0.309,0.757,0.921,0.948,PD
1336,RP11-264B14.1,OPALIN+ Oligodendrocytes,9.07,-0.132,0.585,-0.225,0.822,NA,0.967,PD
1337,RP11-156L14.1,OPALIN+ Oligodendrocytes,82.2,0.0286,0.37,0.0773,0.938,0.974,0.988,PD
1338,RP11-556O9.2,OPALIN+ Oligodendrocytes,19.8,-1.16,0.448,-2.58,0.00977,0.122,0.154,PD
1339,AC037445.1,OPALIN+ Oligodendrocytes,25.5,0.542,0.579,0.937,0.349,0.701,0.772,PD
1340,SNHG25,OPALIN+ Oligodendrocytes,91.6,0.139,0.296,0.471,0.638,0.876,0.914,PD
1341,RP11-927P21.1,OPALIN+ Oligodendrocytes,21,0.0341,0.63,0.054,0.957,0.98,0.991,PD
1342,PRKCA-AS1,OPALIN+ Oligodendrocytes,27.1,0.38,0.568,0.669,0.504,0.817,0.863,PD
1343,RP11-147L13.11,OPALIN+ Oligodendrocytes,53.3,0.221,0.252,0.878,0.38,0.729,0.793,PD
1344,RP11-147L13.12,OPALIN+ Oligodendrocytes,14.7,0.538,0.386,1.39,0.164,0.487,0.589,PD
1345,RP11-147L13.13,OPALIN+ Oligodendrocytes,15.5,0.911,0.37,2.46,0.0138,0.141,0.187,PD
1346,RP11-147L13.14,OPALIN+ Oligodendrocytes,13.5,-0.128,0.442,-0.29,0.772,0.927,0.953,PD
1347,RP11-147L13.15,OPALIN+ Oligodendrocytes,20.4,0.253,0.334,0.755,0.45,0.774,0.832,PD
1348,ABCA9-AS1,OPALIN+ Oligodendrocytes,11.4,-0.168,0.493,-0.34,0.734,0.914,0.943,PD
1349,LINC01483,OPALIN+ Oligodendrocytes,11.7,0.431,0.487,0.885,0.376,0.727,0.792,PD
1350,KCNJ2-AS1,OPALIN+ Oligodendrocytes,22.9,0.0379,0.365,0.104,0.917,0.965,0.985,PD
1351,LINC00511,OPALIN+ Oligodendrocytes,107,0.483,0.404,1.2,0.232,0.588,0.676,PD
1352,MGC16275,OPALIN+ Oligodendrocytes,26.1,-0.768,0.434,-1.77,0.0764,0.342,0.424,PD
1353,RP11-16C1.3,OPALIN+ Oligodendrocytes,16.7,0.478,0.496,0.963,0.336,0.69,0.762,PD
1354,RP11-353N14.4,OPALIN+ Oligodendrocytes,21.9,-0.234,0.336,-0.695,0.487,0.803,0.853,PD
1355,RP11-334C17.5,OPALIN+ Oligodendrocytes,11.5,-0.374,0.382,-0.979,0.328,0.682,0.757,PD
1356,CTD-2047H16.4,OPALIN+ Oligodendrocytes,37.7,0.0533,0.302,0.177,0.86,0.952,0.977,PD
1357,BAIAP2-AS1,OPALIN+ Oligodendrocytes,8.5,0.362,0.541,0.67,0.503,NA,0.863,PD
1358,RP11-1055B8.9,OPALIN+ Oligodendrocytes,12.3,-1.05,0.446,-2.35,0.019,0.166,0.219,PD
1359,RP11-1055B8.3,OPALIN+ Oligodendrocytes,579,-0.424,0.286,-1.48,0.138,0.448,0.543,PD
1360,RP11-1055B8.4,OPALIN+ Oligodendrocytes,89,-0.758,0.357,-2.12,0.0337,0.23,0.301,PD
1361,RP13-1032I1.7,OPALIN+ Oligodendrocytes,17.1,0.131,0.372,0.353,0.724,0.905,0.939,PD
1362,RP13-516M14.1,OPALIN+ Oligodendrocytes,33.8,0.551,0.43,1.28,0.2,0.547,0.64,PD
1363,RP13-638C3.4,OPALIN+ Oligodendrocytes,9.84,1.28,0.587,2.17,0.0297,NA,0.28,PD
1364,RP11-161I6.2,OPALIN+ Oligodendrocytes,21.2,0.523,0.456,1.15,0.251,0.609,0.693,PD
1365,RP11-703M24.5,OPALIN+ Oligodendrocytes,26.7,0.0575,0.458,0.126,0.9,0.96,0.982,PD
1366,RP11-838N2.5,OPALIN+ Oligodendrocytes,17.6,1.09,0.37,2.93,0.00336,0.0628,0.0815,PD
1367,DLGAP1-AS1,OPALIN+ Oligodendrocytes,23.8,0.373,0.382,0.978,0.328,0.682,0.757,PD
1368,DLGAP1-AS2,OPALIN+ Oligodendrocytes,15.9,0.261,0.421,0.62,0.535,0.835,0.875,PD
1369,LINC00667,OPALIN+ Oligodendrocytes,217,0.273,0.242,1.13,0.258,0.617,0.698,PD
1370,CTD-3096M3.2,OPALIN+ Oligodendrocytes,14.4,0.384,0.385,0.996,0.319,0.669,0.75,PD
1371,RP11-793A3.2,OPALIN+ Oligodendrocytes,25.3,1.02,0.633,1.61,0.107,0.391,0.487,PD
1372,NDUFV2-AS1,OPALIN+ Oligodendrocytes,48.4,0.623,0.372,1.67,0.0943,0.369,0.462,PD
1373,RP11-861E21.2,OPALIN+ Oligodendrocytes,19.3,-0.127,0.388,-0.328,0.743,0.915,0.944,PD
1374,RP11-805F19.2,OPALIN+ Oligodendrocytes,17,-1.34,0.659,-2.04,0.0414,0.25,0.326,PD
1375,RP11-296E23.1,OPALIN+ Oligodendrocytes,18.6,-0.871,0.418,-2.08,0.0371,0.238,0.31,PD
1376,RP11-799B12.4,OPALIN+ Oligodendrocytes,25.4,0.13,0.336,0.385,0.7,0.9,0.933,PD
1377,RP11-621L6.3,OPALIN+ Oligodendrocytes,9.67,1.2,0.558,2.15,0.0312,NA,0.288,PD
1378,AQP4-AS1,OPALIN+ Oligodendrocytes,24.4,-1.1,0.377,-2.92,0.00352,0.0632,0.0832,PD
1379,RP11-739N10.1,OPALIN+ Oligodendrocytes,13.7,0.128,0.626,0.205,0.838,0.948,0.97,PD
1380,RP11-158H5.8,OPALIN+ Oligodendrocytes,32.1,0.803,0.344,2.34,0.0194,0.166,0.22,PD
1381,RP11-95O2.5,OPALIN+ Oligodendrocytes,10.4,-0.313,0.523,-0.6,0.549,NA,0.879,PD
1382,RP11-244M2.1,OPALIN+ Oligodendrocytes,21.2,-0.0753,0.413,-0.182,0.855,0.952,0.976,PD
1383,RP11-636O21.2,OPALIN+ Oligodendrocytes,9.78,0.273,0.497,0.549,0.583,NA,0.895,PD
1384,LINC00907,OPALIN+ Oligodendrocytes,93.1,-0.303,0.292,-1.04,0.3,0.655,0.734,PD
1385,CTD-2130O13.1,OPALIN+ Oligodendrocytes,56.2,2.51,0.726,3.45,0.000552,0.0206,0.0258,PD
1386,SNHG22,OPALIN+ Oligodendrocytes,106,-0.415,0.227,-1.83,0.0674,0.324,0.401,PD
1387,LINC01630,OPALIN+ Oligodendrocytes,1010,-0.661,0.157,-4.21,2.60E-05,0.00399,0.00441,PD
1388,TCF4-AS1,OPALIN+ Oligodendrocytes,13.2,0.615,0.709,0.867,0.386,0.732,0.794,PD
1389,LINC01416,OPALIN+ Oligodendrocytes,14.3,-0.109,0.513,-0.211,0.833,0.945,0.968,PD
1390,CTD-2008L17.1,OPALIN+ Oligodendrocytes,13.1,-0.781,0.459,-1.7,0.0884,0.363,0.453,PD
1391,RP11-35G9.5,OPALIN+ Oligodendrocytes,50.7,-0.246,0.367,-0.67,0.503,0.817,0.863,PD
1392,RP11-879F14.1,OPALIN+ Oligodendrocytes,20.1,0.524,0.545,0.962,0.336,0.69,0.762,PD
1393,RP11-635N19.1,OPALIN+ Oligodendrocytes,36.7,-0.0871,0.253,-0.344,0.731,0.912,0.942,PD
1394,CTD-2541J13.1,OPALIN+ Oligodendrocytes,18,0.0935,0.366,0.255,0.799,0.94,0.96,PD
1395,CTD-2541J13.2,OPALIN+ Oligodendrocytes,23.8,0.255,0.51,0.501,0.616,0.865,0.907,PD
1396,RP11-638L3.1,OPALIN+ Oligodendrocytes,19.3,-0.893,0.424,-2.11,0.0351,0.233,0.305,PD
1397,RP11-41O4.1,OPALIN+ Oligodendrocytes,11.3,0.2,0.385,0.521,0.602,0.865,0.903,PD
1398,LINC00909,OPALIN+ Oligodendrocytes,47.4,0.0868,0.326,0.266,0.79,0.935,0.958,PD
1399,RP11-162A12.2,OPALIN+ Oligodendrocytes,39.4,-0.222,0.291,-0.764,0.445,0.771,0.828,PD
1400,RP11-862L9.3,OPALIN+ Oligodendrocytes,21.9,0.651,0.54,1.21,0.228,0.585,0.673,PD
1401,RP11-849I19.1,OPALIN+ Oligodendrocytes,10.5,-0.176,0.707,-0.249,0.804,NA,0.961,PD
1402,RP11-567M16.3,OPALIN+ Oligodendrocytes,23.4,-0.289,0.33,-0.875,0.382,0.731,0.794,PD
1403,PARD6G-AS1,OPALIN+ Oligodendrocytes,32.3,0.905,0.478,1.89,0.0583,0.3,0.374,PD
1404,NRSN2-AS1,OPALIN+ Oligodendrocytes,14.4,0.4,0.342,1.17,0.243,0.6,0.685,PD
1405,SDCBP2-AS1,OPALIN+ Oligodendrocytes,90.6,-0.481,0.249,-1.93,0.053,0.286,0.361,PD
1406,RP5-858L17.1,OPALIN+ Oligodendrocytes,25.9,-0.959,0.412,-2.33,0.0198,0.167,0.223,PD
1407,UBOX5-AS1,OPALIN+ Oligodendrocytes,26.3,0.519,0.4,1.3,0.195,0.54,0.635,PD
1408,RP11-119B16.2,OPALIN+ Oligodendrocytes,16.5,0.105,0.447,0.236,0.814,0.944,0.964,PD
1409,SNAP25-AS1,OPALIN+ Oligodendrocytes,13.8,0.52,0.467,1.11,0.265,0.627,0.705,PD
1410,RP11-102J14.1,OPALIN+ Oligodendrocytes,16.3,0.474,0.611,0.777,0.437,0.765,0.825,PD
1411,RP5-1068E13.7,OPALIN+ Oligodendrocytes,16.4,0.0496,0.354,0.14,0.889,0.96,0.98,PD
1412,RP1-122P22.2,OPALIN+ Oligodendrocytes,151,-0.0892,0.25,-0.357,0.721,0.904,0.939,PD
1413,KIZ-AS1,OPALIN+ Oligodendrocytes,34.5,0.66,0.47,1.4,0.16,0.484,0.582,PD
1414,RP5-984P4.6,OPALIN+ Oligodendrocytes,80.9,-0.419,0.252,-1.66,0.0965,0.371,0.466,PD
1415,ZNF337-AS1,OPALIN+ Oligodendrocytes,91.1,-0.449,0.259,-1.73,0.0838,0.355,0.444,PD
1416,RP11-243J16.7,OPALIN+ Oligodendrocytes,34.3,0.872,0.522,1.67,0.0945,0.369,0.462,PD
1417,RP5-1085F17.3,OPALIN+ Oligodendrocytes,27.2,0.479,0.492,0.973,0.331,0.684,0.758,PD
1418,NORAD,OPALIN+ Oligodendrocytes,299,0.157,0.346,0.453,0.651,0.884,0.919,PD
1419,RP11-234K24.3,OPALIN+ Oligodendrocytes,27.5,-0.151,0.341,-0.443,0.658,0.884,0.92,PD
1420,DLGAP4-AS1,OPALIN+ Oligodendrocytes,15.7,-0.0635,0.35,-0.181,0.856,0.952,0.976,PD
1421,RP4-564F22.6,OPALIN+ Oligodendrocytes,11,-0.288,0.52,-0.555,0.579,0.857,0.893,PD
1422,PLCG1-AS1,OPALIN+ Oligodendrocytes,17.6,0.191,0.344,0.553,0.58,0.857,0.894,PD
1423,OSER1-AS1,OPALIN+ Oligodendrocytes,72,0.345,0.247,1.4,0.163,0.487,0.587,PD
1424,LINC01260,OPALIN+ Oligodendrocytes,71.6,0.462,0.312,1.48,0.139,0.449,0.545,PD
1425,KCNK15-AS1,OPALIN+ Oligodendrocytes,51.8,0.153,0.284,0.537,0.591,0.862,0.899,PD
1426,RP11-394O2.3,OPALIN+ Oligodendrocytes,13.3,0.231,0.448,0.514,0.607,0.865,0.905,PD
1427,ZFAS1,OPALIN+ Oligodendrocytes,84.7,0.229,0.209,1.09,0.274,0.627,0.711,PD
1428,GNAS-AS1,OPALIN+ Oligodendrocytes,13,-0.203,0.403,-0.504,0.614,0.865,0.907,PD
1429,MIR646HG,OPALIN+ Oligodendrocytes,104,0.422,0.418,1.01,0.313,0.663,0.744,PD
1430,CTD-3184A7.4,OPALIN+ Oligodendrocytes,45.7,0.195,0.341,0.572,0.567,0.851,0.888,PD
1431,LINC00266-1,OPALIN+ Oligodendrocytes,20.3,-0.112,0.459,-0.245,0.807,0.943,0.962,PD
1432,CTD-3113P16.11,OPALIN+ Oligodendrocytes,14.8,0.264,0.505,0.522,0.601,0.865,0.903,PD
1433,AC005329.7,OPALIN+ Oligodendrocytes,12.3,-0.0861,0.506,-0.17,0.865,0.954,0.977,PD
1434,CTB-25B13.12,OPALIN+ Oligodendrocytes,7.04,-0.133,0.645,-0.206,0.837,NA,0.97,PD
1435,CTB-31O20.2,OPALIN+ Oligodendrocytes,16.3,0.0912,0.441,0.207,0.836,0.946,0.97,PD
1436,AC006277.2,OPALIN+ Oligodendrocytes,13.6,-0.379,0.4,-0.948,0.343,0.697,0.768,PD
1437,AC005786.7,OPALIN+ Oligodendrocytes,22,0.0424,0.339,0.125,0.9,0.96,0.982,PD
1438,AC104532.4,OPALIN+ Oligodendrocytes,16.2,0.854,0.461,1.85,0.0638,0.317,0.392,PD
1439,CTC-232P5.1,OPALIN+ Oligodendrocytes,8.29,0.407,0.462,0.882,0.378,NA,0.792,PD
1440,CTD-3020H12.4,OPALIN+ Oligodendrocytes,43.7,0.601,0.401,1.5,0.134,0.445,0.539,PD
1441,RAB11B-AS1,OPALIN+ Oligodendrocytes,84.3,0.0121,0.253,0.0477,0.962,0.98,0.991,PD
1442,ILF3-AS1,OPALIN+ Oligodendrocytes,142,0.0994,0.221,0.45,0.652,0.884,0.919,PD
1443,CTC-425F1.4,OPALIN+ Oligodendrocytes,28.1,0.867,0.45,1.93,0.0542,0.286,0.364,PD
1444,CTB-55O6.12,OPALIN+ Oligodendrocytes,28,-0.054,0.292,-0.185,0.853,0.952,0.975,PD
1445,CTD-3222D19.8,OPALIN+ Oligodendrocytes,18.9,0.138,0.353,0.391,0.696,0.899,0.932,PD
1446,CTD-3131K8.2,OPALIN+ Oligodendrocytes,179,0.672,0.258,2.61,0.00912,0.119,0.149,PD
1447,AC007192.6,OPALIN+ Oligodendrocytes,34.7,0.921,0.538,1.71,0.0865,0.361,0.449,PD
1448,CTC-559E9.4,OPALIN+ Oligodendrocytes,61.2,0.302,0.304,0.993,0.321,0.67,0.752,PD
1449,CTC-260E6.6,OPALIN+ Oligodendrocytes,65.7,0.14,0.234,0.598,0.55,0.84,0.879,PD
1450,CTC-513N18.7,OPALIN+ Oligodendrocytes,7.64,-0.613,0.543,-1.13,0.259,NA,0.699,PD
1451,RP11-678G14.2,OPALIN+ Oligodendrocytes,37,0.174,0.572,0.303,0.762,0.922,0.95,PD
1452,LINC00662,OPALIN+ Oligodendrocytes,258,0.205,0.19,1.08,0.28,0.631,0.717,PD
1453,CTC-459F4.3,OPALIN+ Oligodendrocytes,58.4,-0.504,0.236,-2.14,0.0325,0.228,0.295,PD
1454,AC011524.1,OPALIN+ Oligodendrocytes,14.4,-0.334,0.604,-0.554,0.58,0.857,0.893,PD
1455,CTB-32O4.2,OPALIN+ Oligodendrocytes,12.2,-0.415,0.377,-1.1,0.271,0.627,0.71,PD
1456,CTC-525D6.2,OPALIN+ Oligodendrocytes,20.1,-0.933,0.402,-2.32,0.0202,0.168,0.225,PD
1457,AC007773.2,OPALIN+ Oligodendrocytes,8.61,0.359,0.436,0.823,0.41,NA,0.809,PD
1458,AC010504.2,OPALIN+ Oligodendrocytes,14.6,-0.308,0.474,-0.65,0.516,0.827,0.87,PD
1459,SCGB1B2P,OPALIN+ Oligodendrocytes,11,-0.413,0.576,-0.717,0.473,0.794,0.845,PD
1460,CTD-2553L13.10,OPALIN+ Oligodendrocytes,11.3,0.691,0.553,1.25,0.211,0.565,0.653,PD
1461,HPN-AS1,OPALIN+ Oligodendrocytes,496,-0.131,0.277,-0.474,0.636,0.876,0.913,PD
1462,TMEM147-AS1,OPALIN+ Oligodendrocytes,17.2,-0.0309,0.402,-0.0768,0.939,0.974,0.989,PD
1463,AC002116.7,OPALIN+ Oligodendrocytes,9.92,-0.176,0.44,-0.399,0.69,NA,0.931,PD
1464,CTD-3162L10.1,OPALIN+ Oligodendrocytes,12.5,-0.416,0.53,-0.785,0.433,0.765,0.824,PD
1465,LINC00665,OPALIN+ Oligodendrocytes,52.5,-0.0378,0.237,-0.16,0.873,0.956,0.979,PD
1466,AC092295.4,OPALIN+ Oligodendrocytes,8.19,0.649,0.482,1.35,0.178,NA,0.609,PD
1467,ZNF529-AS1,OPALIN+ Oligodendrocytes,54.1,0.0657,0.232,0.283,0.777,0.929,0.954,PD
1468,ZNF790-AS1,OPALIN+ Oligodendrocytes,61.1,-0.0468,0.248,-0.189,0.85,0.952,0.973,PD
1469,CTD-2293H3.2,OPALIN+ Oligodendrocytes,17.1,-0.204,0.369,-0.554,0.579,0.857,0.893,PD
1470,LINC01535,OPALIN+ Oligodendrocytes,54.4,-0.0208,0.261,-0.0794,0.937,0.974,0.988,PD
1471,ZNF793-AS1,OPALIN+ Oligodendrocytes,17.8,0.358,0.343,1.04,0.297,0.652,0.733,PD
1472,CTD-2528L19.6,OPALIN+ Oligodendrocytes,26.1,0.188,0.389,0.484,0.629,0.872,0.913,PD
1473,CTC-490E21.14,OPALIN+ Oligodendrocytes,8.97,0.892,0.514,1.74,0.0826,NA,0.442,PD
1474,LIPE-AS1,OPALIN+ Oligodendrocytes,166,0.0654,0.247,0.265,0.791,0.935,0.958,PD
1475,AC004603.4,OPALIN+ Oligodendrocytes,48.1,0.571,0.322,1.78,0.0758,0.34,0.423,PD
1476,CTC-490G23.6,OPALIN+ Oligodendrocytes,95.6,0.188,0.588,0.32,0.749,0.919,0.947,PD
1477,RP11-15A1.2,OPALIN+ Oligodendrocytes,37.7,0.124,0.323,0.385,0.7,0.9,0.933,PD
1478,AC084219.4,OPALIN+ Oligodendrocytes,7.88,0.658,0.498,1.32,0.187,NA,0.622,PD
1479,CTB-129P6.11,OPALIN+ Oligodendrocytes,10.2,-0.229,0.42,-0.545,0.586,NA,0.896,PD
1480,CTB-179K24.3,OPALIN+ Oligodendrocytes,26.9,-0.224,0.281,-0.798,0.425,0.761,0.821,PD
1481,AC007193.6,OPALIN+ Oligodendrocytes,179,0.207,0.238,0.869,0.385,0.732,0.794,PD
1482,DACT3-AS1,OPALIN+ Oligodendrocytes,18.2,-0.805,0.395,-2.04,0.0416,0.25,0.326,PD
1483,NAPA-AS1,OPALIN+ Oligodendrocytes,16.3,0.424,0.317,1.34,0.181,0.519,0.614,PD
1484,CTD-3001H11.2,OPALIN+ Oligodendrocytes,13.1,-0.64,0.472,-1.36,0.175,0.508,0.606,PD
1485,GLTSCR1-AS1,OPALIN+ Oligodendrocytes,10.5,0.934,0.49,1.91,0.0566,NA,0.369,PD
1486,GLTSCR2-AS1,OPALIN+ Oligodendrocytes,13.4,0.934,0.566,1.65,0.0991,0.378,0.471,PD
1487,CTC-273B12.10,OPALIN+ Oligodendrocytes,14.5,1.24,0.654,1.9,0.0575,0.298,0.371,PD
1488,PTOV1-AS1,OPALIN+ Oligodendrocytes,24.9,0.0658,0.291,0.226,0.821,0.945,0.967,PD
1489,CTD-2545M3.8,OPALIN+ Oligodendrocytes,130,-0.467,0.44,-1.06,0.288,0.643,0.726,PD
1490,CTB-147C22.9,OPALIN+ Oligodendrocytes,12.4,-0.0396,0.444,-0.0891,0.929,0.969,0.986,PD
1491,ZNF350-AS1,OPALIN+ Oligodendrocytes,21.9,0.99,0.366,2.7,0.00687,0.0998,0.126,PD
1492,CTC-471J1.9,OPALIN+ Oligodendrocytes,15.3,0.116,0.488,0.238,0.812,0.943,0.963,PD
1493,LENG8-AS1,OPALIN+ Oligodendrocytes,35.4,-0.507,0.259,-1.96,0.0502,0.276,0.354,PD
1494,CTD-2537I9.12,OPALIN+ Oligodendrocytes,8.81,1.07,0.597,1.8,0.0724,NA,0.414,PD
1495,ZNF667-AS1,OPALIN+ Oligodendrocytes,104,-0.123,0.243,-0.506,0.613,0.865,0.907,PD
1496,AC007228.11,OPALIN+ Oligodendrocytes,81.6,-0.0463,0.207,-0.223,0.823,0.945,0.967,PD
1497,AC007228.5,OPALIN+ Oligodendrocytes,18.5,0.369,0.35,1.05,0.292,0.647,0.729,PD
1498,ZIM2-AS1,OPALIN+ Oligodendrocytes,13.8,-0.0449,0.418,-0.107,0.914,0.965,0.984,PD
1499,CTC-444N24.8,OPALIN+ Oligodendrocytes,16.3,0.524,0.453,1.16,0.248,0.607,0.689,PD
1500,CTC-444N24.6,OPALIN+ Oligodendrocytes,61.8,-0.202,0.25,-0.81,0.418,0.753,0.813,PD
1501,CTC-444N24.11,OPALIN+ Oligodendrocytes,297,0.363,0.257,1.41,0.158,0.483,0.579,PD
1502,AC004076.5,OPALIN+ Oligodendrocytes,9.39,0.727,0.457,1.59,0.112,NA,0.495,PD
1503,CTD-3138B18.5,OPALIN+ Oligodendrocytes,35.8,-0.135,0.241,-0.56,0.575,0.857,0.892,PD
1504,LLNLR-245B6.1,OPALIN+ Oligodendrocytes,29.2,0.116,0.321,0.363,0.717,0.902,0.938,PD
1505,A1BG-AS1,OPALIN+ Oligodendrocytes,23.5,-0.403,0.32,-1.26,0.208,0.562,0.65,PD
1506,MZF1-AS1,OPALIN+ Oligodendrocytes,25.4,-0.0893,0.329,-0.272,0.786,0.934,0.957,PD
1507,LINC00279,OPALIN+ Oligodendrocytes,44.8,-0.325,1.12,-0.291,0.771,0.927,0.953,PD
1508,TTTY15,OPALIN+ Oligodendrocytes,48.5,-0.261,1.09,-0.24,0.81,0.943,0.963,PD
1509,TTTY14,OPALIN+ Oligodendrocytes,317,-0.536,0.995,-0.538,0.59,0.862,0.899,PD
1510,TTTY10,OPALIN+ Oligodendrocytes,85.7,-0.218,1.04,-0.209,0.834,0.945,0.969,PD
1511,AC005301.9,OPALIN+ Oligodendrocytes,47.7,-0.0782,0.292,-0.268,0.789,0.935,0.958,PD
1512,CECR5-AS1,OPALIN+ Oligodendrocytes,46.9,-0.0747,0.263,-0.284,0.776,0.929,0.954,PD
1513,AC006547.13,OPALIN+ Oligodendrocytes,12.4,0.547,0.511,1.07,0.285,0.637,0.721,PD
1514,THAP7-AS1,OPALIN+ Oligodendrocytes,14.5,-0.424,0.364,-1.17,0.244,0.601,0.686,PD
1515,LL22NC03-2H8.5,OPALIN+ Oligodendrocytes,153,-0.0788,0.43,-0.183,0.855,0.952,0.975,PD
1516,PCAT14,OPALIN+ Oligodendrocytes,24.8,-0.305,0.344,-0.887,0.375,0.727,0.791,PD
1517,CABIN1,OPALIN+ Oligodendrocytes,197,-0.0642,0.207,-0.31,0.756,0.921,0.948,PD
1518,MIATNB,OPALIN+ Oligodendrocytes,61.9,-0.279,0.232,-1.2,0.231,0.587,0.675,PD
1519,CTA-292E10.6,OPALIN+ Oligodendrocytes,117,-0.342,0.274,-1.25,0.212,0.566,0.655,PD
1520,PIK3IP1-AS1,OPALIN+ Oligodendrocytes,60.9,-0.158,0.266,-0.593,0.553,0.84,0.881,PD
1521,RP1-90G24.10,OPALIN+ Oligodendrocytes,9.66,-0.441,0.615,-0.718,0.473,NA,0.845,PD
1522,RP5-1039K5.13,OPALIN+ Oligodendrocytes,17.7,0.167,0.623,0.268,0.789,0.935,0.958,PD
1523,CTA-228A9.3,OPALIN+ Oligodendrocytes,46.6,-0.454,0.344,-1.32,0.187,0.524,0.622,PD
1524,RP3-508I15.14,OPALIN+ Oligodendrocytes,46.5,0.768,0.542,1.42,0.157,0.479,0.575,PD
1525,RP4-742C19.13,OPALIN+ Oligodendrocytes,25.7,0.806,0.63,1.28,0.201,0.547,0.641,PD
1526,RP5-1042K10.10,OPALIN+ Oligodendrocytes,18,1.3,0.556,2.34,0.0193,0.166,0.22,PD
1527,RP4-756G23.5,OPALIN+ Oligodendrocytes,101,-0.286,0.258,-1.11,0.268,0.627,0.708,PD
1528,RP4-669P10.20,OPALIN+ Oligodendrocytes,11.4,-0.741,0.502,-1.48,0.14,0.452,0.547,PD
1529,LINC01315,OPALIN+ Oligodendrocytes,29.4,0.791,0.335,2.36,0.0183,0.162,0.218,PD
1530,NUP50-AS1,OPALIN+ Oligodendrocytes,169,0.099,0.249,0.397,0.691,0.896,0.931,PD
1531,MIRLET7BHG,OPALIN+ Oligodendrocytes,624,0.209,0.237,0.884,0.376,0.727,0.792,PD
1532,CTA-29F11.1,OPALIN+ Oligodendrocytes,25.9,-0.244,0.519,-0.471,0.638,0.876,0.914,PD
1533,LINC01310,OPALIN+ Oligodendrocytes,13.2,-0.783,0.431,-1.82,0.0695,0.329,0.406,PD
1534,C22orf34,OPALIN+ Oligodendrocytes,9.02,-1.14,0.571,-1.99,0.0466,NA,0.345,PD
1535,CTA-384D8.36,OPALIN+ Oligodendrocytes,18.7,0.452,0.394,1.15,0.252,0.609,0.693,PD
1536,RP11-717F1.2,OPALIN+ Oligodendrocytes,19.5,-0.911,1.17,-0.777,0.437,0.765,0.825,PD
1537,CH507-513H4.1,OPALIN+ Oligodendrocytes,833,0.111,0.581,0.191,0.849,0.952,0.972,PD
1538,CH507-528H12.1,OPALIN+ Oligodendrocytes,625,-0.24,0.593,-0.404,0.686,0.896,0.93,PD
1539,bP-21264C1.2,OPALIN+ Oligodendrocytes,137,-0.25,0.401,-0.623,0.534,0.833,0.874,PD
1540,CH507-216K13.2,OPALIN+ Oligodendrocytes,32.5,-0.56,0.463,-1.21,0.227,0.585,0.672,PD
1541,AP001347.6,OPALIN+ Oligodendrocytes,63.7,0.353,0.241,1.47,0.142,0.455,0.55,PD
1542,AF127936.9,OPALIN+ Oligodendrocytes,21.3,0.598,0.395,1.51,0.131,0.436,0.532,PD
1543,MIR99AHG,OPALIN+ Oligodendrocytes,2050,0.0151,0.141,0.107,0.915,0.965,0.984,PD
1544,LINC01549,OPALIN+ Oligodendrocytes,17.7,-0.18,0.411,-0.438,0.661,0.884,0.922,PD
1545,C21orf91-OT1,OPALIN+ Oligodendrocytes,57.9,0.785,0.357,2.2,0.0279,0.203,0.269,PD
1546,LINC00320,OPALIN+ Oligodendrocytes,1060,-0.121,0.222,-0.546,0.585,0.861,0.896,PD
1547,AP000233.4,OPALIN+ Oligodendrocytes,9.26,1.35,0.523,2.58,0.01,NA,0.156,PD
1548,LINC00158,OPALIN+ Oligodendrocytes,20.6,0.608,0.334,1.82,0.0685,0.325,0.403,PD
1549,AP001439.2,OPALIN+ Oligodendrocytes,10.8,0.57,0.64,0.89,0.373,NA,0.791,PD
1550,AP001604.3,OPALIN+ Oligodendrocytes,12.9,-0.723,0.486,-1.49,0.137,0.448,0.543,PD
1551,AL035610.2,OPALIN+ Oligodendrocytes,68.7,0.555,0.451,1.23,0.218,0.577,0.666,PD
1552,AF131217.1,OPALIN+ Oligodendrocytes,560,-0.153,0.306,-0.5,0.617,0.865,0.907,PD
1553,AP000253.1,OPALIN+ Oligodendrocytes,9.19,0.613,0.493,1.24,0.214,NA,0.659,PD
1554,LINC00159,OPALIN+ Oligodendrocytes,84.5,0.82,0.299,2.74,0.0061,0.0929,0.118,PD
1555,PAXBP1-AS1,OPALIN+ Oligodendrocytes,65,-0.648,0.266,-2.43,0.0149,0.147,0.195,PD
1556,C21orf62-AS1,OPALIN+ Oligodendrocytes,390,-0.075,0.143,-0.523,0.601,0.865,0.903,PD
1557,AP000282.2,OPALIN+ Oligodendrocytes,203,-0.567,0.33,-1.72,0.0861,0.36,0.448,PD
1558,AP000688.29,OPALIN+ Oligodendrocytes,86.8,0.173,0.373,0.464,0.643,0.88,0.916,PD
1559,AP001432.14,OPALIN+ Oligodendrocytes,12.8,-0.0559,0.42,-0.133,0.894,0.96,0.981,PD
1560,LINC00323,OPALIN+ Oligodendrocytes,12.7,0.991,0.499,1.98,0.0473,0.27,0.347,PD
1561,AP001055.6,OPALIN+ Oligodendrocytes,13.5,-1.61,0.505,-3.19,0.00141,0.0381,0.0505,PD
1562,AP001059.7,OPALIN+ Oligodendrocytes,11.4,0.705,0.536,1.31,0.189,0.528,0.625,PD
1563,AP001505.10,OPALIN+ Oligodendrocytes,9.36,-0.293,0.51,-0.575,0.565,NA,0.888,PD
1564,MCM3AP-AS1,OPALIN+ Oligodendrocytes,64.3,1.18,0.279,4.22,2.45E-05,0.00399,0.00425,PD
1565,RP11-34P13.7,Oligodendrocytes,20.6,0.649,0.431,1.51,0.132,0.48,0.536,PD
1566,RP11-206L10.9,Oligodendrocytes,104,-0.0895,0.226,-0.396,0.692,0.908,0.931,PD
1567,RP5-832C2.5,Oligodendrocytes,16.5,-0.0574,0.375,-0.153,0.878,0.964,0.979,PD
1568,RP11-345P4.9,Oligodendrocytes,32.2,-0.104,0.432,-0.24,0.81,0.942,0.963,PD
1569,LINC01134,Oligodendrocytes,8.32,1.76,0.591,2.98,0.00291,0.0614,0.0763,PD
1570,RP11-431K24.1,Oligodendrocytes,9.47,-0.209,0.593,-0.352,0.725,0.918,0.939,PD
1571,RP4-635E18.7,Oligodendrocytes,11.9,0.251,0.413,0.608,0.543,0.834,0.877,PD
1572,FLJ37453,Oligodendrocytes,52.1,-0.0762,0.292,-0.261,0.794,0.941,0.959,PD
1573,RP1-43E13.2,Oligodendrocytes,103,0.191,0.211,0.908,0.364,0.739,0.785,PD
1574,RP1-184J9.2,Oligodendrocytes,10.4,-0.162,0.398,-0.408,0.683,0.904,0.929,PD
1575,LINC01355,Oligodendrocytes,47.9,0.211,0.24,0.882,0.378,0.748,0.792,PD
1576,ZNF436-AS1,Oligodendrocytes,17.8,-0.19,0.404,-0.47,0.639,0.882,0.914,PD
1577,TCEB3-AS1,Oligodendrocytes,149,-0.0626,0.224,-0.279,0.78,0.938,0.955,PD
1578,RP1-187B23.1,Oligodendrocytes,10.7,0.458,0.583,0.786,0.432,0.777,0.824,PD
1579,RP3-476K8.3,Oligodendrocytes,10.9,0.242,0.398,0.608,0.543,0.834,0.877,PD
1580,RP5-1092A3.4,Oligodendrocytes,10.1,-0.468,0.544,-0.86,0.39,0.752,0.797,PD
1581,SNHG12,Oligodendrocytes,24.6,0.535,0.328,1.63,0.103,0.434,0.479,PD
1582,MATN1-AS1,Oligodendrocytes,28.1,-0.0147,0.369,-0.0399,0.968,0.988,0.991,PD
1583,RP11-266K22.2,Oligodendrocytes,16.4,0.347,0.426,0.814,0.415,0.767,0.813,PD
1584,RP11-84A19.4,Oligodendrocytes,11.7,1,0.427,2.35,0.019,0.185,0.219,PD
1585,RP11-277A4.4,Oligodendrocytes,15.4,0.528,0.314,1.68,0.0924,0.415,0.459,PD
1586,RP1-117O3.2,Oligodendrocytes,16.6,-0.159,0.609,-0.26,0.795,0.941,0.959,PD
1587,RP11-415J8.3,Oligodendrocytes,25.7,0.712,0.567,1.26,0.209,0.595,0.651,PD
1588,RP11-415J8.5,Oligodendrocytes,16,0.148,0.353,0.419,0.675,0.899,0.926,PD
1589,RP4-665N4.8,Oligodendrocytes,22.9,0.282,0.477,0.59,0.555,0.843,0.882,PD
1590,RP11-268J15.5,Oligodendrocytes,8.5,0.0645,0.456,0.142,0.887,0.964,0.98,PD
1591,RP5-1180C18.1,Oligodendrocytes,53.8,0.96,0.236,4.08,4.59E-05,0.00571,0.00635,PD
1592,LINC01137,Oligodendrocytes,59,-0.0957,0.252,-0.379,0.704,0.91,0.934,PD
1593,RP11-109P14.10,Oligodendrocytes,29.7,0.189,0.558,0.338,0.735,0.921,0.943,PD
1594,RP5-864K19.4,Oligodendrocytes,503,0.489,0.288,1.69,0.0901,0.414,0.457,PD
1595,RP1-39G22.7,Oligodendrocytes,25.6,0.325,0.345,0.943,0.346,0.727,0.769,PD
1596,RP11-656D10.3,Oligodendrocytes,86,0.17,0.232,0.73,0.466,0.79,0.841,PD
1597,SLFNL1-AS1,Oligodendrocytes,13,0.443,0.388,1.14,0.254,0.644,0.695,PD
1598,RP11-399E6.1,Oligodendrocytes,20.2,1.05,0.406,2.59,0.00973,0.129,0.154,PD
1599,SLC2A1-AS1,Oligodendrocytes,31.3,-1.09,0.351,-3.11,0.00188,0.0493,0.0606,PD
1600,RP1-92O14.3,Oligodendrocytes,24.5,0.341,0.347,0.982,0.326,0.715,0.756,PD
1601,RP11-7O11.3,Oligodendrocytes,14.9,-0.0829,0.333,-0.249,0.804,0.941,0.961,PD
1602,RP5-1198O20.4,Oligodendrocytes,41,-1.07,0.376,-2.86,0.0043,0.0741,0.0938,PD
1603,RP11-269F19.2,Oligodendrocytes,11.7,0.00442,0.374,0.0118,0.991,0.996,0.998,PD
1604,RP11-191G24.1,Oligodendrocytes,29.1,-0.0785,0.33,-0.238,0.812,0.942,0.963,PD
1605,RP5-1024G6.2,Oligodendrocytes,22.1,0.766,0.358,2.14,0.0325,0.246,0.295,PD
1606,RP11-90C4.1,Oligodendrocytes,24.9,-0.644,0.352,-1.83,0.067,0.352,0.401,PD
1607,LINC01135,Oligodendrocytes,338,0.0943,0.177,0.532,0.595,0.868,0.9,PD
1608,LINC01358,Oligodendrocytes,84.3,-0.153,0.274,-0.559,0.576,0.858,0.892,PD
1609,RP11-776H12.1,Oligodendrocytes,10.7,0.232,0.624,0.371,0.711,0.913,0.936,PD
1610,RP11-430G17.3,Oligodendrocytes,14.5,-0.964,0.41,-2.35,0.0186,0.184,0.219,PD
1611,RP5-1044H5.1,Oligodendrocytes,115,0.68,0.647,1.05,0.293,0.687,0.73,PD
1612,RP4-598P13.1,Oligodendrocytes,16.3,0.37,0.646,0.572,0.567,0.852,0.888,PD
1613,RP5-1102E8.3,Oligodendrocytes,8.98,0.811,0.609,1.33,0.182,0.56,0.616,PD
1614,LINC01362,Oligodendrocytes,12.8,0.525,0.537,0.977,0.328,0.715,0.757,PD
1615,RP11-475O6.1,Oligodendrocytes,97.7,-0.355,0.272,-1.3,0.192,0.573,0.631,PD
1616,RP11-486G15.2,Oligodendrocytes,28.7,0.0187,0.426,0.0438,0.965,0.988,0.991,PD
1617,RP11-131L23.1,Oligodendrocytes,27.5,-0.94,0.326,-2.88,0.00394,0.0715,0.0888,PD
1618,RP4-651E10.4,Oligodendrocytes,27.7,0.463,0.353,1.31,0.189,0.572,0.626,PD
1619,PKN2-AS1,Oligodendrocytes,89.1,-1.2,0.316,-3.8,0.000146,0.0111,0.0124,PD
1620,FLJ27354,Oligodendrocytes,192,-0.056,0.241,-0.232,0.816,0.942,0.965,PD
1621,RP4-665J23.2,Oligodendrocytes,34.5,-0.544,0.437,-1.25,0.213,0.598,0.658,PD
1622,RP4-639F20.1,Oligodendrocytes,40.4,0.318,0.333,0.955,0.339,0.724,0.764,PD
1623,RP11-57H12.3,Oligodendrocytes,75,-0.0427,0.257,-0.166,0.868,0.963,0.977,PD
1624,DPYD-AS1,Oligodendrocytes,111,0.251,0.568,0.442,0.658,0.89,0.92,PD
1625,MIR137HG,Oligodendrocytes,40.4,0.415,0.409,1.02,0.31,0.698,0.741,PD
1626,RP4-714D9.2,Oligodendrocytes,8.12,-0.0281,0.468,-0.06,0.952,0.988,0.991,PD
1627,RP11-421L21.3,Oligodendrocytes,42.9,-0.164,0.295,-0.556,0.578,0.858,0.893,PD
1628,RP11-202K23.1,Oligodendrocytes,327,1.4,1.16,1.21,0.226,0.615,0.672,PD
1629,RP5-1065J22.8,Oligodendrocytes,8.92,0.505,0.494,1.02,0.307,0.695,0.74,PD
1630,RP5-1074L1.1,Oligodendrocytes,20.6,0.528,0.327,1.61,0.106,0.44,0.486,PD
1631,RP5-1074L1.4,Oligodendrocytes,17.2,0.398,0.38,1.05,0.295,0.689,0.732,PD
1632,RP5-965F6.2,Oligodendrocytes,7.93,0.404,0.526,0.768,0.442,0.782,0.828,PD
1633,SLC16A1-AS1,Oligodendrocytes,499,0.00211,0.24,0.00879,0.993,0.996,0.998,PD
1634,RP11-31F15.2,Oligodendrocytes,67.1,-0.0346,0.267,-0.13,0.897,0.968,0.982,PD
1635,HIPK1-AS1,Oligodendrocytes,14.5,-0.464,0.341,-1.36,0.174,0.549,0.605,PD
1636,RP11-418J17.1,Oligodendrocytes,364,0.745,0.226,3.3,0.000963,0.0346,0.0378,PD
1637,LINC00623,Oligodendrocytes,37.6,0.0631,0.374,0.169,0.866,0.963,0.977,PD
1638,RP11-439A17.10,Oligodendrocytes,17.4,0.691,0.33,2.09,0.0365,0.26,0.307,PD
1639,CH17-437K3.1,Oligodendrocytes,35.6,0.767,0.38,2.02,0.0434,0.286,0.331,PD
1640,RP11-289H16.1,Oligodendrocytes,280,0.0823,0.318,0.259,0.796,0.941,0.959,PD
1641,RP11-337C18.8,Oligodendrocytes,252,-0.0473,0.142,-0.333,0.739,0.921,0.944,PD
1642,LINC00624,Oligodendrocytes,22.7,0.365,0.476,0.767,0.443,0.782,0.828,PD
1643,RP4-565E6.1,Oligodendrocytes,653,-0.215,0.186,-1.16,0.247,0.633,0.689,PD
1644,CH17-189H20.1,Oligodendrocytes,861,0.467,0.194,2.4,0.0162,0.172,0.205,PD
1645,RP11-326G21.1,Oligodendrocytes,9.01,0.0672,0.547,0.123,0.902,0.969,0.983,PD
1646,FALEC,Oligodendrocytes,14.4,0.338,0.482,0.702,0.483,0.794,0.851,PD
1647,RP11-98D18.3,Oligodendrocytes,7.4,-0.239,0.481,-0.496,0.62,0.878,0.909,PD
1648,RP11-98D18.9,Oligodendrocytes,11.4,-0.0964,0.389,-0.248,0.804,0.941,0.961,PD
1649,AL450992.2,Oligodendrocytes,8.54,-1,0.495,-2.03,0.0428,0.285,0.33,PD
1650,FLG-AS1,Oligodendrocytes,76.6,-0.638,0.346,-1.84,0.0655,0.352,0.399,PD
1651,RP11-336K24.12,Oligodendrocytes,11.7,-0.498,0.437,-1.14,0.254,0.644,0.695,PD
1652,RP11-536C5.2,Oligodendrocytes,20.1,0.605,0.462,1.31,0.19,0.572,0.626,PD
1653,RP11-404F10.2,Oligodendrocytes,13.9,-1.03,0.406,-2.54,0.0111,0.137,0.167,PD
1654,RP11-122G18.12,Oligodendrocytes,10.8,-0.593,0.371,-1.6,0.11,0.444,0.493,PD
1655,RGS5,Oligodendrocytes,60.6,-0.00787,0.279,-0.0282,0.977,0.991,0.994,PD
1656,RP11-466F5.8,Oligodendrocytes,21.6,-0.111,0.28,-0.396,0.692,0.908,0.931,PD
1657,LINC00970,Oligodendrocytes,39.4,0.0481,0.36,0.134,0.894,0.965,0.981,PD
1658,RP11-296O14.3,Oligodendrocytes,258,-0.0424,0.175,-0.243,0.808,0.942,0.963,PD
1659,RP1-102G20.5,Oligodendrocytes,9.64,-0.293,0.412,-0.712,0.477,0.794,0.848,PD
1660,RP11-318C24.2,Oligodendrocytes,14.7,0.651,0.583,1.12,0.264,0.654,0.704,PD
1661,RP11-195C7.1,Oligodendrocytes,79,-0.193,0.258,-0.746,0.455,0.785,0.835,PD
1662,RP11-533E19.7,Oligodendrocytes,11,0.672,0.473,1.42,0.156,0.519,0.574,PD
1663,RP11-46A10.5,Oligodendrocytes,13.8,0.207,0.408,0.507,0.612,0.872,0.907,PD
1664,LINC01344,Oligodendrocytes,12.8,-0.196,0.418,-0.469,0.639,0.882,0.915,PD
1665,RP11-295K2.3,Oligodendrocytes,147,-0.124,0.203,-0.61,0.542,0.834,0.877,PD
1666,ERVMER61-1,Oligodendrocytes,19.6,-0.635,0.377,-1.68,0.0925,0.415,0.459,PD
1667,MIR181A1HG,Oligodendrocytes,863,-0.25,0.204,-1.23,0.22,0.608,0.667,PD
1668,LINC01222,Oligodendrocytes,16.3,-0.786,0.497,-1.58,0.114,0.451,0.501,PD
1669,LINC00862,Oligodendrocytes,334,1.07,0.323,3.3,0.000954,0.0346,0.0376,PD
1670,RP11-469A15.2,Oligodendrocytes,49.9,1.46,0.476,3.06,0.00222,0.0541,0.0659,PD
1671,RP11-134G8.7,Oligodendrocytes,160,0.288,0.22,1.31,0.19,0.572,0.626,PD
1672,IPO9-AS1,Oligodendrocytes,74.3,0.264,0.303,0.873,0.383,0.748,0.794,PD
1673,RP11-307B6.3,Oligodendrocytes,11.1,-1.22,0.486,-2.51,0.0122,0.148,0.175,PD
1674,RP11-569A11.1,Oligodendrocytes,10.6,-0.0526,0.515,-0.102,0.919,0.979,0.985,PD
1675,RP11-739N20.2,Oligodendrocytes,25.4,0.508,0.49,1.04,0.299,0.69,0.734,PD
1676,RP11-6J21.2,Oligodendrocytes,11.7,0.209,0.66,0.316,0.752,0.927,0.947,PD
1677,C1orf132,Oligodendrocytes,263,0.653,0.335,1.95,0.0516,0.313,0.359,PD
1678,RP1-28O10.1,Oligodendrocytes,62.2,-0.827,0.275,-3.01,0.0026,0.0613,0.0719,PD
1679,SERTAD4-AS1,Oligodendrocytes,40.6,0.613,0.354,1.73,0.0835,0.399,0.444,PD
1680,LINC00467,Oligodendrocytes,96,-0.74,0.307,-2.41,0.0159,0.171,0.203,PD
1681,RP11-384C4.7,Oligodendrocytes,50.3,0.149,0.324,0.459,0.646,0.885,0.918,PD
1682,RP11-61J19.5,Oligodendrocytes,15.5,-0.109,0.386,-0.283,0.777,0.937,0.954,PD
1683,FLVCR1-AS1,Oligodendrocytes,16.3,0.228,0.383,0.594,0.552,0.843,0.88,PD
1684,RP11-53A1.3,Oligodendrocytes,20.3,0.181,0.493,0.368,0.713,0.913,0.936,PD
1685,LYPLAL1-AS1,Oligodendrocytes,25.8,-1.09,0.304,-3.57,0.000351,0.0187,0.0198,PD
1686,HLX-AS1,Oligodendrocytes,12.7,-0.426,0.604,-0.706,0.48,0.794,0.85,PD
1687,C1orf140,Oligodendrocytes,13.9,-0.195,0.413,-0.471,0.637,0.882,0.914,PD
1688,RP11-378J18.9,Oligodendrocytes,67.1,-0.231,0.229,-1.01,0.312,0.7,0.744,PD
1689,RP11-455P21.3,Oligodendrocytes,16.3,0.563,0.324,1.74,0.0827,0.397,0.442,PD
1690,RP11-285F7.2,Oligodendrocytes,200,-0.599,0.271,-2.21,0.0268,0.222,0.263,PD
1691,RP4-803J11.2,Oligodendrocytes,12.5,0.028,0.429,0.0652,0.948,0.988,0.991,PD
1692,RP11-295G20.2,Oligodendrocytes,13.8,0.553,0.377,1.47,0.142,0.494,0.55,PD
1693,RP5-827C21.2,Oligodendrocytes,29.5,0.253,0.311,0.814,0.416,0.767,0.813,PD
1694,RP5-827C21.4,Oligodendrocytes,22.6,0.246,0.44,0.559,0.576,0.858,0.892,PD
1695,RP11-385F5.4,Oligodendrocytes,29.5,0.35,0.295,1.19,0.236,0.623,0.679,PD
1696,RP11-527D7.1,Oligodendrocytes,10.2,0.853,0.641,1.33,0.184,0.563,0.618,PD
1697,RP11-561I11.4,Oligodendrocytes,25,1.05,0.543,1.94,0.053,0.316,0.361,PD
1698,RP11-278H7.1,Oligodendrocytes,11.5,-1.45,0.485,-3,0.00273,0.0614,0.0733,PD
1699,RP11-518L10.5,Oligodendrocytes,91.2,0.686,0.319,2.15,0.0318,0.243,0.291,PD
1700,RP11-439E19.10,Oligodendrocytes,22.8,0.0634,0.281,0.225,0.822,0.944,0.967,PD
1701,RP11-488L18.10,Oligodendrocytes,11.3,0.189,0.439,0.431,0.667,0.896,0.924,PD
1702,RP11-634B7.4,Oligodendrocytes,11.6,-0.802,0.482,-1.66,0.0963,0.423,0.466,PD
1703,LINC01250,Oligodendrocytes,22.2,0.733,0.39,1.88,0.0603,0.335,0.379,PD
1704,AC019118.3,Oligodendrocytes,9.97,1.37,0.456,3,0.00274,0.0614,0.0734,PD
1705,RNASEH1-AS1,Oligodendrocytes,37.6,0.374,0.297,1.26,0.209,0.595,0.651,PD
1706,RP11-400L8.2,Oligodendrocytes,28.5,-0.279,0.285,-0.979,0.328,0.715,0.757,PD
1707,RP11-214N9.1,Oligodendrocytes,9.13,-0.473,0.391,-1.21,0.226,0.615,0.672,PD
1708,RP11-521D12.1,Oligodendrocytes,24.3,0.669,0.437,1.53,0.126,0.472,0.526,PD
1709,RP11-521D12.2,Oligodendrocytes,14.7,-0.805,0.406,-1.98,0.0473,0.299,0.347,PD
1710,MIR3681HG,Oligodendrocytes,13,0.249,0.403,0.617,0.537,0.834,0.876,PD
1711,LINC00276,Oligodendrocytes,28.4,1.06,0.401,2.65,0.00803,0.111,0.136,PD
1712,AC010145.4,Oligodendrocytes,30.3,-0.672,0.39,-1.72,0.0851,0.402,0.446,PD
1713,GACAT3,Oligodendrocytes,24.4,-1.02,0.368,-2.78,0.00538,0.0863,0.108,PD
1714,LINC01376,Oligodendrocytes,87,-1.72,0.364,-4.73,2.29E-06,0.00126,0.00097,PD
1715,AC067959.1,Oligodendrocytes,56.5,0.602,0.366,1.65,0.0998,0.428,0.473,PD
1716,AC068490.2,Oligodendrocytes,25.1,-0.552,0.37,-1.49,0.136,0.487,0.54,PD
1717,AC009228.1,Oligodendrocytes,13.7,0.0173,0.38,0.0456,0.964,0.988,0.991,PD
1718,DNAJC27-AS1,Oligodendrocytes,123,-0.306,0.235,-1.3,0.193,0.573,0.631,PD
1719,AC012074.2,Oligodendrocytes,8.86,-0.164,0.416,-0.395,0.693,0.908,0.932,PD
1720,AC104699.1,Oligodendrocytes,12.2,0.242,0.546,0.444,0.657,0.89,0.92,PD
1721,AC013472.4,Oligodendrocytes,12.9,0.576,0.509,1.13,0.258,0.646,0.698,PD
1722,AC074117.10,Oligodendrocytes,36.5,0.221,0.344,0.643,0.52,0.82,0.87,PD
1723,AC097724.3,Oligodendrocytes,22.2,-1.46,0.356,-4.09,4.29E-05,0.00571,0.00606,PD
1724,AC016907.3,Oligodendrocytes,58,-0.252,0.233,-1.09,0.278,0.672,0.716,PD
1725,LINC00486,Oligodendrocytes,7010,0.0301,0.218,0.139,0.89,0.964,0.98,PD
1726,AC020594.5,Oligodendrocytes,24,-0.175,0.422,-0.414,0.679,0.901,0.927,PD
1727,LINC01317,Oligodendrocytes,15.3,-0.271,0.53,-0.512,0.609,0.87,0.905,PD
1728,AC012593.1,Oligodendrocytes,1660,-0.389,0.24,-1.62,0.106,0.439,0.485,PD
1729,CYP1B1-AS1,Oligodendrocytes,10.4,0.335,0.477,0.702,0.483,0.794,0.851,PD
1730,AC007246.3,Oligodendrocytes,89.9,-0.12,0.18,-0.663,0.508,0.813,0.864,PD
1731,SLC8A1-AS1,Oligodendrocytes,127,1.05,0.453,2.31,0.0208,0.196,0.23,PD
1732,RP11-417F21.1,Oligodendrocytes,12.1,0.507,0.579,0.876,0.381,0.748,0.794,PD
1733,AC073283.4,Oligodendrocytes,541,0.558,0.259,2.16,0.0311,0.241,0.288,PD
1734,AC079807.4,Oligodendrocytes,18.3,-1.52,0.426,-3.56,0.000369,0.0191,0.0205,PD
1735,AC007682.1,Oligodendrocytes,32.8,-0.12,0.396,-0.304,0.761,0.932,0.95,PD
1736,AC092839.3,Oligodendrocytes,17.4,0.614,0.546,1.12,0.261,0.648,0.699,PD
1737,AC012358.8,Oligodendrocytes,64.4,-0.265,0.459,-0.577,0.564,0.851,0.887,PD
1738,LINC01122,Oligodendrocytes,206,-0.762,0.278,-2.75,0.00604,0.0942,0.118,PD
1739,RP11-444A22.1,Oligodendrocytes,24.7,-1.13,0.454,-2.48,0.0131,0.153,0.181,PD
1740,RP11-355B11.2,Oligodendrocytes,42,0.0731,0.28,0.261,0.794,0.941,0.959,PD
1741,AC018462.2,Oligodendrocytes,24.4,-0.224,0.371,-0.602,0.547,0.838,0.879,PD
1742,AC093159.1,Oligodendrocytes,21.3,0.254,0.341,0.745,0.456,0.785,0.835,PD
1743,AC074289.1,Oligodendrocytes,31.1,-1.11,0.347,-3.19,0.00141,0.044,0.0505,PD
1744,RP11-474G23.3,Oligodendrocytes,29.8,0.328,0.311,1.05,0.292,0.686,0.729,PD
1745,DGUOK-AS1,Oligodendrocytes,8.33,-0.189,0.56,-0.337,0.736,0.921,0.943,PD
1746,BOLA3-AS1,Oligodendrocytes,16.7,0.759,0.339,2.24,0.025,0.212,0.254,PD
1747,DCTN1-AS1,Oligodendrocytes,21.3,-0.81,0.647,-1.25,0.21,0.595,0.653,PD
1748,RP11-355F16.1,Oligodendrocytes,34,-0.914,0.275,-3.32,0.000902,0.034,0.0368,PD
1749,AC007099.1,Oligodendrocytes,12,0.101,0.678,0.148,0.882,0.964,0.979,PD
1750,AC012494.1,Oligodendrocytes,14.4,0.0223,0.615,0.0363,0.971,0.988,0.992,PD
1751,ST3GAL5-AS1,Oligodendrocytes,23.4,-0.863,0.391,-2.21,0.0272,0.223,0.266,PD
1752,RP11-548P2.2,Oligodendrocytes,9.86,-0.917,0.526,-1.74,0.0816,0.396,0.44,PD
1753,RP11-301O19.1,Oligodendrocytes,8.38,-0.233,0.501,-0.465,0.642,0.883,0.916,PD
1754,AC015971.2,Oligodendrocytes,14.6,0.248,0.454,0.545,0.586,0.863,0.896,PD
1755,LINC00342,Oligodendrocytes,64.5,-0.292,0.286,-1.02,0.307,0.695,0.74,PD
1756,AC159540.1,Oligodendrocytes,307,0.16,0.279,0.573,0.567,0.852,0.888,PD
1757,AC159540.2,Oligodendrocytes,9.52,0.391,0.552,0.709,0.478,0.794,0.849,PD
1758,LINC01102,Oligodendrocytes,259,-0.712,0.23,-3.09,0.00201,0.0511,0.062,PD
1759,LINC01103,Oligodendrocytes,24.4,-0.141,0.599,-0.235,0.814,0.942,0.965,PD
1760,AC010884.1,Oligodendrocytes,102,0.355,0.323,1.1,0.271,0.664,0.71,PD
1761,RP11-332H14.2,Oligodendrocytes,19.8,0.0537,0.323,0.166,0.868,0.963,0.977,PD
1762,GCC2-AS1,Oligodendrocytes,19.7,-0.0493,0.361,-0.136,0.891,0.964,0.98,PD
1763,MIR4435-2HG,Oligodendrocytes,20.4,0.0816,0.382,0.214,0.831,0.946,0.968,PD
1764,AC079922.3,Oligodendrocytes,20.6,-0.185,0.373,-0.496,0.62,0.878,0.91,PD
1765,AC017074.2,Oligodendrocytes,23,1.62,0.411,3.95,7.85E-05,0.00683,0.00864,PD
1766,RP11-141B14.1,Oligodendrocytes,9.67,0.286,0.451,0.634,0.526,0.825,0.873,PD
1767,AC009404.2,Oligodendrocytes,26.9,0.489,0.366,1.34,0.182,0.56,0.615,PD
1768,AC012363.4,Oligodendrocytes,49.8,0.29,0.287,1.01,0.311,0.7,0.742,PD
1769,RP11-204L24.2,Oligodendrocytes,7.41,0.933,0.639,1.46,0.144,0.496,0.554,PD
1770,NIFK-AS1,Oligodendrocytes,192,0.0802,0.158,0.508,0.611,0.872,0.907,PD
1771,AC068282.3,Oligodendrocytes,17,0.57,0.337,1.69,0.0904,0.414,0.457,PD
1772,AC010976.2,Oligodendrocytes,23.4,0.754,0.667,1.13,0.258,0.646,0.698,PD
1773,RP11-395A13.2,Oligodendrocytes,16.7,0.303,0.445,0.68,0.497,0.804,0.861,PD
1774,RP11-725P16.2,Oligodendrocytes,9.18,1.41,0.46,3.07,0.00217,0.0535,0.0647,PD
1775,AC016909.1,Oligodendrocytes,12.3,0.717,0.609,1.18,0.239,0.627,0.682,PD
1776,AC010890.1,Oligodendrocytes,17.6,0.688,0.548,1.25,0.21,0.595,0.653,PD
1777,CCNT2-AS1,Oligodendrocytes,83.5,0.08,0.254,0.315,0.753,0.927,0.947,PD
1778,DARS-AS1,Oligodendrocytes,9.94,0.51,0.517,0.986,0.324,0.715,0.754,PD
1779,AC097721.2,Oligodendrocytes,112,0.184,0.243,0.755,0.45,0.782,0.832,PD
1780,RP11-107E5.4,Oligodendrocytes,12.5,-0.305,0.588,-0.519,0.604,0.869,0.904,PD
1781,ZEB2-AS1,Oligodendrocytes,12.5,-0.451,0.437,-1.03,0.302,0.692,0.736,PD
1782,TEX41,Oligodendrocytes,12.9,0.062,0.408,0.152,0.879,0.964,0.979,PD
1783,AC105402.4,Oligodendrocytes,662,0.304,0.523,0.582,0.561,0.849,0.886,PD
1784,AC144449.1,Oligodendrocytes,468,-0.83,0.179,-4.65,3.31E-06,0.00137,0.00122,PD
1785,AC007364.1,Oligodendrocytes,9.9,-0.811,0.535,-1.52,0.129,0.478,0.532,PD
1786,AC093375.1,Oligodendrocytes,32.3,-0.324,0.715,-0.453,0.651,0.889,0.919,PD
1787,AC005042.4,Oligodendrocytes,24.3,0.52,0.607,0.857,0.391,0.753,0.799,PD
1788,AC009961.3,Oligodendrocytes,44.5,-0.282,0.294,-0.959,0.338,0.724,0.763,PD
1789,AC009299.2,Oligodendrocytes,18.8,-0.301,0.397,-0.757,0.449,0.782,0.831,PD
1790,AC092684.1,Oligodendrocytes,9.99,-0.0251,0.515,-0.0486,0.961,0.988,0.991,PD
1791,AC009495.4,Oligodendrocytes,10.3,0.213,0.703,0.303,0.762,0.932,0.95,PD
1792,AC074363.1,Oligodendrocytes,50.8,0.139,0.39,0.356,0.722,0.917,0.939,PD
1793,AC007405.4,Oligodendrocytes,10.6,0.318,0.393,0.81,0.418,0.768,0.813,PD
1794,AC018890.6,Oligodendrocytes,314,0.211,0.324,0.654,0.513,0.818,0.869,PD
1795,HAGLR,Oligodendrocytes,158,0.18,0.271,0.663,0.507,0.813,0.864,PD
1796,AC079305.8,Oligodendrocytes,30.6,-0.0192,0.293,-0.0655,0.948,0.988,0.991,PD
1797,AC009948.5,Oligodendrocytes,12.4,-0.447,0.39,-1.15,0.251,0.639,0.693,PD
1798,TTN-AS1,Oligodendrocytes,394,-0.318,0.203,-1.57,0.117,0.454,0.506,PD
1799,AC007966.1,Oligodendrocytes,26.5,-0.0569,0.298,-0.191,0.849,0.956,0.972,PD
1800,FSIP2-AS1,Oligodendrocytes,56,-0.494,0.283,-1.74,0.0812,0.396,0.44,PD
1801,LINC01473,Oligodendrocytes,149,-0.223,0.227,-0.982,0.326,0.715,0.756,PD
1802,RP11-410E4.1,Oligodendrocytes,13.3,0.539,0.401,1.35,0.178,0.556,0.61,PD
1803,AC017101.10,Oligodendrocytes,27.2,0.574,0.425,1.35,0.176,0.552,0.607,PD
1804,AC007319.1,Oligodendrocytes,399,0.221,0.428,0.516,0.606,0.869,0.904,PD
1805,LINC01090,Oligodendrocytes,9.57,0.194,0.454,0.428,0.669,0.896,0.924,PD
1806,AC093388.3,Oligodendrocytes,154,-0.209,0.214,-0.979,0.328,0.715,0.757,PD
1807,AC098617.1,Oligodendrocytes,15.5,0.496,0.612,0.811,0.418,0.768,0.813,PD
1808,AC011997.1,Oligodendrocytes,133,0.568,0.239,2.38,0.0173,0.177,0.211,PD
1809,AC019330.1,Oligodendrocytes,8.2,0.361,0.581,0.621,0.534,0.831,0.875,PD
1810,AC093590.1,Oligodendrocytes,302,-0.994,0.363,-2.74,0.00621,0.0953,0.119,PD
1811,AC007163.3,Oligodendrocytes,12.3,-0.631,0.469,-1.34,0.179,0.556,0.611,PD
1812,AC007163.6,Oligodendrocytes,7.69,0.149,0.63,0.237,0.813,0.942,0.963,PD
1813,AC005037.3,Oligodendrocytes,55.2,0.168,0.284,0.592,0.554,0.843,0.881,PD
1814,AC007879.1,Oligodendrocytes,13.4,0.409,0.439,0.933,0.351,0.729,0.774,PD
1815,AC007879.5,Oligodendrocytes,11.9,0.508,0.428,1.19,0.235,0.623,0.679,PD
1816,RP11-260M2.1,Oligodendrocytes,17.2,-0.752,0.367,-2.05,0.0403,0.279,0.324,PD
1817,AC007038.7,Oligodendrocytes,98.6,-0.648,0.253,-2.56,0.0104,0.132,0.159,PD
1818,LANCL1-AS1,Oligodendrocytes,83.6,0.434,0.519,0.835,0.404,0.762,0.806,PD
1819,AC072062.1,Oligodendrocytes,27.9,0.816,0.727,1.12,NA,NA,NA,PD
1820,PKI55,Oligodendrocytes,9.69,-0.445,0.54,-0.824,0.41,0.765,0.809,PD
1821,AC097662.2,Oligodendrocytes,56.3,0.202,0.257,0.788,0.431,0.777,0.824,PD
1822,AC009950.2,Oligodendrocytes,15.8,-0.0594,0.365,-0.162,0.871,0.963,0.977,PD
1823,AC105461.1,Oligodendrocytes,9.07,0.346,0.499,0.692,0.489,0.798,0.855,PD
1824,AC105760.2,Oligodendrocytes,43,-0.131,0.296,-0.443,0.658,0.89,0.92,PD
1825,AC062017.1,Oligodendrocytes,19.3,-0.216,0.422,-0.513,0.608,0.87,0.905,PD
1826,CAPN10-AS1,Oligodendrocytes,19.1,0.509,0.332,1.53,0.125,0.471,0.524,PD
1827,AC005237.4,Oligodendrocytes,34,-1.66,0.575,-2.89,0.00387,0.071,0.0879,PD
1828,BOK-AS1,Oligodendrocytes,15.8,1.06,0.354,2.99,0.00276,0.0614,0.0737,PD
1829,LINC01266,Oligodendrocytes,228,-0.531,0.238,-2.23,0.0259,0.215,0.258,PD
1830,RP11-97C16.1,Oligodendrocytes,12.7,-0.126,0.392,-0.321,0.748,0.924,0.946,PD
1831,AC026188.1,Oligodendrocytes,279,-0.182,0.236,-0.77,0.441,0.782,0.828,PD
1832,AC018816.3,Oligodendrocytes,28.5,-0.484,0.304,-1.59,0.111,0.446,0.495,PD
1833,AC026202.3,Oligodendrocytes,37.8,-0.0151,0.29,-0.0523,0.958,0.988,0.991,PD
1834,GRM7-AS1,Oligodendrocytes,34.5,-0.0662,0.29,-0.228,0.819,0.942,0.965,PD
1835,LMCD1-AS1,Oligodendrocytes,3580,-0.675,0.217,-3.11,0.00188,0.0493,0.0606,PD
1836,AC018832.1,Oligodendrocytes,8.37,-0.337,0.647,-0.521,0.602,0.869,0.903,PD
1837,THUMPD3-AS1,Oligodendrocytes,226,0.707,0.216,3.27,0.00106,0.0351,0.0406,PD
1838,PRRT3-AS1,Oligodendrocytes,31.7,-0.018,0.29,-0.062,0.951,0.988,0.991,PD
1839,SLC6A1-AS1,Oligodendrocytes,88,-0.421,0.687,-0.613,0.54,0.834,0.877,PD
1840,FGD5-AS1,Oligodendrocytes,227,0.0127,0.293,0.0434,0.965,0.988,0.991,PD
1841,SH3BP5-AS1,Oligodendrocytes,23.1,-0.35,0.303,-1.16,0.248,0.633,0.69,PD
1842,RP11-285J16.1,Oligodendrocytes,17.4,0.101,0.409,0.248,0.804,0.941,0.961,PD
1843,ENTPD3-AS1,Oligodendrocytes,370,-0.438,0.191,-2.3,0.0217,0.2,0.235,PD
1844,RP4-613B23.1,Oligodendrocytes,470,-1.28,0.292,-4.39,1.14E-05,0.00249,0.00247,PD
1845,CCDC13-AS1,Oligodendrocytes,22.3,-0.737,0.411,-1.79,0.0729,0.37,0.415,PD
1846,RP4-555D20.2,Oligodendrocytes,89.9,0.313,0.267,1.18,0.24,0.627,0.682,PD
1847,RP11-944L7.4,Oligodendrocytes,110,-0.154,0.222,-0.69,0.49,0.798,0.856,PD
1848,KIF9-AS1,Oligodendrocytes,225,-0.237,0.218,-1.09,0.276,0.672,0.714,PD
1849,RP11-708J19.1,Oligodendrocytes,32.1,-0.0375,0.279,-0.135,0.893,0.965,0.981,PD
1850,PRKAR2A-AS1,Oligodendrocytes,9.27,-0.859,0.45,-1.91,0.056,0.325,0.368,PD
1851,U73166.2,Oligodendrocytes,11.1,0.189,0.505,0.375,0.708,0.911,0.935,PD
1852,SEMA3B-AS1,Oligodendrocytes,16.7,-0.0863,0.561,-0.154,0.878,0.964,0.979,PD
1853,RP11-884K10.7,Oligodendrocytes,13,0.413,0.553,0.747,0.455,0.785,0.835,PD
1854,ARF4-AS1,Oligodendrocytes,18.2,-0.108,0.328,-0.328,0.743,0.921,0.944,PD
1855,DENND6A-AS1,Oligodendrocytes,37,0.0732,0.294,0.249,0.803,0.941,0.961,PD
1856,RP11-802O23.3,Oligodendrocytes,37.8,-0.239,0.381,-0.626,0.531,0.828,0.874,PD
1857,PSMD6-AS2,Oligodendrocytes,26.6,0.438,0.259,1.69,0.0912,0.414,0.458,PD
1858,SUCLG2-AS1,Oligodendrocytes,213,-0.38,0.224,-1.69,0.0902,0.414,0.457,PD
1859,CTD-2013N24.2,Oligodendrocytes,13.2,-0.225,0.455,-0.494,0.621,0.878,0.91,PD
1860,SAMMSON,Oligodendrocytes,444,-1.29,0.596,-2.17,0.0303,0.237,0.283,PD
1861,RP11-154H23.4,Oligodendrocytes,37.1,-0.017,0.254,-0.0667,0.947,0.988,0.991,PD
1862,LINC00877,Oligodendrocytes,415,-0.093,0.228,-0.408,0.683,0.904,0.929,PD
1863,LINC00870,Oligodendrocytes,32.3,-0.585,0.364,-1.61,0.108,0.44,0.487,PD
1864,RP11-803B1.8,Oligodendrocytes,35,0.381,0.369,1.03,0.301,0.692,0.736,PD
1865,LINC00506,Oligodendrocytes,96,-0.146,0.231,-0.634,0.526,0.825,0.873,PD
1866,CTD-2021J15.1,Oligodendrocytes,10.2,-0.208,0.419,-0.496,0.62,0.878,0.91,PD
1867,LINC00882,Oligodendrocytes,1070,-0.22,0.153,-1.44,0.15,0.508,0.563,PD
1868,DUBR,Oligodendrocytes,787,0.181,0.192,0.947,0.344,0.727,0.768,PD
1869,RP11-446H18.5,Oligodendrocytes,138,0.011,0.3,0.0366,0.971,0.988,0.992,PD
1870,RP11-446H18.6,Oligodendrocytes,24.6,0.792,0.374,2.11,0.0345,0.255,0.304,PD
1871,LINC00636,Oligodendrocytes,10.4,-0.207,0.509,-0.406,0.684,0.904,0.929,PD
1872,PVRL3-AS1,Oligodendrocytes,67.5,-1.18,0.438,-2.7,0.00703,0.104,0.128,PD
1873,RP11-572M11.4,Oligodendrocytes,123,-0.307,0.25,-1.23,0.219,0.607,0.666,PD
1874,ZBTB20-AS1,Oligodendrocytes,10,0.549,0.701,0.783,0.434,0.777,0.824,PD
1875,RP11-197K3.1,Oligodendrocytes,73.3,0.621,0.477,1.3,0.193,0.573,0.631,PD
1876,ZBTB20-AS2,Oligodendrocytes,7.89,-0.359,0.613,-0.586,0.558,0.846,0.885,PD
1877,RP11-190P13.2,Oligodendrocytes,20,-0.241,0.406,-0.594,0.553,0.843,0.88,PD
1878,RP11-384F7.2,Oligodendrocytes,67.5,2.06,0.602,3.42,0.000632,0.0268,0.0284,PD
1879,RP11-384F7.1,Oligodendrocytes,23.8,1.06,0.364,2.9,0.00372,0.0695,0.086,PD
1880,RP11-18H7.1,Oligodendrocytes,76.7,0.021,0.231,0.0906,0.928,0.982,0.986,PD
1881,RP11-299J3.8,Oligodendrocytes,82.8,-0.311,0.198,-1.57,0.116,0.453,0.504,PD
1882,RP11-67L2.2,Oligodendrocytes,12.1,-0.336,0.402,-0.835,0.404,0.762,0.806,PD
1883,MYLK-AS1,Oligodendrocytes,75,0.806,0.223,3.61,0.000305,0.0174,0.0184,PD
1884,RP11-379B18.6,Oligodendrocytes,10.9,0.658,0.492,1.34,0.181,0.559,0.614,PD
1885,RP11-434H6.7,Oligodendrocytes,16,0.536,0.393,1.37,0.172,0.549,0.602,PD
1886,TMCC1-AS1,Oligodendrocytes,24.6,0.454,0.275,1.65,0.0989,0.427,0.471,PD
1887,RP11-77P16.4,Oligodendrocytes,13.4,0.0558,0.449,0.124,0.901,0.969,0.982,PD
1888,NCK1-AS1,Oligodendrocytes,36.9,-0.106,0.239,-0.444,0.657,0.89,0.92,PD
1889,RP11-319G6.1,Oligodendrocytes,319,-0.351,0.167,-2.1,0.0354,0.259,0.305,PD
1890,RP11-71N10.1,Oligodendrocytes,173,0.0652,0.283,0.23,0.818,0.942,0.965,PD
1891,RP11-167H9.4,Oligodendrocytes,19.9,-1.38,0.346,-3.98,6.75E-05,0.00683,0.00809,PD
1892,LINC00886,Oligodendrocytes,55.5,0.4,0.231,1.73,0.0829,0.397,0.443,PD
1893,RP11-538P18.2,Oligodendrocytes,11,0.609,0.442,1.38,0.168,0.543,0.597,PD
1894,IL12A-AS1,Oligodendrocytes,7.48,0.771,0.56,1.38,0.169,0.543,0.598,PD
1895,RP11-16N11.2,Oligodendrocytes,9.73,0.294,0.428,0.686,0.493,0.801,0.858,PD
1896,LINC01322,Oligodendrocytes,25.9,0.285,0.351,0.81,0.418,0.768,0.813,PD
1897,KCNMB2-AS1,Oligodendrocytes,43,0.0897,0.32,0.28,0.779,0.937,0.955,PD
1898,RP11-360P21.2,Oligodendrocytes,22.3,-0.115,0.339,-0.339,0.734,0.921,0.943,PD
1899,PEX5L-AS1,Oligodendrocytes,7.1,0.705,0.887,0.794,0.427,0.776,0.822,PD
1900,PEX5L-AS2,Oligodendrocytes,16.4,0.24,0.666,0.361,0.718,0.915,0.938,PD
1901,RP11-496B10.3,Oligodendrocytes,28.3,-0.0583,0.294,-0.198,0.843,0.952,0.971,PD
1902,RP11-275H4.1,Oligodendrocytes,34.3,-0.782,0.46,-1.7,0.0892,0.414,0.454,PD
1903,RP11-4B14.3,Oligodendrocytes,71.8,-0.183,0.357,-0.513,0.608,0.87,0.905,PD
1904,YEATS2-AS1,Oligodendrocytes,14.2,-0.104,0.7,-0.149,0.882,0.964,0.979,PD
1905,RP11-573D15.8,Oligodendrocytes,21.3,-0.248,0.358,-0.691,0.489,0.798,0.856,PD
1906,P3H2-AS1,Oligodendrocytes,12.2,0.486,0.355,1.37,0.171,0.546,0.6,PD
1907,LINC00884,Oligodendrocytes,25.6,-0.0614,0.376,-0.163,0.87,0.963,0.977,PD
1908,TMEM44-AS1,Oligodendrocytes,52.3,-0.0643,0.289,-0.223,0.824,0.944,0.968,PD
1909,AC069513.4,Oligodendrocytes,20.2,-0.259,0.43,-0.602,0.547,0.838,0.879,PD
1910,LINC00969,Oligodendrocytes,825,0.049,0.222,0.221,0.825,0.944,0.968,PD
1911,MFI2-AS1,Oligodendrocytes,9.76,-0.7,0.462,-1.51,0.13,0.478,0.532,PD
1912,RP11-2H3.7,Oligodendrocytes,17.2,0.206,0.458,0.449,0.653,0.89,0.919,PD
1913,RP11-440L14.1,Oligodendrocytes,428,0.158,0.302,0.524,0.6,0.869,0.903,PD
1914,RP11-20I20.2,Oligodendrocytes,27.4,0.14,0.372,0.377,0.706,0.91,0.934,PD
1915,CTBP1-AS,Oligodendrocytes,36.7,0.602,0.646,0.931,0.352,0.729,0.774,PD
1916,CTBP1-AS2,Oligodendrocytes,66.4,0.0557,0.211,0.264,0.792,0.94,0.958,PD
1917,NOP14-AS1,Oligodendrocytes,29.3,-0.187,0.359,-0.521,0.602,0.869,0.903,PD
1918,STX18-AS1,Oligodendrocytes,413,-0.153,0.177,-0.866,0.387,0.75,0.795,PD
1919,RP11-539L10.3,Oligodendrocytes,51.9,0.291,0.295,0.984,0.325,0.715,0.755,PD
1920,AC093323.3,Oligodendrocytes,17.4,0.296,0.415,0.714,0.475,0.794,0.847,PD
1921,RP11-367J11.3,Oligodendrocytes,12.8,-0.035,0.444,-0.0788,0.937,0.984,0.988,PD
1922,RP11-774O3.3,Oligodendrocytes,21.3,0.00664,0.366,0.0181,0.986,0.995,0.996,PD
1923,RP11-689P11.2,Oligodendrocytes,14.5,-0.501,0.342,-1.47,0.142,0.494,0.55,PD
1924,LINC01182,Oligodendrocytes,170,-0.0677,0.279,-0.242,0.808,0.942,0.963,PD
1925,RP11-669M16.1,Oligodendrocytes,19.1,-0.0133,0.502,-0.0266,0.979,0.991,0.994,PD
1926,LINC00504,Oligodendrocytes,29.1,-0.628,0.341,-1.84,0.0657,0.352,0.399,PD
1927,CPEB2-AS1,Oligodendrocytes,36.5,0.194,0.308,0.631,0.528,0.826,0.873,PD
1928,RP11-665G4.1,Oligodendrocytes,169,-0.187,0.385,-0.487,0.626,0.88,0.912,PD
1929,TAPT1-AS1,Oligodendrocytes,801,-0.0328,0.164,-0.199,0.842,0.952,0.97,PD
1930,RP11-446J8.1,Oligodendrocytes,52.1,-0.531,0.323,-1.64,0.101,0.428,0.475,PD
1931,RP11-141E13.1,Oligodendrocytes,10,0.394,0.477,0.827,0.408,0.765,0.808,PD
1932,AC006160.5,Oligodendrocytes,31.3,-0.46,0.316,-1.46,0.145,0.496,0.555,PD
1933,RP11-608O21.1,Oligodendrocytes,38.3,-0.283,0.573,-0.494,0.622,0.878,0.91,PD
1934,RP11-496D24.2,Oligodendrocytes,105,-0.264,0.31,-0.85,0.395,0.754,0.8,PD
1935,AC007106.1,Oligodendrocytes,29.7,0.848,0.477,1.78,0.0753,0.377,0.421,PD
1936,RP11-123O22.1,Oligodendrocytes,8.32,0.642,0.823,0.78,0.435,0.777,0.824,PD
1937,UGDH-AS1,Oligodendrocytes,294,0.145,0.167,0.869,0.385,0.748,0.794,PD
1938,RP11-539G18.3,Oligodendrocytes,32.7,-0.464,0.239,-1.94,0.0524,0.314,0.36,PD
1939,RP11-707A18.1,Oligodendrocytes,85.1,3.58,0.98,3.66,0.000257,0.0157,0.0166,PD
1940,RP11-584P21.2,Oligodendrocytes,97.1,1.43,0.383,3.73,0.000193,0.0133,0.0149,PD
1941,UBA6-AS1,Oligodendrocytes,768,0.338,0.277,1.22,0.222,0.611,0.669,PD
1942,RP11-692D12.1,Oligodendrocytes,425,-0.63,0.224,-2.81,0.00495,0.081,0.103,PD
1943,LINC01088,Oligodendrocytes,130,0.0657,0.221,0.298,0.766,0.934,0.951,PD
1944,RP11-377G16.2,Oligodendrocytes,13,-0.658,0.399,-1.65,0.0991,0.427,0.471,PD
1945,RP11-127B20.3,Oligodendrocytes,26.4,-0.192,0.276,-0.695,0.487,0.798,0.853,PD
1946,RP11-576N17.5,Oligodendrocytes,8.1,0.0352,0.443,0.0796,0.937,0.984,0.988,PD
1947,RP11-778J15.1,Oligodendrocytes,31.3,0.644,0.418,1.54,0.124,0.469,0.521,PD
1948,RP11-742B18.1,Oligodendrocytes,63.6,0.727,0.364,2,0.046,0.298,0.342,PD
1949,RP11-10L7.1,Oligodendrocytes,50.2,0.358,0.285,1.25,0.21,0.595,0.653,PD
1950,FAM13A-AS1,Oligodendrocytes,129,0.382,0.212,1.81,0.0707,0.36,0.41,PD
1951,RP11-115D19.1,Oligodendrocytes,24.2,1.36,0.601,2.27,0.0235,0.205,0.246,PD
1952,RP11-710C12.1,Oligodendrocytes,29.9,-0.257,0.34,-0.756,0.449,0.782,0.831,PD
1953,RP11-145G20.1,Oligodendrocytes,12.5,-0.559,0.412,-1.36,0.174,0.549,0.605,PD
1954,RP11-1299A16.3,Oligodendrocytes,25.3,0.0286,0.384,0.0747,0.94,0.985,0.989,PD
1955,RP11-571L19.7,Oligodendrocytes,42.7,-0.153,0.394,-0.387,0.699,0.908,0.933,PD
1956,RP11-696N14.1,Oligodendrocytes,41.8,-0.433,0.353,-1.23,0.219,0.607,0.666,PD
1957,RP11-15B17.1,Oligodendrocytes,33.8,-0.661,0.292,-2.27,0.0234,0.205,0.246,PD
1958,RP11-498M5.2,Oligodendrocytes,14.3,0.0613,0.626,0.0979,0.922,0.979,0.986,PD
1959,RP11-10L12.4,Oligodendrocytes,105,1.03,0.323,3.18,0.00147,0.0444,0.0523,PD
1960,RP11-328K4.1,Oligodendrocytes,19.3,0.0749,0.378,0.198,0.843,0.952,0.971,PD
1961,AC004053.1,Oligodendrocytes,39.2,-0.35,0.291,-1.2,0.23,0.619,0.675,PD
1962,RP11-710F7.3,Oligodendrocytes,9.05,0.766,0.512,1.5,0.134,0.486,0.539,PD
1963,RP11-286E11.1,Oligodendrocytes,950,0.245,0.213,1.15,0.25,0.637,0.691,PD
1964,SEC24B-AS1,Oligodendrocytes,47.3,-0.531,0.298,-1.78,0.0747,0.377,0.42,PD
1965,RP11-650J17.1,Oligodendrocytes,30,-0.121,0.564,-0.214,0.83,0.946,0.968,PD
1966,SNHG8,Oligodendrocytes,40.4,0.252,0.389,0.648,0.517,0.82,0.87,PD
1967,RP11-384K6.8,Oligodendrocytes,11.2,0.322,0.456,0.705,0.481,0.794,0.851,PD
1968,RP11-679C8.2,Oligodendrocytes,216,-0.312,0.24,-1.3,0.192,0.573,0.631,PD
1969,LINC01091,Oligodendrocytes,7.66,0.229,0.507,0.451,0.652,0.89,0.919,PD
1970,RP11-420A23.1,Oligodendrocytes,325,-0.175,0.193,-0.905,0.366,0.739,0.786,PD
1971,RP11-745L13.2,Oligodendrocytes,277,-0.0391,0.277,-0.141,0.888,0.964,0.98,PD
1972,RP11-404I7.2,Oligodendrocytes,81,-0.0397,0.337,-0.118,0.906,0.972,0.983,PD
1973,RP11-9G1.3,Oligodendrocytes,166,-0.291,0.272,-1.07,0.285,0.676,0.721,PD
1974,RP11-138I17.1,Oligodendrocytes,212,-0.433,0.306,-1.42,0.156,0.52,0.575,PD
1975,LINC00499,Oligodendrocytes,429,3.04,1.62,1.87,NA,NA,NA,PD
1976,RP11-371F15.3,Oligodendrocytes,161,0.446,0.379,1.18,0.239,0.627,0.682,PD
1977,RP11-83A24.2,Oligodendrocytes,432,0.415,0.208,2,0.0459,0.298,0.341,PD
1978,SCOC-AS1,Oligodendrocytes,62.9,-0.409,0.231,-1.77,0.0766,0.379,0.425,PD
1979,RP11-284M14.1,Oligodendrocytes,617,-0.518,0.194,-2.68,0.00746,0.107,0.132,PD
1980,HHIP-AS1,Oligodendrocytes,22.1,0.0961,0.294,0.327,0.744,0.921,0.944,PD
1981,RP11-10K16.1,Oligodendrocytes,137,0.109,0.261,0.419,0.675,0.899,0.926,PD
1982,RP11-798M19.6,Oligodendrocytes,83.8,-0.119,0.267,-0.444,0.657,0.89,0.92,PD
1983,RP11-87F15.2,Oligodendrocytes,13.9,0.793,0.398,1.99,0.0465,0.299,0.344,PD
1984,RP11-130F10.1,Oligodendrocytes,345,-0.00498,0.156,-0.032,0.974,0.99,0.993,PD
1985,LINC01098,Oligodendrocytes,22.9,-0.486,0.409,-1.19,0.235,0.623,0.679,PD
1986,LINC01099,Oligodendrocytes,63.2,-0.603,0.474,-1.27,0.203,0.587,0.643,PD
1987,RP11-367N14.2,Oligodendrocytes,41.4,0.00527,0.245,0.0215,0.983,0.994,0.995,PD
1988,RP11-290F5.1,Oligodendrocytes,14.9,-0.549,0.488,-1.13,0.26,0.648,0.699,PD
1989,RP11-326I11.4,Oligodendrocytes,47.5,-1.17,0.262,-4.45,8.63E-06,0.00238,0.00215,PD
1990,RP11-714G18.1,Oligodendrocytes,16.1,0.919,0.423,2.17,0.0296,0.233,0.28,PD
1991,LINC01060,Oligodendrocytes,185,0.464,1.56,0.297,NA,NA,NA,PD
1992,AF146191.4,Oligodendrocytes,163,0.351,0.219,1.6,0.109,0.442,0.491,PD
1993,EXOC3-AS1,Oligodendrocytes,14.2,-0.461,0.424,-1.09,0.277,0.672,0.715,PD
1994,FLJ33360,Oligodendrocytes,21.1,-0.327,0.324,-1.01,0.312,0.7,0.744,PD
1995,RP11-480D4.1,Oligodendrocytes,130,-0.358,0.212,-1.69,0.091,0.414,0.458,PD
1996,MIR4458HG,Oligodendrocytes,22.2,0.746,0.463,1.61,0.107,0.44,0.487,PD
1997,RP11-143A12.3,Oligodendrocytes,50.4,0.172,0.267,0.646,0.518,0.82,0.87,PD
1998,CTD-2215L10.1,Oligodendrocytes,14.5,0.916,0.555,1.65,0.0987,0.427,0.471,PD
1999,SNHG18,Oligodendrocytes,38.5,0.0599,0.312,0.192,0.848,0.956,0.972,PD
2000,CTD-2143L24.1,Oligodendrocytes,33,0.204,0.319,0.638,0.523,0.822,0.872,PD
2001,RP11-774D14.1,Oligodendrocytes,319,0.164,0.293,0.56,0.575,0.858,0.892,PD
2002,RP11-374A4.1,Oligodendrocytes,25.7,0.196,0.349,0.561,0.575,0.858,0.892,PD
2003,RP11-804N13.1,Oligodendrocytes,52.7,-0.713,0.243,-2.94,0.00332,0.0654,0.0812,PD
2004,C5orf17,Oligodendrocytes,35,0.00276,0.475,0.00581,0.995,0.997,0.999,PD
2005,CTD-2152M20.2,Oligodendrocytes,28.7,0.716,0.366,1.96,0.0504,0.307,0.355,PD
2006,CTD-2282P23.2,Oligodendrocytes,10.2,-0.961,0.663,-1.45,0.148,0.504,0.561,PD
2007,GDNF-AS1,Oligodendrocytes,20.2,-1.06,0.34,-3.11,0.00188,0.0493,0.0606,PD
2008,LIFR-AS1,Oligodendrocytes,51.8,-0.928,0.315,-2.94,0.00326,0.0654,0.0808,PD
2009,OSMR-AS1,Oligodendrocytes,13.5,-0.673,0.524,-1.29,0.199,0.585,0.639,PD
2010,NNT-AS1,Oligodendrocytes,233,0.212,0.252,0.839,0.401,0.762,0.806,PD
2011,RP11-53O19.1,Oligodendrocytes,150,-0.792,0.215,-3.68,0.00023,0.0146,0.0155,PD
2012,RP11-53O19.3,Oligodendrocytes,31,0.338,0.345,0.979,0.328,0.715,0.757,PD
2013,CTD-2175A23.1,Oligodendrocytes,77.2,-0.348,0.372,-0.933,0.351,0.729,0.774,PD
2014,CTD-2366F13.1,Oligodendrocytes,21,0.305,0.41,0.743,0.457,0.785,0.835,PD
2015,RP11-506H20.1,Oligodendrocytes,14,0.351,0.634,0.553,0.58,0.86,0.894,PD
2016,CTD-2227I18.1,Oligodendrocytes,10.7,0.309,0.373,0.83,0.407,0.765,0.808,PD
2017,PART1,Oligodendrocytes,20.6,-0.947,0.424,-2.23,0.0255,0.215,0.256,PD
2018,CTC-436P18.1,Oligodendrocytes,34.4,-0.274,0.267,-1.03,0.305,0.695,0.739,PD
2019,RP11-2O17.2,Oligodendrocytes,20.5,-0.132,0.775,-0.17,0.865,0.963,0.977,PD
2020,RP11-434D9.1,Oligodendrocytes,48,-0.0977,0.328,-0.298,0.766,0.934,0.951,PD
2021,RP11-83M16.6,Oligodendrocytes,9.16,0.392,0.547,0.717,0.473,0.794,0.845,PD
2022,CTC-498J12.3,Oligodendrocytes,12.4,-0.751,0.382,-1.97,0.0492,0.305,0.352,PD
2023,RP11-136K7.2,Oligodendrocytes,24.4,0.412,0.371,1.11,0.267,0.658,0.707,PD
2024,CTC-347C20.1,Oligodendrocytes,8.98,-0.187,0.508,-0.368,0.713,0.913,0.936,PD
2025,RP11-79P5.9,Oligodendrocytes,12,0.0673,0.415,0.162,0.871,0.963,0.977,PD
2026,CTC-366B18.4,Oligodendrocytes,9.77,0.27,0.456,0.591,0.554,0.843,0.882,PD
2027,SCAMP1-AS1,Oligodendrocytes,24.8,-0.349,0.275,-1.27,0.205,0.592,0.646,PD
2028,CTD-2201I18.1,Oligodendrocytes,19.8,1.32,0.508,2.61,0.00917,0.123,0.149,PD
2029,CTC-458I2.2,Oligodendrocytes,56.2,0.832,0.344,2.42,0.0154,0.169,0.199,PD
2030,CTD-2015H6.3,Oligodendrocytes,10.6,-0.156,0.413,-0.378,0.705,0.91,0.934,PD
2031,RASGRF2-AS1,Oligodendrocytes,22.3,-0.313,0.443,-0.706,0.48,0.794,0.85,PD
2032,CKMT2-AS1,Oligodendrocytes,407,-0.102,0.265,-0.387,0.699,0.908,0.933,PD
2033,CTD-2269F5.1,Oligodendrocytes,156,-0.844,0.314,-2.69,0.00719,0.105,0.13,PD
2034,RP11-72L22.1,Oligodendrocytes,40.8,-1.3,0.909,-1.43,0.153,0.512,0.568,PD
2035,TMEM161B-AS1,Oligodendrocytes,1110,0.208,0.167,1.24,0.214,0.599,0.659,PD
2036,CTC-498M16.4,Oligodendrocytes,11.6,-0.229,0.595,-0.385,0.7,0.908,0.933,PD
2037,LINC00461,Oligodendrocytes,59.3,-0.332,0.264,-1.26,0.209,0.595,0.651,PD
2038,MEF2C-AS1,Oligodendrocytes,12.6,-0.554,0.588,-0.941,0.346,0.728,0.769,PD
2039,LUCAT1,Oligodendrocytes,224,1.73,0.347,4.99,5.92E-07,0.000979,0.000386,PD
2040,ARRDC3-AS1,Oligodendrocytes,10.2,-0.333,0.404,-0.823,0.411,0.765,0.809,PD
2041,CTD-2337A12.1,Oligodendrocytes,235,-0.473,0.201,-2.35,0.0187,0.184,0.219,PD
2042,CTD-2260A17.2,Oligodendrocytes,221,-0.451,0.201,-2.24,0.0249,0.212,0.254,PD
2043,CTD-2215E18.1,Oligodendrocytes,181,-0.417,0.206,-2.02,0.0433,0.286,0.331,PD
2044,LINC01340,Oligodendrocytes,22.5,-0.913,0.378,-2.42,0.0157,0.17,0.202,PD
2045,AC008834.1,Oligodendrocytes,20.6,-0.658,0.422,-1.56,0.119,0.458,0.513,PD
2046,CTD-2007H13.3,Oligodendrocytes,198,-0.397,0.174,-2.29,0.0222,0.2,0.238,PD
2047,CTD-2001C12.1,Oligodendrocytes,46.7,-0.335,0.279,-1.2,0.23,0.619,0.675,PD
2048,CTD-2193G5.1,Oligodendrocytes,12,-0.0233,0.44,-0.0531,0.958,0.988,0.991,PD
2049,CTD-2587M2.1,Oligodendrocytes,23.9,-1.17,0.47,-2.5,0.0124,0.149,0.177,PD
2050,EPB41L4A-AS1,Oligodendrocytes,21.6,0.092,0.434,0.212,0.832,0.946,0.968,PD
2051,AC010226.4,Oligodendrocytes,24.6,-0.456,0.335,-1.36,0.174,0.549,0.605,PD
2052,SEMA6A-AS1,Oligodendrocytes,84.1,0.0419,0.356,0.118,0.906,0.972,0.983,PD
2053,CTB-161M19.4,Oligodendrocytes,138,-0.459,0.172,-2.67,0.00758,0.107,0.133,PD
2054,RP11-359P5.1,Oligodendrocytes,16.3,-0.0561,0.34,-0.165,0.869,0.963,0.977,PD
2055,LINC01170,Oligodendrocytes,1600,-0.534,0.254,-2.11,0.0353,0.259,0.305,PD
2056,CTD-2308B18.3,Oligodendrocytes,21.3,0.218,0.327,0.666,0.505,0.812,0.864,PD
2057,RP11-43D2.2,Oligodendrocytes,9.3,0.633,0.529,1.2,0.232,0.619,0.676,PD
2058,RP11-756H20.1,Oligodendrocytes,55.8,0.658,0.242,2.72,0.00658,0.098,0.122,PD
2059,LINC01184,Oligodendrocytes,667,-0.246,0.193,-1.28,0.201,0.587,0.642,PD
2060,TH2LCRR,Oligodendrocytes,16.1,-0.124,0.436,-0.285,0.776,0.937,0.954,PD
2061,AC004237.1,Oligodendrocytes,20,0.754,0.562,1.34,0.18,0.558,0.613,PD
2062,RP11-381K20.2,Oligodendrocytes,360,0.0423,0.185,0.229,0.819,0.942,0.965,PD
2063,CTB-35F21.1,Oligodendrocytes,24.7,-0.67,0.328,-2.04,0.0415,0.282,0.326,PD
2064,LINC01024,Oligodendrocytes,12.5,0.0679,0.398,0.171,0.865,0.963,0.977,PD
2065,CTC-329D1.3,Oligodendrocytes,37.1,-0.411,0.403,-1.02,0.307,0.695,0.74,PD
2066,CTC-329D1.2,Oligodendrocytes,99.9,0.158,0.228,0.691,0.49,0.798,0.856,PD
2067,AC005609.16,Oligodendrocytes,38,0.769,0.403,1.91,0.056,0.325,0.368,PD
2068,AC005592.2,Oligodendrocytes,35.1,0.268,0.403,0.665,0.506,0.812,0.864,PD
2069,CTC-806A22.1,Oligodendrocytes,46.4,0.388,0.228,1.7,0.0892,0.414,0.454,PD
2070,RP11-118M9.3,Oligodendrocytes,22.4,0.359,0.478,0.753,0.452,0.782,0.832,PD
2071,CTB-99A3.1,Oligodendrocytes,8.91,-0.246,0.622,-0.395,0.693,0.908,0.932,PD
2072,JAKMIP2-AS1,Oligodendrocytes,34.9,0.601,0.462,1.3,0.193,0.573,0.631,PD
2073,RP11-373N22.3,Oligodendrocytes,447,0.00637,0.168,0.038,0.97,0.988,0.992,PD
2074,CTC-529P8.1,Oligodendrocytes,486,-0.478,0.221,-2.16,0.0307,0.238,0.286,PD
2075,GRPEL2-AS1,Oligodendrocytes,16.2,0.148,0.436,0.339,0.734,0.921,0.943,PD
2076,CTC-367J11.1,Oligodendrocytes,11.6,-0.532,0.415,-1.28,0.2,0.585,0.64,PD
2077,CTB-12O2.1,Oligodendrocytes,24.4,-0.426,0.366,-1.16,0.244,0.631,0.686,PD
2078,LINC01470,Oligodendrocytes,144,0.0678,0.586,0.116,0.908,0.973,0.984,PD
2079,SAP30L-AS1,Oligodendrocytes,59.3,-0.25,0.26,-0.964,0.335,0.724,0.762,PD
2080,CTB-47B11.3,Oligodendrocytes,10.3,-1.82,0.611,-2.98,0.00284,0.0614,0.0753,PD
2081,AC008697.1,Oligodendrocytes,7.94,0.191,0.419,0.456,0.649,0.887,0.919,PD
2082,RP11-167P20.1,Oligodendrocytes,448,-0.0866,0.179,-0.485,0.628,0.88,0.913,PD
2083,CTC-340A15.2,Oligodendrocytes,213,-5.44,1.28,-4.25,2.17E-05,0.00398,0.004,PD
2084,LINC01484,Oligodendrocytes,21.5,0.758,0.709,1.07,0.285,0.676,0.721,PD
2085,LINC01411,Oligodendrocytes,193,-0.483,0.217,-2.23,0.0257,0.215,0.257,PD
2086,PRR7-AS1,Oligodendrocytes,18,-0.795,0.34,-2.34,0.0193,0.186,0.22,PD
2087,RP11-1277A3.1,Oligodendrocytes,8.38,0.175,0.449,0.389,0.697,0.908,0.932,PD
2088,RP11-1252I4.2,Oligodendrocytes,14.3,0.328,0.367,0.894,0.371,0.745,0.79,PD
2089,RP11-281O15.4,Oligodendrocytes,18.5,0.134,0.363,0.368,0.713,0.913,0.936,PD
2090,RP11-1379J22.2,Oligodendrocytes,13.4,0.853,0.516,1.65,0.0981,0.427,0.47,PD
2091,CTB-129O4.1,Oligodendrocytes,15.8,0.321,0.498,0.644,0.519,0.82,0.87,PD
2092,LINC00847,Oligodendrocytes,46.6,0.512,0.328,1.56,0.119,0.458,0.512,PD
2093,CTC-338M12.5,Oligodendrocytes,16.3,0.206,0.434,0.475,0.635,0.882,0.913,PD
2094,AC138035.2,Oligodendrocytes,25.1,-0.435,0.338,-1.29,0.199,0.585,0.639,PD
2095,RP11-532F6.4,Oligodendrocytes,12.3,-0.941,0.455,-2.07,0.0387,0.27,0.319,PD
2096,GMDS-AS1,Oligodendrocytes,655,-0.242,0.253,-0.955,0.34,0.724,0.765,PD
2097,RP1-40E16.9,Oligodendrocytes,11,-0.197,0.4,-0.493,0.622,0.878,0.91,PD
2098,RP1-223B1.1,Oligodendrocytes,639,-0.68,0.363,-1.87,0.0612,0.337,0.383,PD
2099,RP11-428J1.4,Oligodendrocytes,9.79,0.318,0.403,0.788,0.431,0.777,0.824,PD
2100,RP11-69L16.4,Oligodendrocytes,12.5,0.715,0.488,1.46,0.143,0.495,0.552,PD
2101,RP11-421M1.8,Oligodendrocytes,8.29,-1.03,0.423,-2.43,0.0149,0.164,0.195,PD
2102,RP3-510L9.1,Oligodendrocytes,75.3,0.034,0.203,0.167,0.867,0.963,0.977,PD
2103,RP11-146I2.1,Oligodendrocytes,10.6,-0.376,0.461,-0.817,0.414,0.767,0.812,PD
2104,RP4-625H18.2,Oligodendrocytes,25.6,-0.145,0.312,-0.465,0.642,0.883,0.916,PD
2105,RP11-239H6.2,Oligodendrocytes,61.5,-0.784,0.292,-2.69,0.00721,0.105,0.13,PD
2106,RP3-348I23.2,Oligodendrocytes,12.3,-0.0365,0.487,-0.075,0.94,0.985,0.989,PD
2107,CASC15,Oligodendrocytes,59.8,-0.301,0.304,-0.99,0.322,0.711,0.753,PD
2108,RP11-457M11.5,Oligodendrocytes,39.5,0.295,0.353,0.835,0.403,0.762,0.806,PD
2109,LINC00240,Oligodendrocytes,110,-0.379,0.23,-1.65,0.0988,0.427,0.471,PD
2110,RP1-313I6.12,Oligodendrocytes,21.9,-0.634,0.372,-1.7,0.0882,0.412,0.453,PD
2111,ZSCAN16-AS1,Oligodendrocytes,104,0.399,0.304,1.31,0.189,0.572,0.626,PD
2112,HCG17,Oligodendrocytes,375,0.128,0.241,0.531,0.596,0.868,0.901,PD
2113,HCG27,Oligodendrocytes,24.9,0.122,0.344,0.355,0.722,0.917,0.939,PD
2114,XXbac-BPG154L12.4,Oligodendrocytes,364,0.27,0.322,0.838,0.402,0.762,0.806,PD
2115,HCG25,Oligodendrocytes,23.7,-0.459,0.351,-1.31,0.191,0.572,0.627,PD
2116,DAXX,Oligodendrocytes,27.9,0.401,0.352,1.14,0.255,0.645,0.697,PD
2117,PHF1,Oligodendrocytes,94.6,0.302,0.349,0.865,0.387,0.75,0.795,PD
2118,XXbac-BPG294E21.9,Oligodendrocytes,17.9,-0.218,0.36,-0.607,0.544,0.834,0.878,PD
2119,RP11-140K17.3,Oligodendrocytes,28.8,0.44,0.416,1.06,0.29,0.682,0.727,PD
2120,RP3-329A5.8,Oligodendrocytes,9.38,-0.222,0.449,-0.493,0.622,0.878,0.91,PD
2121,RP1-179N16.6,Oligodendrocytes,109,-0.168,0.209,-0.802,0.422,0.773,0.817,PD
2122,RP11-61I13.3,Oligodendrocytes,17.5,0.13,0.604,0.216,0.829,0.946,0.968,PD
2123,RP3-475N16.1,Oligodendrocytes,23.1,0.335,0.335,0.999,0.318,0.705,0.748,PD
2124,RP1-8B1.4,Oligodendrocytes,61.7,-0.298,0.269,-1.11,0.268,0.66,0.708,PD
2125,RP11-795J1.1,Oligodendrocytes,55,0.175,0.319,0.549,0.583,0.861,0.895,PD
2126,TRAM2-AS1,Oligodendrocytes,9.64,0.0172,0.472,0.0365,0.971,0.988,0.992,PD
2127,RP3-523E19.2,Oligodendrocytes,40.1,0.26,0.531,0.489,0.625,0.88,0.912,PD
2128,RP11-472M19.2,Oligodendrocytes,15.3,0.441,0.406,1.09,0.277,0.672,0.715,PD
2129,RP11-203B9.4,Oligodendrocytes,34.2,0.13,0.47,0.277,0.782,0.938,0.956,PD
2130,XXbac-BPGBPG55C20.1,Oligodendrocytes,8.73,0.12,0.517,0.232,0.817,0.942,0.965,PD
2131,XXbac-BPGBPG55C20.2,Oligodendrocytes,73.7,0.0247,0.268,0.0923,0.926,0.982,0.986,PD
2132,XXbac-BPG55C20.7,Oligodendrocytes,346,0.418,0.305,1.37,0.171,0.546,0.6,PD
2133,RP3-525N10.2,Oligodendrocytes,198,-0.39,0.256,-1.53,0.127,0.475,0.529,PD
2134,RP11-398K22.12,Oligodendrocytes,83.8,-0.148,0.261,-0.568,0.57,0.856,0.891,PD
2135,RP11-554D15.1,Oligodendrocytes,13.5,0.981,0.534,1.84,0.0661,0.352,0.4,PD
2136,RP11-554D15.3,Oligodendrocytes,10.5,0.532,0.491,1.08,0.278,0.672,0.716,PD
2137,RP1-234P15.4,Oligodendrocytes,43.9,-0.281,0.311,-0.906,0.365,0.739,0.786,PD
2138,RP11-250B2.3,Oligodendrocytes,19.1,0.206,0.374,0.552,0.581,0.86,0.894,PD
2139,RP4-676J13.2,Oligodendrocytes,16.5,1.29,0.517,2.49,0.0129,0.152,0.18,PD
2140,MANEA-AS1,Oligodendrocytes,13.6,0.0724,0.429,0.169,0.866,0.963,0.977,PD
2141,UFL1-AS1,Oligodendrocytes,54.5,-0.372,0.274,-1.36,0.175,0.551,0.606,PD
2142,RP11-436D23.1,Oligodendrocytes,1610,-0.18,0.206,-0.873,0.382,0.748,0.794,PD
2143,RP11-98I9.4,Oligodendrocytes,45.8,-0.567,0.246,-2.31,0.021,0.196,0.231,PD
2144,BVES-AS1,Oligodendrocytes,126,0.285,0.184,1.54,0.123,0.466,0.518,PD
2145,LINC00222,Oligodendrocytes,12.4,0.302,0.483,0.626,0.531,0.828,0.874,PD
2146,TRAF3IP2-AS1,Oligodendrocytes,613,-0.0295,0.2,-0.148,0.882,0.964,0.979,PD
2147,C6orf3,Oligodendrocytes,12.6,0.897,0.52,1.73,0.0842,0.399,0.444,PD
2148,RP3-399L15.3,Oligodendrocytes,920,0.215,0.158,1.36,0.174,0.549,0.605,PD
2149,RP11-351A11.1,Oligodendrocytes,33.7,-0.0399,0.489,-0.0817,0.935,0.984,0.988,PD
2150,RNF217-AS1,Oligodendrocytes,28.1,-0.962,0.495,-1.94,0.052,0.313,0.36,PD
2151,RP11-624M8.1,Oligodendrocytes,21.6,-0.468,0.371,-1.26,0.207,0.593,0.649,PD
2152,NCOA7-AS1,Oligodendrocytes,13,0.575,0.48,1.2,0.231,0.619,0.675,PD
2153,RP11-527F13.1,Oligodendrocytes,38.4,0.769,0.336,2.29,0.022,0.2,0.238,PD
2154,RP11-103C16.2,Oligodendrocytes,12.7,-0.0731,0.624,-0.117,0.907,0.972,0.983,PD
2155,RP11-69I8.3,Oligodendrocytes,79.3,-0.54,0.295,-1.83,0.0676,0.352,0.401,PD
2156,TARID,Oligodendrocytes,17.5,-0.0268,0.433,-0.062,0.951,0.988,0.991,PD
2157,RP11-557H15.3,Oligodendrocytes,41.8,-0.802,0.357,-2.24,0.0248,0.212,0.254,PD
2158,RP11-557H15.4,Oligodendrocytes,137,-1.73,0.365,-4.75,2.02E-06,0.00126,0.000901,PD
2159,LINC00271,Oligodendrocytes,109,-0.602,0.295,-2.04,0.0413,0.282,0.326,PD
2160,RP3-406A7.7,Oligodendrocytes,106,0.584,0.409,1.43,0.153,0.513,0.57,PD
2161,RP11-390P2.4,Oligodendrocytes,7.83,-0.472,0.488,-0.966,0.334,0.724,0.76,PD
2162,RP1-225E12.2,Oligodendrocytes,18.5,0.216,0.399,0.542,0.588,0.863,0.897,PD
2163,LINC01277,Oligodendrocytes,28.4,-0.56,0.425,-1.32,0.188,0.569,0.623,PD
2164,RP11-545I5.3,Oligodendrocytes,110,-1.05,0.331,-3.17,0.00153,0.0444,0.0535,PD
2165,STXBP5-AS1,Oligodendrocytes,49.1,0.125,0.332,0.378,0.706,0.91,0.934,PD
2166,RP11-350J20.5,Oligodendrocytes,22.2,0.612,0.373,1.64,0.101,0.428,0.475,PD
2167,RAET1E-AS1,Oligodendrocytes,15.8,-0.434,0.617,-0.703,0.482,0.794,0.851,PD
2168,RP1-292B18.4,Oligodendrocytes,11.7,0.332,0.381,0.871,0.384,0.748,0.794,PD
2169,RP1-101K10.6,Oligodendrocytes,35.8,-0.262,0.244,-1.08,0.282,0.675,0.718,PD
2170,RP11-477D19.2,Oligodendrocytes,10.8,-0.421,0.438,-0.962,0.336,0.724,0.762,PD
2171,RP1-111C20.4,Oligodendrocytes,97.3,0.0226,0.179,0.126,0.9,0.968,0.982,PD
2172,PACRG-AS3,Oligodendrocytes,219,-0.158,0.365,-0.434,0.664,0.896,0.923,PD
2173,PACRG-AS1,Oligodendrocytes,23.1,0.247,0.285,0.866,0.387,0.75,0.795,PD
2174,CAHM,Oligodendrocytes,56.2,-0.119,0.364,-0.328,0.743,0.921,0.944,PD
2175,RP1-168L15.5,Oligodendrocytes,11.7,0.0425,0.42,0.101,0.919,0.979,0.985,PD
2176,RP1-167A14.2,Oligodendrocytes,58.2,-0.505,0.34,-1.48,0.138,0.489,0.544,PD
2177,AFDN-AS1,Oligodendrocytes,21.6,-0.566,0.312,-1.81,0.0701,0.359,0.408,PD
2178,RP1-266L20.4,Oligodendrocytes,39.9,-0.0769,0.332,-0.231,0.817,0.942,0.965,PD
2179,PSMB1,Oligodendrocytes,236,0.34,0.229,1.49,0.137,0.489,0.543,PD
2180,AC093627.9,Oligodendrocytes,16.8,0.07,0.319,0.22,0.826,0.944,0.968,PD
2181,AC093627.12,Oligodendrocytes,20.5,0.694,0.35,1.99,0.0471,0.299,0.347,PD
2182,RP11-449P15.2,Oligodendrocytes,37.1,-0.443,0.417,-1.06,0.289,0.68,0.726,PD
2183,AC091729.9,Oligodendrocytes,20.3,0.293,0.372,0.787,0.431,0.777,0.824,PD
2184,PSMG3-AS1,Oligodendrocytes,15.9,-0.611,0.333,-1.83,0.0665,0.352,0.401,PD
2185,RP11-1275H24.2,Oligodendrocytes,16.6,-0.152,0.388,-0.393,0.694,0.908,0.932,PD
2186,AC073343.13,Oligodendrocytes,37.3,-0.163,0.315,-0.519,0.604,0.869,0.904,PD
2187,RP5-1159O4.2,Oligodendrocytes,14,-0.383,0.418,-0.916,0.36,0.737,0.782,PD
2188,RP5-1159O4.1,Oligodendrocytes,29.1,-0.354,0.3,-1.18,0.237,0.623,0.679,PD
2189,AC011288.2,Oligodendrocytes,18.8,0.783,0.484,1.62,0.105,0.439,0.485,PD
2190,AC003075.4,Oligodendrocytes,39.2,-1.6,0.56,-2.86,0.00418,0.0735,0.092,PD
2191,AC004540.5,Oligodendrocytes,102,-0.443,0.283,-1.56,0.118,0.457,0.51,PD
2192,JAZF1-AS1,Oligodendrocytes,20,-0.892,0.57,-1.57,0.117,0.456,0.509,PD
2193,AC007255.8,Oligodendrocytes,21.1,-0.385,0.57,-0.676,0.499,0.806,0.862,PD
2194,AC007285.6,Oligodendrocytes,61.7,-0.573,0.253,-2.27,0.0234,0.205,0.246,PD
2195,LINC00997,Oligodendrocytes,17.1,0.784,0.476,1.65,0.0994,0.427,0.472,PD
2196,RP11-379H18.1,Oligodendrocytes,35.1,0.537,0.353,1.52,0.128,0.475,0.529,PD
2197,AC018647.3,Oligodendrocytes,83.2,-0.518,0.427,-1.21,0.225,0.615,0.672,PD
2198,SEPT7-AS1,Oligodendrocytes,53.8,-0.698,0.251,-2.77,0.00553,0.0877,0.11,PD
2199,ELMO1-AS1,Oligodendrocytes,120,0.663,0.439,1.51,0.131,0.48,0.534,PD
2200,LINC00265,Oligodendrocytes,53.4,-0.224,0.251,-0.895,0.371,0.745,0.79,PD
2201,AC004951.6,Oligodendrocytes,25.7,-0.0792,0.317,-0.25,0.803,0.941,0.961,PD
2202,LINC00957,Oligodendrocytes,19.8,0.473,0.436,1.08,0.278,0.672,0.716,PD
2203,SNHG15,Oligodendrocytes,19.6,0.289,0.36,0.803,0.422,0.773,0.817,PD
2204,RP4-724E13.2,Oligodendrocytes,10.2,0.125,0.434,0.288,0.774,0.936,0.953,PD
2205,LINC01445,Oligodendrocytes,163,-0.153,0.188,-0.815,0.415,0.767,0.813,PD
2206,RP11-745C15.2,Oligodendrocytes,9.31,-1.09,0.471,-2.31,0.021,0.196,0.231,PD
2207,RP11-340I6.8,Oligodendrocytes,23.4,0.513,0.337,1.52,0.128,0.475,0.529,PD
2208,RP5-1132H15.1,Oligodendrocytes,18,-0.0456,0.472,-0.0966,0.923,0.979,0.986,PD
2209,GS1-124K5.4,Oligodendrocytes,24.1,0.379,0.3,1.26,0.207,0.593,0.649,PD
2210,RP11-792A8.4,Oligodendrocytes,52.1,0.287,0.3,0.954,0.34,0.724,0.765,PD
2211,RP11-458F8.4,Oligodendrocytes,17.3,-0.232,0.38,-0.61,0.542,0.834,0.877,PD
2212,RP11-166O4.6,Oligodendrocytes,34.8,0.225,0.334,0.673,0.501,0.808,0.862,PD
2213,LINC01372,Oligodendrocytes,20.4,0.117,0.414,0.282,0.778,0.937,0.954,PD
2214,AC004878.2,Oligodendrocytes,20.4,0.739,0.546,1.35,0.176,0.552,0.608,PD
2215,APTR,Oligodendrocytes,81.3,0.328,0.257,1.27,0.203,0.587,0.643,PD
2216,RP5-1093G23.1,Oligodendrocytes,44.6,0.0426,0.441,0.0965,0.923,0.979,0.986,PD
2217,AC005009.2,Oligodendrocytes,25,0.331,0.39,0.849,0.396,0.754,0.8,PD
2218,TP53TG1,Oligodendrocytes,33.2,0.0946,0.292,0.324,0.746,0.922,0.945,PD
2219,AC003991.3,Oligodendrocytes,18.3,0.732,0.368,1.99,0.0468,0.299,0.345,PD
2220,RP11-142A5.1,Oligodendrocytes,122,-0.215,0.238,-0.905,0.366,0.739,0.786,PD
2221,AC007566.10,Oligodendrocytes,495,-0.14,0.164,-0.853,0.394,0.754,0.8,PD
2222,AC002451.3,Oligodendrocytes,20.1,-0.756,0.346,-2.19,0.0288,0.229,0.274,PD
2223,RP11-506M12.1,Oligodendrocytes,9.04,0.451,0.447,1.01,0.314,0.701,0.745,PD
2224,RP11-126L15.4,Oligodendrocytes,10.9,-0.708,0.399,-1.78,0.0757,0.377,0.422,PD
2225,RP11-514P8.8,Oligodendrocytes,36.5,-0.0365,0.348,-0.105,0.916,0.979,0.984,PD
2226,LINC01004,Oligodendrocytes,260,0.291,0.187,1.56,0.119,0.458,0.514,PD
2227,KMT2E-AS1,Oligodendrocytes,26.5,0.838,0.412,2.03,0.042,0.283,0.327,PD
2228,CTB-152G17.6,Oligodendrocytes,18.6,0.469,0.4,1.17,0.242,0.629,0.684,PD
2229,AC004112.4,Oligodendrocytes,13.1,-1.18,0.373,-3.18,0.00149,0.0444,0.0528,PD
2230,AC002066.1,Oligodendrocytes,58.1,0.461,0.38,1.21,0.225,0.615,0.671,PD
2231,RP11-560I19.1,Oligodendrocytes,13,-0.68,0.391,-1.74,0.0819,0.396,0.44,PD
2232,RP5-1101C3.1,Oligodendrocytes,8.05,-0.507,0.478,-1.06,0.288,0.68,0.726,PD
2233,RP11-390E23.6,Oligodendrocytes,13.1,0.746,0.441,1.69,0.0906,0.414,0.457,PD
2234,RP4-630C24.3,Oligodendrocytes,842,0.164,0.232,0.709,0.479,0.794,0.85,PD
2235,RP5-921G16.1,Oligodendrocytes,942,0.473,0.227,2.08,0.0373,0.264,0.311,PD
2236,POT1-AS1,Oligodendrocytes,406,-0.246,0.155,-1.59,0.111,0.446,0.495,PD
2237,RP11-3B12.2,Oligodendrocytes,116,0.101,0.292,0.347,0.729,0.921,0.941,PD
2238,RP11-212P7.2,Oligodendrocytes,80.3,0.141,0.294,0.48,0.631,0.882,0.913,PD
2239,RP11-274B21.10,Oligodendrocytes,22.1,0.368,0.422,0.871,0.384,0.748,0.794,PD
2240,RP11-274B21.9,Oligodendrocytes,14.8,0.438,0.489,0.897,0.37,0.744,0.789,PD
2241,RP11-448A19.1,Oligodendrocytes,34,0.191,0.351,0.545,0.586,0.863,0.896,PD
2242,RP11-306G20.1,Oligodendrocytes,10.6,-0.21,0.386,-0.544,0.587,0.863,0.897,PD
2243,AC016831.7,Oligodendrocytes,158,1.31,0.452,2.9,0.00374,0.0695,0.0862,PD
2244,RP11-138A9.2,Oligodendrocytes,54.4,0.978,0.573,1.71,0.0879,0.412,0.452,PD
2245,RP11-134L10.1,Oligodendrocytes,25.8,0.87,0.4,2.17,0.0297,0.233,0.28,PD
2246,RP11-744I24.2,Oligodendrocytes,43.3,-0.551,0.291,-1.89,0.0581,0.33,0.374,PD
2247,RP5-894A10.2,Oligodendrocytes,135,0.264,0.304,0.869,0.385,0.748,0.794,PD
2248,RP11-556I13.2,Oligodendrocytes,12.8,-0.183,0.437,-0.418,0.676,0.899,0.926,PD
2249,AC073342.12,Oligodendrocytes,147,0.103,0.223,0.461,0.645,0.885,0.917,PD
2250,RP11-563K23.1,Oligodendrocytes,7.61,0.614,0.481,1.28,0.202,0.587,0.642,PD
2251,AC093673.5,Oligodendrocytes,9.81,1.11,0.416,2.67,0.00754,0.107,0.133,PD
2252,RP4-545C24.1,Oligodendrocytes,16,1.36,0.742,1.83,0.0673,0.352,0.401,PD
2253,ATP6V0E2-AS1,Oligodendrocytes,15.9,0.64,0.322,1.99,0.0467,0.299,0.345,PD
2254,RP4-548D19.3,Oligodendrocytes,13,-0.0139,0.457,-0.0304,0.976,0.99,0.994,PD
2255,LINC01003,Oligodendrocytes,13.1,0.111,0.377,0.294,0.769,0.935,0.952,PD
2256,PAXIP1-AS1,Oligodendrocytes,36.4,-0.0383,0.235,-0.163,0.871,0.963,0.977,PD
2257,AC144652.1,Oligodendrocytes,27.6,0.987,0.312,3.16,0.00158,0.045,0.0544,PD
2258,AC008060.7,Oligodendrocytes,21.5,1.36,0.618,2.21,0.0273,0.223,0.266,PD
2259,AC009403.2,Oligodendrocytes,151,-0.0407,0.171,-0.238,0.812,0.942,0.963,PD
2260,LINC01006,Oligodendrocytes,118,-0.757,0.307,-2.47,0.0136,0.156,0.185,PD
2261,LINC00685,Oligodendrocytes,181,0.235,0.444,0.528,0.597,0.868,0.901,PD
2262,RP13-465B17.4,Oligodendrocytes,14.5,-0.783,0.48,-1.63,0.103,0.434,0.479,PD
2263,LINC00106,Oligodendrocytes,41.3,-0.146,0.299,-0.488,0.625,0.88,0.912,PD
2264,ASMTL-AS1,Oligodendrocytes,16.7,-0.722,0.43,-1.68,0.0933,0.416,0.462,PD
2265,RP11-1M18.1,Oligodendrocytes,18.3,-0.18,0.465,-0.386,0.699,0.908,0.933,PD
2266,RP11-120D5.1,Oligodendrocytes,139,-0.364,0.18,-2.02,0.0433,0.286,0.331,PD
2267,PTCHD1-AS,Oligodendrocytes,21.1,-0.508,0.431,-1.18,0.239,0.627,0.681,PD
2268,RP11-268G12.3,Oligodendrocytes,13.2,-0.391,0.42,-0.932,0.352,0.729,0.774,PD
2269,RP11-305F18.1,Oligodendrocytes,15.6,0.603,0.692,0.871,0.384,0.748,0.794,PD
2270,RP11-342D14.1,Oligodendrocytes,18.1,-0.314,0.431,-0.729,0.466,0.79,0.841,PD
2271,LINC01545,Oligodendrocytes,8.74,0.411,0.451,0.91,0.363,0.739,0.784,PD
2272,AF196970.3,Oligodendrocytes,21.1,0.0536,0.374,0.143,0.886,0.964,0.98,PD
2273,KANTR,Oligodendrocytes,424,0.235,0.177,1.33,0.185,0.565,0.619,PD
2274,RP13-188A5.1,Oligodendrocytes,170,-0.22,0.202,-1.09,0.275,0.672,0.714,PD
2275,JPX,Oligodendrocytes,836,-0.111,0.26,-0.428,0.669,0.896,0.924,PD
2276,FTX,Oligodendrocytes,3600,0.203,0.182,1.11,0.266,0.658,0.706,PD
2277,MIR325HG,Oligodendrocytes,902,-0.688,0.235,-2.92,0.0035,0.0674,0.0832,PD
2278,DIAPH2-AS1,Oligodendrocytes,43.1,1.25,0.524,2.39,0.0166,0.174,0.207,PD
2279,LINC00630,Oligodendrocytes,108,-0.168,0.183,-0.917,0.359,0.737,0.782,PD
2280,LL0XNC01-237H1.2,Oligodendrocytes,24.8,0.221,0.361,0.611,0.541,0.834,0.877,PD
2281,MORF4L2-AS1,Oligodendrocytes,11.7,-0.201,0.373,-0.54,0.589,0.864,0.898,PD
2282,PLS3-AS1,Oligodendrocytes,98.4,-0.172,0.282,-0.611,0.541,0.834,0.877,PD
2283,DANT2,Oligodendrocytes,635,-0.385,0.248,-1.55,0.121,0.462,0.515,PD
2284,LINC01285,Oligodendrocytes,98.1,-0.385,0.239,-1.61,0.107,0.44,0.487,PD
2285,RHOXF1-AS1,Oligodendrocytes,41,0.29,0.258,1.12,0.261,0.648,0.699,PD
2286,RP4-537K23.4,Oligodendrocytes,66.4,0.387,0.322,1.2,0.229,0.619,0.675,PD
2287,FIRRE,Oligodendrocytes,287,0.129,0.224,0.577,0.564,0.851,0.887,PD
2288,RAP2C-AS1,Oligodendrocytes,110,-0.527,0.328,-1.61,0.108,0.441,0.489,PD
2289,RP11-1114A5.4,Oligodendrocytes,133,-0.0256,0.199,-0.129,0.898,0.968,0.982,PD
2290,RP11-158M9.1,Oligodendrocytes,7.66,0.145,0.536,0.27,0.787,0.94,0.957,PD
2291,LINC00632,Oligodendrocytes,298,0.184,0.197,0.937,0.349,0.729,0.772,PD
2292,CDR1-AS,Oligodendrocytes,65,0.0255,0.308,0.0829,0.934,0.984,0.987,PD
2293,SPANXA2-OT1,Oligodendrocytes,163,-0.998,0.269,-3.71,0.000207,0.0137,0.0151,PD
2294,LINC00894,Oligodendrocytes,594,-0.0605,0.18,-0.336,0.737,0.921,0.944,PD
2295,U52111.14,Oligodendrocytes,8.78,0.596,0.481,1.24,0.215,0.601,0.661,PD
2296,XX-FW83563B9.5,Oligodendrocytes,9.49,0.484,0.475,1.02,0.308,0.697,0.741,PD
2297,CH17-340M24.3,Oligodendrocytes,42.6,-0.166,0.305,-0.543,0.587,0.863,0.897,PD
2298,TMLHE-AS1,Oligodendrocytes,49.4,-0.48,0.325,-1.47,0.14,0.491,0.547,PD
2299,CTD-2336O2.1,Oligodendrocytes,41.3,0.0176,0.351,0.0502,0.96,0.988,0.991,PD
2300,GS1-57L11.1,Oligodendrocytes,19.9,-0.46,0.538,-0.855,0.393,0.754,0.799,PD
2301,RP11-124B13.1,Oligodendrocytes,10.6,0.143,0.541,0.264,0.792,0.94,0.958,PD
2302,RP11-115C21.2,Oligodendrocytes,11.7,0.32,0.43,0.745,0.456,0.785,0.835,PD
2303,MCPH1-AS1,Oligodendrocytes,184,0.232,0.215,1.08,0.282,0.675,0.718,PD
2304,FAM66B,Oligodendrocytes,109,-0.372,0.33,-1.13,0.26,0.648,0.699,PD
2305,FAM85B,Oligodendrocytes,271,0.219,0.279,0.785,0.433,0.777,0.824,PD
2306,RP11-10A14.4,Oligodendrocytes,14.3,-0.6,0.43,-1.4,0.163,0.533,0.587,PD
2307,RP11-1E4.1,Oligodendrocytes,22.1,0.612,0.329,1.86,0.0625,0.342,0.387,PD
2308,LINCR-0001,Oligodendrocytes,38.6,1.33,0.404,3.29,0.00101,0.0351,0.0391,PD
2309,RP11-981G7.6,Oligodendrocytes,15.5,1.3,0.528,2.46,0.0138,0.156,0.187,PD
2310,RP11-297N6.4,Oligodendrocytes,9.97,0.128,0.523,0.245,0.806,0.941,0.962,PD
2311,FAM66D,Oligodendrocytes,349,-0.726,0.357,-2.03,0.0423,0.284,0.328,PD
2312,AC145124.2,Oligodendrocytes,15.4,-0.42,0.476,-0.883,0.377,0.748,0.792,PD
2313,FAM66A,Oligodendrocytes,29.6,0.292,0.462,0.633,0.527,0.825,0.873,PD
2314,RP11-468H14.2,Oligodendrocytes,14.3,0.252,0.36,0.701,0.483,0.794,0.851,PD
2315,RP11-156K13.1,Oligodendrocytes,355,-0.659,0.289,-2.28,0.0227,0.203,0.241,PD
2316,RP11-161I2.1,Oligodendrocytes,12.1,-0.0176,0.604,-0.0292,0.977,0.99,0.994,PD
2317,RP11-624C23.1,Oligodendrocytes,36.3,0.657,0.334,1.97,0.0493,0.305,0.352,PD
2318,GS1-72M22.1,Oligodendrocytes,10.7,0.549,0.484,1.13,0.257,0.646,0.697,PD
2319,RP11-16P20.3,Oligodendrocytes,9.71,-0.438,0.477,-0.917,0.359,0.737,0.782,PD
2320,EXTL3-AS1,Oligodendrocytes,8.34,-1.39,0.466,-2.98,0.00292,0.0614,0.0763,PD
2321,CTD-2647L4.1,Oligodendrocytes,34.8,0.212,0.485,0.437,0.662,0.894,0.922,PD
2322,RP11-51J9.5,Oligodendrocytes,23.4,0.346,0.486,0.713,0.476,0.794,0.847,PD
2323,RP11-11N9.4,Oligodendrocytes,20.1,-0.139,0.412,-0.338,0.736,0.921,0.943,PD
2324,RP11-360L9.4,Oligodendrocytes,12.5,-0.237,0.352,-0.674,0.5,0.808,0.862,PD
2325,RP11-1134I14.8,Oligodendrocytes,13.5,0.237,0.516,0.46,0.646,0.885,0.917,PD
2326,RP11-110G21.1,Oligodendrocytes,52.8,-0.339,0.283,-1.2,0.231,0.619,0.675,PD
2327,RP11-1023P17.2,Oligodendrocytes,9.32,0.597,0.703,0.849,0.396,0.754,0.8,PD
2328,LINC01301,Oligodendrocytes,74.8,-0.142,0.283,-0.5,0.617,0.877,0.907,PD
2329,AC022182.1,Oligodendrocytes,45,-1.15,0.332,-3.45,0.000554,0.0247,0.0258,PD
2330,RP11-32K4.1,Oligodendrocytes,15.3,-0.417,0.4,-1.04,0.297,0.689,0.733,PD
2331,LINC01299,Oligodendrocytes,19.8,-1.19,0.56,-2.13,0.0329,0.248,0.297,PD
2332,RP11-326E22.1,Oligodendrocytes,12.9,1.06,0.509,2.09,0.0362,0.259,0.307,PD
2333,RP11-531A24.5,Oligodendrocytes,35.6,0.345,0.233,1.48,0.138,0.489,0.544,PD
2334,RP11-463D19.1,Oligodendrocytes,33,0.236,0.553,0.427,0.669,0.896,0.924,PD
2335,MIR2052HG,Oligodendrocytes,236,1.09,0.409,2.66,0.0079,0.111,0.136,PD
2336,ZFHX4-AS1,Oligodendrocytes,27.3,-1.3,0.347,-3.74,0.000182,0.0131,0.0143,PD
2337,RP11-48B3.5,Oligodendrocytes,16.5,-0.373,0.388,-0.959,0.337,0.724,0.763,PD
2338,RP11-157I4.4,Oligodendrocytes,8.54,-0.00887,0.463,-0.0191,0.985,0.994,0.996,PD
2339,CA3-AS1,Oligodendrocytes,16.9,1.33,0.417,3.2,0.00138,0.044,0.05,PD
2340,CTA-392E5.1,Oligodendrocytes,26.8,0.933,0.388,2.4,0.0163,0.172,0.205,PD
2341,RP11-37B2.1,Oligodendrocytes,349,0.175,0.206,0.85,0.395,0.754,0.8,PD
2342,LINC00534,Oligodendrocytes,26.6,0.537,0.337,1.59,0.112,0.446,0.495,PD
2343,AB015752.3,Oligodendrocytes,61,-0.424,0.375,-1.13,0.258,0.646,0.698,PD
2344,OTUD6B-AS1,Oligodendrocytes,105,0.499,0.259,1.93,0.0538,0.319,0.362,PD
2345,CTD-3239E11.2,Oligodendrocytes,18.1,0.638,0.601,1.06,0.288,0.68,0.726,PD
2346,LINC00535,Oligodendrocytes,16.7,-0.505,0.364,-1.38,0.166,0.537,0.592,PD
2347,RP11-388K12.2,Oligodendrocytes,13.3,-0.0353,0.506,-0.0697,0.944,0.988,0.99,PD
2348,CTD-2006H14.2,Oligodendrocytes,8.68,-0.105,0.519,-0.203,0.839,0.951,0.97,PD
2349,RP11-267M23.4,Oligodendrocytes,46.6,0.0439,0.252,0.174,0.862,0.963,0.977,PD
2350,C8orf37-AS1,Oligodendrocytes,41.2,-0.275,0.296,-0.93,0.352,0.729,0.775,PD
2351,RP11-410L14.2,Oligodendrocytes,146,0.0864,0.162,0.534,0.594,0.868,0.9,PD
2352,KB-1460A1.5,Oligodendrocytes,45.9,0.79,0.403,1.96,0.0501,0.307,0.354,PD
2353,UBR5-AS1,Oligodendrocytes,25.8,-0.508,0.353,-1.44,0.15,0.508,0.563,PD
2354,AZIN1-AS1,Oligodendrocytes,145,-0.808,0.242,-3.34,0.000849,0.0334,0.035,PD
2355,KB-1507C5.4,Oligodendrocytes,30.2,-0.672,0.324,-2.07,0.0384,0.269,0.317,PD
2356,BAALC-AS1,Oligodendrocytes,74.1,1.16,0.53,2.2,0.028,0.226,0.269,PD
2357,RP11-395G23.3,Oligodendrocytes,11,0.474,0.686,0.69,0.49,0.798,0.856,PD
2358,LINC01608,Oligodendrocytes,79.2,0.286,0.517,0.553,0.58,0.86,0.894,PD
2359,LINC00536,Oligodendrocytes,39.5,0.436,0.29,1.51,0.132,0.48,0.535,PD
2360,AC023590.1,Oligodendrocytes,95.2,0.597,0.571,1.04,0.296,0.689,0.732,PD
2361,SAMD12-AS1,Oligodendrocytes,40,-0.661,0.337,-1.96,0.0503,0.307,0.354,PD
2362,RP11-760H22.2,Oligodendrocytes,46.1,0.684,0.373,1.83,0.0665,0.352,0.401,PD
2363,RP11-398G24.2,Oligodendrocytes,78.2,1.73,0.54,3.2,0.0014,0.044,0.0504,PD
2364,RP11-94A24.1,Oligodendrocytes,15.7,1.67,0.565,2.95,0.00318,0.0654,0.0796,PD
2365,RP11-96B2.1,Oligodendrocytes,9.98,1.2,0.501,2.39,0.0167,0.174,0.207,PD
2366,RP11-557C18.3,Oligodendrocytes,9.93,0.385,0.558,0.69,0.49,0.798,0.856,PD
2367,RNF139-AS1,Oligodendrocytes,16.5,0.0928,0.321,0.289,0.773,0.936,0.953,PD
2368,PCAT1,Oligodendrocytes,41.6,-0.0175,0.402,-0.0435,0.965,0.988,0.991,PD
2369,CCDC26,Oligodendrocytes,17.8,0.0604,0.403,0.15,0.881,0.964,0.979,PD
2370,RP11-30J20.1,Oligodendrocytes,15.1,0.79,0.538,1.47,0.142,0.494,0.55,PD
2371,RP11-238K6.1,Oligodendrocytes,9.92,0.164,0.533,0.308,0.758,0.931,0.948,PD
2372,CTA-204B4.2,Oligodendrocytes,147,-0.00395,0.252,-0.0157,0.988,0.995,0.997,PD
2373,RP11-953B20.1,Oligodendrocytes,15.2,0.732,0.361,2.03,0.0425,0.284,0.329,PD
2374,MINCR,Oligodendrocytes,23.7,0.649,0.431,1.51,0.132,0.48,0.535,PD
2375,VLDLR-AS1,Oligodendrocytes,497,0.367,0.288,1.27,0.203,0.587,0.643,PD
2376,RFX3-AS1,Oligodendrocytes,456,-0.896,0.254,-3.53,0.000423,0.0202,0.0222,PD
2377,CDC37L1-AS1,Oligodendrocytes,11.8,-0.272,0.423,-0.643,0.52,0.82,0.87,PD
2378,RP11-207C16.4,Oligodendrocytes,9.18,0.31,0.424,0.731,0.465,0.79,0.84,PD
2379,RP11-307L3.4,Oligodendrocytes,13.8,0.559,0.472,1.18,0.236,0.623,0.679,PD
2380,RP11-390F4.10,Oligodendrocytes,8.25,0.316,0.511,0.619,0.536,0.832,0.875,PD
2381,PTPRD-AS1,Oligodendrocytes,35,0.00351,0.436,0.00806,0.994,0.996,0.998,PD
2382,LURAP1L-AS1,Oligodendrocytes,201,-0.0672,0.83,-0.081,0.935,0.984,0.988,PD
2383,RP11-408A13.4,Oligodendrocytes,10.8,-0.262,0.492,-0.532,0.595,0.868,0.9,PD
2384,CDKN2B-AS1,Oligodendrocytes,8.46,-0.657,0.654,-1,0.315,0.702,0.747,PD
2385,LINC01242,Oligodendrocytes,11.3,-0.991,0.589,-1.68,0.0922,0.415,0.459,PD
2386,CYP4F26P,Oligodendrocytes,9.34,0.871,0.5,1.74,0.0818,0.396,0.44,PD
2387,PTENP1-AS,Oligodendrocytes,25.5,0.0729,0.314,0.233,0.816,0.942,0.965,PD
2388,RP11-384P7.7,Oligodendrocytes,9.49,-0.0375,0.457,-0.082,0.935,0.984,0.987,PD
2389,RP11-195F19.9,Oligodendrocytes,9.68,-0.336,0.44,-0.763,0.446,0.782,0.829,PD
2390,EBLN3P,Oligodendrocytes,101,0.0134,0.303,0.0444,0.965,0.988,0.991,PD
2391,FAM201A,Oligodendrocytes,40.1,0.216,0.294,0.734,0.463,0.79,0.84,PD
2392,GLIDR,Oligodendrocytes,267,-0.844,0.203,-4.16,3.24E-05,0.00536,0.005,PD
2393,FAM95B1,Oligodendrocytes,9.2,-0.444,0.641,-0.693,0.488,0.798,0.855,PD
2394,BMS1P14,Oligodendrocytes,38,-0.487,0.467,-1.04,0.296,0.689,0.732,PD
2395,CH17-80A12.1,Oligodendrocytes,11.8,0.494,0.513,0.963,0.336,0.724,0.762,PD
2396,PTGER4P2-CDK2AP2P2,Oligodendrocytes,7.83,0.413,0.501,0.824,0.41,0.765,0.809,PD
2397,RP11-374M1.4,Oligodendrocytes,12.2,0.995,0.469,2.12,0.0339,0.254,0.302,PD
2398,RP11-262H14.3,Oligodendrocytes,113,-0.348,0.417,-0.835,0.404,0.762,0.806,PD
2399,RP11-262H14.4,Oligodendrocytes,19.6,-0.0314,0.327,-0.0959,0.924,0.979,0.986,PD
2400,RP11-88I18.2,Oligodendrocytes,70.1,-0.0651,0.293,-0.222,0.824,0.944,0.968,PD
2401,MAMDC2-AS1,Oligodendrocytes,37.9,-0.426,0.295,-1.44,0.149,0.507,0.563,PD
2402,SMC5-AS1,Oligodendrocytes,43.6,-0.13,0.246,-0.527,0.598,0.868,0.902,PD
2403,C9orf41-AS1,Oligodendrocytes,20.7,-0.0969,0.322,-0.301,0.763,0.933,0.95,PD
2404,PCA3,Oligodendrocytes,148,1.03,0.558,1.85,0.0647,0.35,0.395,PD
2405,GNA14-AS1,Oligodendrocytes,16.3,-0.12,0.731,-0.165,0.869,0.963,0.977,PD
2406,RP11-154D17.1,Oligodendrocytes,62.9,-0.578,0.327,-1.77,0.0773,0.382,0.426,PD
2407,RP11-522I20.3,Oligodendrocytes,13.3,0.0676,0.448,0.151,0.88,0.964,0.979,PD
2408,RP11-575L7.4,Oligodendrocytes,11.7,0.297,0.539,0.55,0.582,0.861,0.895,PD
2409,RP11-213G2.2,Oligodendrocytes,25.9,-0.198,0.309,-0.641,0.521,0.82,0.871,PD
2410,GAS1RR,Oligodendrocytes,17.7,-0.533,0.366,-1.46,0.145,0.496,0.555,PD
2411,C9orf170,Oligodendrocytes,15.6,-1.4,0.469,-2.98,0.00292,0.0614,0.0763,PD
2412,LINC00484,Oligodendrocytes,8.72,0.164,0.449,0.367,0.714,0.913,0.937,PD
2413,RP11-305L7.3,Oligodendrocytes,30.5,1.28,0.318,4.04,5.39E-05,0.00593,0.00682,PD
2414,RP11-2B6.3,Oligodendrocytes,77.9,0.0324,0.196,0.165,0.869,0.963,0.977,PD
2415,LINC00476,Oligodendrocytes,223,-0.356,0.195,-1.83,0.0678,0.352,0.402,PD
2416,RP11-569G13.3,Oligodendrocytes,18.7,-0.0936,0.462,-0.202,0.84,0.951,0.97,PD
2417,RP11-535M15.1,Oligodendrocytes,59.5,0.462,0.371,1.25,0.212,0.598,0.656,PD
2418,RP11-498P14.5,Oligodendrocytes,10.7,-0.417,0.399,-1.05,0.296,0.689,0.732,PD
2419,RP11-554F20.1,Oligodendrocytes,210,-0.263,0.24,-1.09,0.274,0.669,0.711,PD
2420,STX17-AS1,Oligodendrocytes,10.5,0.343,0.388,0.884,0.377,0.748,0.792,PD
2421,TMEM246-AS1,Oligodendrocytes,80.7,-0.121,0.284,-0.425,0.671,0.897,0.925,PD
2422,LINC01505,Oligodendrocytes,3740,-0.766,0.405,-1.89,0.0587,0.33,0.375,PD
2423,RP11-508N12.2,Oligodendrocytes,19.4,0.13,0.53,0.245,0.806,0.941,0.962,PD
2424,RP11-202G18.1,Oligodendrocytes,6.78,-0.402,0.603,-0.668,0.504,0.811,0.863,PD
2425,C9orf147,Oligodendrocytes,42.6,-0.501,0.26,-1.93,0.054,0.319,0.363,PD
2426,RP11-281A20.1,Oligodendrocytes,16,0.315,0.402,0.784,0.433,0.777,0.824,PD
2427,GSN-AS1,Oligodendrocytes,14.8,0.245,0.631,0.389,0.698,0.908,0.932,PD
2428,RP11-162D16.2,Oligodendrocytes,38,-0.0547,0.272,-0.201,0.84,0.952,0.97,PD
2429,MIR181A2HG,Oligodendrocytes,124,-0.666,0.189,-3.52,0.000429,0.0202,0.0223,PD
2430,RP11-343J18.1,Oligodendrocytes,23,-0.79,0.352,-2.24,0.0248,0.212,0.254,PD
2431,RP11-228B15.4,Oligodendrocytes,15.5,-0.579,0.378,-1.53,0.125,0.471,0.524,PD
2432,SLC25A25-AS1,Oligodendrocytes,24.3,-0.105,0.321,-0.327,0.744,0.921,0.944,PD
2433,MIR219A2,Oligodendrocytes,1110,-1.25,0.408,-3.07,0.00213,0.0533,0.0645,PD
2434,RP11-216B9.6,Oligodendrocytes,14.1,0.5,0.36,1.39,0.164,0.534,0.589,PD
2435,RP11-544A12.4,Oligodendrocytes,23.6,0.257,0.531,0.484,0.628,0.88,0.913,PD
2436,RP11-544A12.8,Oligodendrocytes,25.4,0.228,0.528,0.432,0.666,0.896,0.923,PD
2437,RP11-432J22.2,Oligodendrocytes,11.5,0.34,0.433,0.784,0.433,0.777,0.824,PD
2438,SNHG7,Oligodendrocytes,106,0.102,0.295,0.346,0.73,0.921,0.942,PD
2439,C9orf139,Oligodendrocytes,7.96,-1.47,0.518,-2.84,0.00457,0.077,0.0981,PD
2440,MAN1B1-AS1,Oligodendrocytes,19.3,-0.791,0.333,-2.38,0.0174,0.177,0.212,PD
2441,ARRDC1-AS1,Oligodendrocytes,34.5,-0.329,0.283,-1.16,0.245,0.631,0.687,PD
2442,LINC01001,Oligodendrocytes,21.5,-0.333,0.435,-0.765,0.444,0.782,0.828,PD
2443,RP11-304M2.3,Oligodendrocytes,15.8,-0.165,0.683,-0.241,0.81,0.942,0.963,PD
2444,RP11-754B17.1,Oligodendrocytes,14.9,0.195,0.422,0.461,0.645,0.885,0.917,PD
2445,AP006621.5,Oligodendrocytes,62.9,0.254,0.268,0.947,0.343,0.727,0.768,PD
2446,TOLLIP-AS1,Oligodendrocytes,8.95,-0.112,0.455,-0.245,0.806,0.941,0.962,PD
2447,KRTAP5-AS1,Oligodendrocytes,10.2,-0.114,0.415,-0.274,0.784,0.939,0.956,PD
2448,CD81-AS1,Oligodendrocytes,12.4,-0.388,0.384,-1.01,0.312,0.7,0.744,PD
2449,KCNQ1OT1,Oligodendrocytes,1960,0.0553,0.241,0.229,0.819,0.942,0.965,PD
2450,KCNQ1DN,Oligodendrocytes,12.6,0.153,0.527,0.29,0.772,0.936,0.953,PD
2451,RP13-726E6.1,Oligodendrocytes,47.2,-0.0994,0.276,-0.36,0.719,0.915,0.938,PD
2452,CTD-2516F10.2,Oligodendrocytes,71.3,0.348,0.296,1.17,0.24,0.627,0.682,PD
2453,TMEM9B-AS1,Oligodendrocytes,122,-0.563,0.371,-1.52,0.129,0.478,0.532,PD
2454,CTD-2371O3.3,Oligodendrocytes,23.9,0.0042,0.374,0.0112,0.991,0.996,0.998,PD
2455,SBF2-AS1,Oligodendrocytes,16.4,0.0155,0.386,0.0402,0.968,0.988,0.991,PD
2456,RP11-1H15.2,Oligodendrocytes,29,0.398,0.39,1.02,0.307,0.695,0.74,PD
2457,MRVI1-AS1,Oligodendrocytes,70.9,0.37,0.318,1.17,0.244,0.631,0.686,PD
2458,ZBED5-AS1,Oligodendrocytes,67.3,-0.515,0.245,-2.1,0.0357,0.259,0.305,PD
2459,RP11-17A1.3,Oligodendrocytes,62.3,-0.783,0.263,-2.97,0.00293,0.0614,0.0766,PD
2460,RP11-266A24.1,Oligodendrocytes,12,-0.172,0.44,-0.391,0.696,0.908,0.932,PD
2461,BDNF-AS,Oligodendrocytes,380,-0.448,0.203,-2.2,0.0277,0.224,0.268,PD
2462,Z83001.1,Oligodendrocytes,12.1,-0.608,0.566,-1.07,0.283,0.675,0.719,PD
2463,RP1-65P5.3,Oligodendrocytes,20.4,-0.00165,0.423,-0.00391,0.997,0.997,0.999,PD
2464,CSTF3-AS1,Oligodendrocytes,19.6,0.0341,0.349,0.0978,0.922,0.979,0.986,PD
2465,RP11-472I20.3,Oligodendrocytes,43.8,0.101,0.293,0.344,0.731,0.921,0.942,PD
2466,RP11-613D13.5,Oligodendrocytes,10.1,1.4,0.481,2.91,0.00362,0.0688,0.0846,PD
2467,RP11-702F3.3,Oligodendrocytes,9.67,-0.387,0.43,-0.902,0.367,0.74,0.787,PD
2468,RP11-21A7A.2,Oligodendrocytes,65.6,0.287,0.337,0.851,0.395,0.754,0.8,PD
2469,AP001462.6,Oligodendrocytes,13.5,-1.02,0.502,-2.04,0.0412,0.282,0.326,PD
2470,NEAT1,Oligodendrocytes,13200,1.29,0.355,3.62,0.000296,0.0174,0.0179,PD
2471,MALAT1,Oligodendrocytes,85700,0.0408,0.264,0.155,0.877,0.964,0.979,PD
2472,RP11-770G2.2,Oligodendrocytes,12.3,-0.176,0.539,-0.327,0.744,0.921,0.944,PD
2473,RP11-658F2.8,Oligodendrocytes,17.8,-0.239,0.412,-0.579,0.563,0.851,0.887,PD
2474,RP11-119D9.1,Oligodendrocytes,16.4,0.165,0.413,0.398,0.69,0.908,0.931,PD
2475,AP000487.6,Oligodendrocytes,62.6,0.525,0.438,1.2,0.231,0.619,0.675,PD
2476,AP000487.5,Oligodendrocytes,51.2,0.216,0.249,0.869,0.385,0.748,0.794,PD
2477,RP11-660L16.2,Oligodendrocytes,26,0.157,0.347,0.454,0.65,0.889,0.919,PD
2478,RP11-111M22.3,Oligodendrocytes,30.3,0.0177,0.293,0.0605,0.952,0.988,0.991,PD
2479,RP11-91P24.7,Oligodendrocytes,86.3,0.0643,0.253,0.254,0.799,0.941,0.96,PD
2480,KCTD21-AS1,Oligodendrocytes,21.5,0.145,0.38,0.381,0.703,0.91,0.933,PD
2481,RP11-452H21.1,Oligodendrocytes,153,0.207,0.396,0.522,0.602,0.869,0.903,PD
2482,RP11-686G23.2,Oligodendrocytes,10.2,-0.11,0.441,-0.25,0.803,0.941,0.961,PD
2483,MIR4300HG,Oligodendrocytes,154,0.495,0.364,1.36,0.174,0.549,0.605,PD
2484,RAB30-AS1,Oligodendrocytes,413,-0.105,0.15,-0.701,0.483,0.794,0.851,PD
2485,RP11-113K21.4,Oligodendrocytes,18.4,-0.126,0.573,-0.22,0.826,0.944,0.968,PD
2486,PCF11-AS1,Oligodendrocytes,22.5,0.147,0.302,0.486,0.627,0.88,0.912,PD
2487,RP11-727A23.10,Oligodendrocytes,84.4,-0.138,0.283,-0.488,0.626,0.88,0.912,PD
2488,RP11-160H12.2,Oligodendrocytes,125,0.23,0.456,0.505,0.614,0.874,0.907,PD
2489,CTD-2537O9.1,Oligodendrocytes,15.5,-0.0161,0.503,-0.0321,0.974,0.99,0.993,PD
2490,RP11-317J19.1,Oligodendrocytes,28.2,0.561,0.368,1.52,0.127,0.475,0.529,PD
2491,RP11-867G2.8,Oligodendrocytes,9.05,0.236,0.504,0.468,0.639,0.882,0.915,PD
2492,RP11-712B9.2,Oligodendrocytes,52.3,-0.56,0.243,-2.31,0.0209,0.196,0.23,PD
2493,RP11-94P11.4,Oligodendrocytes,13.5,-0.84,0.46,-1.83,0.0675,0.352,0.401,PD
2494,RP11-819C21.1,Oligodendrocytes,25.4,0.0723,0.325,0.222,0.824,0.944,0.968,PD
2495,RP11-708B6.2,Oligodendrocytes,14.4,0.555,0.606,0.915,0.36,0.737,0.782,PD
2496,RP11-356J5.12,Oligodendrocytes,85.1,-0.297,0.199,-1.5,0.134,0.486,0.539,PD
2497,RP11-64D24.2,Oligodendrocytes,15.2,0.69,0.595,1.16,0.246,0.632,0.688,PD
2498,AP000462.2,Oligodendrocytes,47.4,0.47,0.511,0.92,0.357,0.736,0.78,PD
2499,APOA1-AS,Oligodendrocytes,9.5,-0.028,0.591,-0.0475,0.962,0.988,0.991,PD
2500,BACE1-AS,Oligodendrocytes,9.96,0.579,0.411,1.41,0.159,0.523,0.579,PD
2501,AP000892.4,Oligodendrocytes,33.2,0.191,0.358,0.534,0.593,0.868,0.899,PD
2502,RP11-770J1.3,Oligodendrocytes,17,-0.303,0.334,-0.907,0.364,0.739,0.786,PD
2503,AP002954.4,Oligodendrocytes,38.7,0.43,0.379,1.14,0.256,0.646,0.697,PD
2504,RP11-110I1.12,Oligodendrocytes,12.2,0.334,0.406,0.824,0.41,0.765,0.809,PD
2505,RP11-110I1.13,Oligodendrocytes,9.61,0.043,0.496,0.0867,0.931,0.983,0.987,PD
2506,RP11-640N11.2,Oligodendrocytes,11.7,0.149,0.555,0.269,0.788,0.94,0.958,PD
2507,RP11-716H6.1,Oligodendrocytes,15.7,-0.497,0.415,-1.2,0.231,0.619,0.676,PD
2508,RP11-716H6.2,Oligodendrocytes,10.8,-0.298,0.606,-0.491,0.623,0.879,0.911,PD
2509,CTD-2216M2.1,Oligodendrocytes,9.11,0.108,0.417,0.259,0.795,0.941,0.959,PD
2510,RP11-677M14.7,Oligodendrocytes,40.7,0.246,0.252,0.977,0.329,0.715,0.758,PD
2511,STT3A-AS1,Oligodendrocytes,10.7,0.361,0.492,0.734,0.463,0.79,0.84,PD
2512,RP11-712L6.5,Oligodendrocytes,12.9,1.79,0.539,3.32,0.000906,0.034,0.0368,PD
2513,ST3GAL4-AS1,Oligodendrocytes,16.9,0.41,0.444,0.924,0.355,0.734,0.778,PD
2514,KIRREL3-AS1,Oligodendrocytes,12.2,-0.142,0.468,-0.303,0.762,0.932,0.95,PD
2515,RP11-115C10.1,Oligodendrocytes,9.15,0.293,0.527,0.557,0.578,0.858,0.893,PD
2516,RP11-121M22.1,Oligodendrocytes,16.8,-1.36,0.5,-2.72,0.00655,0.098,0.122,PD
2517,RP11-890B15.3,Oligodendrocytes,20.3,-0.561,0.388,-1.45,0.148,0.506,0.562,PD
2518,AP003025.2,Oligodendrocytes,30.7,0.253,0.529,0.478,0.633,0.882,0.913,PD
2519,RP11-217L21.1,Oligodendrocytes,32.6,0.608,0.489,1.24,0.214,0.599,0.659,PD
2520,NTM-AS1,Oligodendrocytes,39.3,0.377,0.324,1.16,0.245,0.631,0.687,PD
2521,AP004372.1,Oligodendrocytes,11.6,0.364,0.518,0.704,0.482,0.794,0.851,PD
2522,RP11-809C18.3,Oligodendrocytes,70.1,-0.239,0.381,-0.627,0.531,0.828,0.873,PD
2523,IDI2-AS1,Oligodendrocytes,59.1,0.142,0.294,0.484,0.629,0.88,0.913,PD
2524,ADARB2-AS1,Oligodendrocytes,82.1,0.869,0.969,0.897,0.37,0.744,0.789,PD
2525,RP11-336A10.2,Oligodendrocytes,15.2,-0.032,0.439,-0.073,0.942,0.986,0.989,PD
2526,RP11-563J2.2,Oligodendrocytes,15.1,-1.93,0.588,-3.28,0.00106,0.0351,0.0405,PD
2527,RP11-799O21.2,Oligodendrocytes,191,0.32,0.264,1.22,0.224,0.614,0.671,PD
2528,RP11-398C13.6,Oligodendrocytes,9.11,0.119,0.413,0.289,0.773,0.936,0.953,PD
2529,STAM-AS1,Oligodendrocytes,23.2,0.262,0.306,0.855,0.393,0.754,0.799,PD
2530,RP11-499P20.2,Oligodendrocytes,115,0.133,0.176,0.755,0.45,0.782,0.832,PD
2531,WAC-AS1,Oligodendrocytes,147,-0.0678,0.222,-0.306,0.76,0.932,0.949,PD
2532,RP11-462L8.1,Oligodendrocytes,31.6,0.181,0.255,0.71,0.477,0.794,0.848,PD
2533,RP11-297A16.2,Oligodendrocytes,8.85,1.29,0.418,3.09,0.00197,0.0509,0.0617,PD
2534,RP11-324I22.4,Oligodendrocytes,143,-0.00263,0.255,-0.0103,0.992,0.996,0.998,PD
2535,ZNF32-AS3,Oligodendrocytes,9.83,-0.536,0.443,-1.21,0.226,0.615,0.672,PD
2536,TMEM72-AS1,Oligodendrocytes,78.8,-1.02,0.383,-2.65,0.00798,0.111,0.136,PD
2537,RP11-38L15.3,Oligodendrocytes,21.2,0.681,0.328,2.08,0.0378,0.266,0.314,PD
2538,RP11-38L15.2,Oligodendrocytes,24.4,-0.328,0.457,-0.718,0.473,0.794,0.845,PD
2539,LINC00843,Oligodendrocytes,92.7,0.347,0.175,1.98,0.0477,0.299,0.348,PD
2540,SGMS1-AS1,Oligodendrocytes,17.6,-0.868,0.379,-2.29,0.0219,0.2,0.237,PD
2541,LINC00844,Oligodendrocytes,155,0.405,0.44,0.92,0.358,0.736,0.78,PD
2542,LINC00845,Oligodendrocytes,10.8,-0.833,0.562,-1.48,0.138,0.489,0.544,PD
2543,RP11-464F9.21,Oligodendrocytes,22.9,-1.05,0.359,-2.92,0.00351,0.0674,0.0832,PD
2544,RP11-574K11.29,Oligodendrocytes,29.6,-0.337,0.369,-0.913,0.361,0.738,0.783,PD
2545,ZMIZ1-AS1,Oligodendrocytes,48.9,-0.871,0.308,-2.82,0.00475,0.0794,0.101,PD
2546,NUTM2B-AS1,Oligodendrocytes,543,-0.394,0.275,-1.43,0.152,0.511,0.566,PD
2547,RP11-182L21.6,Oligodendrocytes,32.1,-0.205,0.488,-0.42,0.674,0.899,0.926,PD
2548,TMEM254-AS1,Oligodendrocytes,54.8,-0.258,0.269,-0.956,0.339,0.724,0.764,PD
2549,RP11-77P6.2,Oligodendrocytes,13.2,0.0138,0.329,0.0419,0.967,0.988,0.991,PD
2550,NUTM2A-AS1,Oligodendrocytes,1150,-0.173,0.231,-0.75,0.453,0.784,0.833,PD
2551,RP11-80H5.9,Oligodendrocytes,50.7,0.0366,0.264,0.139,0.89,0.964,0.98,PD
2552,RP11-310E22.5,Oligodendrocytes,18.8,-0.253,0.487,-0.519,0.603,0.869,0.904,PD
2553,ENTPD1-AS1,Oligodendrocytes,874,-0.36,0.176,-2.05,0.0402,0.279,0.324,PD
2554,RP11-441O15.3,Oligodendrocytes,34,-0.203,0.283,-0.717,0.473,0.794,0.845,PD
2555,OLMALINC,Oligodendrocytes,807,0.664,0.356,1.86,0.0623,0.342,0.386,PD
2556,RP11-324O2.3,Oligodendrocytes,9.79,0.997,0.611,1.63,0.103,0.434,0.479,PD
2557,RP11-354M20.3,Oligodendrocytes,12.6,-0.259,0.493,-0.524,0.6,0.869,0.903,PD
2558,CASC2,Oligodendrocytes,88.2,-0.847,0.371,-2.28,0.0224,0.201,0.239,PD
2559,WDR11-AS1,Oligodendrocytes,200,-0.398,0.218,-1.82,0.0682,0.352,0.403,PD
2560,FAM53B-AS1,Oligodendrocytes,21.2,0.0259,0.331,0.0783,0.938,0.984,0.988,PD
2561,FLJ37035,Oligodendrocytes,11.3,-0.392,0.427,-0.919,0.358,0.736,0.781,PD
2562,LINC00601,Oligodendrocytes,114,0.179,0.245,0.731,0.465,0.79,0.84,PD
2563,RP11-223P11.3,Oligodendrocytes,18.8,0.356,0.52,0.685,0.493,0.801,0.858,PD
2564,RP11-109A6.5,Oligodendrocytes,50.9,-0.112,0.334,-0.334,0.738,0.921,0.944,PD
2565,RP11-218M22.1,Oligodendrocytes,25.9,0.161,0.457,0.352,0.725,0.918,0.939,PD
2566,LINC00940,Oligodendrocytes,25.2,0.000893,0.32,0.00279,0.998,0.998,0.999,PD
2567,RP4-816N1.6,Oligodendrocytes,27,0.362,0.318,1.14,0.255,0.645,0.696,PD
2568,RP5-940J5.6,Oligodendrocytes,12.9,0.439,0.583,0.754,0.451,0.782,0.832,PD
2569,FAM66C,Oligodendrocytes,211,-0.707,0.24,-2.94,0.00327,0.0654,0.0808,PD
2570,RP11-266K4.14,Oligodendrocytes,19.8,-0.993,0.347,-2.86,0.00418,0.0735,0.092,PD
2571,RP11-266K4.9,Oligodendrocytes,9.58,-0.0103,0.395,-0.0261,0.979,0.991,0.994,PD
2572,LINC00937,Oligodendrocytes,27.6,-0.00646,0.314,-0.0206,0.984,0.994,0.996,PD
2573,RP11-90D4.3,Oligodendrocytes,9.5,-0.409,0.45,-0.91,0.363,0.739,0.784,PD
2574,A2ML1-AS1,Oligodendrocytes,9.18,-0.0859,0.516,-0.167,0.868,0.963,0.977,PD
2575,RP11-259O18.5,Oligodendrocytes,16.1,-0.13,0.396,-0.327,0.743,0.921,0.944,PD
2576,A2M-AS1,Oligodendrocytes,22.3,0.374,0.372,1.01,0.314,0.701,0.746,PD
2577,LINC00987,Oligodendrocytes,51.8,0.371,0.337,1.1,0.271,0.664,0.71,PD
2578,RP11-118B22.4,Oligodendrocytes,58.2,0.38,0.266,1.43,0.153,0.513,0.569,PD
2579,RP11-277P12.20,Oligodendrocytes,10.8,1.05,0.406,2.57,0.01,0.131,0.156,PD
2580,SMIM10L1,Oligodendrocytes,61.1,0.397,0.267,1.48,0.138,0.489,0.544,PD
2581,RP11-711K1.8,Oligodendrocytes,82.1,0.401,0.513,0.781,0.435,0.777,0.824,PD
2582,LINC01252,Oligodendrocytes,67.5,0.126,0.439,0.287,0.774,0.936,0.953,PD
2583,LOH12CR2,Oligodendrocytes,15.4,-0.154,0.41,-0.376,0.707,0.911,0.935,PD
2584,RP11-253I19.3,Oligodendrocytes,24,0.102,0.297,0.343,0.731,0.921,0.942,PD
2585,RP11-377D9.3,Oligodendrocytes,9.98,-0.321,0.789,-0.407,0.684,0.904,0.929,PD
2586,RP11-174G6.1,Oligodendrocytes,8.28,0.143,0.523,0.274,0.784,0.939,0.956,PD
2587,RP11-405A12.2,Oligodendrocytes,23.1,0.62,0.387,1.6,0.109,0.442,0.491,PD
2588,RP11-664H17.1,Oligodendrocytes,7.37,1.11,0.592,1.87,0.0612,0.337,0.383,PD
2589,RASSF8-AS1,Oligodendrocytes,151,-0.492,0.209,-2.35,0.0187,0.184,0.219,PD
2590,RP11-967K21.1,Oligodendrocytes,9.28,0.0419,0.421,0.0997,0.921,0.979,0.985,PD
2591,RP11-996F15.2,Oligodendrocytes,29.3,-0.206,0.299,-0.688,0.491,0.799,0.856,PD
2592,OVCH1-AS1,Oligodendrocytes,10.6,0.16,0.648,0.247,0.805,0.941,0.961,PD
2593,DDX11-AS1,Oligodendrocytes,16,0.559,0.471,1.19,0.235,0.623,0.679,PD
2594,DENND5B-AS1,Oligodendrocytes,15.4,0.314,0.4,0.786,0.432,0.777,0.824,PD
2595,RP11-467L13.7,Oligodendrocytes,13.4,-0.0184,0.346,-0.0533,0.958,0.988,0.991,PD
2596,RP11-630C16.2,Oligodendrocytes,8.91,0.133,0.526,0.254,0.8,0.941,0.96,PD
2597,RP11-352M15.1,Oligodendrocytes,30.2,0.621,0.366,1.69,0.0903,0.414,0.457,PD
2598,RP11-352M15.2,Oligodendrocytes,87.5,-0.0949,0.263,-0.361,0.718,0.915,0.938,PD
2599,RP11-96H19.1,Oligodendrocytes,115,-0.365,0.232,-1.57,0.115,0.453,0.504,PD
2600,RP1-197B17.3,Oligodendrocytes,15.4,0.422,0.365,1.15,0.248,0.633,0.69,PD
2601,RP5-1057I20.4,Oligodendrocytes,22.7,-1.34,0.555,-2.41,0.0158,0.17,0.202,PD
2602,RP11-370I10.6,Oligodendrocytes,52.9,-0.952,0.274,-3.48,0.000505,0.0232,0.0249,PD
2603,RP11-386G11.10,Oligodendrocytes,46.6,-0.146,0.26,-0.561,0.575,0.858,0.892,PD
2604,RP4-605O3.4,Oligodendrocytes,189,0.25,0.231,1.08,0.28,0.673,0.717,PD
2605,RP11-845M18.6,Oligodendrocytes,8.62,-0.248,0.469,-0.527,0.598,0.868,0.901,PD
2606,RP11-983P16.4,Oligodendrocytes,102,-0.501,0.262,-1.91,0.0563,0.325,0.369,PD
2607,FLJ12825,Oligodendrocytes,7.58,0.124,0.557,0.223,0.823,0.944,0.968,PD
2608,RP11-644F5.11,Oligodendrocytes,11,0.332,0.436,0.76,0.447,0.782,0.83,PD
2609,RP11-603J24.14,Oligodendrocytes,28.5,0.23,0.289,0.795,0.426,0.776,0.822,PD
2610,RP11-977G19.11,Oligodendrocytes,9.72,-0.669,0.503,-1.33,0.184,0.563,0.618,PD
2611,RP11-620J15.3,Oligodendrocytes,20.4,-0.233,0.321,-0.727,0.467,0.791,0.841,PD
2612,RP11-272B17.1,Oligodendrocytes,11.4,-0.361,0.629,-0.574,0.566,0.852,0.888,PD
2613,RP11-631N16.2,Oligodendrocytes,39.9,-0.422,0.284,-1.49,0.137,0.489,0.543,PD
2614,RP11-196H14.2,Oligodendrocytes,14.2,0.0987,0.427,0.231,0.817,0.942,0.965,PD
2615,RP11-629N8.3,Oligodendrocytes,14.8,-0.225,0.391,-0.577,0.564,0.851,0.887,PD
2616,RP11-766N7.3,Oligodendrocytes,14.2,-0.91,0.477,-1.91,0.0564,0.325,0.369,PD
2617,RP11-637A17.2,Oligodendrocytes,10.3,-0.0406,0.4,-0.102,0.919,0.979,0.985,PD
2618,LINC01481,Oligodendrocytes,163,-0.263,0.278,-0.945,0.345,0.727,0.768,PD
2619,RP11-320P7.2,Oligodendrocytes,406,0.168,0.469,0.359,0.72,0.915,0.938,PD
2620,RP11-588H23.3,Oligodendrocytes,8.85,-0.177,0.518,-0.342,0.733,0.921,0.943,PD
2621,RP11-81H3.2,Oligodendrocytes,427,-0.23,0.277,-0.828,0.408,0.765,0.808,PD
2622,RP11-114H23.1,Oligodendrocytes,16.5,0.662,0.35,1.89,0.0587,0.33,0.375,PD
2623,RP11-20E24.1,Oligodendrocytes,63.3,-0.827,0.264,-3.13,0.00175,0.049,0.0587,PD
2624,RP11-315E17.1,Oligodendrocytes,132,0.171,0.183,0.934,0.35,0.729,0.773,PD
2625,RP11-13A1.3,Oligodendrocytes,12.8,0.43,0.412,1.04,0.297,0.689,0.733,PD
2626,RP11-734K2.4,Oligodendrocytes,116,-0.078,0.239,-0.326,0.744,0.921,0.944,PD
2627,RP11-981P6.1,Oligodendrocytes,62.9,-0.84,0.357,-2.35,0.0188,0.184,0.219,PD
2628,RP11-796E2.4,Oligodendrocytes,17.5,-0.611,0.378,-1.61,0.106,0.44,0.486,PD
2629,RP11-511B23.2,Oligodendrocytes,21.2,-0.462,0.446,-1.04,0.3,0.692,0.734,PD
2630,RP11-887P2.5,Oligodendrocytes,21.1,0.197,0.617,0.319,0.749,0.924,0.947,PD
2631,RP11-144F15.1,Oligodendrocytes,21.4,-0.583,0.336,-1.73,0.0828,0.397,0.443,PD
2632,RP11-412D9.4,Oligodendrocytes,8.51,0.996,0.488,2.04,0.0411,0.282,0.326,PD
2633,FAM222A-AS1,Oligodendrocytes,65,0.261,0.469,0.556,0.578,0.858,0.893,PD
2634,MAPKAPK5-AS1,Oligodendrocytes,42.1,0.562,0.297,1.89,0.0587,0.33,0.375,PD
2635,LINC01234,Oligodendrocytes,29,-0.201,0.497,-0.404,0.686,0.905,0.93,PD
2636,RP11-768F21.1,Oligodendrocytes,12.7,-0.583,0.363,-1.6,0.109,0.442,0.49,PD
2637,RP1-267D11.6,Oligodendrocytes,11.4,-0.489,0.381,-1.28,0.2,0.585,0.64,PD
2638,PXN-AS1,Oligodendrocytes,41.1,-0.157,0.266,-0.591,0.555,0.843,0.882,PD
2639,RP11-340F14.6,Oligodendrocytes,12.6,-0.0586,0.584,-0.1,0.92,0.979,0.985,PD
2640,RP13-941N14.1,Oligodendrocytes,55.2,0.375,0.296,1.27,0.206,0.592,0.647,PD
2641,RP11-282O18.3,Oligodendrocytes,11.2,1.3,0.443,2.94,0.00329,0.0654,0.0808,PD
2642,RP13-942N8.1,Oligodendrocytes,7.69,-0.776,0.532,-1.46,0.145,0.496,0.555,PD
2643,RP11-486O12.2,Oligodendrocytes,9.43,0.22,0.428,0.514,0.607,0.87,0.905,PD
2644,RP11-575F12.1,Oligodendrocytes,10.2,-0.0684,0.443,-0.154,0.877,0.964,0.979,PD
2645,RP11-143E21.6,Oligodendrocytes,8.71,0.0868,0.572,0.152,0.879,0.964,0.979,PD
2646,RP11-61K9.2,Oligodendrocytes,10.5,0.354,0.577,0.614,0.539,0.834,0.877,PD
2647,RP11-61K9.3,Oligodendrocytes,14.6,-0.517,0.384,-1.34,0.179,0.556,0.612,PD
2648,RP11-476H16.1,Oligodendrocytes,14.6,1.29,0.412,3.12,0.00179,0.0493,0.0593,PD
2649,RP11-172H24.4,Oligodendrocytes,50.6,1.09,0.447,2.45,0.0144,0.16,0.191,PD
2650,LINC00539,Oligodendrocytes,148,0.539,0.584,0.924,0.356,0.734,0.778,PD
2651,LINC00327,Oligodendrocytes,8.98,0.0727,0.516,0.141,0.888,0.964,0.98,PD
2652,RP11-428O18.6,Oligodendrocytes,141,-1.01,0.263,-3.84,0.000122,0.0101,0.0116,PD
2653,RP11-141M1.3,Oligodendrocytes,560,-0.324,0.276,-1.17,0.241,0.627,0.683,PD
2654,RP11-16D22.2,Oligodendrocytes,768,0.663,0.282,2.35,0.0188,0.184,0.219,PD
2655,LINC00457,Oligodendrocytes,11.4,0.995,0.594,1.68,0.0936,0.416,0.462,PD
2656,SPG20-AS1,Oligodendrocytes,25.2,0.405,0.407,0.993,0.321,0.709,0.752,PD
2657,LINC00571,Oligodendrocytes,14.7,-0.902,0.367,-2.45,0.0141,0.158,0.189,PD
2658,RP11-50D16.4,Oligodendrocytes,145,0.0475,0.249,0.19,0.849,0.956,0.972,PD
2659,LINC00598,Oligodendrocytes,135,0.433,0.294,1.48,0.14,0.491,0.547,PD
2660,RP11-74J13.8,Oligodendrocytes,92,0.00736,0.185,0.0398,0.968,0.988,0.991,PD
2661,RP11-413N19.2,Oligodendrocytes,10.4,0.427,0.491,0.869,0.385,0.748,0.794,PD
2662,SMIM2-AS1,Oligodendrocytes,13.6,-0.738,0.504,-1.46,0.143,0.495,0.552,PD
2663,TSC22D1-AS1,Oligodendrocytes,10.3,0.186,0.415,0.447,0.655,0.89,0.919,PD
2664,LINC00407,Oligodendrocytes,15.1,-0.226,0.4,-0.565,0.572,0.858,0.892,PD
2665,RP11-321C24.1,Oligodendrocytes,17.8,-0.0581,0.513,-0.113,0.91,0.974,0.984,PD
2666,RP11-290D2.3,Oligodendrocytes,11.5,-0.745,0.401,-1.86,0.0631,0.343,0.389,PD
2667,CPB2-AS1,Oligodendrocytes,865,-0.137,0.132,-1.04,0.299,0.69,0.734,PD
2668,RP11-189B4.7,Oligodendrocytes,45.9,0.588,0.454,1.3,0.195,0.577,0.635,PD
2669,DLEU2,Oligodendrocytes,1070,-0.21,0.159,-1.32,0.187,0.569,0.622,PD
2670,DLEU7-AS1,Oligodendrocytes,11,-1.13,0.502,-2.24,0.0249,0.212,0.254,PD
2671,RNASEH2B-AS1,Oligodendrocytes,14.1,-0.26,0.382,-0.681,0.496,0.804,0.86,PD
2672,INTS6-AS1,Oligodendrocytes,71,0.105,0.263,0.398,0.691,0.908,0.931,PD
2673,RP11-327P2.5,Oligodendrocytes,8.71,-0.506,0.447,-1.13,0.258,0.646,0.698,PD
2674,PCDH9-AS1,Oligodendrocytes,86.9,0.422,0.593,0.711,0.477,0.794,0.848,PD
2675,PCDH9-AS2,Oligodendrocytes,270,0.0852,0.551,0.155,0.877,0.964,0.979,PD
2676,PCDH9-AS3,Oligodendrocytes,23.7,0.0323,0.614,0.0526,0.958,0.988,0.991,PD
2677,PCDH9-AS4,Oligodendrocytes,15.5,0.935,0.747,1.25,0.211,0.595,0.653,PD
2678,LMO7-AS1,Oligodendrocytes,9.22,0.216,0.508,0.425,0.671,0.897,0.925,PD
2679,RNF219-AS1,Oligodendrocytes,12.4,-0.431,0.52,-0.828,0.408,0.765,0.808,PD
2680,RBM26-AS1,Oligodendrocytes,27.2,-0.782,0.326,-2.4,0.0163,0.172,0.205,PD
2681,LINC01080,Oligodendrocytes,74.5,-0.219,0.301,-0.729,0.466,0.79,0.841,PD
2682,LINC00351,Oligodendrocytes,8.12,-0.458,0.706,-0.648,0.517,0.82,0.87,PD
2683,DNAJC3-AS1,Oligodendrocytes,68.6,0.391,0.298,1.31,0.19,0.572,0.626,PD
2684,RP11-12G12.7,Oligodendrocytes,11.4,0.299,0.427,0.701,0.483,0.794,0.851,PD
2685,NALCN-AS1,Oligodendrocytes,13.1,0.998,0.508,1.96,0.0496,0.306,0.353,PD
2686,FGF14-AS2,Oligodendrocytes,14.4,0.203,0.475,0.428,0.669,0.896,0.924,PD
2687,RP11-40E6.1,Oligodendrocytes,13.3,0.281,0.397,0.707,0.479,0.794,0.85,PD
2688,RP11-298I3.1,Oligodendrocytes,24.4,-0.0671,0.39,-0.172,0.864,0.963,0.977,PD
2689,DHRS4-AS1,Oligodendrocytes,67.4,0.00221,0.236,0.00937,0.993,0.996,0.998,PD
2690,NOVA1-AS1,Oligodendrocytes,14.9,-0.62,0.439,-1.41,0.157,0.521,0.577,PD
2691,RP11-596D21.1,Oligodendrocytes,13.4,-0.785,0.361,-2.17,0.0296,0.233,0.28,PD
2692,CTD-2213F21.2,Oligodendrocytes,9.33,0.329,0.558,0.59,0.556,0.843,0.882,PD
2693,ARHGAP5-AS1,Oligodendrocytes,7.35,0.29,0.578,0.503,0.615,0.875,0.907,PD
2694,RP11-320M16.2,Oligodendrocytes,19.3,-0.0296,0.675,-0.0439,0.965,0.988,0.991,PD
2695,RP11-317N8.5,Oligodendrocytes,15.4,0.724,0.441,1.64,0.101,0.428,0.475,PD
2696,LINC00609,Oligodendrocytes,5520,-0.222,0.165,-1.35,0.178,0.555,0.609,PD
2697,PTCSC3,Oligodendrocytes,72,0.165,0.422,0.39,0.697,0.908,0.932,PD
2698,RP11-259K15.2,Oligodendrocytes,523,-0.0879,0.204,-0.43,0.667,0.896,0.924,PD
2699,SLC25A21-AS1,Oligodendrocytes,16,-0.373,0.427,-0.874,0.382,0.748,0.794,PD
2700,CTD-2058B24.3,Oligodendrocytes,16.3,0.323,0.491,0.658,0.511,0.817,0.866,PD
2701,CTD-2058B24.2,Oligodendrocytes,519,0.107,0.272,0.393,0.694,0.908,0.932,PD
2702,RP11-96D24.1,Oligodendrocytes,13.1,0.543,0.728,0.746,0.456,0.785,0.835,PD
2703,LINC00639,Oligodendrocytes,1230,0.0969,0.219,0.442,0.658,0.89,0.92,PD
2704,RP11-111A21.1,Oligodendrocytes,75.5,0.09,0.287,0.314,0.754,0.928,0.948,PD
2705,LINC00871,Oligodendrocytes,9.79,0.668,0.43,1.55,0.12,0.462,0.515,PD
2706,RP11-596C23.6,Oligodendrocytes,38.4,0.457,0.524,0.873,0.383,0.748,0.794,PD
2707,RP11-596C23.2,Oligodendrocytes,8.76,-0.341,0.453,-0.754,0.451,0.782,0.832,PD
2708,LINC01588,Oligodendrocytes,25.7,1.16,0.47,2.46,0.0138,0.156,0.187,PD
2709,FRMD6-AS1,Oligodendrocytes,9.93,-0.83,0.456,-1.82,0.0688,0.354,0.404,PD
2710,RP11-841O20.2,Oligodendrocytes,8.8,0.383,0.447,0.858,0.391,0.753,0.798,PD
2711,RP11-665C16.5,Oligodendrocytes,12.1,0.527,0.487,1.08,0.279,0.672,0.716,PD
2712,KTN1-AS1,Oligodendrocytes,44.9,-0.157,0.22,-0.713,0.476,0.794,0.847,PD
2713,RP11-930O11.1,Oligodendrocytes,8.49,-0.0463,0.533,-0.0869,0.931,0.983,0.987,PD
2714,RP11-517O13.1,Oligodendrocytes,22.6,0.356,0.377,0.944,0.345,0.727,0.769,PD
2715,RP11-16B13.1,Oligodendrocytes,49,-0.247,0.311,-0.794,0.427,0.776,0.822,PD
2716,HIF1A-AS2,Oligodendrocytes,44.9,0.341,0.521,0.655,0.513,0.817,0.868,PD
2717,CTD-2555O16.2,Oligodendrocytes,101,0.131,0.234,0.559,0.576,0.858,0.892,PD
2718,RP11-973N13.4,Oligodendrocytes,24.4,0.676,0.552,1.22,0.221,0.61,0.668,PD
2719,RP11-973N13.3,Oligodendrocytes,11.7,-0.486,0.395,-1.23,0.219,0.607,0.666,PD
2720,CTD-2509G16.5,Oligodendrocytes,9.49,0.669,0.437,1.53,0.126,0.472,0.527,PD
2721,RP11-72M17.1,Oligodendrocytes,103,-1.54,0.391,-3.95,7.82E-05,0.00683,0.00864,PD
2722,CTD-2325P2.4,Oligodendrocytes,9.66,0.399,0.485,0.822,0.411,0.765,0.81,PD
2723,RP11-363J20.1,Oligodendrocytes,14.8,0.607,0.412,1.47,0.141,0.491,0.547,PD
2724,RP11-486O13.4,Oligodendrocytes,122,0.161,0.217,0.742,0.458,0.785,0.836,PD
2725,RP1-261D10.2,Oligodendrocytes,15.6,-1.8,0.438,-4.12,3.84E-05,0.00571,0.00562,PD
2726,RP3-514A23.2,Oligodendrocytes,8.91,-0.204,0.511,-0.398,0.69,0.908,0.931,PD
2727,RP3-414A15.2,Oligodendrocytes,45.6,0.488,0.296,1.65,0.0994,0.427,0.472,PD
2728,RP5-1021I20.1,Oligodendrocytes,10.9,-1.28,0.678,-1.89,0.0594,0.333,0.377,PD
2729,RP5-1021I20.5,Oligodendrocytes,57.5,0.698,0.206,3.39,0.000707,0.0285,0.0311,PD
2730,RP11-950C14.3,Oligodendrocytes,14.9,0.367,0.323,1.14,0.256,0.646,0.697,PD
2731,RP11-950C14.7,Oligodendrocytes,12.8,-0.28,0.45,-0.623,0.533,0.83,0.874,PD
2732,RP11-270M14.4,Oligodendrocytes,25.6,0.252,0.464,0.542,0.588,0.863,0.897,PD
2733,RP11-187O7.3,Oligodendrocytes,171,-0.476,0.343,-1.39,0.165,0.534,0.589,PD
2734,RP11-99E15.2,Oligodendrocytes,169,-0.435,0.25,-1.74,0.0816,0.396,0.44,PD
2735,RP11-488C13.5,Oligodendrocytes,35.2,0.135,0.386,0.35,0.727,0.919,0.94,PD
2736,RP11-242P2.1,Oligodendrocytes,18.9,0.58,0.548,1.06,0.291,0.683,0.729,PD
2737,DIO2-AS1,Oligodendrocytes,12.2,0.545,0.507,1.07,0.282,0.675,0.719,PD
2738,RP11-406A9.2,Oligodendrocytes,15,-0.306,0.475,-0.643,0.52,0.82,0.87,PD
2739,CTD-2341M24.1,Oligodendrocytes,203,-0.0372,0.298,-0.125,0.901,0.969,0.982,PD
2740,DICER1-AS1,Oligodendrocytes,162,-0.188,0.257,-0.732,0.464,0.79,0.84,PD
2741,SNHG10,Oligodendrocytes,15.5,-0.11,0.429,-0.257,0.797,0.941,0.96,PD
2742,RP11-433J8.1,Oligodendrocytes,8.6,-0.917,0.472,-1.94,0.0518,0.313,0.359,PD
2743,RP11-543C4.1,Oligodendrocytes,25.1,-0.266,0.358,-0.744,0.457,0.785,0.835,PD
2744,RP11-638I2.4,Oligodendrocytes,37.9,-0.47,0.502,-0.936,0.349,0.729,0.772,PD
2745,RP11-1029J19.5,Oligodendrocytes,7.46,-1.87,0.55,-3.41,0.000661,0.0273,0.0292,PD
2746,RP11-1017G21.5,Oligodendrocytes,8.27,0.204,0.437,0.465,0.642,0.883,0.916,PD
2747,RP11-365N19.2,Oligodendrocytes,12.9,1.11,0.525,2.12,0.0342,0.254,0.303,PD
2748,RP11-894P9.1,Oligodendrocytes,19.7,0.815,0.81,1.01,0.314,0.701,0.746,PD
2749,RP11-173D3.1,Oligodendrocytes,80.7,-0.0963,0.381,-0.253,0.8,0.941,0.96,PD
2750,RP11-403B2.7,Oligodendrocytes,19.7,0.633,0.594,1.07,0.286,0.678,0.723,PD
2751,RP11-32B5.7,Oligodendrocytes,9.63,1.37,0.726,1.88,0.0597,0.334,0.378,PD
2752,RP11-580I1.1,Oligodendrocytes,19.6,0.154,0.733,0.21,0.834,0.947,0.969,PD
2753,RP11-580I1.2,Oligodendrocytes,146,1.27,0.662,1.91,0.0558,0.325,0.368,PD
2754,RP11-107D24.2,Oligodendrocytes,12.3,0.795,0.841,0.946,0.344,0.727,0.768,PD
2755,PWRN3,Oligodendrocytes,79.3,0.322,0.911,0.354,0.723,0.917,0.939,PD
2756,PWRN1,Oligodendrocytes,762,0.463,0.531,0.872,0.383,0.748,0.794,PD
2757,PWAR6,Oligodendrocytes,234,0.0413,0.245,0.169,0.866,0.963,0.977,PD
2758,RP11-932O9.9,Oligodendrocytes,10.4,-0.0854,0.565,-0.151,0.88,0.964,0.979,PD
2759,RP11-932O9.7,Oligodendrocytes,20.5,-0.414,0.325,-1.27,0.202,0.587,0.643,PD
2760,RP11-16E12.1,Oligodendrocytes,29,-0.278,0.347,-0.801,0.423,0.773,0.818,PD
2761,RP11-1000B6.3,Oligodendrocytes,432,-0.251,0.206,-1.22,0.223,0.613,0.67,PD
2762,RP11-1000B6.8,Oligodendrocytes,68.1,-0.411,0.285,-1.44,0.15,0.508,0.563,PD
2763,RP11-3D4.2,Oligodendrocytes,13.7,0.479,0.392,1.22,0.222,0.611,0.669,PD
2764,RP11-323I15.5,Oligodendrocytes,216,-0.637,0.251,-2.54,0.0111,0.137,0.167,PD
2765,DPH6-AS1,Oligodendrocytes,522,0.256,0.161,1.59,0.112,0.447,0.496,PD
2766,RP11-16L14.2,Oligodendrocytes,7.4,0.301,0.551,0.547,0.585,0.863,0.896,PD
2767,RP11-128A17.1,Oligodendrocytes,14.1,-0.157,0.36,-0.436,0.663,0.894,0.922,PD
2768,RP11-720L8.1,Oligodendrocytes,33,0.138,0.424,0.326,0.744,0.921,0.944,PD
2769,RP11-1008C21.1,Oligodendrocytes,10.1,-0.0788,0.575,-0.137,0.891,0.964,0.98,PD
2770,RP11-346D14.1,Oligodendrocytes,117,-0.00306,0.389,-0.00785,0.994,0.996,0.998,PD
2771,SRP14-AS1,Oligodendrocytes,76.6,0.269,0.295,0.911,0.362,0.739,0.783,PD
2772,RP11-111A22.1,Oligodendrocytes,7.42,0.148,0.558,0.264,0.791,0.94,0.958,PD
2773,RP11-540O11.6,Oligodendrocytes,10.5,0.276,0.616,0.448,0.654,0.89,0.919,PD
2774,RP11-516C1.1,Oligodendrocytes,29.4,0.59,0.365,1.62,0.105,0.439,0.485,PD
2775,EIF3J-AS1,Oligodendrocytes,111,0.516,0.246,2.1,0.0359,0.259,0.306,PD
2776,PATL2,Oligodendrocytes,12.1,0.0238,0.487,0.0489,0.961,0.988,0.991,PD
2777,RP11-519G16.2,Oligodendrocytes,10.8,-0.9,0.433,-2.08,0.0378,0.266,0.314,PD
2778,CTD-2651B20.3,Oligodendrocytes,27.8,-1.22,0.726,-1.69,0.0918,0.415,0.459,PD
2779,GATM-AS1,Oligodendrocytes,33.7,0.318,0.304,1.05,0.295,0.689,0.732,PD
2780,RP11-519G16.3,Oligodendrocytes,12.7,0.966,0.407,2.37,0.0176,0.179,0.213,PD
2781,RP11-154J22.1,Oligodendrocytes,9.35,-0.394,0.411,-0.96,0.337,0.724,0.763,PD
2782,GABPB1-AS1,Oligodendrocytes,603,0.0321,0.316,0.102,0.919,0.979,0.985,PD
2783,CTD-2378E12.1,Oligodendrocytes,89.9,-0.00698,0.238,-0.0293,0.977,0.99,0.994,PD
2784,RP11-707P17.1,Oligodendrocytes,230,0.759,0.344,2.21,0.0274,0.223,0.267,PD
2785,RP11-1129I3.1,Oligodendrocytes,69.9,1.66,0.438,3.79,0.000148,0.0111,0.0124,PD
2786,RP11-30K9.6,Oligodendrocytes,9.55,0.135,0.461,0.292,0.77,0.936,0.953,PD
2787,RORA-AS1,Oligodendrocytes,267,0.0482,0.191,0.253,0.8,0.941,0.96,PD
2788,RP11-16B9.1,Oligodendrocytes,47.5,0.618,0.476,1.3,0.194,0.574,0.633,PD
2789,USP3-AS1,Oligodendrocytes,46.8,-0.823,0.229,-3.59,0.00033,0.0182,0.0192,PD
2790,RP11-317G6.1,Oligodendrocytes,13.2,0.0248,0.513,0.0484,0.961,0.988,0.991,PD
2791,RP11-653J6.1,Oligodendrocytes,30.2,0.484,0.288,1.68,0.0927,0.415,0.46,PD
2792,IQCH-AS1,Oligodendrocytes,42.8,-0.183,0.272,-0.672,0.502,0.808,0.862,PD
2793,DRAIC,Oligodendrocytes,65.6,-0.117,0.25,-0.468,0.639,0.882,0.915,PD
2794,RP11-96C21.2,Oligodendrocytes,10.1,1.11,0.435,2.56,0.0104,0.132,0.159,PD
2795,THSD4-AS1,Oligodendrocytes,168,0.221,0.305,0.724,0.469,0.792,0.842,PD
2796,RP11-390D11.1,Oligodendrocytes,11.9,0.578,0.67,0.862,0.389,0.752,0.797,PD
2797,RP11-106M3.3,Oligodendrocytes,37.4,0.0385,0.451,0.0853,0.932,0.984,0.987,PD
2798,RP11-1007O24.3,Oligodendrocytes,87.7,0.437,0.193,2.26,0.0238,0.207,0.249,PD
2799,UBL7-AS1,Oligodendrocytes,27.9,0.0765,0.305,0.251,0.802,0.941,0.961,PD
2800,RP11-10O17.3,Oligodendrocytes,32.8,-0.0844,0.292,-0.289,0.773,0.936,0.953,PD
2801,RP11-16K12.1,Oligodendrocytes,31.3,-0.0382,0.55,-0.0694,0.945,0.988,0.99,PD
2802,RP11-210M15.2,Oligodendrocytes,118,-0.497,0.227,-2.19,0.0284,0.227,0.271,PD
2803,RP11-351M8.2,Oligodendrocytes,127,-0.0865,0.235,-0.368,0.713,0.913,0.936,PD
2804,TMC3-AS1,Oligodendrocytes,30.7,0.0966,0.358,0.27,0.787,0.94,0.957,PD
2805,CTD-2034I4.1,Oligodendrocytes,12.3,-0.485,0.416,-1.16,0.244,0.631,0.686,PD
2806,RP11-499F3.2,Oligodendrocytes,34.2,-1.15,0.668,-1.73,0.0842,0.399,0.444,PD
2807,RP11-379H8.1,Oligodendrocytes,53.7,-0.0195,0.657,-0.0297,0.976,0.99,0.994,PD
2808,CPEB1-AS1,Oligodendrocytes,237,0.15,0.193,0.778,0.436,0.778,0.825,PD
2809,RP11-752G15.8,Oligodendrocytes,12.1,-0.764,0.417,-1.83,0.0668,0.352,0.401,PD
2810,SNHG21,Oligodendrocytes,25.2,0.366,0.357,1.02,0.306,0.695,0.74,PD
2811,RP11-382A20.5,Oligodendrocytes,16.2,0.529,0.457,1.16,0.247,0.633,0.689,PD
2812,RP11-382A20.4,Oligodendrocytes,25.7,-0.1,0.305,-0.328,0.743,0.921,0.944,PD
2813,RP11-182J1.18,Oligodendrocytes,41.5,-0.312,0.282,-1.1,0.27,0.664,0.71,PD
2814,RP11-648K4.2,Oligodendrocytes,7.74,0.914,0.462,1.98,0.048,0.299,0.349,PD
2815,RP11-326A19.4,Oligodendrocytes,13,-0.215,0.453,-0.475,0.634,0.882,0.913,PD
2816,MIR9-3HG,Oligodendrocytes,10.4,-0.157,0.422,-0.373,0.709,0.913,0.936,PD
2817,RP11-617F23.1,Oligodendrocytes,39.5,-0.831,0.366,-2.27,0.0233,0.205,0.246,PD
2818,CTD-2315E11.1,Oligodendrocytes,41.2,-0.0295,0.379,-0.0779,0.938,0.984,0.988,PD
2819,CRTC3-AS1,Oligodendrocytes,47.7,-0.564,0.28,-2.02,0.0436,0.286,0.331,PD
2820,CRAT37,Oligodendrocytes,8.3,1.63,0.568,2.88,0.00401,0.072,0.0892,PD
2821,RP11-152L20.3,Oligodendrocytes,42.8,0.65,0.468,1.39,0.165,0.534,0.589,PD
2822,LINC00923,Oligodendrocytes,23.8,-0.47,0.481,-0.978,0.328,0.715,0.757,PD
2823,RP11-654A16.3,Oligodendrocytes,21.4,-0.0113,0.312,-0.0363,0.971,0.988,0.992,PD
2824,RP11-6O2.3,Oligodendrocytes,33.5,0.929,0.34,2.74,0.00623,0.0953,0.119,PD
2825,RP11-526I2.5,Oligodendrocytes,21.5,0.0597,0.666,0.0898,0.928,0.982,0.986,PD
2826,RP11-66B24.2,Oligodendrocytes,38.3,0.443,0.264,1.68,0.0935,0.416,0.462,PD
2827,RP11-66B24.1,Oligodendrocytes,79.5,-0.121,0.358,-0.339,0.735,0.921,0.943,PD
2828,RP11-505E24.2,Oligodendrocytes,19.1,1.16,0.45,2.58,0.00982,0.129,0.155,PD
2829,RP11-299G20.2,Oligodendrocytes,18.9,0.37,0.466,0.795,0.426,0.776,0.822,PD
2830,CAPN15,Oligodendrocytes,30.8,0.338,0.283,1.19,0.233,0.622,0.677,PD
2831,LA16c-349E10.1,Oligodendrocytes,14.1,-0.0816,0.343,-0.238,0.812,0.942,0.963,PD
2832,LMF1-AS1,Oligodendrocytes,46.2,1.02,0.474,2.14,0.0321,0.245,0.293,PD
2833,SNHG9,Oligodendrocytes,67.3,0.381,0.483,0.789,0.43,0.777,0.824,PD
2834,SNHG19,Oligodendrocytes,29.8,0.0239,0.376,0.0636,0.949,0.988,0.991,PD
2835,RP11-20I23.13,Oligodendrocytes,9.8,0.588,0.458,1.28,0.2,0.585,0.64,PD
2836,RP11-20I23.6,Oligodendrocytes,34.6,-0.0304,0.502,-0.0604,0.952,0.988,0.991,PD
2837,SRRM2-AS1,Oligodendrocytes,15,-0.694,0.382,-1.82,0.0695,0.357,0.406,PD
2838,CTD-2270P14.5,Oligodendrocytes,10.5,-0.125,0.47,-0.266,0.791,0.94,0.958,PD
2839,LA16c-321D4.2,Oligodendrocytes,8.17,0.182,0.53,0.343,0.732,0.921,0.943,PD
2840,MMP25-AS1,Oligodendrocytes,9.88,0.244,0.507,0.481,0.63,0.882,0.913,PD
2841,ZNF213-AS1,Oligodendrocytes,41.3,-0.254,0.236,-1.08,0.282,0.675,0.718,PD
2842,RP11-165E7.1,Oligodendrocytes,22,0.278,0.363,0.768,0.443,0.782,0.828,PD
2843,RP11-10K17.6,Oligodendrocytes,48.6,-0.239,0.257,-0.93,0.352,0.729,0.775,PD
2844,RP11-243A14.1,Oligodendrocytes,43.9,-0.266,0.341,-0.78,0.435,0.777,0.824,PD
2845,RP11-418I22.2,Oligodendrocytes,27.9,-0.268,0.354,-0.756,0.449,0.782,0.831,PD
2846,RP11-418I22.3,Oligodendrocytes,38.9,0.215,0.332,0.647,0.518,0.82,0.87,PD
2847,RP11-66H6.3,Oligodendrocytes,10.8,0.494,0.608,0.812,0.417,0.768,0.813,PD
2848,RP11-396B14.2,Oligodendrocytes,33,-0.286,0.352,-0.811,0.418,0.768,0.813,PD
2849,RP11-166B2.8,Oligodendrocytes,101,0.0894,0.186,0.479,0.632,0.882,0.913,PD
2850,CTD-3037G24.3,Oligodendrocytes,11.2,0.348,0.492,0.707,0.48,0.794,0.85,PD
2851,CTD-2583P5.1,Oligodendrocytes,10.1,0.368,0.713,0.516,0.606,0.869,0.904,PD
2852,MIR193BHG,Oligodendrocytes,39.8,0.23,0.367,0.627,0.531,0.828,0.873,PD
2853,AF001548.5,Oligodendrocytes,61.1,-0.225,0.294,-0.764,0.445,0.782,0.828,PD
2854,RP11-626G11.5,Oligodendrocytes,10.7,0.913,0.611,1.5,0.135,0.486,0.54,PD
2855,RP11-626G11.1,Oligodendrocytes,10.4,0.0458,0.454,0.101,0.92,0.979,0.985,PD
2856,CTD-2380F24.1,Oligodendrocytes,11.1,0.643,0.6,1.07,0.284,0.676,0.72,PD
2857,AC004381.7,Oligodendrocytes,7.28,-1.29,0.549,-2.35,0.0188,0.184,0.219,PD
2858,LINC01567,Oligodendrocytes,7.62,0.663,0.571,1.16,0.245,0.631,0.687,PD
2859,CTD-2515A14.1,Oligodendrocytes,16.8,0.698,0.444,1.57,0.116,0.453,0.505,PD
2860,RP11-266L9.5,Oligodendrocytes,11.9,-0.196,0.414,-0.472,0.637,0.882,0.914,PD
2861,CTD-2547G23.4,Oligodendrocytes,30.5,0.19,0.309,0.614,0.539,0.834,0.877,PD
2862,FLJ21408,Oligodendrocytes,56.8,0.035,0.278,0.126,0.9,0.968,0.982,PD
2863,CTD-2049O4.1,Oligodendrocytes,420,-0.181,0.218,-0.829,0.407,0.765,0.808,PD
2864,RP11-22P6.2,Oligodendrocytes,21.5,-0.139,0.342,-0.407,0.684,0.904,0.929,PD
2865,RP11-426C22.5,Oligodendrocytes,155,-0.0128,0.34,-0.0377,0.97,0.988,0.992,PD
2866,RP11-455F5.3,Oligodendrocytes,19.6,0.091,0.295,0.309,0.757,0.931,0.948,PD
2867,AC002310.12,Oligodendrocytes,13.9,1.25,0.381,3.28,0.00104,0.0351,0.0401,PD
2868,RP11-146F11.5,Oligodendrocytes,20.1,-0.257,0.308,-0.836,0.403,0.762,0.806,PD
2869,RP11-146F11.1,Oligodendrocytes,12.2,0.306,0.406,0.754,0.451,0.782,0.832,PD
2870,MIR762HG,Oligodendrocytes,34.6,0.0436,0.277,0.157,0.875,0.964,0.979,PD
2871,FBXL19-AS1,Oligodendrocytes,16.4,1.9,0.536,3.55,0.000383,0.0192,0.0209,PD
2872,RP11-196G11.2,Oligodendrocytes,186,0.514,0.271,1.9,0.0579,0.33,0.373,PD
2873,RP11-452L6.1,Oligodendrocytes,65.3,0.125,0.205,0.61,0.542,0.834,0.877,PD
2874,RP11-452L6.7,Oligodendrocytes,8.26,-0.174,0.442,-0.393,0.694,0.908,0.932,PD
2875,RP11-19N8.4,Oligodendrocytes,12.4,0.561,0.42,1.34,0.182,0.56,0.615,PD
2876,RP11-23E10.3,Oligodendrocytes,17.9,-0.0532,0.388,-0.137,0.891,0.964,0.98,PD
2877,RP11-488I20.8,Oligodendrocytes,7.55,1.18,0.705,1.67,0.0951,0.419,0.462,PD
2878,RP11-169E6.1,Oligodendrocytes,9.39,-0.399,0.419,-0.954,0.34,0.724,0.765,PD
2879,RP11-883G14.1,Oligodendrocytes,10.8,0.685,0.45,1.52,0.128,0.475,0.529,PD
2880,CTD-2034I21.1,Oligodendrocytes,91,0.188,0.519,0.362,0.717,0.915,0.938,PD
2881,RP11-437L7.1,Oligodendrocytes,17.9,0.0256,0.46,0.0557,0.956,0.988,0.991,PD
2882,CRNDE,Oligodendrocytes,109,0.414,0.302,1.37,0.17,0.546,0.6,PD
2883,RP11-461O7.1,Oligodendrocytes,65.8,-0.111,0.234,-0.475,0.635,0.882,0.913,PD
2884,RP11-413H22.3,Oligodendrocytes,9.84,-0.153,0.413,-0.371,0.711,0.913,0.936,PD
2885,RP11-343H19.1,Oligodendrocytes,18.7,-0.593,0.319,-1.86,0.0626,0.342,0.388,PD
2886,RP11-459F6.3,Oligodendrocytes,18.4,-0.176,0.372,-0.474,0.635,0.882,0.913,PD
2887,RP11-410D17.2,Oligodendrocytes,183,-0.0198,0.154,-0.128,0.898,0.968,0.982,PD
2888,LINC00920,Oligodendrocytes,10.1,-0.997,0.522,-1.91,0.056,0.325,0.368,PD
2889,RP11-63M22.2,Oligodendrocytes,11.6,1.08,0.416,2.61,0.00917,0.123,0.149,PD
2890,RP11-297D21.4,Oligodendrocytes,128,0.238,0.249,0.958,0.338,0.724,0.763,PD
2891,CTD-2012K14.6,Oligodendrocytes,23.9,0.0726,0.379,0.192,0.848,0.956,0.972,PD
2892,RP11-615I2.6,Oligodendrocytes,9.16,0.853,0.454,1.88,0.0604,0.335,0.379,PD
2893,CTD-2033A16.3,Oligodendrocytes,47.8,0.566,0.374,1.51,0.13,0.478,0.532,PD
2894,RP11-296I10.3,Oligodendrocytes,19.9,0.607,0.736,0.825,0.409,0.765,0.809,PD
2895,LINC01572,Oligodendrocytes,196,-0.252,0.241,-1.05,0.295,0.689,0.732,PD
2896,AC004158.3,Oligodendrocytes,258,0.201,0.286,0.705,0.481,0.794,0.851,PD
2897,RP5-991G20.1,Oligodendrocytes,71.9,-0.0848,0.256,-0.332,0.74,0.921,0.944,PD
2898,AC009120.4,Oligodendrocytes,254,-1.02,0.229,-4.48,7.63E-06,0.00238,0.00209,PD
2899,RP11-77K12.9,Oligodendrocytes,18.4,-0.37,0.397,-0.932,0.351,0.729,0.774,PD
2900,RP11-77K12.4,Oligodendrocytes,39.3,0.284,0.416,0.682,0.495,0.803,0.859,PD
2901,RP11-150D5.2,Oligodendrocytes,30.3,-0.113,0.44,-0.256,0.798,0.941,0.96,PD
2902,CTD-2336H13.2,Oligodendrocytes,58.7,0.215,0.434,0.495,0.621,0.878,0.91,PD
2903,RP11-525K10.3,Oligodendrocytes,74.6,-0.824,0.369,-2.23,0.0257,0.215,0.257,PD
2904,PRCAT47,Oligodendrocytes,13,-0.00197,0.487,-0.00404,0.997,0.997,0.999,PD
2905,RP11-55K13.1,Oligodendrocytes,10.9,0.0551,0.389,0.142,0.887,0.964,0.98,PD
2906,RP11-510J16.5,Oligodendrocytes,12.6,0.153,0.511,0.299,0.765,0.933,0.951,PD
2907,RP11-298D21.3,Oligodendrocytes,12.1,0.464,0.524,0.886,0.376,0.748,0.792,PD
2908,RP11-298D21.1,Oligodendrocytes,1080,0.644,0.3,2.15,0.0317,0.243,0.291,PD
2909,RP11-863P13.3,Oligodendrocytes,17.2,1.08,0.463,2.34,0.0195,0.187,0.221,PD
2910,RP11-21B21.4,Oligodendrocytes,22.5,-0.291,0.33,-0.883,0.377,0.748,0.792,PD
2911,SNAI3-AS1,Oligodendrocytes,28.6,0.331,0.326,1.02,0.31,0.698,0.741,PD
2912,RP11-46C24.7,Oligodendrocytes,25.5,0.187,0.312,0.597,0.55,0.842,0.88,PD
2913,RP11-104N10.1,Oligodendrocytes,9.5,-0.168,0.433,-0.388,0.698,0.908,0.933,PD
2914,FAM157C,Oligodendrocytes,217,-0.454,0.308,-1.48,0.14,0.491,0.546,PD
2915,RP11-356C4.5,Oligodendrocytes,9.89,0.0895,0.62,0.144,0.885,0.964,0.98,PD
2916,AC137934.1,Oligodendrocytes,66.7,0.456,0.307,1.48,0.138,0.489,0.544,PD
2917,RP11-1228E12.2,Oligodendrocytes,18.7,-0.289,0.431,-0.671,0.503,0.809,0.863,PD
2918,RP5-1029F21.4,Oligodendrocytes,10.5,0.701,0.703,0.997,0.319,0.706,0.75,PD
2919,PITPNA-AS1,Oligodendrocytes,19.3,0.2,0.428,0.467,0.641,0.883,0.916,PD
2920,RP11-333E1.1,Oligodendrocytes,95.9,-0.109,0.211,-0.518,0.604,0.869,0.904,PD
2921,CTC-524C5.2,Oligodendrocytes,12.1,-0.178,0.464,-0.385,0.7,0.908,0.933,PD
2922,C17orf100,Oligodendrocytes,35.6,-0.54,0.404,-1.34,0.181,0.559,0.614,PD
2923,ALOX12-AS1,Oligodendrocytes,601,-0.00256,0.157,-0.0164,0.987,0.995,0.997,PD
2924,AC113189.5,Oligodendrocytes,13.7,0.766,0.446,1.72,0.0859,0.405,0.448,PD
2925,RP11-85B7.4,Oligodendrocytes,17.2,0.558,0.388,1.44,0.151,0.508,0.564,PD
2926,RP11-1096G20.5,Oligodendrocytes,23.5,-0.504,0.284,-1.78,0.0758,0.377,0.422,PD
2927,RP11-131K5.1,Oligodendrocytes,13.3,-1.01,0.65,-1.55,0.122,0.462,0.515,PD
2928,RP11-849N15.4,Oligodendrocytes,15.1,-0.74,0.353,-2.1,0.0361,0.259,0.306,PD
2929,SMCR5,Oligodendrocytes,12.7,-0.01,0.375,-0.0268,0.979,0.991,0.994,PD
2930,EPN2-AS1,Oligodendrocytes,27.9,0.39,0.413,0.944,0.345,0.727,0.769,PD
2931,AC004448.5,Oligodendrocytes,12,0.322,0.428,0.754,0.451,0.782,0.832,PD
2932,AC004702.2,Oligodendrocytes,16.3,0.644,0.452,1.42,0.155,0.517,0.573,PD
2933,CCDC144NL-AS1,Oligodendrocytes,41.3,-0.0251,0.438,-0.0574,0.954,0.988,0.991,PD
2934,LINC01563,Oligodendrocytes,37.8,-0.503,0.336,-1.5,0.135,0.486,0.539,PD
2935,AC087294.2,Oligodendrocytes,34.3,-0.0359,0.358,-0.1,0.92,0.979,0.985,PD
2936,RP11-173M1.4,Oligodendrocytes,12.4,-0.463,0.456,-1.02,0.31,0.698,0.741,PD
2937,RP11-218F4.1,Oligodendrocytes,43.4,0.0339,0.418,0.081,0.935,0.984,0.988,PD
2938,RP11-192H23.6,Oligodendrocytes,12.2,0.0689,0.505,0.136,0.892,0.964,0.98,PD
2939,RP11-321A17.4,Oligodendrocytes,10.4,0.359,0.637,0.563,0.574,0.858,0.892,PD
2940,RP11-296K13.4,Oligodendrocytes,80,-0.233,0.261,-0.893,0.372,0.745,0.79,PD
2941,RP11-802D6.1,Oligodendrocytes,31.8,-0.315,0.306,-1.03,0.303,0.692,0.737,PD
2942,ABHD15-AS1,Oligodendrocytes,58.5,-0.118,0.388,-0.304,0.761,0.932,0.95,PD
2943,RP11-82O19.1,Oligodendrocytes,38.7,0.109,0.367,0.297,0.767,0.934,0.951,PD
2944,CTD-2349P21.5,Oligodendrocytes,14.6,0.0193,0.519,0.0371,0.97,0.988,0.992,PD
2945,CTD-2349P21.11,Oligodendrocytes,62.3,0.263,0.273,0.966,0.334,0.724,0.761,PD
2946,CTC-542B22.2,Oligodendrocytes,8.71,1.08,0.541,2,0.0458,0.298,0.341,PD
2947,RP11-227G15.11,Oligodendrocytes,15.2,-0.06,0.41,-0.146,0.884,0.964,0.98,PD
2948,RP11-227G15.8,Oligodendrocytes,13.5,-0.197,0.483,-0.409,0.683,0.904,0.929,PD
2949,RP11-227G15.12,Oligodendrocytes,20.8,-0.399,0.546,-0.731,0.464,0.79,0.84,PD
2950,RP11-227G15.9,Oligodendrocytes,10,-0.837,0.458,-1.83,0.0674,0.352,0.401,PD
2951,RP11-466A19.3,Oligodendrocytes,25.7,0.373,0.424,0.88,0.379,0.748,0.792,PD
2952,RP11-220C2.1,Oligodendrocytes,12.7,0.28,0.621,0.452,0.652,0.889,0.919,PD
2953,RP11-799D4.4,Oligodendrocytes,22.4,-0.737,0.294,-2.51,0.0122,0.148,0.175,PD
2954,RP11-1094M14.11,Oligodendrocytes,65.9,0.0551,0.218,0.253,0.8,0.941,0.96,PD
2955,AC015849.19,Oligodendrocytes,18.9,-0.159,0.48,-0.331,0.74,0.921,0.944,PD
2956,RP11-387H17.4,Oligodendrocytes,57.5,0.644,0.248,2.59,0.00953,0.127,0.153,PD
2957,AC004231.2,Oligodendrocytes,7.81,-0.0252,0.531,-0.0474,0.962,0.988,0.991,PD
2958,RP11-400F19.6,Oligodendrocytes,11.1,0.365,0.48,0.76,0.448,0.782,0.83,PD
2959,CTD-3193K9.4,Oligodendrocytes,50.4,-0.296,0.375,-0.789,0.43,0.777,0.824,PD
2960,LINC00910,Oligodendrocytes,9.1,-0.974,0.421,-2.31,0.0208,0.196,0.23,PD
2961,RP11-392O1.4,Oligodendrocytes,53.6,0.155,0.302,0.513,0.608,0.87,0.905,PD
2962,ASB16-AS1,Oligodendrocytes,32.9,0.214,0.256,0.835,0.404,0.762,0.806,PD
2963,RP5-882C2.2,Oligodendrocytes,28.3,-0.234,0.394,-0.594,0.552,0.843,0.88,PD
2964,RUNDC3A-AS1,Oligodendrocytes,13.8,0.609,0.442,1.38,0.169,0.543,0.598,PD
2965,AC002117.1,Oligodendrocytes,69.7,-0.716,0.226,-3.17,0.00151,0.0444,0.0532,PD
2966,MAP3K14,Oligodendrocytes,53.3,0.488,0.369,1.32,0.186,0.566,0.62,PD
2967,CRHR1,Oligodendrocytes,109,0.317,0.193,1.64,0.1,0.428,0.474,PD
2968,MAPT-AS1,Oligodendrocytes,20.5,0.0611,0.43,0.142,0.887,0.964,0.98,PD
2969,KANSL1-AS1,Oligodendrocytes,11.4,-0.168,0.624,-0.269,0.788,0.94,0.958,PD
2970,THCAT158,Oligodendrocytes,11.8,1.11,0.522,2.13,0.0329,0.248,0.297,PD
2971,CTD-2026D20.2,Oligodendrocytes,78.2,-0.0594,0.248,-0.24,0.811,0.942,0.963,PD
2972,RP11-580I16.2,Oligodendrocytes,127,0.108,0.203,0.53,0.596,0.868,0.901,PD
2973,SP2-AS1,Oligodendrocytes,36.5,-0.0979,0.273,-0.359,0.719,0.915,0.938,PD
2974,AC091133.1,Oligodendrocytes,37.8,0.147,0.273,0.539,0.59,0.864,0.899,PD
2975,RP11-1079K10.3,Oligodendrocytes,52.9,0.552,0.397,1.39,0.165,0.534,0.589,PD
2976,RP11-81K2.1,Oligodendrocytes,95.8,0.559,0.323,1.73,0.0838,0.399,0.444,PD
2977,RP11-294J22.6,Oligodendrocytes,45.7,0.885,0.386,2.29,0.0219,0.2,0.237,PD
2978,RP11-700H6.1,Oligodendrocytes,10.8,-0.96,0.491,-1.95,0.0506,0.308,0.355,PD
2979,RP11-481C4.1,Oligodendrocytes,28.6,0.37,0.42,0.881,0.379,0.748,0.792,PD
2980,RP11-166P13.3,Oligodendrocytes,12.5,-0.851,0.371,-2.29,0.022,0.2,0.238,PD
2981,RP11-60A24.3,Oligodendrocytes,28.7,1.39,0.489,2.85,0.00437,0.0745,0.0948,PD
2982,SEPT4-AS1,Oligodendrocytes,13.5,0.863,0.408,2.12,0.0343,0.254,0.304,PD
2983,AC099850.1,Oligodendrocytes,47.9,-0.314,0.231,-1.36,0.174,0.549,0.605,PD
2984,LINC01476,Oligodendrocytes,12.3,0.715,0.449,1.59,0.112,0.446,0.495,PD
2985,RP11-758H9.2,Oligodendrocytes,35.4,0.0981,0.346,0.283,0.777,0.937,0.954,PD
2986,CTD-2319I12.2,Oligodendrocytes,24.1,-0.764,0.301,-2.54,0.0112,0.138,0.168,PD
2987,RP11-15E18.1,Oligodendrocytes,52.6,-0.00359,0.26,-0.0138,0.989,0.996,0.997,PD
2988,RP11-332H18.5,Oligodendrocytes,11.7,0.539,0.66,0.816,0.414,0.767,0.812,PD
2989,RP11-156L14.1,Oligodendrocytes,199,-0.161,0.303,-0.531,0.595,0.868,0.9,PD
2990,AC037445.1,Oligodendrocytes,59.4,0.479,0.512,0.936,0.349,0.729,0.772,PD
2991,SNHG25,Oligodendrocytes,65.7,-0.337,0.347,-0.969,0.332,0.722,0.76,PD
2992,RP11-927P21.1,Oligodendrocytes,12,-0.53,0.647,-0.819,0.413,0.767,0.811,PD
2993,PRKCA-AS1,Oligodendrocytes,44,0.541,0.436,1.24,0.215,0.601,0.66,PD
2994,RP11-147L13.11,Oligodendrocytes,61.2,0.0922,0.221,0.417,0.676,0.899,0.926,PD
2995,RP11-147L13.12,Oligodendrocytes,13.8,-0.0894,0.503,-0.178,0.859,0.963,0.977,PD
2996,RP11-147L13.13,Oligodendrocytes,14.6,0.376,0.467,0.806,0.42,0.77,0.815,PD
2997,RP11-147L13.14,Oligodendrocytes,10.1,0.142,0.439,0.324,0.746,0.922,0.946,PD
2998,RP11-147L13.15,Oligodendrocytes,38.9,0.714,0.351,2.04,0.0417,0.282,0.326,PD
2999,ABCA9-AS1,Oligodendrocytes,20.3,-0.178,0.625,-0.285,0.776,0.937,0.954,PD
3000,LINC01483,Oligodendrocytes,22.6,0.452,0.321,1.41,0.159,0.525,0.58,PD
3001,KCNJ2-AS1,Oligodendrocytes,18.7,0.348,0.41,0.849,0.396,0.754,0.8,PD
3002,LINC00511,Oligodendrocytes,382,0.813,0.438,1.85,0.0638,0.346,0.392,PD
3003,MGC16275,Oligodendrocytes,21.8,-0.205,0.491,-0.418,0.676,0.899,0.926,PD
3004,RP11-16C1.3,Oligodendrocytes,17.7,0.0605,0.371,0.163,0.871,0.963,0.977,PD
3005,RP11-353N14.4,Oligodendrocytes,19.5,-0.534,0.377,-1.42,0.157,0.52,0.575,PD
3006,RP11-334C17.5,Oligodendrocytes,14.9,-0.0209,0.395,-0.0528,0.958,0.988,0.991,PD
3007,CTD-2047H16.4,Oligodendrocytes,41.2,0.314,0.304,1.03,0.303,0.692,0.737,PD
3008,RP11-1055B8.9,Oligodendrocytes,10.7,-0.593,0.449,-1.32,0.186,0.566,0.62,PD
3009,RP11-1055B8.3,Oligodendrocytes,125,-0.217,0.276,-0.788,0.431,0.777,0.824,PD
3010,RP11-1055B8.4,Oligodendrocytes,26.4,-0.748,0.451,-1.66,0.0973,0.427,0.468,PD
3011,RP13-1032I1.7,Oligodendrocytes,10.6,0.847,0.386,2.19,0.0282,0.227,0.27,PD
3012,RP13-516M14.1,Oligodendrocytes,23.6,0.756,0.382,1.98,0.0477,0.299,0.348,PD
3013,RP13-638C3.4,Oligodendrocytes,7.61,0.441,0.503,0.876,0.381,0.748,0.794,PD
3014,RP11-161I6.2,Oligodendrocytes,28,1.11,0.434,2.56,0.0103,0.132,0.159,PD
3015,RP11-703M24.5,Oligodendrocytes,41.8,-0.581,0.339,-1.71,0.0871,0.409,0.45,PD
3016,LINC00667,Oligodendrocytes,231,0.439,0.258,1.7,0.0894,0.414,0.455,PD
3017,CTD-3096M3.2,Oligodendrocytes,12,-0.401,0.43,-0.932,0.351,0.729,0.774,PD
3018,RP11-143J12.3,Oligodendrocytes,8.25,0.757,0.557,1.36,0.174,0.549,0.605,PD
3019,NDUFV2-AS1,Oligodendrocytes,36.7,0.404,0.391,1.03,0.302,0.692,0.736,PD
3020,RP11-861E21.1,Oligodendrocytes,7.84,-0.72,0.465,-1.55,0.122,0.462,0.515,PD
3021,RP11-861E21.2,Oligodendrocytes,26.5,-0.568,0.286,-1.99,0.0469,0.299,0.346,PD
3022,RP11-799B12.4,Oligodendrocytes,19.7,-0.101,0.357,-0.283,0.777,0.937,0.954,PD
3023,RP11-621L6.3,Oligodendrocytes,12.7,1.71,0.6,2.85,0.0043,0.0741,0.0938,PD
3024,AQP4-AS1,Oligodendrocytes,11.4,-0.241,0.431,-0.558,0.577,0.858,0.892,PD
3025,RP11-158H5.8,Oligodendrocytes,21.2,0.545,0.341,1.6,0.11,0.445,0.493,PD
3026,RP11-244M2.1,Oligodendrocytes,23.6,0.14,0.502,0.278,0.781,0.938,0.955,PD
3027,RP11-636O21.2,Oligodendrocytes,15.1,0.045,0.559,0.0806,0.936,0.984,0.988,PD
3028,KC6,Oligodendrocytes,12,0.811,0.896,0.905,0.365,0.739,0.786,PD
3029,LINC00907,Oligodendrocytes,79,-0.465,0.315,-1.48,0.14,0.491,0.547,PD
3030,CTD-2130O13.1,Oligodendrocytes,290,1.52,0.611,2.49,0.0129,0.152,0.18,PD
3031,SNHG22,Oligodendrocytes,78.7,-0.372,0.224,-1.66,0.0976,0.427,0.468,PD
3032,LINC01630,Oligodendrocytes,547,-0.509,0.194,-2.62,0.00869,0.119,0.145,PD
3033,TCF4-AS1,Oligodendrocytes,10.8,0.25,0.539,0.463,0.643,0.884,0.917,PD
3034,LINC01416,Oligodendrocytes,12.1,-0.683,0.355,-1.92,0.0548,0.322,0.366,PD
3035,CTD-2008L17.1,Oligodendrocytes,10.9,-0.612,0.565,-1.08,0.279,0.672,0.716,PD
3036,RP11-35G9.5,Oligodendrocytes,55.2,-0.12,0.316,-0.379,0.704,0.91,0.934,PD
3037,RP11-879F14.1,Oligodendrocytes,42.1,-0.307,0.415,-0.74,0.459,0.786,0.837,PD
3038,RP11-635N19.1,Oligodendrocytes,41.6,-0.0145,0.257,-0.0563,0.955,0.988,0.991,PD
3039,CTD-2541J13.1,Oligodendrocytes,15.2,-0.263,0.346,-0.759,0.448,0.782,0.83,PD
3040,CTD-2541J13.2,Oligodendrocytes,26,0.227,0.429,0.528,0.597,0.868,0.901,PD
3041,RP11-638L3.1,Oligodendrocytes,15.6,-0.424,0.442,-0.958,0.338,0.724,0.763,PD
3042,RP11-41O4.1,Oligodendrocytes,15.5,0.0739,0.438,0.169,0.866,0.963,0.977,PD
3043,LINC00909,Oligodendrocytes,47.7,-0.32,0.26,-1.23,0.218,0.607,0.666,PD
3044,RP11-162A12.2,Oligodendrocytes,35.7,-0.0455,0.285,-0.16,0.873,0.964,0.979,PD
3045,RP11-862L9.3,Oligodendrocytes,26.7,0.145,0.545,0.266,0.79,0.94,0.958,PD
3046,RP11-849I19.1,Oligodendrocytes,96.3,-0.357,0.283,-1.26,0.207,0.593,0.649,PD
3047,RP11-1136J12.1,Oligodendrocytes,27.9,-0.424,0.487,-0.871,0.384,0.748,0.794,PD
3048,RP11-567M16.3,Oligodendrocytes,19.7,-0.777,0.285,-2.72,0.00646,0.098,0.121,PD
3049,PARD6G-AS1,Oligodendrocytes,37.8,0.961,0.389,2.47,0.0134,0.155,0.184,PD
3050,NRSN2-AS1,Oligodendrocytes,12.6,0.53,0.43,1.23,0.218,0.607,0.666,PD
3051,SDCBP2-AS1,Oligodendrocytes,81.7,-0.645,0.189,-3.42,0.000627,0.0268,0.0283,PD
3052,RP5-858L17.1,Oligodendrocytes,25.9,-0.53,0.381,-1.39,0.164,0.534,0.589,PD
3053,UBOX5-AS1,Oligodendrocytes,22.6,-0.0587,0.432,-0.136,0.892,0.964,0.98,PD
3054,RP11-119B16.2,Oligodendrocytes,18.2,0.245,0.403,0.608,0.543,0.834,0.877,PD
3055,RP5-1068E13.7,Oligodendrocytes,10,-0.555,0.434,-1.28,0.201,0.587,0.641,PD
3056,RP1-122P22.2,Oligodendrocytes,208,-0.164,0.256,-0.642,0.521,0.82,0.87,PD
3057,KIZ-AS1,Oligodendrocytes,36.8,0.846,0.536,1.58,0.114,0.451,0.502,PD
3058,RP5-984P4.6,Oligodendrocytes,122,-0.209,0.252,-0.829,0.407,0.765,0.808,PD
3059,ZNF337-AS1,Oligodendrocytes,102,-0.478,0.27,-1.77,0.0764,0.379,0.424,PD
3060,RP11-243J16.7,Oligodendrocytes,32.7,1.05,0.573,1.84,0.0662,0.352,0.4,PD
3061,RP5-1085F17.3,Oligodendrocytes,34.4,0.567,0.366,1.55,0.121,0.462,0.515,PD
3062,NORAD,Oligodendrocytes,362,0.252,0.319,0.791,0.429,0.777,0.823,PD
3063,RP11-234K24.3,Oligodendrocytes,21.1,-0.0995,0.375,-0.265,0.791,0.94,0.958,PD
3064,DLGAP4-AS1,Oligodendrocytes,14.5,-0.112,0.374,-0.3,0.764,0.933,0.951,PD
3065,RP4-564F22.6,Oligodendrocytes,8.39,0.0738,0.47,0.157,0.875,0.964,0.979,PD
3066,PLCG1-AS1,Oligodendrocytes,12.5,-0.308,0.431,-0.715,0.475,0.794,0.846,PD
3067,OSER1-AS1,Oligodendrocytes,65.6,0.453,0.235,1.93,0.0537,0.319,0.362,PD
3068,LINC01260,Oligodendrocytes,54.4,-0.0146,0.318,-0.0458,0.963,0.988,0.991,PD
3069,KCNK15-AS1,Oligodendrocytes,33.1,-0.308,0.295,-1.04,0.298,0.689,0.733,PD
3070,RP3-453C12.15,Oligodendrocytes,25.1,2.58,0.59,4.38,1.20E-05,0.00249,0.00255,PD
3071,RP11-394O2.3,Oligodendrocytes,11.9,-0.378,0.469,-0.806,0.42,0.77,0.815,PD
3072,ZFAS1,Oligodendrocytes,104,0.0427,0.232,0.184,0.854,0.961,0.975,PD
3073,GNAS-AS1,Oligodendrocytes,14.4,0.137,0.334,0.411,0.681,0.904,0.929,PD
3074,MIR646HG,Oligodendrocytes,151,0.481,0.441,1.09,0.275,0.672,0.714,PD
3075,CTD-3184A7.4,Oligodendrocytes,35.3,0.194,0.303,0.642,0.521,0.82,0.87,PD
3076,LINC00266-1,Oligodendrocytes,20,0.064,0.389,0.165,0.869,0.963,0.977,PD
3077,CTD-3113P16.11,Oligodendrocytes,17.7,0.104,0.385,0.269,0.788,0.94,0.958,PD
3078,CTB-31O20.2,Oligodendrocytes,16.9,0.0808,0.415,0.195,0.846,0.955,0.972,PD
3079,AC006277.2,Oligodendrocytes,12.3,-0.435,0.366,-1.19,0.235,0.623,0.679,PD
3080,AC005786.7,Oligodendrocytes,12.9,0.456,0.426,1.07,0.284,0.676,0.72,PD
3081,CTB-50L17.16,Oligodendrocytes,9.23,-0.0217,0.408,-0.0532,0.958,0.988,0.991,PD
3082,AC104532.4,Oligodendrocytes,22.3,1.35,0.536,2.51,0.012,0.147,0.174,PD
3083,CTD-2325M2.1,Oligodendrocytes,8.19,-0.353,0.443,-0.795,0.427,0.776,0.822,PD
3084,CTD-3020H12.4,Oligodendrocytes,28.7,0.491,0.412,1.19,0.233,0.622,0.678,PD
3085,RAB11B-AS1,Oligodendrocytes,113,0.15,0.207,0.725,0.468,0.792,0.842,PD
3086,ILF3-AS1,Oligodendrocytes,111,0.111,0.198,0.558,0.577,0.858,0.892,PD
3087,CTC-425F1.4,Oligodendrocytes,34.5,1.27,0.457,2.77,0.00557,0.0877,0.111,PD
3088,CTB-55O6.12,Oligodendrocytes,21.4,0.342,0.293,1.17,0.243,0.631,0.685,PD
3089,CTD-3222D19.8,Oligodendrocytes,18.2,0.202,0.309,0.655,0.513,0.817,0.868,PD
3090,CTD-3032J10.2,Oligodendrocytes,10.9,1.09,0.548,1.98,0.0477,0.299,0.348,PD
3091,CTD-3131K8.2,Oligodendrocytes,153,0.649,0.26,2.5,0.0125,0.149,0.177,PD
3092,AC007192.6,Oligodendrocytes,35.5,1.07,0.564,1.9,0.0569,0.326,0.37,PD
3093,CTC-559E9.4,Oligodendrocytes,24.4,-0.173,0.326,-0.528,0.597,0.868,0.901,PD
3094,CTC-260E6.6,Oligodendrocytes,91.3,0.231,0.236,0.977,0.329,0.715,0.758,PD
3095,CTC-513N18.7,Oligodendrocytes,11.6,0.199,0.506,0.394,0.694,0.908,0.932,PD
3096,RP11-678G14.2,Oligodendrocytes,29.8,0.0071,0.528,0.0134,0.989,0.996,0.998,PD
3097,CTC-457E21.9,Oligodendrocytes,7.67,0.147,0.574,0.257,0.797,0.941,0.96,PD
3098,LINC00662,Oligodendrocytes,233,0.245,0.205,1.2,0.231,0.619,0.676,PD
3099,CTC-459F4.3,Oligodendrocytes,80.8,-0.591,0.248,-2.39,0.0169,0.175,0.208,PD
3100,AC011524.1,Oligodendrocytes,27.7,0.325,0.531,0.611,0.541,0.834,0.877,PD
3101,CTB-32O4.2,Oligodendrocytes,12.5,0.082,0.353,0.233,0.816,0.942,0.965,PD
3102,CTC-525D6.2,Oligodendrocytes,21.3,-0.592,0.402,-1.47,0.14,0.491,0.547,PD
3103,AC007773.2,Oligodendrocytes,10.4,0.53,0.406,1.31,0.191,0.573,0.629,PD
3104,AC010504.2,Oligodendrocytes,12.5,-0.206,0.358,-0.574,0.566,0.852,0.888,PD
3105,SCGB1B2P,Oligodendrocytes,13.9,0.3,0.469,0.64,0.522,0.821,0.871,PD
3106,CTD-2553L13.10,Oligodendrocytes,9.63,0.232,0.447,0.518,0.604,0.869,0.904,PD
3107,HPN-AS1,Oligodendrocytes,175,0.305,0.373,0.817,0.414,0.767,0.812,PD
3108,TMEM147-AS1,Oligodendrocytes,14.2,-0.298,0.411,-0.725,0.468,0.792,0.842,PD
3109,AF038458.3,Oligodendrocytes,8.84,0.84,0.476,1.76,0.0777,0.382,0.427,PD
3110,AC002116.7,Oligodendrocytes,11.4,0.686,0.422,1.62,0.104,0.436,0.482,PD
3111,LINC00665,Oligodendrocytes,43.9,-0.213,0.277,-0.769,0.442,0.782,0.828,PD
3112,ZNF529-AS1,Oligodendrocytes,64.1,-0.0497,0.23,-0.216,0.829,0.946,0.968,PD
3113,ZNF790-AS1,Oligodendrocytes,64.2,-0.535,0.208,-2.57,0.0103,0.132,0.159,PD
3114,CTD-2293H3.2,Oligodendrocytes,16.6,0.238,0.363,0.656,0.512,0.817,0.867,PD
3115,LINC01535,Oligodendrocytes,55.8,0.0533,0.317,0.168,0.866,0.963,0.977,PD
3116,ZNF793-AS1,Oligodendrocytes,22.4,0.376,0.341,1.1,0.271,0.664,0.71,PD
3117,CTD-2528L19.6,Oligodendrocytes,18.1,0.524,0.37,1.42,0.157,0.52,0.576,PD
3118,CTC-490E21.14,Oligodendrocytes,11.7,0.644,0.514,1.25,0.211,0.595,0.653,PD
3119,LIPE-AS1,Oligodendrocytes,151,0.116,0.318,0.365,0.715,0.914,0.937,PD
3120,CTC-490G23.6,Oligodendrocytes,18.9,0.16,0.55,0.291,0.771,0.936,0.953,PD
3121,RP11-15A1.3,Oligodendrocytes,18.8,0.12,0.698,0.172,0.863,0.963,0.977,PD
3122,RP11-15A1.2,Oligodendrocytes,42.2,0.0386,0.235,0.164,0.87,0.963,0.977,PD
3123,AC084219.4,Oligodendrocytes,8.56,-0.0693,0.406,-0.171,0.865,0.963,0.977,PD
3124,CTB-129P6.11,Oligodendrocytes,12,-0.193,0.403,-0.479,0.632,0.882,0.913,PD
3125,CTB-179K24.3,Oligodendrocytes,26,0.178,0.411,0.433,0.665,0.896,0.923,PD
3126,AC007193.6,Oligodendrocytes,260,0.306,0.202,1.51,0.13,0.478,0.532,PD
3127,DACT3-AS1,Oligodendrocytes,20.2,-0.215,0.285,-0.756,0.45,0.782,0.831,PD
3128,NAPA-AS1,Oligodendrocytes,20.2,0.528,0.315,1.67,0.0941,0.417,0.462,PD
3129,CTD-3001H11.2,Oligodendrocytes,13.1,-0.143,0.375,-0.382,0.703,0.91,0.933,PD
3130,GLTSCR2-AS1,Oligodendrocytes,15.4,0.313,0.415,0.755,0.45,0.782,0.832,PD
3131,CTC-273B12.10,Oligodendrocytes,8.56,0.917,0.623,1.47,0.141,0.493,0.549,PD
3132,PTOV1-AS1,Oligodendrocytes,24.1,0.195,0.299,0.651,0.515,0.82,0.87,PD
3133,CTD-2545M3.8,Oligodendrocytes,39.5,-0.202,0.48,-0.421,0.673,0.899,0.925,PD
3134,CTB-147C22.9,Oligodendrocytes,30.8,0.382,0.381,1,0.316,0.702,0.747,PD
3135,ZNF350-AS1,Oligodendrocytes,22.6,0.777,0.409,1.9,0.0572,0.327,0.371,PD
3136,CTC-471J1.9,Oligodendrocytes,12.1,0.54,0.456,1.19,0.236,0.623,0.679,PD
3137,AC008746.3,Oligodendrocytes,8.82,0.6,0.696,0.863,0.388,0.752,0.796,PD
3138,AC008746.12,Oligodendrocytes,8.65,-0.574,0.511,-1.12,0.261,0.648,0.7,PD
3139,LENG8-AS1,Oligodendrocytes,40.8,-0.323,0.252,-1.28,0.199,0.585,0.64,PD
3140,CTC-550B14.7,Oligodendrocytes,11.3,-0.202,0.612,-0.33,0.742,0.921,0.944,PD
3141,CTD-2587H24.10,Oligodendrocytes,9.12,0.194,0.46,0.422,0.673,0.899,0.925,PD
3142,CTD-2537I9.12,Oligodendrocytes,8.08,1.38,0.562,2.45,0.0143,0.16,0.191,PD
3143,ZNF667-AS1,Oligodendrocytes,106,0.0782,0.253,0.308,0.758,0.931,0.948,PD
3144,AC007228.11,Oligodendrocytes,72.2,0.0481,0.312,0.154,0.878,0.964,0.979,PD
3145,AC007228.5,Oligodendrocytes,11.3,0.0397,0.393,0.101,0.92,0.979,0.985,PD
3146,AC007228.9,Oligodendrocytes,9.83,0.197,0.964,0.204,0.838,0.951,0.97,PD
3147,ZIM2-AS1,Oligodendrocytes,10.1,-0.2,0.394,-0.507,0.612,0.872,0.907,PD
3148,CTC-444N24.8,Oligodendrocytes,13.8,0.538,0.43,1.25,0.211,0.595,0.653,PD
3149,CTC-444N24.6,Oligodendrocytes,49,-0.0477,0.225,-0.212,0.832,0.946,0.968,PD
3150,CTC-444N24.11,Oligodendrocytes,336,0.248,0.232,1.07,0.285,0.676,0.721,PD
3151,AC004076.5,Oligodendrocytes,8.73,0.95,0.534,1.78,0.0753,0.377,0.421,PD
3152,AC003682.16,Oligodendrocytes,8.61,-0.552,0.46,-1.2,0.23,0.619,0.675,PD
3153,CTD-3138B18.5,Oligodendrocytes,28.2,-0.225,0.332,-0.678,0.498,0.805,0.861,PD
3154,LLNLR-245B6.1,Oligodendrocytes,42.5,0.595,0.329,1.81,0.0706,0.36,0.41,PD
3155,A1BG-AS1,Oligodendrocytes,42.3,0.149,0.256,0.583,0.56,0.849,0.885,PD
3156,MZF1-AS1,Oligodendrocytes,22.4,0.293,0.329,0.89,0.374,0.748,0.791,PD
3157,LINC00279,Oligodendrocytes,26.5,0.164,0.731,0.225,0.822,0.944,0.967,PD
3158,TTTY15,Oligodendrocytes,62.3,-0.162,1.12,-0.145,0.885,0.964,0.98,PD
3159,TTTY14,Oligodendrocytes,674,-0.0936,1.04,-0.0903,0.928,0.982,0.986,PD
3160,TTTY10,Oligodendrocytes,101,-0.217,0.908,-0.238,0.812,0.942,0.963,PD
3161,AC005301.9,Oligodendrocytes,39.4,-0.315,0.331,-0.95,0.342,0.726,0.767,PD
3162,AC006946.16,Oligodendrocytes,9.41,-0.663,0.408,-1.62,0.104,0.436,0.482,PD
3163,CECR5-AS1,Oligodendrocytes,35.5,-0.208,0.316,-0.657,0.511,0.817,0.867,PD
3164,AC006547.13,Oligodendrocytes,19.7,1.35,0.485,2.79,0.00523,0.0848,0.107,PD
3165,THAP7-AS1,Oligodendrocytes,15.4,-0.353,0.371,-0.952,0.341,0.725,0.765,PD
3166,LL22NC03-2H8.5,Oligodendrocytes,155,-0.304,0.439,-0.693,0.488,0.798,0.855,PD
3167,PCAT14,Oligodendrocytes,34.3,-0.256,0.336,-0.762,0.446,0.782,0.829,PD
3168,CABIN1,Oligodendrocytes,199,0.0357,0.207,0.173,0.863,0.963,0.977,PD
3169,MIATNB,Oligodendrocytes,78.7,-0.366,0.232,-1.58,0.114,0.451,0.501,PD
3170,LINC01422,Oligodendrocytes,10.9,-0.346,0.457,-0.758,0.449,0.782,0.831,PD
3171,CTA-292E10.6,Oligodendrocytes,130,-0.187,0.252,-0.74,0.459,0.786,0.837,PD
3172,RFPL1S,Oligodendrocytes,59.6,-0.121,0.358,-0.337,0.736,0.921,0.943,PD
3173,PIK3IP1-AS1,Oligodendrocytes,48.5,-0.279,0.271,-1.03,0.303,0.692,0.737,PD
3174,RP1-90G24.10,Oligodendrocytes,17.4,-0.454,0.52,-0.874,0.382,0.748,0.794,PD
3175,RP5-1039K5.13,Oligodendrocytes,16.5,0.23,0.649,0.354,0.723,0.917,0.939,PD
3176,CTA-228A9.3,Oligodendrocytes,36,-0.189,0.25,-0.756,0.45,0.782,0.831,PD
3177,RP3-508I15.9,Oligodendrocytes,8.3,0.117,0.423,0.276,0.782,0.938,0.956,PD
3178,RP3-508I15.14,Oligodendrocytes,22.5,0.977,0.546,1.79,0.0738,0.373,0.416,PD
3179,RP4-742C19.13,Oligodendrocytes,21.4,0.947,0.606,1.56,0.118,0.457,0.51,PD
3180,RP5-1042K10.10,Oligodendrocytes,13.5,1.49,0.53,2.82,0.00482,0.0797,0.101,PD
3181,RP4-756G23.5,Oligodendrocytes,76.5,-0.391,0.28,-1.4,0.162,0.531,0.586,PD
3182,LINC01315,Oligodendrocytes,99.6,0.405,0.232,1.74,0.0812,0.396,0.44,PD
3183,NUP50-AS1,Oligodendrocytes,177,0.248,0.25,0.992,0.321,0.71,0.752,PD
3184,MIRLET7BHG,Oligodendrocytes,471,0.108,0.243,0.445,0.656,0.89,0.92,PD
3185,CTA-29F11.1,Oligodendrocytes,16.8,-0.201,0.579,-0.346,0.729,0.921,0.941,PD
3186,LINC01310,Oligodendrocytes,26,-0.325,0.325,-1,0.317,0.704,0.748,PD
3187,RP3-402G11.26,Oligodendrocytes,8.62,-0.595,0.618,-0.963,0.335,0.724,0.762,PD
3188,CTA-384D8.36,Oligodendrocytes,18.2,0.142,0.392,0.363,0.717,0.915,0.938,PD
3189,RP11-717F1.2,Oligodendrocytes,26.5,-0.733,0.652,-1.12,0.261,0.648,0.7,PD
3190,CH507-39O4.2,Oligodendrocytes,14,0.272,0.377,0.722,0.471,0.794,0.843,PD
3191,CH507-513H4.1,Oligodendrocytes,720,0.125,0.583,0.213,0.831,0.946,0.968,PD
3192,CH507-528H12.1,Oligodendrocytes,534,-0.27,0.563,-0.48,0.631,0.882,0.913,PD
3193,bP-21264C1.2,Oligodendrocytes,167,-0.149,0.313,-0.477,0.633,0.882,0.913,PD
3194,CH507-216K13.2,Oligodendrocytes,47.9,-0.311,0.438,-0.709,0.478,0.794,0.849,PD
3195,AP001347.6,Oligodendrocytes,139,0.218,0.254,0.859,0.39,0.753,0.798,PD
3196,AF127936.9,Oligodendrocytes,37.4,1.07,0.355,3.03,0.00247,0.0591,0.0705,PD
3197,MIR99AHG,Oligodendrocytes,1820,-0.102,0.157,-0.647,0.518,0.82,0.87,PD
3198,LINC01549,Oligodendrocytes,89.5,-0.0913,0.449,-0.203,0.839,0.951,0.97,PD
3199,C21orf91-OT1,Oligodendrocytes,58.9,0.299,0.287,1.04,0.298,0.689,0.734,PD
3200,AL109761.5,Oligodendrocytes,9.62,-0.183,0.655,-0.28,0.779,0.937,0.955,PD
3201,LINC00320,Oligodendrocytes,310,-0.1,0.257,-0.39,0.696,0.908,0.932,PD
3202,AP000233.4,Oligodendrocytes,12.9,1.11,0.369,3,0.00272,0.0614,0.0733,PD
3203,LINC00158,Oligodendrocytes,26.4,0.504,0.301,1.67,0.0943,0.417,0.462,PD
3204,AP001439.2,Oligodendrocytes,9.47,0.939,0.594,1.58,0.114,0.451,0.501,PD
3205,AP001604.3,Oligodendrocytes,8.06,0.431,0.56,0.77,0.441,0.782,0.828,PD
3206,AL035610.2,Oligodendrocytes,145,0.54,0.343,1.58,0.115,0.453,0.503,PD
3207,AF131217.1,Oligodendrocytes,607,-0.12,0.255,-0.47,0.638,0.882,0.914,PD
3208,GRIK1-AS1,Oligodendrocytes,12.1,0.0911,0.4,0.228,0.82,0.942,0.966,PD
3209,AP000253.1,Oligodendrocytes,11,-0.0207,0.516,-0.0401,0.968,0.988,0.991,PD
3210,LINC00159,Oligodendrocytes,80.5,0.56,0.266,2.1,0.0355,0.259,0.305,PD
3211,URB1-AS1,Oligodendrocytes,11,0.131,0.45,0.291,0.771,0.936,0.953,PD
3212,PAXBP1-AS1,Oligodendrocytes,74.9,-0.942,0.232,-4.06,4.83E-05,0.00571,0.0065,PD
3213,C21orf62-AS1,Oligodendrocytes,316,0.149,0.172,0.869,0.385,0.748,0.794,PD
3214,AP000282.2,Oligodendrocytes,177,-0.62,0.385,-1.61,0.108,0.44,0.487,PD
3215,AP000688.29,Oligodendrocytes,51.6,0.351,0.389,0.903,0.366,0.74,0.786,PD
3216,AP001432.14,Oligodendrocytes,13.6,0.442,0.381,1.16,0.246,0.632,0.688,PD
3217,LINC00323,Oligodendrocytes,141,0.61,0.435,1.4,0.161,0.528,0.582,PD
3218,AP001628.6,Oligodendrocytes,9.67,0.402,0.523,0.769,0.442,0.782,0.828,PD
3219,PICSAR,Oligodendrocytes,22.6,0.323,0.729,0.443,0.658,0.89,0.92,PD
3220,MCM3AP-AS1,Oligodendrocytes,58.5,1.18,0.298,3.97,7.06E-05,0.00683,0.00826,PD
3221,RP11-206L10.9,Astrocytes,44.7,-0.00498,0.26,-0.0192,0.985,0.993,0.996,PD
3222,LINC00982,Astrocytes,58.4,-0.108,0.371,-0.291,0.771,0.914,0.953,PD
3223,RP11-431K24.1,Astrocytes,14.5,-0.21,0.407,-0.516,0.606,0.845,0.904,PD
3224,MIR34A,Astrocytes,28.3,0.522,0.373,1.4,0.162,0.471,0.586,PD
3225,RP4-635E18.7,Astrocytes,14.3,0.232,0.36,0.643,0.52,0.803,0.87,PD
3226,FLJ37453,Astrocytes,29.8,0.133,0.484,0.275,0.784,0.925,0.956,PD
3227,RP1-43E13.2,Astrocytes,60.7,0.573,0.239,2.4,0.0166,0.145,0.206,PD
3228,RP1-184J9.2,Astrocytes,23.7,0.362,0.319,1.14,0.256,0.586,0.697,PD
3229,LINC01355,Astrocytes,17.1,0.64,0.377,1.7,0.089,0.36,0.454,PD
3230,ZNF436-AS1,Astrocytes,21.7,0.277,0.415,0.668,0.504,0.795,0.863,PD
3231,TCEB3-AS1,Astrocytes,49.4,0.143,0.24,0.597,0.551,0.809,0.88,PD
3232,RP1-187B23.1,Astrocytes,22.6,1.13,0.737,1.53,0.126,0.424,0.526,PD
3233,SNHG12,Astrocytes,17.8,0.706,0.444,1.59,0.112,0.403,0.496,PD
3234,RP11-266K22.2,Astrocytes,16.2,0.256,0.496,0.516,0.606,0.845,0.904,PD
3235,LINC01137,Astrocytes,11.5,-0.0516,0.428,-0.121,0.904,0.967,0.983,PD
3236,RP11-109P14.10,Astrocytes,18.6,0.637,0.59,1.08,0.28,0.615,0.717,PD
3237,RP5-884C9.2,Astrocytes,34.6,-0.0936,0.314,-0.298,0.766,0.914,0.951,PD
3238,RP5-864K19.4,Astrocytes,257,0.436,0.295,1.48,0.139,0.444,0.546,PD
3239,RP11-656D10.3,Astrocytes,36.8,0.376,0.339,1.11,0.268,0.604,0.708,PD
3240,RP11-399E6.1,Astrocytes,21.2,0.626,0.365,1.72,0.0861,0.356,0.448,PD
3241,SLC2A1-AS1,Astrocytes,29.3,-0.226,0.278,-0.811,0.417,0.736,0.813,PD
3242,RP5-1198O20.4,Astrocytes,13.9,-0.0693,0.519,-0.134,0.894,0.966,0.981,PD
3243,RP11-191G24.1,Astrocytes,17.3,-0.0535,0.475,-0.113,0.91,0.967,0.984,PD
3244,RP11-90C4.1,Astrocytes,56.2,0.364,0.314,1.16,0.246,0.576,0.688,PD
3245,LINC01135,Astrocytes,66.1,0.344,0.217,1.58,0.113,0.405,0.499,PD
3246,LINC01358,Astrocytes,19,0.525,0.41,1.28,0.201,0.52,0.641,PD
3247,RP11-776H12.1,Astrocytes,439,-0.367,0.208,-1.77,0.077,0.338,0.426,PD
3248,RP11-436K8.1,Astrocytes,348,-0.215,0.256,-0.839,0.402,0.728,0.806,PD
3249,NFIA-AS2,Astrocytes,19.1,0.0691,0.423,0.163,0.87,0.96,0.977,PD
3250,RP11-430G17.3,Astrocytes,17.3,-0.339,0.402,-0.842,0.4,0.728,0.806,PD
3251,RP11-230B22.1,Astrocytes,89.8,0.549,0.302,1.82,0.0694,0.318,0.406,PD
3252,GNG12-AS1,Astrocytes,84.8,-0.0932,0.32,-0.291,0.771,0.914,0.953,PD
3253,RP11-181B18.1,Astrocytes,55.2,-1.06,0.447,-2.38,0.0175,0.15,0.213,PD
3254,RP11-475O6.1,Astrocytes,49.4,-0.413,0.3,-1.37,0.169,0.485,0.599,PD
3255,RP11-131L23.1,Astrocytes,38,-0.494,0.408,-1.21,0.226,0.556,0.672,PD
3256,PKN2-AS1,Astrocytes,64,-0.668,0.341,-1.96,0.05,0.275,0.354,PD
3257,FLJ27354,Astrocytes,16.1,0.443,0.411,1.08,0.281,0.615,0.717,PD
3258,RP4-639F20.1,Astrocytes,42.6,0.00608,0.326,0.0186,0.985,0.993,0.996,PD
3259,RP11-57H12.3,Astrocytes,30.7,-1.05,0.294,-3.56,0.000378,0.0105,0.0208,PD
3260,RP11-421L21.3,Astrocytes,73.8,0.077,0.204,0.377,0.706,0.889,0.934,PD
3261,RP5-1074L1.4,Astrocytes,11,0.869,0.476,1.83,0.0676,0.318,0.401,PD
3262,RP5-965F6.2,Astrocytes,237,-0.374,0.297,-1.26,0.207,0.53,0.649,PD
3263,SLC16A1-AS1,Astrocytes,247,0.206,0.263,0.784,0.433,0.75,0.824,PD
3264,RP11-31F15.2,Astrocytes,29.8,0.367,0.267,1.37,0.17,0.485,0.599,PD
3265,RP11-418J17.1,Astrocytes,140,0.329,0.179,1.84,0.0658,0.315,0.399,PD
3266,LINC00623,Astrocytes,121,0.183,0.291,0.628,0.53,0.805,0.873,PD
3267,RP11-439A17.10,Astrocytes,14.1,0.887,0.396,2.24,0.0251,0.182,0.254,PD
3268,RP11-289H16.1,Astrocytes,62,0.496,0.344,1.44,0.149,0.453,0.563,PD
3269,RP11-337C18.8,Astrocytes,51.3,0.101,0.241,0.419,0.676,0.882,0.926,PD
3270,RP4-565E6.1,Astrocytes,102,-0.324,0.372,-0.872,0.383,0.711,0.794,PD
3271,CH17-189H20.1,Astrocytes,893,0.938,0.324,2.9,0.00376,0.0493,0.0862,PD
3272,FALEC,Astrocytes,9.34,0.192,0.477,0.402,0.688,0.882,0.93,PD
3273,FLG-AS1,Astrocytes,109,-0.405,0.375,-1.08,0.28,0.615,0.717,PD
3274,MIR92B,Astrocytes,97.8,0.0374,0.181,0.207,0.836,0.949,0.97,PD
3275,RP11-284F21.10,Astrocytes,17.4,-0.426,0.472,-0.903,0.366,0.704,0.786,PD
3276,RP11-190A12.8,Astrocytes,15.5,-0.71,0.391,-1.82,0.0693,0.318,0.406,PD
3277,RP11-122G18.12,Astrocytes,11.1,-0.0881,0.476,-0.185,0.853,0.953,0.975,PD
3278,RGS5,Astrocytes,25.9,-0.0783,0.297,-0.264,0.792,0.928,0.958,PD
3279,RP11-296O14.3,Astrocytes,198,0.219,0.253,0.864,0.387,0.714,0.795,PD
3280,RP11-195C7.1,Astrocytes,22.2,-0.335,0.394,-0.851,0.395,0.723,0.8,PD
3281,LINC01344,Astrocytes,10.7,-1.34,0.466,-2.88,0.00404,0.0509,0.0896,PD
3282,RP11-295K2.3,Astrocytes,29.2,0.186,0.274,0.681,0.496,0.789,0.86,PD
3283,ERVMER61-1,Astrocytes,20.8,-1.33,0.427,-3.1,0.00191,0.0329,0.0609,PD
3284,MIR181A1HG,Astrocytes,19.6,-0.731,0.417,-1.75,0.0798,0.344,0.435,PD
3285,LINC00862,Astrocytes,46.9,1.74,0.411,4.23,2.29E-05,0.00154,0.00404,PD
3286,RP11-469A15.2,Astrocytes,20.1,1.71,0.445,3.83,0.000129,0.00628,0.012,PD
3287,RP11-92G12.3,Astrocytes,19.6,-0.109,0.37,-0.296,0.768,0.914,0.952,PD
3288,RP11-134G8.7,Astrocytes,30,0.683,0.412,1.66,0.0975,0.372,0.468,PD
3289,IPO9-AS1,Astrocytes,34.8,0.194,0.467,0.416,0.678,0.882,0.927,PD
3290,RP11-307B6.3,Astrocytes,33.5,-1.33,0.361,-3.69,0.000221,0.00751,0.0155,PD
3291,RP11-739N20.2,Astrocytes,10.4,1.58,0.452,3.51,0.000451,0.0115,0.0231,PD
3292,C1orf132,Astrocytes,173,0.143,0.289,0.496,0.62,0.854,0.91,PD
3293,LINC00467,Astrocytes,34.5,-0.424,0.383,-1.11,0.268,0.604,0.708,PD
3294,RP11-384C4.7,Astrocytes,20,0.781,0.593,1.32,0.188,0.506,0.623,PD
3295,LYPLAL1-AS1,Astrocytes,12.8,-0.356,0.46,-0.773,0.439,0.754,0.827,PD
3296,RP11-378J18.9,Astrocytes,32.8,-0.436,0.269,-1.62,0.105,0.387,0.485,PD
3297,RP11-455P21.3,Astrocytes,20.1,-0.671,0.443,-1.52,0.13,0.427,0.532,PD
3298,RP11-285F7.2,Astrocytes,12.9,-0.161,0.393,-0.411,0.681,0.882,0.929,PD
3299,ITPKB-AS1,Astrocytes,18.4,0.276,0.525,0.526,0.599,0.844,0.902,PD
3300,RP5-827C21.4,Astrocytes,16.2,0.0859,0.516,0.167,0.868,0.96,0.977,PD
3301,LINC01354,Astrocytes,25.7,0.87,0.484,1.8,0.0725,0.326,0.414,PD
3302,RP11-385F5.4,Astrocytes,12.5,0.345,0.465,0.742,0.458,0.757,0.836,PD
3303,RP11-561I11.4,Astrocytes,78.9,-1.44,1.27,-1.14,0.254,0.586,0.695,PD
3304,LINC00298,Astrocytes,110,0.356,0.264,1.35,0.177,0.501,0.608,PD
3305,LINC00299,Astrocytes,438,-0.903,0.21,-4.3,1.69E-05,0.00133,0.00325,PD
3306,ID2-AS1,Astrocytes,13.2,-0.386,0.524,-0.736,0.462,0.761,0.839,PD
3307,MIR3681HG,Astrocytes,8.43,-1.47,0.548,-2.69,0.00719,0.0788,0.13,PD
3308,LINC00276,Astrocytes,15.2,-0.189,0.453,-0.417,0.677,0.882,0.926,PD
3309,LINC01376,Astrocytes,108,-1.12,0.303,-3.71,0.000207,0.00751,0.0151,PD
3310,DNAJC27-AS1,Astrocytes,78.4,-0.468,0.297,-1.58,0.115,0.406,0.502,PD
3311,AC074117.10,Astrocytes,22.4,0.494,0.368,1.34,0.179,0.503,0.612,PD
3312,AC097724.3,Astrocytes,16.1,-0.306,0.423,-0.724,0.469,0.764,0.842,PD
3313,AC016907.3,Astrocytes,43.3,-0.323,0.341,-0.948,0.343,0.677,0.768,PD
3314,LINC00486,Astrocytes,3020,0.0284,0.251,0.114,0.91,0.967,0.984,PD
3315,AC012593.1,Astrocytes,223,-1.7,0.419,-4.05,5.11E-05,0.00284,0.00664,PD
3316,CYP1B1-AS1,Astrocytes,12.8,1.14,0.457,2.5,0.0126,0.118,0.178,PD
3317,AC007246.3,Astrocytes,129,0.157,0.204,0.773,0.439,0.754,0.827,PD
3318,AC016735.2,Astrocytes,15.2,-0.846,0.425,-1.99,0.0465,0.265,0.344,PD
3319,RP11-417F21.1,Astrocytes,18.2,0.769,0.575,1.34,0.181,0.503,0.614,PD
3320,AC073283.4,Astrocytes,44,0.669,0.293,2.28,0.0227,0.17,0.241,PD
3321,RP11-460M2.1,Astrocytes,55.4,1.19,0.612,1.94,0.052,0.279,0.36,PD
3322,AC007682.1,Astrocytes,55.3,-1.45,0.475,-3.05,0.00232,0.036,0.0675,PD
3323,AC012358.8,Astrocytes,24.6,-0.621,0.338,-1.84,0.0663,0.315,0.4,PD
3324,LINC01122,Astrocytes,23.3,-0.223,0.461,-0.484,0.628,0.862,0.913,PD
3325,LINC01185,Astrocytes,24.7,-0.674,0.458,-1.47,0.141,0.447,0.549,PD
3326,RP11-355B11.2,Astrocytes,20.4,0.208,0.321,0.65,0.516,0.8,0.87,PD
3327,AC008074.3,Astrocytes,9.51,-0.547,0.526,-1.04,0.298,0.641,0.734,PD
3328,RP11-474G23.3,Astrocytes,20,-0.229,0.407,-0.561,0.575,0.823,0.892,PD
3329,AC016716.2,Astrocytes,15.9,0.167,0.553,0.302,0.763,0.913,0.95,PD
3330,LINC00342,Astrocytes,18.6,0.0759,0.37,0.205,0.837,0.949,0.97,PD
3331,AC159540.1,Astrocytes,48.8,0.0493,0.23,0.215,0.83,0.945,0.968,PD
3332,LINC01102,Astrocytes,9.87,-0.776,0.61,-1.27,0.203,0.524,0.644,PD
3333,LINC01114,Astrocytes,18.1,-0.211,0.403,-0.524,0.6,0.845,0.903,PD
3334,AC010884.1,Astrocytes,12.1,-0.348,0.476,-0.732,0.464,0.761,0.84,PD
3335,GCC2-AS1,Astrocytes,29.7,0.306,0.309,0.989,0.322,0.655,0.753,PD
3336,MIR4435-2HG,Astrocytes,14.4,0.213,0.46,0.462,0.644,0.873,0.917,PD
3337,DPP10-AS3,Astrocytes,17.9,0.159,0.639,0.25,0.803,0.933,0.961,PD
3338,AC012363.4,Astrocytes,14.7,0.556,0.417,1.33,0.183,0.503,0.616,PD
3339,NIFK-AS1,Astrocytes,79.3,0.394,0.234,1.68,0.092,0.362,0.459,PD
3340,CCNT2-AS1,Astrocytes,12.1,-0.143,0.502,-0.284,0.776,0.917,0.954,PD
3341,AC097721.2,Astrocytes,23.9,0.0619,0.285,0.217,0.828,0.945,0.968,PD
3342,AC105402.4,Astrocytes,395,0.29,0.557,0.521,0.602,0.845,0.903,PD
3343,AC144449.1,Astrocytes,61.5,-0.724,0.248,-2.92,0.00351,0.0467,0.0832,PD
3344,AC093375.1,Astrocytes,21.1,0.688,0.697,0.987,0.324,0.655,0.754,PD
3345,AC009961.3,Astrocytes,25.3,-0.0502,0.34,-0.148,0.883,0.965,0.979,PD
3346,AC009299.2,Astrocytes,11.1,-0.58,0.501,-1.16,0.246,0.576,0.688,PD
3347,AC092684.1,Astrocytes,24.3,1.18,0.692,1.71,NA,NA,NA,PD
3348,AC010127.3,Astrocytes,23.4,-0.456,0.523,-0.871,0.384,0.711,0.794,PD
3349,AC074363.1,Astrocytes,157,-0.103,0.285,-0.361,0.718,0.897,0.938,PD
3350,AC007405.4,Astrocytes,20,0.107,0.35,0.307,0.759,0.91,0.949,PD
3351,AC018890.6,Astrocytes,31.6,0.395,0.321,1.23,0.219,0.545,0.666,PD
3352,AC079305.11,Astrocytes,21.7,-1.25,0.37,-3.39,0.000711,0.0167,0.0311,PD
3353,AC079305.8,Astrocytes,28.1,0.358,0.277,1.29,0.196,0.517,0.637,PD
3354,AC009948.5,Astrocytes,14.1,0.52,0.42,1.24,0.216,0.544,0.661,PD
3355,TTN-AS1,Astrocytes,236,-0.299,0.246,-1.22,0.223,0.552,0.67,PD
3356,FSIP2-AS1,Astrocytes,27.9,-0.322,0.322,-1,0.317,0.655,0.748,PD
3357,LINC01473,Astrocytes,90.3,-0.249,0.252,-0.988,0.323,0.655,0.753,PD
3358,AC007319.1,Astrocytes,35,-0.126,0.436,-0.289,0.772,0.915,0.953,PD
3359,AC093388.3,Astrocytes,25.7,-0.284,0.289,-0.983,0.326,0.656,0.755,PD
3360,AC011997.1,Astrocytes,29.1,0.804,0.343,2.34,0.0191,0.155,0.219,PD
3361,AC005037.3,Astrocytes,17.4,-0.044,0.362,-0.122,0.903,0.967,0.983,PD
3362,AC007879.5,Astrocytes,10.7,0.0987,0.488,0.202,0.84,0.949,0.97,PD
3363,AC007038.7,Astrocytes,33.6,-0.0254,0.262,-0.0968,0.923,0.973,0.986,PD
3364,AC072062.1,Astrocytes,38.8,0.0174,0.388,0.0448,0.964,0.99,0.991,PD
3365,AC007563.5,Astrocytes,53.2,0.25,0.477,0.524,0.601,0.845,0.903,PD
3366,AC097662.2,Astrocytes,35.5,0.177,0.295,0.6,0.549,0.809,0.879,PD
3367,AC079135.1,Astrocytes,112,0.592,0.361,1.64,0.101,0.381,0.475,PD
3368,AC105760.2,Astrocytes,25.4,0.373,0.285,1.31,0.19,0.508,0.626,PD
3369,AC005237.4,Astrocytes,27.4,0.356,0.488,0.73,0.465,0.762,0.841,PD
3370,LINC01266,Astrocytes,138,-0.641,0.247,-2.6,0.00937,0.0953,0.151,PD
3371,AC026188.1,Astrocytes,63.5,-0.59,0.293,-2.01,0.0442,0.258,0.334,PD
3372,AC018816.3,Astrocytes,34.7,-0.253,0.256,-0.99,0.322,0.655,0.753,PD
3373,BHLHE40-AS1,Astrocytes,16.2,-0.138,0.368,-0.375,0.708,0.891,0.935,PD
3374,AC026202.3,Astrocytes,28.9,0.221,0.348,0.635,0.525,0.805,0.872,PD
3375,LMCD1-AS1,Astrocytes,808,0.0702,0.199,0.352,0.725,0.899,0.939,PD
3376,THUMPD3-AS1,Astrocytes,105,0.919,0.278,3.3,0.00095,0.0195,0.0376,PD
3377,PRRT3-AS1,Astrocytes,17,0.23,0.377,0.611,0.541,0.805,0.877,PD
3378,SLC6A1-AS1,Astrocytes,61.6,-0.319,0.669,-0.477,0.633,0.865,0.913,PD
3379,FGD5-AS1,Astrocytes,36.6,0.162,0.335,0.484,0.628,0.862,0.913,PD
3380,AC133680.1,Astrocytes,17.8,-0.423,0.485,-0.873,0.383,0.711,0.794,PD
3381,RBMS3-AS3,Astrocytes,20.7,-0.31,0.546,-0.568,0.57,0.821,0.891,PD
3382,ENTPD3-AS1,Astrocytes,111,-0.274,0.228,-1.2,0.23,0.558,0.675,PD
3383,RP4-613B23.1,Astrocytes,150,-0.117,0.232,-0.506,0.613,0.849,0.907,PD
3384,RP11-944L7.4,Astrocytes,104,-0.27,0.177,-1.52,0.128,0.424,0.529,PD
3385,KIF9-AS1,Astrocytes,191,-0.129,0.162,-0.797,0.425,0.744,0.821,PD
3386,RP11-708J19.1,Astrocytes,12.4,0.025,0.375,0.0667,0.947,0.981,0.991,PD
3387,DENND6A-AS1,Astrocytes,21.2,0.202,0.349,0.578,0.563,0.817,0.887,PD
3388,PSMD6-AS2,Astrocytes,18.7,0.616,0.42,1.47,0.142,0.447,0.55,PD
3389,ADAMTS9-AS2,Astrocytes,725,0.801,0.265,3.02,0.00251,0.0376,0.0713,PD
3390,SUCLG2-AS1,Astrocytes,223,-0.295,0.195,-1.51,0.131,0.428,0.535,PD
3391,RP11-154H23.4,Astrocytes,18.5,0.4,0.421,0.951,0.341,0.675,0.766,PD
3392,RP11-803B1.8,Astrocytes,12.8,-0.291,0.351,-0.829,0.407,0.731,0.808,PD
3393,LINC00506,Astrocytes,14.4,-0.271,0.428,-0.635,0.526,0.805,0.873,PD
3394,LINC00882,Astrocytes,283,0.168,0.152,1.11,0.269,0.604,0.709,PD
3395,DUBR,Astrocytes,65.8,0.356,0.22,1.62,0.106,0.388,0.485,PD
3396,RP11-446H18.5,Astrocytes,13.8,-0.17,0.473,-0.36,0.719,0.897,0.938,PD
3397,PVRL3-AS1,Astrocytes,34.2,-1.23,0.41,-3.01,0.00261,0.038,0.0719,PD
3398,RP11-572M11.4,Astrocytes,51.9,-0.541,0.259,-2.09,0.0369,0.236,0.309,PD
3399,RP11-197K3.1,Astrocytes,51.2,0.435,0.526,0.827,0.408,0.731,0.808,PD
3400,LSAMP-AS1,Astrocytes,15.1,-0.35,0.604,-0.58,0.562,0.817,0.887,PD
3401,RP11-384F7.2,Astrocytes,2080,0.0967,0.231,0.419,0.675,0.882,0.926,PD
3402,RP11-18H7.1,Astrocytes,23.7,0.465,0.295,1.57,0.116,0.407,0.504,PD
3403,RP11-299J3.8,Astrocytes,42.5,-0.456,0.255,-1.79,0.0732,0.328,0.415,PD
3404,MYLK-AS1,Astrocytes,48.9,0.534,0.28,1.91,0.0566,0.292,0.369,PD
3405,RP11-379B18.6,Astrocytes,90.3,0.294,0.276,1.07,0.286,0.625,0.723,PD
3406,ALDH1L1-AS2,Astrocytes,28.8,-0.406,0.32,-1.27,0.205,0.527,0.646,PD
3407,TMCC1-AS1,Astrocytes,16.8,1.32,0.362,3.64,0.000274,0.00836,0.0171,PD
3408,RP11-319G6.1,Astrocytes,272,-0.338,0.159,-2.13,0.0331,0.221,0.298,PD
3409,RP11-274H2.2,Astrocytes,16.5,1.37,0.718,1.9,0.0568,0.292,0.37,PD
3410,RP11-274H2.3,Astrocytes,22.9,0.238,0.551,0.431,0.666,0.882,0.923,PD
3411,RP11-649A16.1,Astrocytes,87.7,0.0174,1.2,0.0145,0.988,0.993,0.997,PD
3412,RP11-71N10.1,Astrocytes,9.94,-0.254,0.57,-0.445,0.656,0.875,0.92,PD
3413,ERICH6-AS1,Astrocytes,15.5,0.14,0.426,0.328,0.743,0.9,0.944,PD
3414,LINC00886,Astrocytes,41.9,0.313,0.311,1.01,0.314,0.655,0.745,PD
3415,LINC00880,Astrocytes,15.2,0.00919,0.515,0.0179,0.986,0.993,0.996,PD
3416,LINC01322,Astrocytes,21.1,0.485,0.412,1.18,0.239,0.563,0.682,PD
3417,KCNMB2-AS1,Astrocytes,238,0.105,0.184,0.571,0.568,0.82,0.888,PD
3418,RP11-360P21.2,Astrocytes,15.3,-0.308,0.344,-0.897,0.37,0.706,0.789,PD
3419,RP11-4B14.3,Astrocytes,85.9,-1.66,0.363,-4.57,4.95E-06,0.00052,0.00147,PD
3420,RP11-208N14.5,Astrocytes,19.6,0.766,0.387,1.98,0.0476,0.269,0.348,PD
3421,LINC00884,Astrocytes,27,0.306,0.277,1.11,0.269,0.604,0.709,PD
3422,LINC00969,Astrocytes,689,0.117,0.259,0.451,0.652,0.873,0.919,PD
3423,MFI2-AS1,Astrocytes,28.5,0.281,0.367,0.766,0.444,0.754,0.828,PD
3424,RP11-440L14.1,Astrocytes,168,0.708,0.318,2.23,0.0259,0.186,0.258,PD
3425,CTBP1-AS,Astrocytes,14.8,0.696,0.613,1.13,0.257,0.586,0.697,PD
3426,CTBP1-AS2,Astrocytes,14.7,0.567,0.337,1.68,0.0929,0.362,0.461,PD
3427,STX18-AS1,Astrocytes,130,-0.236,0.196,-1.21,0.227,0.556,0.672,PD
3428,RP11-539L10.3,Astrocytes,27.1,0.0608,0.361,0.169,0.866,0.96,0.977,PD
3429,LINC01182,Astrocytes,50.2,0.432,0.363,1.19,0.235,0.56,0.679,PD
3430,LINC00504,Astrocytes,17,-1.11,0.395,-2.81,0.00491,0.0591,0.103,PD
3431,CPEB2-AS1,Astrocytes,20.2,-0.445,0.3,-1.49,0.137,0.439,0.543,PD
3432,RP11-665G4.1,Astrocytes,129,-1.19,0.403,-2.95,0.00313,0.0429,0.0791,PD
3433,TAPT1-AS1,Astrocytes,414,0.0973,0.181,0.537,0.591,0.839,0.899,PD
3434,RP11-446J8.1,Astrocytes,83.2,0.118,0.305,0.386,0.699,0.886,0.933,PD
3435,RP11-608O21.1,Astrocytes,10.7,0.404,0.507,0.796,0.426,0.744,0.821,PD
3436,UGDH-AS1,Astrocytes,94.5,0.321,0.188,1.7,0.0884,0.36,0.453,PD
3437,RP11-539G18.3,Astrocytes,17.4,-0.252,0.336,-0.749,0.454,0.757,0.833,PD
3438,RP11-707A18.1,Astrocytes,13.6,-0.611,0.559,-1.09,0.275,0.611,0.713,PD
3439,RP11-584P21.2,Astrocytes,41.7,0.619,0.324,1.91,0.0557,0.289,0.368,PD
3440,UBA6-AS1,Astrocytes,208,0.227,0.295,0.768,0.442,0.754,0.828,PD
3441,RP11-692D12.1,Astrocytes,209,-0.368,0.231,-1.59,0.111,0.403,0.495,PD
3442,LINC01094,Astrocytes,474,0.855,0.222,3.85,0.000117,0.00615,0.0115,PD
3443,LINC01088,Astrocytes,3830,0.469,0.229,2.05,0.0404,0.243,0.325,PD
3444,RP11-778J15.1,Astrocytes,29,0.796,0.513,1.55,0.121,0.417,0.515,PD
3445,RP11-10L7.1,Astrocytes,52,-0.0669,0.246,-0.272,0.785,0.925,0.957,PD
3446,FAM13A-AS1,Astrocytes,37.9,0.356,0.301,1.18,0.237,0.563,0.68,PD
3447,RP11-571L19.7,Astrocytes,19.2,0.543,0.355,1.53,0.126,0.424,0.527,PD
3448,RP11-696N14.1,Astrocytes,38.4,-0.257,0.271,-0.946,0.344,0.678,0.768,PD
3449,RP11-15B17.1,Astrocytes,22,-0.994,0.44,-2.26,0.0239,0.176,0.249,PD
3450,RP11-10L12.4,Astrocytes,33.4,1.14,0.359,3.18,0.00149,0.0288,0.0528,PD
3451,AC004053.1,Astrocytes,19.8,-0.166,0.365,-0.455,0.649,0.873,0.919,PD
3452,RP11-286E11.1,Astrocytes,25.1,0.0851,0.338,0.252,0.801,0.932,0.96,PD
3453,SEC24B-AS1,Astrocytes,33.6,-0.526,0.3,-1.75,0.0793,0.344,0.434,PD
3454,RP11-650J17.1,Astrocytes,17.6,-0.285,0.597,-0.477,0.634,0.865,0.913,PD
3455,RP11-679C8.2,Astrocytes,277,-0.708,0.253,-2.8,0.00519,0.0605,0.106,PD
3456,RP11-420A23.1,Astrocytes,152,0.219,0.256,0.857,0.392,0.72,0.799,PD
3457,RP11-745L13.2,Astrocytes,102,0.099,0.333,0.297,0.766,0.914,0.951,PD
3458,RP11-404I7.2,Astrocytes,107,-0.696,0.266,-2.62,0.00889,0.0923,0.146,PD
3459,RP11-9G1.3,Astrocytes,96.5,-0.551,0.263,-2.1,0.0361,0.232,0.306,PD
3460,LINC00499,Astrocytes,452,0.998,1.14,0.873,NA,NA,NA,PD
3461,LINC00500,Astrocytes,23.3,1.29,1.26,1.03,0.304,0.648,0.738,PD
3462,RP11-371F15.3,Astrocytes,38.3,0.663,0.439,1.51,0.131,0.428,0.535,PD
3463,RP11-83A24.2,Astrocytes,141,0.557,0.217,2.56,0.0104,0.102,0.159,PD
3464,SCOC-AS1,Astrocytes,17,-0.739,0.399,-1.85,0.064,0.312,0.393,PD
3465,RP11-284M14.1,Astrocytes,253,-0.837,0.244,-3.43,0.000602,0.0146,0.0275,PD
3466,RP11-364L4.3,Astrocytes,26.8,-0.0622,0.54,-0.115,0.908,0.967,0.984,PD
3467,RP11-24I21.1,Astrocytes,22.2,-0.659,0.359,-1.83,0.0667,0.315,0.401,PD
3468,RP11-290O12.2,Astrocytes,14.2,0.335,0.534,0.627,0.53,0.805,0.873,PD
3469,RP11-597D13.9,Astrocytes,181,-0.163,0.275,-0.593,0.553,0.811,0.881,PD
3470,RP11-10K16.1,Astrocytes,47.6,0.396,0.308,1.28,0.2,0.52,0.64,PD
3471,RP11-798M19.6,Astrocytes,20.1,-0.605,0.431,-1.4,0.161,0.47,0.583,PD
3472,RP11-130F10.1,Astrocytes,77.6,-0.32,0.222,-1.44,0.149,0.453,0.563,PD
3473,AC108142.1,Astrocytes,15.9,-0.109,0.562,-0.194,0.846,0.951,0.972,PD
3474,RP11-367N14.2,Astrocytes,26.6,0.29,0.301,0.96,0.337,0.669,0.763,PD
3475,RP11-326I11.4,Astrocytes,34.8,-0.903,0.429,-2.1,0.0354,0.229,0.305,PD
3476,RP11-714G18.1,Astrocytes,20,0.493,0.394,1.25,0.21,0.534,0.653,PD
3477,F11-AS1,Astrocytes,38.6,-2.53,0.425,-5.96,2.58E-09,1.04E-06,5.93E-06,PD
3478,AF146191.4,Astrocytes,54.5,0.311,0.224,1.39,0.166,0.477,0.591,PD
3479,RP11-259O2.1,Astrocytes,11.2,-0.534,0.534,-1,0.318,0.655,0.748,PD
3480,RP11-711G10.1,Astrocytes,21,0.522,0.602,0.866,0.386,0.714,0.795,PD
3481,RP11-480D4.1,Astrocytes,10.4,-0.843,0.594,-1.42,0.156,0.459,0.574,PD
3482,RP11-774D14.1,Astrocytes,50,0.28,0.335,0.835,0.404,0.73,0.806,PD
3483,CTD-2282P23.2,Astrocytes,21.2,-0.928,0.642,-1.44,0.149,0.453,0.563,PD
3484,LIFR-AS1,Astrocytes,48.2,-0.824,0.295,-2.8,0.00519,0.0605,0.106,PD
3485,OSMR-AS1,Astrocytes,178,0.376,0.364,1.03,0.301,0.643,0.735,PD
3486,NNT-AS1,Astrocytes,101,0.0767,0.248,0.309,0.757,0.909,0.948,PD
3487,RP11-53O19.1,Astrocytes,47.3,-0.0976,0.273,-0.358,0.72,0.898,0.939,PD
3488,RP11-53O19.3,Astrocytes,13.5,0.858,0.5,1.72,0.0862,0.356,0.448,PD
3489,CTC-436P18.1,Astrocytes,15.2,-0.124,0.319,-0.388,0.698,0.886,0.933,PD
3490,RP11-434D9.1,Astrocytes,32.2,-0.308,0.388,-0.793,0.428,0.745,0.822,PD
3491,CTC-340D7.1,Astrocytes,26.3,0.617,0.37,1.67,0.0959,0.37,0.465,PD
3492,RP11-141O11.2,Astrocytes,17.8,-0.254,0.415,-0.611,0.541,0.805,0.877,PD
3493,CTC-347C20.1,Astrocytes,24.2,-0.372,0.499,-0.746,0.456,0.757,0.835,PD
3494,CTC-458I2.2,Astrocytes,12.9,0.586,0.509,1.15,0.25,0.578,0.691,PD
3495,CKMT2-AS1,Astrocytes,70.4,0.00384,0.251,0.0153,0.988,0.993,0.997,PD
3496,LINC01338,Astrocytes,39.6,0.654,0.375,1.74,0.0815,0.35,0.44,PD
3497,TMEM161B-AS1,Astrocytes,835,0.331,0.277,1.19,0.232,0.56,0.676,PD
3498,CTC-498M16.2,Astrocytes,75.1,-1.03,0.292,-3.54,0.000402,0.0107,0.0217,PD
3499,CTC-498M16.4,Astrocytes,241,-1.3,0.284,-4.57,4.82E-06,0.00052,0.00147,PD
3500,LINC00461,Astrocytes,608,-0.49,0.17,-2.88,0.00397,0.0507,0.0892,PD
3501,MEF2C-AS1,Astrocytes,294,-0.463,0.287,-1.62,0.106,0.388,0.485,PD
3502,ARRDC3-AS1,Astrocytes,9.76,0.6,0.573,1.05,0.295,0.636,0.732,PD
3503,RP11-348J24.2,Astrocytes,13.7,-0.426,0.431,-0.989,0.322,0.655,0.753,PD
3504,RP11-133F8.2,Astrocytes,245,-0.453,0.269,-1.68,0.0922,0.362,0.459,PD
3505,CTC-458G6.2,Astrocytes,47,0.0456,0.357,0.128,0.899,0.967,0.982,PD
3506,NR2F1-AS1,Astrocytes,546,-0.121,0.19,-0.638,0.523,0.805,0.872,PD
3507,CTD-2337A12.1,Astrocytes,141,-0.311,0.21,-1.48,0.14,0.444,0.546,PD
3508,CTD-2260A17.2,Astrocytes,43.9,-0.497,0.278,-1.79,0.0738,0.328,0.416,PD
3509,CTD-2215E18.1,Astrocytes,104,-0.398,0.24,-1.66,0.0969,0.372,0.467,PD
3510,LINC01340,Astrocytes,15.8,-0.704,0.443,-1.59,0.112,0.403,0.495,PD
3511,CTD-2007H13.3,Astrocytes,170,-0.312,0.203,-1.53,0.125,0.424,0.524,PD
3512,CTD-2001C12.1,Astrocytes,16.7,-0.225,0.363,-0.619,0.536,0.805,0.875,PD
3513,CTC-254B4.1,Astrocytes,12.4,-0.0942,0.436,-0.216,0.829,0.945,0.968,PD
3514,CTD-2201G3.1,Astrocytes,14.1,-0.614,0.364,-1.69,0.0912,0.362,0.458,PD
3515,AC010226.4,Astrocytes,18.7,-0.0471,0.319,-0.148,0.883,0.965,0.979,PD
3516,SEMA6A-AS1,Astrocytes,28.3,0.283,0.362,0.78,0.435,0.752,0.824,PD
3517,CTB-161M19.4,Astrocytes,46.6,-0.364,0.282,-1.29,0.197,0.518,0.638,PD
3518,LINC01170,Astrocytes,14.9,-0.0452,0.594,-0.0761,0.939,0.979,0.989,PD
3519,RP11-756H20.1,Astrocytes,12.4,-0.288,0.571,-0.504,0.614,0.85,0.907,PD
3520,RP11-517I3.1,Astrocytes,20.6,0.444,0.667,0.667,0.505,0.795,0.863,PD
3521,LINC01184,Astrocytes,172,-0.0528,0.198,-0.266,0.79,0.927,0.958,PD
3522,CTB-1I21.1,Astrocytes,13,-1.48,0.556,-2.66,0.0079,0.0839,0.136,PD
3523,RP11-381K20.2,Astrocytes,78.5,-0.0597,0.236,-0.253,0.8,0.932,0.96,PD
3524,CTB-35F21.1,Astrocytes,25.1,0.524,0.441,1.19,0.234,0.56,0.679,PD
3525,CTC-329D1.2,Astrocytes,26.2,0.575,0.298,1.93,0.0536,0.283,0.362,PD
3526,AC005592.2,Astrocytes,89.4,0.109,0.343,0.318,0.751,0.903,0.947,PD
3527,CTC-255N20.1,Astrocytes,30.2,1.09,0.34,3.21,0.00135,0.0266,0.0496,PD
3528,JAKMIP2-AS1,Astrocytes,23.9,0.234,0.433,0.54,0.589,0.837,0.898,PD
3529,RP11-373N22.3,Astrocytes,109,-0.165,0.254,-0.649,0.516,0.8,0.87,PD
3530,CTC-367J11.1,Astrocytes,10.5,-0.586,0.405,-1.45,0.148,0.453,0.562,PD
3531,CTB-113P19.1,Astrocytes,27.9,1.32,0.661,2,0.0457,0.261,0.341,PD
3532,CTB-12O2.1,Astrocytes,11.7,-0.206,0.516,-0.399,0.69,0.882,0.931,PD
3533,SAP30L-AS1,Astrocytes,27.4,0.32,0.32,1,0.316,0.655,0.747,PD
3534,RP11-167P20.1,Astrocytes,119,-0.181,0.265,-0.684,0.494,0.789,0.858,PD
3535,LINC01411,Astrocytes,16.2,0.467,0.371,1.26,0.208,0.531,0.65,PD
3536,CTB-129O4.1,Astrocytes,13.4,0.61,0.467,1.31,0.192,0.508,0.629,PD
3537,AC138035.2,Astrocytes,14.4,-0.161,0.379,-0.425,0.671,0.882,0.925,PD
3538,GMDS-AS1,Astrocytes,380,-0.227,0.172,-1.32,0.188,0.506,0.623,PD
3539,LINC01600,Astrocytes,21,0.438,0.334,1.31,0.19,0.508,0.626,PD
3540,RP3-510L9.1,Astrocytes,20,0.198,0.357,0.554,0.579,0.827,0.893,PD
3541,RP3-467D16.3,Astrocytes,19,1.17,0.555,2.11,0.0348,0.229,0.305,PD
3542,RP11-686D16.1,Astrocytes,13.7,-0.0869,0.379,-0.229,0.819,0.941,0.965,PD
3543,RP4-625H18.2,Astrocytes,230,-0.515,0.271,-1.9,0.0572,0.292,0.371,PD
3544,CASC15,Astrocytes,73.9,0.717,0.378,1.9,0.0579,0.292,0.373,PD
3545,HCG11,Astrocytes,10.8,0.676,0.459,1.47,0.141,0.446,0.547,PD
3546,LINC00240,Astrocytes,31.8,-0.709,0.305,-2.32,0.0203,0.159,0.226,PD
3547,ZSCAN16-AS1,Astrocytes,37.7,0.136,0.324,0.419,0.675,0.882,0.926,PD
3548,HCG17,Astrocytes,236,0.321,0.246,1.3,0.192,0.508,0.63,PD
3549,HCG27,Astrocytes,12.9,0.33,0.418,0.79,0.43,0.747,0.824,PD
3550,XXbac-BPG154L12.4,Astrocytes,27.7,0.805,0.45,1.79,0.0735,0.328,0.415,PD
3551,HCG25,Astrocytes,9.83,0.253,0.415,0.611,0.541,0.805,0.877,PD
3552,PHF1,Astrocytes,54.1,0.332,0.373,0.891,0.373,0.708,0.791,PD
3553,XXbac-BPG294E21.9,Astrocytes,16.5,0.143,0.429,0.334,0.738,0.899,0.944,PD
3554,RP1-179N16.6,Astrocytes,26.2,0.23,0.303,0.76,0.447,0.755,0.83,PD
3555,RP3-475N16.1,Astrocytes,15.1,0.63,0.435,1.45,0.148,0.453,0.562,PD
3556,RP5-1120P11.1,Astrocytes,32.1,-0.0875,0.596,-0.147,0.883,0.965,0.98,PD
3557,RP1-8B1.4,Astrocytes,18,-0.215,0.626,-0.343,0.732,0.899,0.943,PD
3558,RP11-472M19.2,Astrocytes,25.7,0.37,0.44,0.84,0.401,0.728,0.806,PD
3559,RP11-203B9.4,Astrocytes,13.9,0.0575,0.411,0.14,0.889,0.966,0.98,PD
3560,XXbac-BPGBPG55C20.2,Astrocytes,19.5,-0.146,0.346,-0.423,0.672,0.882,0.925,PD
3561,XXbac-BPG55C20.7,Astrocytes,106,0.663,0.283,2.35,0.019,0.155,0.219,PD
3562,RP3-525N10.2,Astrocytes,105,-0.376,0.343,-1.1,0.273,0.609,0.711,PD
3563,RP3-331H24.5,Astrocytes,61.4,0.657,0.362,1.82,0.0691,0.318,0.405,PD
3564,LINC00472,Astrocytes,15,0.289,0.555,0.521,0.602,0.845,0.903,PD
3565,RP11-398K22.12,Astrocytes,30.7,-0.433,0.257,-1.68,0.0924,0.362,0.459,PD
3566,RP11-554D15.1,Astrocytes,11,-0.725,0.401,-1.81,0.0703,0.32,0.408,PD
3567,RP1-234P15.4,Astrocytes,12.9,0.128,0.402,0.318,0.75,0.903,0.947,PD
3568,RP11-250B2.3,Astrocytes,30.7,0.224,0.289,0.773,0.44,0.754,0.827,PD
3569,UFL1-AS1,Astrocytes,94.2,-1.04,0.274,-3.8,0.000144,0.00628,0.0124,PD
3570,RP11-436D23.1,Astrocytes,274,-0.71,0.287,-2.47,0.0135,0.122,0.184,PD
3571,RP11-98I9.4,Astrocytes,34.6,0.164,0.328,0.501,0.616,0.851,0.907,PD
3572,LINC00222,Astrocytes,16.2,0.484,0.407,1.19,0.235,0.56,0.679,PD
3573,TRAF3IP2-AS1,Astrocytes,524,0.047,0.127,0.37,0.711,0.892,0.936,PD
3574,RP3-399L15.3,Astrocytes,58.6,-0.452,0.312,-1.45,0.148,0.453,0.561,PD
3575,RP11-351A11.1,Astrocytes,15.4,0.00824,0.484,0.017,0.986,0.993,0.996,PD
3576,RNF217-AS1,Astrocytes,11.9,-0.44,0.491,-0.897,0.37,0.706,0.789,PD
3577,RP11-735G4.1,Astrocytes,17.1,-0.564,0.454,-1.24,0.214,0.541,0.659,PD
3578,RP11-624M8.1,Astrocytes,47.7,0.162,0.48,0.338,0.735,0.899,0.943,PD
3579,RP11-69I8.3,Astrocytes,33.7,0.266,0.366,0.727,0.467,0.763,0.841,PD
3580,LINC00271,Astrocytes,127,-0.461,0.317,-1.45,0.146,0.453,0.557,PD
3581,RP13-143G15.4,Astrocytes,37.5,0.13,0.497,0.262,0.793,0.928,0.959,PD
3582,RP3-406A7.7,Astrocytes,22.8,0.693,0.507,1.37,0.172,0.489,0.602,PD
3583,RP11-390P2.4,Astrocytes,47.6,0.217,0.349,0.622,0.534,0.805,0.874,PD
3584,RP1-225E12.2,Astrocytes,10.1,0.292,0.471,0.62,0.535,0.805,0.875,PD
3585,RP11-545I5.3,Astrocytes,95.9,-0.518,0.236,-2.2,0.0279,0.195,0.269,PD
3586,STXBP5-AS1,Astrocytes,52.7,-0.308,0.328,-0.939,0.348,0.682,0.771,PD
3587,RP11-307P5.1,Astrocytes,11.5,-0.0878,0.688,-0.128,0.898,0.967,0.982,PD
3588,RAET1E-AS1,Astrocytes,12.1,-0.393,0.405,-0.972,0.331,0.661,0.758,PD
3589,RP1-101K10.6,Astrocytes,19.4,-0.363,0.355,-1.02,0.306,0.649,0.74,PD
3590,RP11-306O13.1,Astrocytes,17,-2.77,0.583,-4.76,1.97E-06,0.000355,0.000901,PD
3591,RP1-111C20.4,Astrocytes,54.1,-0.152,0.295,-0.515,0.607,0.845,0.905,PD
3592,CAHM,Astrocytes,13.3,0.0294,0.511,0.0576,0.954,0.985,0.991,PD
3593,RP1-167A14.2,Astrocytes,18.6,0.0589,0.344,0.171,0.864,0.96,0.977,PD
3594,PSMB1,Astrocytes,53.4,0.339,0.253,1.34,0.181,0.503,0.614,PD
3595,PSMG3-AS1,Astrocytes,18.2,-0.521,0.325,-1.6,0.109,0.397,0.491,PD
3596,AC073343.13,Astrocytes,31,-0.229,0.313,-0.733,0.464,0.761,0.84,PD
3597,RP5-1159O4.1,Astrocytes,10.7,-0.794,0.385,-2.06,0.0394,0.241,0.321,PD
3598,AC011288.2,Astrocytes,16.4,0.725,0.484,1.5,0.134,0.432,0.537,PD
3599,AC004540.5,Astrocytes,82.2,0.0547,0.227,0.241,0.81,0.937,0.963,PD
3600,CTB-113D17.1,Astrocytes,196,-0.0491,0.223,-0.221,0.825,0.944,0.968,PD
3601,AC007285.6,Astrocytes,16.4,0.338,0.347,0.974,0.33,0.661,0.758,PD
3602,SEPT7-AS1,Astrocytes,31.4,-0.191,0.251,-0.76,0.447,0.755,0.83,PD
3603,LINC00265,Astrocytes,17,-0.286,0.324,-0.883,0.377,0.709,0.792,PD
3604,AC004951.6,Astrocytes,14.9,0.123,0.381,0.323,0.747,0.901,0.946,PD
3605,RP11-745C15.2,Astrocytes,12.4,-1.09,0.813,-1.34,0.181,0.503,0.614,PD
3606,RP11-792A8.4,Astrocytes,13.1,0.301,0.475,0.633,0.527,0.805,0.873,PD
3607,RP11-166O4.6,Astrocytes,14.2,0.373,0.487,0.764,0.445,0.754,0.828,PD
3608,APTR,Astrocytes,44.7,0.407,0.236,1.72,0.0848,0.356,0.446,PD
3609,AC003991.3,Astrocytes,57.5,0.963,0.41,2.35,0.0187,0.153,0.219,PD
3610,AC002127.4,Astrocytes,11.2,0.702,0.57,1.23,0.218,0.545,0.665,PD
3611,RP11-142A5.1,Astrocytes,28.5,-0.563,0.372,-1.51,0.13,0.427,0.532,PD
3612,AC007566.10,Astrocytes,81.7,0.135,0.201,0.674,0.5,0.791,0.862,PD
3613,RP11-514P8.8,Astrocytes,34.3,-0.282,0.417,-0.676,0.499,0.791,0.862,PD
3614,LINC01004,Astrocytes,173,0.33,0.184,1.8,0.072,0.325,0.413,PD
3615,KMT2E-AS1,Astrocytes,14.1,0.75,0.404,1.86,0.0633,0.31,0.39,PD
3616,ST7-AS2,Astrocytes,12.2,0.474,0.653,0.726,0.468,0.763,0.841,PD
3617,RP11-560I19.1,Astrocytes,10.4,-1.08,0.632,-1.7,0.0887,0.36,0.453,PD
3618,RP5-1101C3.1,Astrocytes,18.1,0.195,0.364,0.536,0.592,0.839,0.899,PD
3619,RP5-921G16.1,Astrocytes,132,0.234,0.254,0.923,0.356,0.694,0.778,PD
3620,POT1-AS1,Astrocytes,99,0.161,0.185,0.872,0.383,0.711,0.794,PD
3621,RP11-3B12.2,Astrocytes,152,-0.994,0.288,-3.45,0.000552,0.0137,0.0258,PD
3622,RP11-212P7.2,Astrocytes,17.3,0.137,0.32,0.429,0.668,0.882,0.924,PD
3623,RP11-448A19.1,Astrocytes,21,0.062,0.309,0.2,0.841,0.949,0.97,PD
3624,AC016831.7,Astrocytes,125,0.964,0.554,1.74,0.0818,0.35,0.44,PD
3625,RP11-138A9.2,Astrocytes,35.2,1.02,0.59,1.73,0.0845,0.356,0.445,PD
3626,RP11-744I24.2,Astrocytes,22.8,-0.563,0.297,-1.89,0.0583,0.293,0.374,PD
3627,RP5-894A10.2,Astrocytes,29.7,0.836,0.365,2.29,0.0219,0.167,0.237,PD
3628,WEE2-AS1,Astrocytes,22,-0.283,0.367,-0.77,0.441,0.754,0.828,PD
3629,ATP6V0E2-AS1,Astrocytes,13.4,-0.0721,0.384,-0.188,0.851,0.952,0.974,PD
3630,PAXIP1-AS2,Astrocytes,27.8,0.195,0.3,0.65,0.516,0.8,0.87,PD
3631,PAXIP1-AS1,Astrocytes,16.4,0.202,0.337,0.6,0.549,0.809,0.879,PD
3632,AC009403.2,Astrocytes,72.5,-0.103,0.232,-0.443,0.658,0.876,0.92,PD
3633,LINC01006,Astrocytes,18,-0.158,0.426,-0.371,0.71,0.892,0.936,PD
3634,LINC00685,Astrocytes,59.7,0.246,0.513,0.479,0.632,0.865,0.913,PD
3635,LINC00106,Astrocytes,40.6,-0.0616,0.323,-0.191,0.849,0.952,0.972,PD
3636,ASMTL-AS1,Astrocytes,25.2,-0.153,0.351,-0.437,0.662,0.879,0.922,PD
3637,RP11-120D5.1,Astrocytes,39.8,-0.591,0.251,-2.36,0.0185,0.153,0.219,PD
3638,PTCHD1-AS,Astrocytes,1400,0.0306,0.223,0.137,0.891,0.966,0.98,PD
3639,AF196970.3,Astrocytes,21.4,-0.532,0.326,-1.63,0.103,0.381,0.479,PD
3640,RP11-348F1.2,Astrocytes,27,-0.12,0.302,-0.396,0.692,0.883,0.931,PD
3641,KANTR,Astrocytes,417,-0.0323,0.275,-0.118,0.906,0.967,0.983,PD
3642,RP13-188A5.1,Astrocytes,28.5,-0.0413,0.331,-0.125,0.901,0.967,0.982,PD
3643,JPX,Astrocytes,278,-0.128,0.241,-0.531,0.595,0.842,0.901,PD
3644,FTX,Astrocytes,1480,-0.053,0.157,-0.337,0.736,0.899,0.944,PD
3645,MIR325HG,Astrocytes,47.8,-0.945,0.362,-2.61,0.00907,0.0932,0.149,PD
3646,LINC00630,Astrocytes,50.5,-0.262,0.296,-0.888,0.375,0.708,0.791,PD
3647,LL0XNC01-237H1.2,Astrocytes,10.1,-0.0896,0.461,-0.194,0.846,0.951,0.972,PD
3648,PLS3-AS1,Astrocytes,19.8,0.639,0.318,2.01,0.0448,0.259,0.336,PD
3649,DANT2,Astrocytes,542,-0.541,0.287,-1.88,0.0597,0.297,0.378,PD
3650,LINC01285,Astrocytes,56.4,-0.348,0.261,-1.34,0.181,0.503,0.614,PD
3651,RHOXF1-AS1,Astrocytes,58.7,0.406,0.208,1.95,0.0511,0.278,0.357,PD
3652,FIRRE,Astrocytes,49.8,-0.236,0.285,-0.828,0.408,0.731,0.808,PD
3653,RAP2C-AS1,Astrocytes,64.6,-0.714,0.303,-2.36,0.0184,0.153,0.219,PD
3654,RP11-1114A5.4,Astrocytes,107,-0.0118,0.198,-0.0597,0.952,0.985,0.991,PD
3655,RP11-158M9.1,Astrocytes,16.5,0.184,0.533,0.345,0.73,0.899,0.942,PD
3656,LINC00632,Astrocytes,73.2,0.814,0.303,2.69,0.00725,0.0788,0.13,PD
3657,CDR1-AS,Astrocytes,103,0.154,0.479,0.322,0.748,0.901,0.946,PD
3658,LINC00894,Astrocytes,250,0.148,0.167,0.882,0.378,0.709,0.792,PD
3659,TMLHE-AS1,Astrocytes,16.5,-0.451,0.517,-0.873,0.383,0.711,0.794,PD
3660,MCPH1-AS1,Astrocytes,72.5,0.148,0.184,0.804,0.421,0.741,0.816,PD
3661,FAM66B,Astrocytes,25.7,-0.459,0.381,-1.21,0.228,0.556,0.674,PD
3662,FAM85B,Astrocytes,174,-0.0446,0.267,-0.167,0.867,0.96,0.977,PD
3663,LINCR-0001,Astrocytes,16.4,0.185,0.334,0.553,0.58,0.827,0.894,PD
3664,FAM167A-AS1,Astrocytes,22,0.53,0.369,1.44,0.15,0.454,0.564,PD
3665,FAM66D,Astrocytes,170,-0.71,0.349,-2.03,0.0419,0.247,0.327,PD
3666,FAM66A,Astrocytes,13.6,0.189,0.533,0.354,0.724,0.899,0.939,PD
3667,RP11-156K13.1,Astrocytes,443,-0.00685,0.213,-0.0321,0.974,0.993,0.993,PD
3668,RP11-582J16.4,Astrocytes,57.4,-0.558,0.272,-2.05,0.0402,0.243,0.324,PD
3669,RP11-16P20.3,Astrocytes,65.2,-0.447,0.293,-1.52,0.128,0.424,0.529,PD
3670,RP11-51J9.5,Astrocytes,11.9,0.378,0.621,0.609,0.543,0.805,0.877,PD
3671,RP11-11N9.4,Astrocytes,36,-0.343,0.302,-1.14,0.256,0.586,0.697,PD
3672,RP11-317N12.1,Astrocytes,209,-0.702,0.297,-2.36,0.0181,0.153,0.217,PD
3673,RP1-84O15.2,Astrocytes,31.2,-0.683,0.425,-1.61,0.108,0.393,0.487,PD
3674,RP11-770E5.1,Astrocytes,15,0.651,0.662,0.983,0.325,0.656,0.755,PD
3675,RP11-110G21.1,Astrocytes,27,-0.113,0.335,-0.337,0.736,0.899,0.943,PD
3676,LINC01301,Astrocytes,55.2,-0.0196,0.236,-0.0832,0.934,0.975,0.987,PD
3677,RP11-32K4.1,Astrocytes,34,-0.342,0.422,-0.812,0.417,0.736,0.813,PD
3678,MIR124-2HG,Astrocytes,13.7,0.312,0.693,0.451,0.652,0.873,0.919,PD
3679,RP11-531A24.5,Astrocytes,13.1,0.649,0.386,1.68,0.093,0.362,0.461,PD
3680,MIR2052HG,Astrocytes,50.8,-0.0974,0.287,-0.339,0.735,0.899,0.943,PD
3681,ZFHX4-AS1,Astrocytes,17.7,-1.28,0.428,-3,0.00272,0.0389,0.0733,PD
3682,RP11-26J3.1,Astrocytes,129,-0.597,0.293,-2.04,0.0416,0.247,0.326,PD
3683,RP11-157I4.4,Astrocytes,11.9,-1.5,0.601,-2.49,0.0128,0.119,0.18,PD
3684,RP11-586K2.1,Astrocytes,32.4,0.696,0.359,1.94,0.0526,0.28,0.36,PD
3685,RP11-37B2.1,Astrocytes,309,0.187,0.21,0.888,0.374,0.708,0.791,PD
3686,LINC00534,Astrocytes,26,0.0192,0.421,0.0455,0.964,0.99,0.991,PD
3687,OTUD6B-AS1,Astrocytes,22.5,0.85,0.331,2.57,0.0102,0.102,0.158,PD
3688,LINC00535,Astrocytes,65,0.14,0.199,0.704,0.482,0.779,0.851,PD
3689,RP11-267M23.4,Astrocytes,14,0.506,0.35,1.45,0.148,0.453,0.561,PD
3690,C8orf37-AS1,Astrocytes,129,-0.71,0.311,-2.28,0.0223,0.169,0.239,PD
3691,RP11-410L14.2,Astrocytes,48.1,0.145,0.22,0.661,0.509,0.799,0.865,PD
3692,KB-1460A1.5,Astrocytes,30.2,1.47,0.411,3.58,0.000339,0.00992,0.0196,PD
3693,UBR5-AS1,Astrocytes,13.7,-0.321,0.403,-0.797,0.426,0.744,0.821,PD
3694,AZIN1-AS1,Astrocytes,187,-0.527,0.241,-2.19,0.0289,0.199,0.274,PD
3695,KB-1507C5.4,Astrocytes,45.7,-0.375,0.318,-1.18,0.238,0.563,0.681,PD
3696,BAALC-AS1,Astrocytes,90.5,-0.0453,0.377,-0.12,0.904,0.967,0.983,PD
3697,PCAT1,Astrocytes,81.2,0.326,0.356,0.917,0.359,0.696,0.782,PD
3698,PVT1,Astrocytes,78.7,0.207,0.375,0.552,0.581,0.827,0.894,PD
3699,RP11-737F9.1,Astrocytes,12.1,0.693,0.788,0.88,0.379,0.709,0.792,PD
3700,AC083843.1,Astrocytes,13.9,-0.178,0.529,-0.336,0.737,0.899,0.944,PD
3701,CTA-204B4.2,Astrocytes,30.6,0.239,0.365,0.654,0.513,0.8,0.868,PD
3702,VLDLR-AS1,Astrocytes,16.6,0.411,0.652,0.631,0.528,0.805,0.873,PD
3703,RFX3-AS1,Astrocytes,345,-0.414,0.277,-1.49,0.136,0.436,0.54,PD
3704,RP11-390F4.6,Astrocytes,13.5,0.828,0.473,1.75,0.0796,0.344,0.435,PD
3705,RP11-120J1.1,Astrocytes,97.5,-0.0888,0.228,-0.39,0.697,0.886,0.932,PD
3706,RP11-132E11.2,Astrocytes,27.2,-0.825,0.505,-1.63,0.102,0.381,0.478,PD
3707,LINC01239,Astrocytes,20.7,-1.42,0.385,-3.68,0.00023,0.00751,0.0155,PD
3708,RP11-112J3.16,Astrocytes,17.9,-0.244,0.35,-0.698,0.485,0.782,0.852,PD
3709,EBLN3P,Astrocytes,33.9,0.0498,0.365,0.137,0.891,0.966,0.98,PD
3710,GLIDR,Astrocytes,73.8,-0.472,0.302,-1.57,0.117,0.412,0.509,PD
3711,FAM95B1,Astrocytes,14.9,0.18,0.535,0.336,0.737,0.899,0.944,PD
3712,BMS1P14,Astrocytes,24.5,-0.432,0.491,-0.88,0.379,0.709,0.792,PD
3713,RP11-262H14.3,Astrocytes,21.4,-0.000165,0.411,-4.00E-04,1,1,1,PD
3714,RP11-88I18.2,Astrocytes,16.3,-0.0335,0.4,-0.0839,0.933,0.975,0.987,PD
3715,MAMDC2-AS1,Astrocytes,59.3,0.29,0.339,0.855,0.393,0.721,0.799,PD
3716,SMC5-AS1,Astrocytes,53.5,0.442,0.328,1.35,0.178,0.501,0.609,PD
3717,RORB-AS1,Astrocytes,12.9,0.0368,0.407,0.0903,0.928,0.975,0.986,PD
3718,RP11-154D17.1,Astrocytes,20.2,-0.264,0.424,-0.624,0.533,0.805,0.874,PD
3719,RP11-213G2.2,Astrocytes,12.2,-0.218,0.363,-0.6,0.548,0.809,0.879,PD
3720,UNQ6494,Astrocytes,37,-0.988,0.559,-1.77,0.0774,0.339,0.426,PD
3721,RP11-305L7.3,Astrocytes,15.8,1.98,0.535,3.7,0.000216,0.00751,0.0155,PD
3722,RP11-2B6.3,Astrocytes,46.3,0.308,0.318,0.969,0.333,0.662,0.76,PD
3723,LINC00476,Astrocytes,106,-0.215,0.188,-1.14,0.253,0.584,0.694,PD
3724,RP11-569G13.3,Astrocytes,31.9,-0.682,0.572,-1.19,0.232,0.56,0.677,PD
3725,RP11-535M15.1,Astrocytes,14.2,0.643,0.489,1.32,0.188,0.506,0.623,PD
3726,RP11-498P14.5,Astrocytes,22,-0.875,0.524,-1.67,0.0948,0.367,0.462,PD
3727,RP11-554F20.1,Astrocytes,86.2,-0.718,0.243,-2.96,0.0031,0.0429,0.079,PD
3728,LINC01505,Astrocytes,59.7,0.639,0.326,1.96,0.0498,0.275,0.354,PD
3729,C9orf147,Astrocytes,28.2,-0.114,0.272,-0.419,0.675,0.882,0.926,PD
3730,RP11-45A16.4,Astrocytes,29.7,0.16,0.435,0.368,0.713,0.893,0.936,PD
3731,RP11-162D16.2,Astrocytes,32.8,0.115,0.289,0.399,0.69,0.882,0.931,PD
3732,MIR181A2HG,Astrocytes,30.2,-0.0509,0.348,-0.146,0.884,0.965,0.98,PD
3733,RP11-247A12.2,Astrocytes,10.7,-0.275,0.451,-0.611,0.541,0.805,0.877,PD
3734,SNHG7,Astrocytes,21.4,0.325,0.393,0.828,0.408,0.731,0.808,PD
3735,ARRDC1-AS1,Astrocytes,15.9,0.115,0.341,0.338,0.735,0.899,0.943,PD
3736,LINC01001,Astrocytes,15.9,-0.316,0.615,-0.513,0.608,0.846,0.905,PD
3737,AP006621.5,Astrocytes,78.1,0.214,0.264,0.811,0.417,0.736,0.813,PD
3738,CD81-AS1,Astrocytes,15.8,-0.368,0.37,-0.994,0.32,0.655,0.751,PD
3739,KCNQ1OT1,Astrocytes,54.4,0.0323,0.342,0.0944,0.925,0.973,0.986,PD
3740,RP13-726E6.1,Astrocytes,38.7,-0.0385,0.287,-0.134,0.893,0.966,0.981,PD
3741,AC015691.13,Astrocytes,75.8,0.896,0.384,2.33,0.0198,0.158,0.223,PD
3742,CTD-2516F10.2,Astrocytes,44,0.853,0.283,3.01,0.00257,0.038,0.0719,PD
3743,TMEM9B-AS1,Astrocytes,66.4,-0.112,0.309,-0.364,0.716,0.896,0.938,PD
3744,SBF2-AS1,Astrocytes,33.6,0.228,0.297,0.77,0.441,0.754,0.828,PD
3745,RP11-1H15.2,Astrocytes,15.2,0.0906,0.462,0.196,0.844,0.951,0.972,PD
3746,MRVI1-AS1,Astrocytes,18.6,0.576,0.353,1.63,0.103,0.381,0.479,PD
3747,ZBED5-AS1,Astrocytes,36,-0.464,0.322,-1.44,0.15,0.453,0.563,PD
3748,RP11-17A1.3,Astrocytes,10.6,0.443,0.475,0.934,0.35,0.685,0.773,PD
3749,BBOX1-AS1,Astrocytes,13.7,-0.296,0.521,-0.569,0.569,0.821,0.89,PD
3750,RP11-159H22.2,Astrocytes,9.66,-0.369,0.44,-0.838,0.402,0.728,0.806,PD
3751,BDNF-AS,Astrocytes,151,-0.399,0.219,-1.83,0.0679,0.318,0.402,PD
3752,Z83001.1,Astrocytes,16.2,-0.332,0.485,-0.684,0.494,0.789,0.858,PD
3753,RP11-148I19.1,Astrocytes,13,-1.03,0.48,-2.16,0.031,0.211,0.287,PD
3754,CTD-2572N17.1,Astrocytes,13.1,-1.16,0.413,-2.81,0.00494,0.0591,0.103,PD
3755,RP11-472I20.3,Astrocytes,16.2,0.95,0.348,2.73,0.00624,0.0702,0.119,PD
3756,RP11-430H10.1,Astrocytes,12.5,-0.0222,0.383,-0.0579,0.954,0.985,0.991,PD
3757,LRP4-AS1,Astrocytes,15.6,-0.473,0.638,-0.741,0.458,0.757,0.836,PD
3758,RP11-21A7A.2,Astrocytes,16.4,1.06,0.342,3.09,0.00201,0.0333,0.062,PD
3759,RP11-783K16.14,Astrocytes,23.4,0.462,0.378,1.22,0.221,0.55,0.669,PD
3760,NEAT1,Astrocytes,9990,1.43,0.341,4.18,2.87E-05,0.00181,0.00468,PD
3761,MALAT1,Astrocytes,52800,0.0278,0.382,0.0729,0.942,0.979,0.989,PD
3762,RP11-770G2.2,Astrocytes,14.8,-0.167,0.575,-0.291,0.771,0.914,0.953,PD
3763,AP000487.6,Astrocytes,75.5,0.55,0.54,1.02,0.308,0.651,0.741,PD
3764,AP000487.5,Astrocytes,27.3,0.59,0.273,2.16,0.0308,0.211,0.286,PD
3765,RP11-111M22.3,Astrocytes,13.1,-0.0478,0.42,-0.114,0.909,0.967,0.984,PD
3766,RP11-91P24.7,Astrocytes,35.8,0.103,0.253,0.406,0.685,0.882,0.929,PD
3767,KCTD21-AS1,Astrocytes,18.8,0.278,0.37,0.752,0.452,0.757,0.832,PD
3768,RP11-452H21.1,Astrocytes,30.7,0.254,0.55,0.461,0.645,0.873,0.917,PD
3769,MIR4300HG,Astrocytes,701,0.427,0.446,0.958,0.338,0.67,0.763,PD
3770,RAB30-AS1,Astrocytes,136,-0.0724,0.158,-0.458,0.647,0.873,0.918,PD
3771,RP11-727A23.10,Astrocytes,48.4,-0.359,0.258,-1.39,0.164,0.477,0.589,PD
3772,CTD-2537O9.1,Astrocytes,11.1,0.489,0.556,0.88,0.379,0.709,0.792,PD
3773,RP11-317J19.1,Astrocytes,53.7,1.11,0.292,3.8,0.000146,0.00628,0.0124,PD
3774,CTD-2005H7.1,Astrocytes,18.2,-0.74,0.431,-1.72,0.0857,0.356,0.448,PD
3775,CTD-2005H7.2,Astrocytes,28.2,-0.0374,0.308,-0.121,0.904,0.967,0.983,PD
3776,RP11-736K20.5,Astrocytes,27.8,-1.7,0.466,-3.64,0.000271,0.00836,0.0171,PD
3777,RP11-867G2.8,Astrocytes,11.2,-0.538,0.544,-0.99,0.322,0.655,0.753,PD
3778,RP11-712B9.2,Astrocytes,16.3,0.175,0.457,0.382,0.703,0.886,0.933,PD
3779,RP11-708B6.2,Astrocytes,11.6,-0.579,0.454,-1.28,0.202,0.522,0.643,PD
3780,RP11-356J5.12,Astrocytes,20.7,0.217,0.321,0.675,0.5,0.791,0.862,PD
3781,AP000462.2,Astrocytes,20.3,-0.0375,0.732,-0.0512,0.959,0.988,0.991,PD
3782,AP000797.3,Astrocytes,56.4,0.253,0.338,0.748,0.454,0.757,0.834,PD
3783,USP2-AS1,Astrocytes,24.5,-0.045,0.317,-0.142,0.887,0.966,0.98,PD
3784,RP11-677M14.7,Astrocytes,16.7,0.226,0.359,0.63,0.529,0.805,0.873,PD
3785,RP11-121M22.1,Astrocytes,13.7,-0.291,0.46,-0.633,0.526,0.805,0.873,PD
3786,AP003025.2,Astrocytes,12.8,0.363,0.447,0.812,0.417,0.736,0.813,PD
3787,RP11-217L21.1,Astrocytes,17.4,-0.0471,0.479,-0.0984,0.922,0.973,0.986,PD
3788,IDI2-AS1,Astrocytes,33,-0.305,0.385,-0.793,0.428,0.745,0.822,PD
3789,RP11-563J2.2,Astrocytes,160,-1.45,0.463,-3.12,0.0018,0.0327,0.0594,PD
3790,RP11-799O21.2,Astrocytes,78.8,-0.52,0.215,-2.42,0.0157,0.138,0.202,PD
3791,PROSER2-AS1,Astrocytes,11.2,-0.765,0.521,-1.47,0.142,0.447,0.55,PD
3792,RP11-499P20.2,Astrocytes,48.4,0.139,0.213,0.654,0.513,0.8,0.868,PD
3793,LINC00836,Astrocytes,327,0.189,0.266,0.712,0.476,0.772,0.848,PD
3794,WAC-AS1,Astrocytes,51.7,-0.273,0.207,-1.32,0.187,0.506,0.621,PD
3795,ZEB1-AS1,Astrocytes,43.3,-0.0371,0.251,-0.148,0.882,0.965,0.979,PD
3796,RP11-462L8.1,Astrocytes,9.93,1.32,0.424,3.11,0.00187,0.0329,0.0606,PD
3797,RP11-324I22.4,Astrocytes,54,0.268,0.309,0.865,0.387,0.714,0.795,PD
3798,TMEM72-AS1,Astrocytes,87.7,-1.22,0.33,-3.69,0.000227,0.00751,0.0155,PD
3799,RP11-38L15.3,Astrocytes,17.6,0.0343,0.364,0.0942,0.925,0.973,0.986,PD
3800,CH17-360D5.2,Astrocytes,49.6,1.28,0.416,3.08,0.00208,0.0334,0.0636,PD
3801,LINC00843,Astrocytes,38.7,0.000922,0.235,0.00392,0.997,0.998,0.999,PD
3802,PRKG1-AS1,Astrocytes,10.4,-0.195,0.465,-0.419,0.675,0.882,0.926,PD
3803,LINC00844,Astrocytes,51.5,0.376,0.42,0.896,0.37,0.706,0.789,PD
3804,RP11-170M17.1,Astrocytes,11,-0.136,0.528,-0.258,0.797,0.93,0.96,PD
3805,LINC01515,Astrocytes,69.7,0.275,0.349,0.788,0.431,0.747,0.824,PD
3806,RP11-464F9.21,Astrocytes,40.6,-0.383,0.431,-0.888,0.375,0.708,0.791,PD
3807,ZMIZ1-AS1,Astrocytes,15.3,-1.24,0.386,-3.21,0.00132,0.0265,0.0489,PD
3808,NUTM2B-AS1,Astrocytes,215,-0.00773,0.297,-0.0261,0.979,0.993,0.994,PD
3809,SFTPD-AS1,Astrocytes,21.1,0.99,0.501,1.97,0.0483,0.272,0.35,PD
3810,TMEM254-AS1,Astrocytes,25.9,0.393,0.275,1.43,0.152,0.456,0.568,PD
3811,NUTM2A-AS1,Astrocytes,226,0.184,0.263,0.701,0.483,0.781,0.851,PD
3812,ENTPD1-AS1,Astrocytes,347,-0.388,0.141,-2.75,0.00592,0.0681,0.116,PD
3813,RP11-441O15.3,Astrocytes,48.8,0.0841,0.281,0.3,0.765,0.914,0.951,PD
3814,DNMBP-AS1,Astrocytes,24.2,-0.732,0.378,-1.94,0.0527,0.28,0.36,PD
3815,OLMALINC,Astrocytes,276,1.03,0.292,3.54,0.000406,0.0107,0.0217,PD
3816,RP11-106M7.1,Astrocytes,29.2,-0.431,0.324,-1.33,0.184,0.505,0.618,PD
3817,EMX2OS,Astrocytes,77.7,-0.226,0.317,-0.713,0.476,0.772,0.847,PD
3818,CASC2,Astrocytes,246,-0.162,0.235,-0.69,0.49,0.786,0.856,PD
3819,WDR11-AS1,Astrocytes,258,0.479,0.31,1.54,0.123,0.42,0.517,PD
3820,RP11-109A6.5,Astrocytes,50.2,-0.355,0.314,-1.13,0.258,0.587,0.698,PD
3821,RP4-816N1.6,Astrocytes,11.5,-0.0784,0.432,-0.181,0.856,0.955,0.976,PD
3822,FAM66C,Astrocytes,102,-0.586,0.282,-2.07,0.038,0.241,0.315,PD
3823,LINC00937,Astrocytes,78.5,-0.469,0.322,-1.46,0.145,0.452,0.556,PD
3824,A2ML1-AS1,Astrocytes,25.6,-0.372,0.623,-0.598,0.55,0.809,0.88,PD
3825,RP11-259O18.5,Astrocytes,22,0.35,0.318,1.1,0.272,0.607,0.71,PD
3826,RP11-711K1.8,Astrocytes,21.3,-0.0641,0.612,-0.105,0.917,0.972,0.985,PD
3827,LINC01252,Astrocytes,16.9,0.702,0.685,1.02,0.305,0.649,0.739,PD
3828,PLBD1-AS1,Astrocytes,10.8,0.126,0.48,0.263,0.793,0.928,0.959,PD
3829,RP11-174G6.1,Astrocytes,28,0.207,0.456,0.454,0.65,0.873,0.919,PD
3830,RP11-239A17.1,Astrocytes,40.9,-0.0108,0.341,-0.0317,0.975,0.993,0.993,PD
3831,RP11-729I10.2,Astrocytes,9.03,-0.601,0.608,-0.989,0.323,0.655,0.753,PD
3832,RP11-268P4.5,Astrocytes,16.6,-1.55,0.537,-2.89,0.00387,0.0502,0.0879,PD
3833,RASSF8-AS1,Astrocytes,101,-0.255,0.25,-1.02,0.309,0.652,0.741,PD
3834,RP11-283G6.4,Astrocytes,16.6,-0.386,0.38,-1.02,0.31,0.652,0.741,PD
3835,RP11-77I22.2,Astrocytes,13.1,-0.407,0.444,-0.916,0.36,0.696,0.782,PD
3836,RP11-630C16.2,Astrocytes,21.6,-0.388,0.596,-0.65,0.515,0.8,0.87,PD
3837,RP11-478B9.1,Astrocytes,56.2,-0.648,0.279,-2.32,0.0201,0.159,0.225,PD
3838,RP11-352M15.1,Astrocytes,18.4,0.222,0.395,0.563,0.573,0.822,0.892,PD
3839,RP11-352M15.2,Astrocytes,42,0.338,0.334,1.01,0.312,0.655,0.744,PD
3840,RP11-96H19.1,Astrocytes,182,0.127,0.225,0.564,0.573,0.822,0.892,PD
3841,RP11-370I10.6,Astrocytes,80.5,-0.486,0.256,-1.9,0.0574,0.292,0.371,PD
3842,RP4-605O3.4,Astrocytes,121,0.234,0.237,0.99,0.322,0.655,0.753,PD
3843,RP11-983P16.4,Astrocytes,48.7,-0.475,0.314,-1.51,0.131,0.428,0.532,PD
3844,RP11-603J24.14,Astrocytes,12.6,0.831,0.38,2.19,0.0289,0.199,0.274,PD
3845,RP11-620J15.3,Astrocytes,21.1,0.254,0.333,0.764,0.445,0.754,0.828,PD
3846,RP11-150C16.1,Astrocytes,17.7,0.18,0.43,0.418,0.676,0.882,0.926,PD
3847,RP11-631N16.2,Astrocytes,26.5,-0.206,0.32,-0.643,0.52,0.803,0.87,PD
3848,RP11-196H14.2,Astrocytes,16.7,0.77,0.496,1.55,0.121,0.417,0.515,PD
3849,RP11-629N8.3,Astrocytes,11.5,-0.446,0.406,-1.1,0.272,0.607,0.71,PD
3850,RP11-766N7.3,Astrocytes,12,-0.11,0.447,-0.246,0.806,0.934,0.962,PD
3851,LINC01481,Astrocytes,138,-1.34,0.286,-4.7,2.63E-06,0.000355,0.00101,PD
3852,RP11-20E24.1,Astrocytes,22,-1.13,0.365,-3.1,0.00195,0.0329,0.0614,PD
3853,RP1-78O14.1,Astrocytes,71.7,0.725,0.341,2.13,0.0333,0.221,0.299,PD
3854,RP11-530C5.1,Astrocytes,84.3,0.487,0.286,1.7,0.089,0.36,0.454,PD
3855,RP11-734K2.4,Astrocytes,55.6,0.13,0.251,0.518,0.605,0.845,0.904,PD
3856,RP11-981P6.1,Astrocytes,24.1,0.122,0.451,0.271,0.786,0.925,0.957,PD
3857,RP11-511B23.2,Astrocytes,68.8,0.285,0.632,0.452,0.651,0.873,0.919,PD
3858,RP11-486A14.2,Astrocytes,21.6,0.338,0.497,0.68,0.497,0.789,0.86,PD
3859,RP11-328J6.1,Astrocytes,15.8,0.242,0.531,0.456,0.649,0.873,0.919,PD
3860,RP11-144F15.1,Astrocytes,114,0.191,0.488,0.392,0.695,0.886,0.932,PD
3861,PXN-AS1,Astrocytes,9.95,-0.4,0.412,-0.97,0.332,0.662,0.759,PD
3862,RP13-941N14.1,Astrocytes,32,-0.222,0.398,-0.559,0.576,0.823,0.892,PD
3863,RP11-282O18.3,Astrocytes,10.8,0.882,0.535,1.65,0.0991,0.376,0.471,PD
3864,RP11-172H24.4,Astrocytes,22.8,0.664,0.468,1.42,0.156,0.459,0.574,PD
3865,RP11-428O18.6,Astrocytes,106,-1.16,0.372,-3.11,0.0019,0.0329,0.0608,PD
3866,RP11-141M1.3,Astrocytes,41.9,0.364,0.529,0.687,0.492,0.788,0.857,PD
3867,RP11-16D22.2,Astrocytes,23.9,-1.08,0.477,-2.25,0.0242,0.177,0.252,PD
3868,SPG20-AS1,Astrocytes,13,0.813,0.479,1.7,0.0896,0.36,0.455,PD
3869,RP11-50D16.4,Astrocytes,18.4,0.698,0.458,1.52,0.128,0.424,0.529,PD
3870,LINC00598,Astrocytes,139,0.0612,0.247,0.247,0.805,0.934,0.961,PD
3871,RP11-74J13.8,Astrocytes,25.9,0.426,0.269,1.58,0.113,0.405,0.5,PD
3872,SMIM2-AS1,Astrocytes,14.2,-1.33,0.436,-3.06,0.00223,0.0352,0.0659,PD
3873,LINC00407,Astrocytes,17,0.141,0.367,0.384,0.701,0.886,0.933,PD
3874,CPB2-AS1,Astrocytes,41.5,-0.679,0.27,-2.52,0.0119,0.113,0.173,PD
3875,DLEU2,Astrocytes,246,-0.154,0.207,-0.742,0.458,0.757,0.836,PD
3876,INTS6-AS1,Astrocytes,40.9,0.062,0.262,0.237,0.813,0.938,0.964,PD
3877,PCDH9-AS2,Astrocytes,68.2,-0.267,0.591,-0.453,0.651,0.873,0.919,PD
3878,RNF219-AS1,Astrocytes,2520,-0.281,0.162,-1.73,0.0831,0.354,0.443,PD
3879,LINC01080,Astrocytes,22.2,-0.477,0.332,-1.43,0.151,0.454,0.565,PD
3880,MIR4500HG,Astrocytes,13.6,0.349,0.484,0.721,0.471,0.766,0.843,PD
3881,DNAJC3-AS1,Astrocytes,29.3,0.626,0.352,1.78,0.0752,0.332,0.421,PD
3882,RP11-12G12.7,Astrocytes,10.6,0.556,0.424,1.31,0.19,0.508,0.626,PD
3883,RP11-40E6.1,Astrocytes,13.9,0.759,0.506,1.5,0.133,0.432,0.537,PD
3884,RP11-403A3.3,Astrocytes,205,1.19,0.482,2.46,0.0138,0.124,0.187,PD
3885,RP11-298I3.1,Astrocytes,22.4,0.0602,0.362,0.166,0.868,0.96,0.977,PD
3886,DHRS4-AS1,Astrocytes,25.2,0.325,0.301,1.08,0.28,0.615,0.717,PD
3887,NOVA1-AS1,Astrocytes,19.1,-0.408,0.335,-1.22,0.224,0.552,0.67,PD
3888,RP11-317N8.5,Astrocytes,16.3,0.507,0.682,0.744,0.457,0.757,0.835,PD
3889,LINC00609,Astrocytes,255,0.641,0.544,1.18,0.239,0.563,0.681,PD
3890,RP11-259K15.2,Astrocytes,23,0.769,0.635,1.21,0.226,0.556,0.672,PD
3891,RP11-111A21.1,Astrocytes,24.1,0.04,0.351,0.114,0.909,0.967,0.984,PD
3892,RP11-305B6.3,Astrocytes,19.8,1.65,0.585,2.83,0.00467,0.0573,0.0992,PD
3893,RP11-596C23.6,Astrocytes,26.5,0.461,0.548,0.84,0.401,0.728,0.806,PD
3894,LINC00640,Astrocytes,13.5,1.82,0.494,3.69,0.000225,0.00751,0.0155,PD
3895,FRMD6-AS2,Astrocytes,19.8,-0.394,0.773,-0.51,0.61,0.847,0.906,PD
3896,FRMD6-AS1,Astrocytes,11.8,0.889,0.438,2.03,0.0423,0.248,0.328,PD
3897,KTN1-AS1,Astrocytes,23.8,-0.384,0.3,-1.28,0.201,0.52,0.641,PD
3898,OTX2-AS1,Astrocytes,104,0.623,0.409,1.52,0.128,0.424,0.529,PD
3899,RP11-16B13.1,Astrocytes,40.4,-0.518,0.246,-2.11,0.0352,0.229,0.305,PD
3900,HIF1A-AS2,Astrocytes,68.6,0.107,0.831,0.129,0.897,0.967,0.982,PD
3901,CTD-2555O16.2,Astrocytes,50.4,-0.299,0.259,-1.15,0.248,0.577,0.69,PD
3902,RP11-72M17.1,Astrocytes,65.7,-1.49,0.45,-3.31,0.000938,0.0195,0.0375,PD
3903,RP11-486O13.4,Astrocytes,117,-0.271,0.222,-1.22,0.223,0.552,0.67,PD
3904,RP1-261D10.2,Astrocytes,15.1,-0.505,0.426,-1.19,0.235,0.56,0.679,PD
3905,RP3-414A15.2,Astrocytes,19,0.387,0.321,1.21,0.228,0.556,0.673,PD
3906,RP3-414A15.10,Astrocytes,39.3,0.804,0.354,2.27,0.0233,0.174,0.246,PD
3907,RP5-1021I20.1,Astrocytes,10.3,0.171,0.492,0.348,0.728,0.899,0.941,PD
3908,RP5-1021I20.5,Astrocytes,40.5,0.933,0.261,3.58,0.000347,0.00992,0.0197,PD
3909,RP11-187O7.3,Astrocytes,27.5,-0.348,0.377,-0.923,0.356,0.694,0.779,PD
3910,RP11-99E15.2,Astrocytes,20.1,-0.143,0.306,-0.467,0.64,0.872,0.916,PD
3911,RP11-488C13.5,Astrocytes,19.4,0.551,0.415,1.33,0.184,0.505,0.619,PD
3912,CTD-2341M24.1,Astrocytes,44.3,-0.663,0.442,-1.5,0.134,0.432,0.539,PD
3913,DICER1-AS1,Astrocytes,59.3,0.146,0.311,0.47,0.638,0.871,0.914,PD
3914,LINC01550,Astrocytes,67.6,0.157,0.257,0.609,0.542,0.805,0.877,PD
3915,RP11-543C4.1,Astrocytes,13.8,-0.498,0.47,-1.06,0.288,0.626,0.726,PD
3916,RP11-638I2.4,Astrocytes,17.7,0.326,0.519,0.629,0.529,0.805,0.873,PD
3917,RP11-173D3.1,Astrocytes,19.1,0.234,0.476,0.492,0.623,0.857,0.911,PD
3918,PWAR6,Astrocytes,162,0.312,0.27,1.15,0.248,0.577,0.69,PD
3919,RP11-1000B6.3,Astrocytes,142,-0.143,0.244,-0.585,0.559,0.816,0.885,PD
3920,RP11-1000B6.8,Astrocytes,18.9,-0.306,0.416,-0.734,0.463,0.761,0.84,PD
3921,RP11-489D6.2,Astrocytes,14.6,-0.444,0.424,-1.05,0.296,0.636,0.732,PD
3922,RP11-323I15.5,Astrocytes,113,-0.777,0.3,-2.59,0.00956,0.0961,0.153,PD
3923,DPH6-AS1,Astrocytes,409,0.5,0.182,2.75,0.00598,0.0681,0.117,PD
3924,RP11-624L4.1,Astrocytes,26.6,1.31,0.348,3.76,0.000169,0.00694,0.0138,PD
3925,SRP14-AS1,Astrocytes,75.7,0.334,0.327,1.02,0.306,0.649,0.74,PD
3926,EIF3J-AS1,Astrocytes,33,0.641,0.34,1.89,0.0593,0.296,0.377,PD
3927,CTD-2651B20.3,Astrocytes,20.6,-1.09,0.636,-1.71,0.0868,0.356,0.45,PD
3928,RP11-627D16.1,Astrocytes,898,-0.248,0.235,-1.05,0.292,0.632,0.729,PD
3929,GABPB1-AS1,Astrocytes,203,0.0146,0.262,0.0557,0.956,0.986,0.991,PD
3930,CTD-2378E12.1,Astrocytes,43,0.423,0.324,1.31,0.191,0.508,0.629,PD
3931,RP11-1129I3.1,Astrocytes,18.5,1.92,0.573,3.35,0.000796,0.0175,0.0336,PD
3932,RP11-82L7.4,Astrocytes,40,0.764,0.461,1.66,0.0977,0.372,0.468,PD
3933,RORA-AS1,Astrocytes,57.5,0.401,0.493,0.812,0.417,0.736,0.813,PD
3934,RP11-39M21.1,Astrocytes,56.9,0.592,0.595,0.996,0.319,0.655,0.751,PD
3935,RP11-507B12.2,Astrocytes,132,-0.0131,0.562,-0.0233,0.981,0.993,0.995,PD
3936,RP11-507B12.1,Astrocytes,18,-0.289,0.716,-0.404,0.687,0.882,0.93,PD
3937,RP11-16B9.1,Astrocytes,21,0.807,0.627,1.29,0.198,0.519,0.639,PD
3938,USP3-AS1,Astrocytes,35.2,-0.0243,0.278,-0.0873,0.93,0.975,0.987,PD
3939,RP11-325L12.6,Astrocytes,18.6,-0.0104,0.383,-0.0271,0.978,0.993,0.994,PD
3940,RP11-653J6.1,Astrocytes,10.4,0.994,0.409,2.43,0.0151,0.134,0.196,PD
3941,RP11-798K3.2,Astrocytes,49.2,-0.235,0.316,-0.743,0.458,0.757,0.835,PD
3942,IQCH-AS1,Astrocytes,62.7,-0.095,0.236,-0.404,0.687,0.882,0.93,PD
3943,DRAIC,Astrocytes,91.7,0.382,0.269,1.42,0.156,0.459,0.574,PD
3944,THSD4-AS1,Astrocytes,59.6,0.2,0.306,0.653,0.514,0.8,0.869,PD
3945,RP11-106M3.3,Astrocytes,14.2,0.221,0.577,0.384,0.701,0.886,0.933,PD
3946,RP11-1007O24.3,Astrocytes,63.5,0.469,0.227,2.07,0.0384,0.241,0.317,PD
3947,RP11-10O17.3,Astrocytes,19.1,0.0237,0.337,0.0705,0.944,0.979,0.99,PD
3948,RP11-210M15.2,Astrocytes,108,0.233,0.237,0.981,0.326,0.656,0.756,PD
3949,RP11-351M8.2,Astrocytes,43,0.051,0.247,0.206,0.836,0.949,0.97,PD
3950,CPEB1-AS1,Astrocytes,18.3,1.39,0.321,4.34,1.43E-05,0.00133,0.00288,PD
3951,RP11-182J1.18,Astrocytes,26.9,0.407,0.289,1.41,0.16,0.467,0.581,PD
3952,RP11-158M2.3,Astrocytes,30.3,-0.0255,0.326,-0.0783,0.938,0.978,0.988,PD
3953,MIR9-3HG,Astrocytes,65.4,0.115,0.336,0.342,0.732,0.899,0.943,PD
3954,RP11-617F23.1,Astrocytes,51.6,-0.638,0.288,-2.21,0.0271,0.192,0.265,PD
3955,CTD-2315E11.1,Astrocytes,82.7,-0.256,0.334,-0.767,0.443,0.754,0.828,PD
3956,CRTC3-AS1,Astrocytes,19,-0.588,0.409,-1.44,0.151,0.454,0.564,PD
3957,RP11-266O8.1,Astrocytes,215,-0.32,0.24,-1.33,0.182,0.503,0.616,PD
3958,RP11-739G5.1,Astrocytes,220,0.143,0.28,0.51,0.61,0.847,0.906,PD
3959,RP11-759A24.3,Astrocytes,17.3,-0.379,0.609,-0.623,0.533,0.805,0.874,PD
3960,NR2F2-AS1,Astrocytes,315,-0.491,0.268,-1.83,0.0667,0.315,0.401,PD
3961,RP11-522B15.3,Astrocytes,52.8,-1.25,0.307,-4.07,4.64E-05,0.00274,0.00635,PD
3962,LINC00923,Astrocytes,42.4,-0.857,0.368,-2.33,0.0199,0.158,0.223,PD
3963,RP11-654A16.3,Astrocytes,16.2,-0.92,0.385,-2.39,0.017,0.147,0.209,PD
3964,RP11-6O2.3,Astrocytes,20.8,1.85,0.436,4.24,2.25E-05,0.00154,0.00404,PD
3965,CTD-2054N24.2,Astrocytes,67.7,0.284,0.358,0.796,0.426,0.744,0.821,PD
3966,CAPN15,Astrocytes,27.5,0.52,0.302,1.72,0.0853,0.356,0.447,PD
3967,SNHG9,Astrocytes,27,0.57,0.509,1.12,0.262,0.596,0.701,PD
3968,SNHG19,Astrocytes,20.6,-0.225,0.347,-0.649,0.516,0.8,0.87,PD
3969,RP11-20I23.6,Astrocytes,16.1,0.175,0.434,0.404,0.686,0.882,0.93,PD
3970,MMP25-AS1,Astrocytes,12.8,0.356,0.392,0.909,0.364,0.7,0.785,PD
3971,ZNF213-AS1,Astrocytes,26.5,-0.00708,0.294,-0.0241,0.981,0.993,0.994,PD
3972,RP11-10K17.6,Astrocytes,19.2,-0.601,0.355,-1.69,0.0904,0.362,0.457,PD
3973,RP11-243A14.1,Astrocytes,28.5,2.17,0.367,5.92,3.29E-09,1.04E-06,5.93E-06,PD
3974,RP11-418I22.2,Astrocytes,19.4,1.81,0.477,3.8,0.000142,0.00628,0.0124,PD
3975,RP11-418I22.3,Astrocytes,39.6,1.95,0.404,4.83,1.37E-06,0.000323,0.000773,PD
3976,RP11-66H6.3,Astrocytes,13.9,-0.0602,0.712,-0.0846,0.933,0.975,0.987,PD
3977,RP11-396B14.2,Astrocytes,29.3,-0.446,0.29,-1.53,0.125,0.424,0.524,PD
3978,RP11-166B2.8,Astrocytes,59.6,0.321,0.243,1.32,0.186,0.506,0.62,PD
3979,U91319.1,Astrocytes,58.5,1.81,0.385,4.71,2.51E-06,0.000355,0.00101,PD
3980,MIR193BHG,Astrocytes,46.6,0.117,0.352,0.332,0.74,0.899,0.944,PD
3981,LINC01567,Astrocytes,20.2,1.08,0.548,1.97,0.0493,0.275,0.352,PD
3982,CTD-2515A14.1,Astrocytes,13.7,0.958,0.692,1.38,0.166,0.477,0.592,PD
3983,FLJ21408,Astrocytes,28.8,0.115,0.286,0.401,0.688,0.882,0.93,PD
3984,RP11-22P6.2,Astrocytes,13.1,0.154,0.382,0.405,0.686,0.882,0.93,PD
3985,RP11-426C22.5,Astrocytes,69.1,-0.279,0.278,-1.01,0.315,0.655,0.746,PD
3986,AC009133.12,Astrocytes,16.1,0.451,0.389,1.16,0.247,0.576,0.689,PD
3987,RP11-146F11.5,Astrocytes,10.3,1.05,0.444,2.36,0.0182,0.153,0.218,PD
3988,MIR762HG,Astrocytes,23.6,0.298,0.277,1.07,0.283,0.618,0.719,PD
3989,RP11-196G11.2,Astrocytes,16.6,0.432,0.35,1.24,0.216,0.544,0.663,PD
3990,RP11-452L6.1,Astrocytes,32.3,0.0486,0.276,0.176,0.86,0.959,0.977,PD
3991,RP11-42I10.1,Astrocytes,11.3,-0.215,0.429,-0.5,0.617,0.851,0.907,PD
3992,CRNDE,Astrocytes,131,0.778,0.253,3.08,0.00208,0.0334,0.0636,PD
3993,CTD-3032H12.2,Astrocytes,15.3,0.26,0.431,0.603,0.546,0.809,0.879,PD
3994,RP11-461O7.1,Astrocytes,66.5,-0.466,0.256,-1.82,0.0686,0.318,0.403,PD
3995,RP11-410D17.2,Astrocytes,39,-0.686,0.323,-2.12,0.0339,0.224,0.302,PD
3996,RP11-467L24.1,Astrocytes,51.5,0.847,0.435,1.95,0.0516,0.279,0.359,PD
3997,RP11-63M22.2,Astrocytes,24.8,0.636,0.318,2,0.0453,0.261,0.34,PD
3998,RP11-297D21.4,Astrocytes,91,-0.0562,0.257,-0.219,0.827,0.945,0.968,PD
3999,CTD-2012K14.6,Astrocytes,15.8,-0.0106,0.398,-0.0266,0.979,0.993,0.994,PD
4000,CTD-2033A16.3,Astrocytes,24.8,0.723,0.43,1.68,0.0922,0.362,0.459,PD
4001,RP11-296I10.3,Astrocytes,16.5,0.786,0.792,0.993,0.321,0.655,0.752,PD
4002,VAC14-AS1,Astrocytes,48,-0.311,0.369,-0.843,0.399,0.728,0.805,PD
4003,LINC01572,Astrocytes,68.8,-0.793,0.301,-2.63,0.0085,0.0893,0.142,PD
4004,AC004158.3,Astrocytes,86.4,-0.555,0.355,-1.56,0.118,0.412,0.51,PD
4005,RP5-991G20.1,Astrocytes,26.1,-0.571,0.316,-1.81,0.0703,0.32,0.408,PD
4006,AC009120.4,Astrocytes,160,-0.739,0.358,-2.06,0.0391,0.241,0.32,PD
4007,RP11-77K12.4,Astrocytes,34.5,1.33,0.534,2.49,0.0126,0.118,0.179,PD
4008,MAFTRR,Astrocytes,10.3,-0.584,0.702,-0.832,0.405,0.731,0.808,PD
4009,RP11-525K10.3,Astrocytes,39.7,-0.599,0.431,-1.39,0.165,0.477,0.59,PD
4010,RP11-55K13.1,Astrocytes,19.6,-0.709,0.362,-1.96,0.0505,0.276,0.355,PD
4011,RP11-21B21.4,Astrocytes,16.7,0.00757,0.388,0.0195,0.984,0.993,0.996,PD
4012,SNAI3-AS1,Astrocytes,16.5,0.109,0.331,0.33,0.742,0.9,0.944,PD
4013,FAM157C,Astrocytes,83.8,-0.617,0.242,-2.55,0.0107,0.105,0.163,PD
4014,AC137934.1,Astrocytes,15.1,0.436,0.404,1.08,0.28,0.615,0.717,PD
4015,RP11-74E22.8,Astrocytes,10.6,-0.42,0.457,-0.92,0.358,0.695,0.78,PD
4016,RP11-333E1.1,Astrocytes,82.7,0.108,0.242,0.448,0.654,0.873,0.919,PD
4017,ALOX12-AS1,Astrocytes,225,0.0422,0.182,0.232,0.816,0.94,0.965,PD
4018,TMEM220-AS1,Astrocytes,107,-0.147,0.179,-0.82,0.412,0.733,0.81,PD
4019,CTC-297N7.9,Astrocytes,10.8,1.14,0.533,2.15,0.0319,0.215,0.292,PD
4020,RP11-963H4.3,Astrocytes,44.9,0.0256,0.365,0.07,0.944,0.979,0.99,PD
4021,RP11-1096G20.5,Astrocytes,13.1,-0.229,0.372,-0.614,0.54,0.805,0.877,PD
4022,LINC01563,Astrocytes,20.3,-0.121,0.375,-0.321,0.748,0.901,0.946,PD
4023,AC087294.2,Astrocytes,14,0.449,0.503,0.891,0.373,0.708,0.791,PD
4024,RP11-296K13.4,Astrocytes,22.5,-0.45,0.337,-1.34,0.181,0.503,0.614,PD
4025,RP11-802D6.1,Astrocytes,13.4,-0.602,0.387,-1.56,0.12,0.417,0.514,PD
4026,ABHD15-AS1,Astrocytes,19,0.251,0.438,0.574,0.566,0.819,0.888,PD
4027,CTD-2349P21.11,Astrocytes,28.4,-0.00575,0.333,-0.0173,0.986,0.993,0.996,PD
4028,RP11-1094M14.11,Astrocytes,20.5,0.0627,0.395,0.159,0.874,0.961,0.979,PD
4029,AC131056.3,Astrocytes,10.9,-0.119,0.591,-0.201,0.841,0.949,0.97,PD
4030,RP11-387H17.4,Astrocytes,41.1,0.481,0.263,1.83,0.0667,0.315,0.401,PD
4031,CTD-3193K9.4,Astrocytes,16.4,0.181,0.472,0.383,0.702,0.886,0.933,PD
4032,RAMP2-AS1,Astrocytes,15.6,0.638,0.513,1.24,0.213,0.541,0.659,PD
4033,RP11-392O1.4,Astrocytes,28.6,0.0497,0.37,0.134,0.893,0.966,0.981,PD
4034,ASB16-AS1,Astrocytes,10.8,0.0763,0.398,0.192,0.848,0.952,0.972,PD
4035,RP5-882C2.2,Astrocytes,16.2,0.738,0.448,1.65,0.0995,0.376,0.472,PD
4036,AC002117.1,Astrocytes,69.8,-0.514,0.276,-1.86,0.0629,0.309,0.389,PD
4037,MAP3K14,Astrocytes,143,0.503,0.354,1.42,0.156,0.459,0.574,PD
4038,CRHR1,Astrocytes,45,-0.124,0.274,-0.451,0.652,0.873,0.919,PD
4039,MAPT-AS1,Astrocytes,34.2,0.536,0.57,0.94,0.347,0.682,0.77,PD
4040,CTD-2026D20.2,Astrocytes,30.3,0.207,0.358,0.579,0.563,0.817,0.887,PD
4041,RP11-580I16.2,Astrocytes,66.7,0.314,0.25,1.26,0.208,0.531,0.651,PD
4042,SP2-AS1,Astrocytes,12.3,-0.584,0.411,-1.42,0.155,0.459,0.573,PD
4043,RP11-166P13.4,Astrocytes,11.1,-0.0215,0.503,-0.0426,0.966,0.991,0.991,PD
4044,TSPOAP1-AS1,Astrocytes,10.8,-0.183,0.428,-0.428,0.669,0.882,0.924,PD
4045,SNHG25,Astrocytes,44.5,-0.238,0.319,-0.745,0.456,0.757,0.835,PD
4046,PRKCA-AS1,Astrocytes,53.8,0.0529,0.525,0.101,0.92,0.973,0.985,PD
4047,RP11-147L13.11,Astrocytes,17.7,-0.0292,0.341,-0.0856,0.932,0.975,0.987,PD
4048,RP11-147L13.15,Astrocytes,36.4,0.268,0.327,0.82,0.412,0.733,0.81,PD
4049,CASC17,Astrocytes,45.5,0.0878,0.301,0.292,0.77,0.914,0.953,PD
4050,LINC00511,Astrocytes,584,-0.0897,0.22,-0.408,0.683,0.882,0.929,PD
4051,MGC16275,Astrocytes,20.5,-0.508,0.43,-1.18,0.238,0.563,0.68,PD
4052,RP11-334C17.5,Astrocytes,13,0.719,0.349,2.06,0.0394,0.241,0.321,PD
4053,CTD-2047H16.4,Astrocytes,106,0.0391,0.262,0.149,0.881,0.965,0.979,PD
4054,RP11-1055B8.4,Astrocytes,14.6,0.187,0.565,0.331,0.741,0.899,0.944,PD
4055,RP13-516M14.1,Astrocytes,16.8,0.438,0.48,0.912,0.362,0.698,0.783,PD
4056,RP13-270P17.2,Astrocytes,15.4,0.324,0.574,0.565,0.572,0.822,0.892,PD
4057,DLGAP1-AS1,Astrocytes,18.6,-0.0735,0.366,-0.201,0.841,0.949,0.97,PD
4058,DLGAP1-AS2,Astrocytes,18.8,0.263,0.377,0.697,0.486,0.782,0.852,PD
4059,LINC00667,Astrocytes,40.5,0.715,0.383,1.87,0.0615,0.304,0.383,PD
4060,RP11-403A21.1,Astrocytes,13.6,-0.0619,0.475,-0.13,0.896,0.967,0.982,PD
4061,AQP4-AS1,Astrocytes,600,-0.492,0.267,-1.84,0.0657,0.315,0.399,PD
4062,DSCAS,Astrocytes,20.4,-0.983,0.441,-2.23,0.0258,0.186,0.258,PD
4063,LINC00907,Astrocytes,96,2.08,0.345,6.01,1.81E-09,1.04E-06,5.93E-06,PD
4064,RP11-116O18.3,Astrocytes,29,-0.0179,0.607,-0.0295,0.976,0.993,0.994,PD
4065,SNHG22,Astrocytes,80.6,0.0361,0.252,0.143,0.886,0.966,0.98,PD
4066,MAPK4,Astrocytes,1100,0.164,0.248,0.662,0.508,0.798,0.864,PD
4067,RP11-35G9.5,Astrocytes,50.6,0.0131,0.361,0.0363,0.971,0.993,0.992,PD
4068,RP11-635N19.1,Astrocytes,14.2,0.0927,0.347,0.267,0.79,0.927,0.958,PD
4069,RP11-638L3.1,Astrocytes,13,0.358,0.518,0.69,0.49,0.786,0.856,PD
4070,LINC00909,Astrocytes,24.4,0.0611,0.325,0.188,0.851,0.952,0.974,PD
4071,RP11-162A12.2,Astrocytes,19.6,-0.158,0.358,-0.44,0.66,0.877,0.921,PD
4072,RP11-849I19.1,Astrocytes,51,0.159,0.269,0.59,0.555,0.812,0.882,PD
4073,PARD6G-AS1,Astrocytes,30.2,1.59,0.469,3.38,0.000724,0.0167,0.0313,PD
4074,NRSN2-AS1,Astrocytes,93.6,0.236,0.397,0.594,0.553,0.811,0.88,PD
4075,SDCBP2-AS1,Astrocytes,66.4,0.0893,0.254,0.351,0.726,0.899,0.939,PD
4076,RP5-968J1.1,Astrocytes,56.5,-0.137,0.305,-0.449,0.653,0.873,0.919,PD
4077,RP5-858L17.1,Astrocytes,69.7,-0.214,0.285,-0.749,0.454,0.757,0.833,PD
4078,UBOX5-AS1,Astrocytes,9.68,0.748,0.549,1.36,0.173,0.491,0.604,PD
4079,LINC00658,Astrocytes,9.59,-1.3,0.525,-2.48,0.013,0.119,0.18,PD
4080,SNAP25-AS1,Astrocytes,40,1.5,0.452,3.32,0.000896,0.0192,0.0367,PD
4081,RP11-103J8.1,Astrocytes,14,-0.674,0.393,-1.71,0.0866,0.356,0.449,PD
4082,RP1-122P22.2,Astrocytes,84,0.325,0.286,1.14,0.256,0.586,0.697,PD
4083,ZNF337-AS1,Astrocytes,46.5,-0.662,0.288,-2.3,0.0215,0.165,0.234,PD
4084,RP5-1085F17.3,Astrocytes,23,1.35,0.475,2.84,0.00454,0.0564,0.0977,PD
4085,NORAD,Astrocytes,67.9,0.548,0.335,1.63,0.102,0.381,0.478,PD
4086,DLGAP4-AS1,Astrocytes,19.9,0.145,0.357,0.407,0.684,0.882,0.929,PD
4087,PLCG1-AS1,Astrocytes,22.2,0.237,0.376,0.631,0.528,0.805,0.873,PD
4088,OSER1-AS1,Astrocytes,19.9,0.807,0.301,2.68,0.00742,0.0796,0.132,PD
4089,RP11-394O2.3,Astrocytes,16.4,-0.214,0.343,-0.624,0.533,0.805,0.874,PD
4090,ZFAS1,Astrocytes,47.8,0.00353,0.246,0.0144,0.989,0.993,0.997,PD
4091,RP4-678D15.1,Astrocytes,53.2,0.88,0.431,2.04,0.0412,0.246,0.326,PD
4092,MIR646HG,Astrocytes,69,0.488,0.491,0.993,0.321,0.655,0.752,PD
4093,FLJ16779,Astrocytes,13,-1.7,0.56,-3.04,0.00236,0.036,0.0682,PD
4094,CTD-3184A7.4,Astrocytes,19.7,0.516,0.402,1.28,0.199,0.52,0.64,PD
4095,CTC-232P5.1,Astrocytes,12.9,1.88,0.595,3.15,0.00161,0.0304,0.0552,PD
4096,CTB-66B24.1,Astrocytes,12.4,1.05,0.551,1.91,0.0556,0.289,0.368,PD
4097,CTD-3020H12.4,Astrocytes,10.7,0.242,0.42,0.577,0.564,0.817,0.887,PD
4098,RAB11B-AS1,Astrocytes,11.7,0.652,0.413,1.58,0.115,0.406,0.502,PD
4099,ILF3-AS1,Astrocytes,40.7,-0.019,0.254,-0.0748,0.94,0.979,0.989,PD
4100,CTC-425F1.4,Astrocytes,17.4,1.22,0.448,2.72,0.00654,0.0727,0.122,PD
4101,CTB-55O6.12,Astrocytes,18.9,0.109,0.311,0.35,0.727,0.899,0.94,PD
4102,CTD-2189E23.1,Astrocytes,21.4,0.704,0.533,1.32,0.186,0.506,0.621,PD
4103,CTD-3131K8.2,Astrocytes,41.8,0.814,0.353,2.3,0.0212,0.164,0.232,PD
4104,CTC-559E9.4,Astrocytes,20.7,0.995,0.339,2.93,0.00338,0.0457,0.0817,PD
4105,CTC-260E6.6,Astrocytes,20.7,0.295,0.36,0.82,0.412,0.733,0.81,PD
4106,CTC-513N18.7,Astrocytes,19,-0.611,0.319,-1.92,0.0555,0.289,0.368,PD
4107,RP11-678G14.2,Astrocytes,12.5,-0.234,0.72,-0.325,0.745,0.901,0.945,PD
4108,LINC00662,Astrocytes,109,0.474,0.229,2.07,0.0386,0.241,0.318,PD
4109,CTC-459F4.3,Astrocytes,25.7,-0.465,0.305,-1.53,0.127,0.424,0.529,PD
4110,AC011524.1,Astrocytes,23,0.561,0.467,1.2,0.23,0.558,0.675,PD
4111,LINC01532,Astrocytes,41.3,-0.0432,0.271,-0.16,0.873,0.961,0.979,PD
4112,AC007796.1,Astrocytes,16.9,0.273,0.367,0.743,0.457,0.757,0.835,PD
4113,HPN-AS1,Astrocytes,14.1,0.787,0.663,1.19,0.235,0.56,0.679,PD
4114,LINC00665,Astrocytes,23.5,-0.00214,0.281,-0.00762,0.994,0.997,0.998,PD
4115,ZNF529-AS1,Astrocytes,47.3,0.247,0.232,1.07,0.287,0.625,0.724,PD
4116,ZNF790-AS1,Astrocytes,29.7,0.0431,0.262,0.165,0.869,0.96,0.977,PD
4117,LINC01535,Astrocytes,21.3,-0.13,0.373,-0.348,0.728,0.899,0.941,PD
4118,LIPE-AS1,Astrocytes,94.1,-0.0231,0.235,-0.0982,0.922,0.973,0.986,PD
4119,CTC-490G23.6,Astrocytes,11.7,-0.742,0.478,-1.55,0.12,0.417,0.515,PD
4120,RP11-15A1.2,Astrocytes,14.9,-0.523,0.368,-1.42,0.155,0.459,0.573,PD
4121,CTB-179K24.3,Astrocytes,45.5,0.641,0.326,1.96,0.0494,0.275,0.353,PD
4122,AC074212.6,Astrocytes,12.4,0.0452,0.44,0.103,0.918,0.973,0.985,PD
4123,AC007193.6,Astrocytes,22.6,-0.43,0.396,-1.09,0.277,0.614,0.715,PD
4124,AC007193.10,Astrocytes,44.9,0.696,0.565,1.23,0.218,0.545,0.666,PD
4125,PTOV1-AS1,Astrocytes,13.3,0.297,0.388,0.765,0.444,0.754,0.828,PD
4126,ZNF350-AS1,Astrocytes,54.7,0.273,0.263,1.04,0.3,0.643,0.734,PD
4127,LENG8-AS1,Astrocytes,11.8,0.0538,0.462,0.117,0.907,0.967,0.983,PD
4128,ZNF667-AS1,Astrocytes,30.3,0.0742,0.259,0.286,0.775,0.916,0.954,PD
4129,AC007228.11,Astrocytes,19.4,0.0556,0.333,0.167,0.868,0.96,0.977,PD
4130,CTC-444N24.6,Astrocytes,26.8,0.479,0.327,1.46,0.143,0.448,0.552,PD
4131,CTC-444N24.11,Astrocytes,124,0.659,0.319,2.06,0.0391,0.241,0.32,PD
4132,CTD-3138B18.5,Astrocytes,19.1,0.233,0.38,0.612,0.54,0.805,0.877,PD
4133,MZF1-AS1,Astrocytes,14.9,0.248,0.364,0.682,0.495,0.789,0.859,PD
4134,LINC00278,Astrocytes,126,-0.277,1.19,-0.233,0.816,0.94,0.965,PD
4135,TTTY15,Astrocytes,26.9,-0.282,0.692,-0.407,0.684,0.882,0.929,PD
4136,TTTY14,Astrocytes,317,0.0979,1.11,0.0886,0.929,0.975,0.986,PD
4137,TTTY10,Astrocytes,47,-0.363,0.889,-0.408,0.683,0.882,0.929,PD
4138,CECR5-AS1,Astrocytes,27.7,0.0166,0.368,0.0453,0.964,0.99,0.991,PD
4139,LL22NC03-2H8.5,Astrocytes,56,-0.112,0.508,-0.221,0.825,0.944,0.968,PD
4140,PCAT14,Astrocytes,24.2,0.0889,0.375,0.237,0.813,0.938,0.964,PD
4141,CABIN1,Astrocytes,175,0.14,0.265,0.53,0.596,0.842,0.901,PD
4142,CTA-243E7.1,Astrocytes,16.1,-0.0145,0.52,-0.028,0.978,0.993,0.994,PD
4143,MIAT,Astrocytes,68.8,-0.347,0.354,-0.98,0.327,0.656,0.757,PD
4144,MIATNB,Astrocytes,65.4,0.00337,0.214,0.0157,0.987,0.993,0.997,PD
4145,CTA-292E10.6,Astrocytes,60.1,-0.0611,0.234,-0.261,0.794,0.928,0.959,PD
4146,RFPL1S,Astrocytes,13.2,-0.722,0.466,-1.55,0.122,0.418,0.515,PD
4147,PIK3IP1-AS1,Astrocytes,12.8,-0.48,0.373,-1.29,0.198,0.519,0.639,PD
4148,RP3-508I15.14,Astrocytes,12,0.163,0.471,0.345,0.73,0.899,0.942,PD
4149,NUP50-AS1,Astrocytes,110,0.601,0.272,2.21,0.0272,0.192,0.266,PD
4150,MIRLET7BHG,Astrocytes,249,0.0554,0.273,0.203,0.839,0.949,0.97,PD
4151,RP11-717F1.2,Astrocytes,26.2,-0.245,0.639,-0.384,0.701,0.886,0.933,PD
4152,CH507-513H4.1,Astrocytes,525,0.066,0.45,0.147,0.883,0.965,0.98,PD
4153,CH507-528H12.1,Astrocytes,385,-0.133,0.548,-0.243,0.808,0.935,0.963,PD
4154,bP-21264C1.2,Astrocytes,46.4,-0.439,0.396,-1.11,0.268,0.604,0.708,PD
4155,AP001347.6,Astrocytes,49.4,0.123,0.266,0.46,0.645,0.873,0.917,PD
4156,MIR99AHG,Astrocytes,3450,-0.0915,0.157,-0.584,0.559,0.816,0.885,PD
4157,LINC00158,Astrocytes,13.5,-0.00135,0.357,-0.00378,0.997,0.998,0.999,PD
4158,AP000230.1,Astrocytes,17.5,1.03,0.346,2.96,0.00305,0.0429,0.0788,PD
4159,AF131217.1,Astrocytes,56.5,-0.0735,0.326,-0.225,0.822,0.942,0.967,PD
4160,LINC00159,Astrocytes,22,1.76,0.407,4.31,1.60E-05,0.00133,0.00315,PD
4161,PAXBP1-AS1,Astrocytes,21.4,-1.19,0.353,-3.36,0.000772,0.0174,0.0328,PD
4162,C21orf62-AS1,Astrocytes,128,0.0458,0.202,0.227,0.821,0.942,0.966,PD
4163,LINC00310,Astrocytes,24.9,1.04,0.408,2.54,0.0112,0.108,0.168,PD
4164,AP000318.2,Astrocytes,40,0.92,0.293,3.14,0.00167,0.031,0.057,PD
4165,AP001628.6,Astrocytes,11.7,0.393,0.431,0.913,0.361,0.698,0.783,PD
4166,MCM3AP-AS1,Astrocytes,20.2,0.0621,0.376,0.165,0.869,0.96,0.977,PD
4167,LINC00645,Astrocytes,16.5,-0.601,0.569,-1.06,0.291,0.631,0.729,PD
4168,RP11-34P13.7,Excitatory Neurons (SubtypeA),29.3,0.146,0.417,0.35,0.726,0.939,0.94,PD
4169,RP11-206L10.9,Excitatory Neurons (SubtypeA),292,0.149,0.154,0.967,0.334,0.768,0.76,PD
4170,RP5-902P8.10,Excitatory Neurons (SubtypeA),14.6,-0.0248,0.385,-0.0644,0.949,0.99,0.991,PD
4171,RP11-345P4.9,Excitatory Neurons (SubtypeA),27.9,-0.422,0.38,-1.11,0.266,0.705,0.706,PD
4172,RP11-154H17.1,Excitatory Neurons (SubtypeA),40.3,-1.61,0.354,-4.56,5.18E-06,0.000852,0.00147,PD
4173,RP11-431K24.1,Excitatory Neurons (SubtypeA),19.3,0.109,0.421,0.26,0.795,0.956,0.959,PD
4174,MIR34A,Excitatory Neurons (SubtypeA),150,0.741,0.448,1.65,0.0981,0.44,0.47,PD
4175,RP4-635E18.7,Excitatory Neurons (SubtypeA),14.4,0.333,0.494,0.674,0.501,0.884,0.862,PD
4176,RP4-704D23.1,Excitatory Neurons (SubtypeA),17.3,0.19,0.515,0.369,0.712,0.939,0.936,PD
4177,FLJ37453,Excitatory Neurons (SubtypeA),28.1,0.193,0.344,0.562,0.574,0.903,0.892,PD
4178,RP1-37C10.3,Excitatory Neurons (SubtypeA),39.5,-0.0377,0.555,-0.068,0.946,0.99,0.991,PD
4179,RP1-43E13.2,Excitatory Neurons (SubtypeA),54.6,0.301,0.222,1.36,0.175,0.601,0.605,PD
4180,RP1-184J9.2,Excitatory Neurons (SubtypeA),49.9,0.0911,0.305,0.298,0.766,0.948,0.951,PD
4181,LINC01355,Excitatory Neurons (SubtypeA),39.3,-0.154,0.248,-0.623,0.533,0.888,0.874,PD
4182,ZNF436-AS1,Excitatory Neurons (SubtypeA),24.8,-0.384,0.366,-1.05,0.293,0.733,0.73,PD
4183,TCEB3-AS1,Excitatory Neurons (SubtypeA),134,0.194,0.201,0.967,0.333,0.768,0.76,PD
4184,RP1-125I3.2,Excitatory Neurons (SubtypeA),20.2,-0.3,0.598,-0.502,0.616,0.916,0.907,PD
4185,SNHG12,Excitatory Neurons (SubtypeA),32.8,-0.0664,0.36,-0.185,0.854,0.983,0.975,PD
4186,RP11-266K22.2,Excitatory Neurons (SubtypeA),20.2,-0.294,0.421,-0.699,0.485,0.871,0.852,PD
4187,RP11-84A19.4,Excitatory Neurons (SubtypeA),20.4,0.544,0.391,1.39,0.164,0.585,0.589,PD
4188,RP11-277A4.4,Excitatory Neurons (SubtypeA),22.2,0.307,0.365,0.841,0.401,0.809,0.806,PD
4189,RP1-117O3.2,Excitatory Neurons (SubtypeA),18.8,-0.0293,0.636,-0.0461,0.963,0.992,0.991,PD
4190,RP11-415J8.3,Excitatory Neurons (SubtypeA),12.2,-0.0634,0.586,-0.108,0.914,NA,0.984,PD
4191,ZMYM4-AS1,Excitatory Neurons (SubtypeA),12.6,-0.279,0.775,-0.36,0.719,NA,0.938,PD
4192,RP4-665N4.8,Excitatory Neurons (SubtypeA),19.7,0.318,0.464,0.685,0.493,0.881,0.858,PD
4193,RP11-268J15.5,Excitatory Neurons (SubtypeA),44,-0.278,0.273,-1.02,0.309,0.749,0.741,PD
4194,RP11-109P14.10,Excitatory Neurons (SubtypeA),25.2,-0.0664,0.571,-0.116,0.907,0.99,0.983,PD
4195,RP5-884C9.2,Excitatory Neurons (SubtypeA),21.8,0.223,0.545,0.409,0.682,0.926,0.929,PD
4196,RP5-864K19.4,Excitatory Neurons (SubtypeA),722,0.298,0.222,1.34,0.18,0.608,0.613,PD
4197,RP1-39G22.7,Excitatory Neurons (SubtypeA),18.1,-0.211,0.404,-0.522,0.602,0.914,0.903,PD
4198,RP11-656D10.3,Excitatory Neurons (SubtypeA),68.1,0.219,0.216,1.02,0.309,0.749,0.741,PD
4199,SLFNL1-AS1,Excitatory Neurons (SubtypeA),17.4,-0.0464,0.408,-0.114,0.91,0.99,0.984,PD
4200,RP11-399E6.1,Excitatory Neurons (SubtypeA),71.5,0.793,0.305,2.6,0.00933,0.135,0.151,PD
4201,SLC2A1-AS1,Excitatory Neurons (SubtypeA),46,-0.549,0.273,-2.01,0.0442,0.291,0.334,PD
4202,RP11-269F19.2,Excitatory Neurons (SubtypeA),16.5,0.359,0.461,0.78,0.435,0.836,0.824,PD
4203,CYP4A22-AS1,Excitatory Neurons (SubtypeA),80.2,0.459,0.355,1.29,0.196,0.64,0.637,PD
4204,RP11-141A19.1,Excitatory Neurons (SubtypeA),17.2,0.293,0.592,0.495,0.62,0.917,0.91,PD
4205,LINC01562,Excitatory Neurons (SubtypeA),26.6,-0.523,0.28,-1.87,0.0613,0.34,0.383,PD
4206,RP5-1024G6.2,Excitatory Neurons (SubtypeA),15.2,0.378,0.367,1.03,0.303,0.748,0.737,PD
4207,RP4-784A16.5,Excitatory Neurons (SubtypeA),82.1,-0.141,0.263,-0.537,0.591,0.906,0.899,PD
4208,RP11-90C4.1,Excitatory Neurons (SubtypeA),15.1,-0.499,0.471,-1.06,0.29,0.733,0.727,PD
4209,LINC01135,Excitatory Neurons (SubtypeA),73.5,-0.196,0.391,-0.502,0.616,0.916,0.907,PD
4210,LINC01358,Excitatory Neurons (SubtypeA),44.5,-1.13,0.539,-2.11,0.0352,0.271,0.305,PD
4211,RP11-776H12.1,Excitatory Neurons (SubtypeA),39,-0.00503,0.44,-0.0114,0.991,0.996,0.998,PD
4212,RP11-436K8.1,Excitatory Neurons (SubtypeA),30,-0.394,0.464,-0.849,0.396,0.808,0.8,PD
4213,RP11-430G17.3,Excitatory Neurons (SubtypeA),25.2,-0.363,0.432,-0.84,0.401,0.809,0.806,PD
4214,RP11-230B22.1,Excitatory Neurons (SubtypeA),35.5,0.821,0.294,2.79,0.0053,0.0981,0.107,PD
4215,RP5-1044H5.1,Excitatory Neurons (SubtypeA),36.6,0.29,0.592,0.49,0.624,0.917,0.912,PD
4216,RP4-598P13.1,Excitatory Neurons (SubtypeA),12.7,-0.293,0.725,-0.404,0.686,NA,0.93,PD
4217,GNG12-AS1,Excitatory Neurons (SubtypeA),48.7,-0.838,0.394,-2.13,0.0334,0.271,0.299,PD
4218,RP4-660H19.1,Excitatory Neurons (SubtypeA),20.8,0.224,0.399,0.56,0.575,0.903,0.892,PD
4219,RP11-262K1.1,Excitatory Neurons (SubtypeA),76.1,0.4,0.196,2.04,0.0414,0.287,0.326,PD
4220,RP11-550H2.1,Excitatory Neurons (SubtypeA),17.3,1.52,0.516,2.94,0.00324,0.0729,0.0806,PD
4221,RP4-564M11.2,Excitatory Neurons (SubtypeA),22.4,-0.567,0.449,-1.26,0.207,0.646,0.649,PD
4222,LINC01362,Excitatory Neurons (SubtypeA),16.2,-0.0999,0.625,-0.16,0.873,0.989,0.979,PD
4223,RP11-475O6.1,Excitatory Neurons (SubtypeA),270,-1.1,0.216,-5.11,3.22E-07,0.000106,0.000228,PD
4224,RP11-486G15.2,Excitatory Neurons (SubtypeA),16.8,-0.452,0.504,-0.896,0.37,0.799,0.789,PD
4225,RP11-131L23.1,Excitatory Neurons (SubtypeA),40.7,-0.154,0.391,-0.393,0.694,0.928,0.932,PD
4226,RP4-651E10.4,Excitatory Neurons (SubtypeA),36,0.923,0.295,3.12,0.00178,0.048,0.0593,PD
4227,PKN2-AS1,Excitatory Neurons (SubtypeA),207,-1.53,0.368,-4.15,3.32E-05,0.00341,0.00502,PD
4228,FLJ27354,Excitatory Neurons (SubtypeA),45.6,-0.0853,0.285,-0.299,0.765,0.948,0.951,PD
4229,RP4-639F20.1,Excitatory Neurons (SubtypeA),23.8,-0.395,0.381,-1.04,0.301,0.744,0.734,PD
4230,RP11-57H12.3,Excitatory Neurons (SubtypeA),21.3,-0.255,0.474,-0.539,0.59,0.906,0.899,PD
4231,DPYD-AS1,Excitatory Neurons (SubtypeA),30.4,-0.581,0.511,-1.14,0.256,0.694,0.697,PD
4232,MIR137HG,Excitatory Neurons (SubtypeA),1540,-0.454,0.224,-2.02,0.0431,0.29,0.331,PD
4233,RP5-1070A16.1,Excitatory Neurons (SubtypeA),143,-0.755,0.373,-2.02,0.043,0.29,0.331,PD
4234,RP5-896L10.1,Excitatory Neurons (SubtypeA),350,-0.372,0.159,-2.34,0.0191,0.201,0.219,PD
4235,RP11-421L21.3,Excitatory Neurons (SubtypeA),110,0.226,0.232,0.975,0.33,0.768,0.758,PD
4236,RP5-1065J22.8,Excitatory Neurons (SubtypeA),17.7,0.703,0.42,1.67,0.0942,0.433,0.462,PD
4237,RP5-1074L1.1,Excitatory Neurons (SubtypeA),27.8,1.21,0.599,2.03,0.0427,0.29,0.33,PD
4238,RP5-1074L1.4,Excitatory Neurons (SubtypeA),20.9,-0.217,0.485,-0.447,0.655,0.917,0.919,PD
4239,RP11-284N8.3,Excitatory Neurons (SubtypeA),127,0.378,0.414,0.912,0.362,0.792,0.783,PD
4240,RP11-88H9.2,Excitatory Neurons (SubtypeA),20.9,-0.546,0.445,-1.23,0.219,0.669,0.666,PD
4241,RP5-965F6.2,Excitatory Neurons (SubtypeA),15.5,-0.132,0.363,-0.365,0.715,0.939,0.937,PD
4242,RP3-522D1.1,Excitatory Neurons (SubtypeA),98.3,0.0698,0.283,0.247,0.805,0.96,0.962,PD
4243,SLC16A1-AS1,Excitatory Neurons (SubtypeA),629,-0.109,0.237,-0.457,0.647,0.917,0.919,PD
4244,RP11-31F15.2,Excitatory Neurons (SubtypeA),64.7,0.103,0.281,0.366,0.715,0.939,0.937,PD
4245,AP4B1-AS1,Excitatory Neurons (SubtypeA),13.3,-0.089,0.436,-0.204,0.838,NA,0.97,PD
4246,RP4-663N10.1,Excitatory Neurons (SubtypeA),11.4,-0.715,0.495,-1.44,0.148,NA,0.562,PD
4247,RP11-418J17.1,Excitatory Neurons (SubtypeA),269,0.351,0.172,2.04,0.041,0.287,0.326,PD
4248,RP11-418J17.3,Excitatory Neurons (SubtypeA),42.7,-0.921,0.447,-2.06,0.0391,0.286,0.32,PD
4249,LINC00623,Excitatory Neurons (SubtypeA),673,-0.0233,0.193,-0.121,0.904,0.99,0.983,PD
4250,RP11-439A17.10,Excitatory Neurons (SubtypeA),39.4,0.0991,0.38,0.261,0.794,0.956,0.959,PD
4251,CH17-437K3.1,Excitatory Neurons (SubtypeA),378,0.29,0.264,1.1,0.271,0.709,0.71,PD
4252,RP11-403I13.5,Excitatory Neurons (SubtypeA),11.4,0.327,0.482,0.679,0.497,NA,0.861,PD
4253,RP11-403I13.7,Excitatory Neurons (SubtypeA),52.4,0.142,0.213,0.667,0.505,0.885,0.863,PD
4254,CH17-125A10.2,Excitatory Neurons (SubtypeA),270,0.263,0.445,0.59,0.556,0.895,0.882,PD
4255,RP11-289H16.1,Excitatory Neurons (SubtypeA),1370,0.255,0.364,0.702,0.483,0.869,0.851,PD
4256,RP11-458D21.1,Excitatory Neurons (SubtypeA),20.7,-0.566,0.416,-1.36,0.174,0.601,0.605,PD
4257,RP11-337C18.8,Excitatory Neurons (SubtypeA),291,0.651,0.169,3.85,0.000116,0.00795,0.0115,PD
4258,LINC00624,Excitatory Neurons (SubtypeA),22.7,-0.306,0.346,-0.884,0.377,0.801,0.792,PD
4259,RP4-565E6.1,Excitatory Neurons (SubtypeA),464,-0.0253,0.199,-0.127,0.899,0.99,0.982,PD
4260,CH17-189H20.1,Excitatory Neurons (SubtypeA),801,0.224,0.184,1.22,0.223,0.673,0.67,PD
4261,FALEC,Excitatory Neurons (SubtypeA),36.9,0.286,0.312,0.916,0.36,0.79,0.782,PD
4262,FLG-AS1,Excitatory Neurons (SubtypeA),443,-0.214,0.278,-0.768,0.443,0.841,0.828,PD
4263,RP11-190A12.8,Excitatory Neurons (SubtypeA),11.4,0.0388,0.423,0.0917,0.927,NA,0.986,PD
4264,RP11-404F10.2,Excitatory Neurons (SubtypeA),11,-0.816,0.441,-1.85,0.0645,NA,0.395,PD
4265,RP11-122G18.12,Excitatory Neurons (SubtypeA),18.2,-0.74,0.486,-1.52,0.128,0.516,0.529,PD
4266,RGS5,Excitatory Neurons (SubtypeA),42.8,0.245,0.233,1.05,0.293,0.733,0.73,PD
4267,RP11-466F5.8,Excitatory Neurons (SubtypeA),14.9,0.384,0.436,0.88,0.379,0.801,0.792,PD
4268,LINC00970,Excitatory Neurons (SubtypeA),200,0.156,0.307,0.508,0.611,0.916,0.907,PD
4269,RP1-15D23.2,Excitatory Neurons (SubtypeA),27.7,-0.528,0.626,-0.843,0.399,0.809,0.805,PD
4270,RP11-296O14.3,Excitatory Neurons (SubtypeA),426,0.109,0.177,0.619,0.536,0.888,0.875,PD
4271,RP11-318C24.2,Excitatory Neurons (SubtypeA),75.9,0.279,0.215,1.3,0.195,0.64,0.635,PD
4272,RP11-195C7.1,Excitatory Neurons (SubtypeA),32.1,0.186,0.32,0.581,0.561,0.899,0.886,PD
4273,RP1-35C21.2,Excitatory Neurons (SubtypeA),27.5,0.565,0.425,1.33,0.184,0.617,0.618,PD
4274,RP11-46A10.5,Excitatory Neurons (SubtypeA),12.9,0.242,0.413,0.584,0.559,NA,0.885,PD
4275,LINC01344,Excitatory Neurons (SubtypeA),11.1,-0.822,0.596,-1.38,0.167,NA,0.596,PD
4276,RP11-295K2.3,Excitatory Neurons (SubtypeA),250,-0.305,0.127,-2.4,0.0162,0.192,0.205,PD
4277,ERVMER61-1,Excitatory Neurons (SubtypeA),39.2,0.712,0.368,1.93,0.0533,0.32,0.361,PD
4278,RP11-547I7.1,Excitatory Neurons (SubtypeA),45.8,0.38,0.489,0.778,0.437,0.836,0.825,PD
4279,MIR181A1HG,Excitatory Neurons (SubtypeA),332,0.21,0.184,1.14,0.253,0.693,0.694,PD
4280,LINC00862,Excitatory Neurons (SubtypeA),87.2,0.583,0.275,2.12,0.0341,0.271,0.303,PD
4281,RP11-469A15.2,Excitatory Neurons (SubtypeA),16.5,1.12,0.454,2.47,0.0134,0.171,0.184,PD
4282,RP11-134G8.7,Excitatory Neurons (SubtypeA),60.3,-0.173,0.307,-0.562,0.574,0.903,0.892,PD
4283,IPO9-AS1,Excitatory Neurons (SubtypeA),70.6,0.129,0.496,0.26,0.795,0.956,0.959,PD
4284,RP11-739N20.2,Excitatory Neurons (SubtypeA),16.8,0.429,0.462,0.929,0.353,0.784,0.775,PD
4285,RP11-6J21.2,Excitatory Neurons (SubtypeA),20.7,0.694,0.738,0.941,0.347,0.777,0.77,PD
4286,C1orf132,Excitatory Neurons (SubtypeA),650,0.229,0.199,1.15,0.25,0.693,0.691,PD
4287,RP1-28O10.1,Excitatory Neurons (SubtypeA),82.3,-0.478,0.264,-1.81,0.07,0.369,0.408,PD
4288,LINC00467,Excitatory Neurons (SubtypeA),22,-0.458,0.362,-1.26,0.207,0.646,0.649,PD
4289,RP11-384C4.7,Excitatory Neurons (SubtypeA),19,0.526,0.41,1.28,0.2,0.643,0.64,PD
4290,FLVCR1-AS1,Excitatory Neurons (SubtypeA),20.8,0.397,0.343,1.16,0.247,0.691,0.689,PD
4291,LYPLAL1-AS1,Excitatory Neurons (SubtypeA),21.7,0.987,0.299,3.3,0.000953,0.029,0.0376,PD
4292,RP11-392O17.2,Excitatory Neurons (SubtypeA),19.8,0.849,0.361,2.35,0.0186,0.199,0.219,PD
4293,RP11-400N13.1,Excitatory Neurons (SubtypeA),30.4,-0.402,0.296,-1.36,0.175,0.601,0.605,PD
4294,RP11-378J18.9,Excitatory Neurons (SubtypeA),41.8,-0.449,0.252,-1.78,0.0751,0.378,0.421,PD
4295,RP11-455P21.3,Excitatory Neurons (SubtypeA),90.9,-0.236,0.19,-1.24,0.214,0.66,0.659,PD
4296,RP11-145A3.1,Excitatory Neurons (SubtypeA),17.1,-0.419,0.529,-0.792,0.429,0.833,0.823,PD
4297,RP4-553F17.1,Excitatory Neurons (SubtypeA),20.6,-0.744,0.369,-2.02,0.0437,0.291,0.331,PD
4298,RP5-827C21.2,Excitatory Neurons (SubtypeA),89.9,-0.328,0.196,-1.67,0.0946,0.433,0.462,PD
4299,RP5-827C21.6,Excitatory Neurons (SubtypeA),14.3,0.4,0.509,0.784,0.433,0.834,0.824,PD
4300,RP5-827C21.4,Excitatory Neurons (SubtypeA),17.3,0.0646,0.417,0.155,0.877,0.989,0.979,PD
4301,RP11-385F5.4,Excitatory Neurons (SubtypeA),22.6,0.0438,0.345,0.127,0.899,0.99,0.982,PD
4302,CHRM3-AS2,Excitatory Neurons (SubtypeA),21.3,-0.362,0.809,-0.447,0.655,0.917,0.919,PD
4303,RP11-278H7.1,Excitatory Neurons (SubtypeA),33.5,-1.08,0.396,-2.74,0.00623,0.108,0.119,PD
4304,RP11-518L10.5,Excitatory Neurons (SubtypeA),72.3,0.468,0.216,2.16,0.0304,0.256,0.283,PD
4305,RP11-62I21.1,Excitatory Neurons (SubtypeA),19.5,-0.638,0.704,-0.906,0.365,0.796,0.786,PD
4306,RP11-488L18.10,Excitatory Neurons (SubtypeA),16,0.0444,0.442,0.1,0.92,0.99,0.985,PD
4307,RP11-634B7.4,Excitatory Neurons (SubtypeA),81.6,0.515,0.398,1.29,0.196,0.64,0.637,PD
4308,LINC01115,Excitatory Neurons (SubtypeA),23.2,0.674,0.635,1.06,0.289,0.732,0.726,PD
4309,LINC01250,Excitatory Neurons (SubtypeA),641,-0.00886,0.195,-0.0454,0.964,0.992,0.991,PD
4310,AC019118.3,Excitatory Neurons (SubtypeA),52,0.36,0.26,1.38,0.166,0.59,0.592,PD
4311,AC142528.1,Excitatory Neurons (SubtypeA),13.9,0.342,0.549,0.622,0.534,0.888,0.874,PD
4312,RNASEH1-AS1,Excitatory Neurons (SubtypeA),15.4,-0.047,0.345,-0.136,0.892,0.99,0.98,PD
4313,LINC01248,Excitatory Neurons (SubtypeA),12.4,0.124,0.493,0.251,0.802,NA,0.961,PD
4314,NRIR,Excitatory Neurons (SubtypeA),54,-0.0976,0.279,-0.35,0.727,0.939,0.94,PD
4315,LINC00298,Excitatory Neurons (SubtypeA),15.7,0.0156,0.468,0.0333,0.973,0.993,0.993,PD
4316,LINC00299,Excitatory Neurons (SubtypeA),63.7,-0.441,0.394,-1.12,0.264,0.702,0.703,PD
4317,RP11-95D17.1,Excitatory Neurons (SubtypeA),23.3,0.139,0.385,0.361,0.718,0.939,0.938,PD
4318,MIR3681HG,Excitatory Neurons (SubtypeA),39.9,0.0088,0.27,0.0326,0.974,0.993,0.993,PD
4319,LINC00276,Excitatory Neurons (SubtypeA),165,-0.871,0.282,-3.09,0.00201,0.0525,0.062,PD
4320,LINC01376,Excitatory Neurons (SubtypeA),133,-1.2,0.21,-5.71,1.14E-08,9.39E-06,1.38E-05,PD
4321,AC067959.1,Excitatory Neurons (SubtypeA),54.3,-1.87,0.558,-3.35,8.00E-04,0.0258,0.0336,PD
4322,AC068490.2,Excitatory Neurons (SubtypeA),112,-0.56,0.492,-1.14,0.255,0.694,0.696,PD
4323,AC016768.1,Excitatory Neurons (SubtypeA),111,-0.00964,0.452,-0.0213,0.983,0.994,0.995,PD
4324,AC009228.1,Excitatory Neurons (SubtypeA),38.4,-0.331,0.361,-0.916,0.36,0.79,0.782,PD
4325,DNAJC27-AS1,Excitatory Neurons (SubtypeA),168,-0.352,0.186,-1.89,0.0589,0.337,0.376,PD
4326,AC012074.2,Excitatory Neurons (SubtypeA),25.3,0.32,0.373,0.856,0.392,0.808,0.799,PD
4327,AC013472.4,Excitatory Neurons (SubtypeA),20.8,0.0931,0.657,0.142,0.887,0.99,0.98,PD
4328,AC074117.10,Excitatory Neurons (SubtypeA),30.9,0.146,0.42,0.348,0.728,0.94,0.941,PD
4329,AC016907.3,Excitatory Neurons (SubtypeA),32.2,-0.134,0.272,-0.494,0.622,0.917,0.91,PD
4330,LINC00486,Excitatory Neurons (SubtypeA),9190,-0.164,0.237,-0.689,0.491,0.88,0.856,PD
4331,AC020594.5,Excitatory Neurons (SubtypeA),24.2,-0.0514,0.339,-0.152,0.879,0.99,0.979,PD
4332,LINC01317,Excitatory Neurons (SubtypeA),45,1.02,0.46,2.22,0.0266,0.243,0.263,PD
4333,AC073218.1,Excitatory Neurons (SubtypeA),15.1,0.561,0.519,1.08,0.28,0.722,0.717,PD
4334,AC012593.1,Excitatory Neurons (SubtypeA),24.5,-1.81,0.681,-2.66,0.00781,0.12,0.135,PD
4335,RP11-490M8.1,Excitatory Neurons (SubtypeA),23.9,0.293,0.468,0.627,0.531,0.888,0.873,PD
4336,CYP1B1-AS1,Excitatory Neurons (SubtypeA),65.9,-1.63,0.566,-2.88,0.00399,0.081,0.0892,PD
4337,AC016995.3,Excitatory Neurons (SubtypeA),33.3,-0.319,0.38,-0.84,0.401,0.809,0.806,PD
4338,AC007246.3,Excitatory Neurons (SubtypeA),694,-0.311,0.173,-1.8,0.0725,0.372,0.414,PD
4339,SLC8A1-AS1,Excitatory Neurons (SubtypeA),122,-0.0273,0.442,-0.0618,0.951,0.99,0.991,PD
4340,LINC01119,Excitatory Neurons (SubtypeA),17.5,-1.36,0.5,-2.73,0.00635,0.108,0.12,PD
4341,AC073283.4,Excitatory Neurons (SubtypeA),36.1,-0.365,0.447,-0.818,0.414,0.814,0.812,PD
4342,RP11-460M2.1,Excitatory Neurons (SubtypeA),70.9,-0.098,0.564,-0.174,0.862,0.983,0.977,PD
4343,AC007682.1,Excitatory Neurons (SubtypeA),82.4,-0.496,0.304,-1.63,0.104,0.449,0.48,PD
4344,AC010967.2,Excitatory Neurons (SubtypeA),34.3,-0.776,0.384,-2.02,0.0433,0.29,0.331,PD
4345,AC092839.3,Excitatory Neurons (SubtypeA),21.2,0.238,0.643,0.371,0.711,0.939,0.936,PD
4346,AC012358.8,Excitatory Neurons (SubtypeA),62.5,0.0428,0.285,0.15,0.881,0.99,0.979,PD
4347,RP11-481J13.1,Excitatory Neurons (SubtypeA),24.1,0.389,0.323,1.2,0.229,0.673,0.674,PD
4348,AC007743.1,Excitatory Neurons (SubtypeA),21.6,0.0823,0.402,0.205,0.838,0.976,0.97,PD
4349,LINC01122,Excitatory Neurons (SubtypeA),1560,-0.116,0.214,-0.542,0.588,0.906,0.897,PD
4350,AC007131.1,Excitatory Neurons (SubtypeA),54.5,-0.968,0.348,-2.78,0.00544,0.0983,0.109,PD
4351,LINC01185,Excitatory Neurons (SubtypeA),13.7,-1.13,0.445,-2.53,0.0113,NA,0.17,PD
4352,RP11-355B11.2,Excitatory Neurons (SubtypeA),54.3,-0.0252,0.237,-0.106,0.915,0.99,0.984,PD
4353,AC018462.2,Excitatory Neurons (SubtypeA),20.1,0.429,0.44,0.974,0.33,0.768,0.758,PD
4354,AC007098.1,Excitatory Neurons (SubtypeA),16.3,0.244,0.595,0.41,0.682,0.926,0.929,PD
4355,AC009501.4,Excitatory Neurons (SubtypeA),13.2,0.139,0.659,0.21,0.833,NA,0.968,PD
4356,AC008074.3,Excitatory Neurons (SubtypeA),131,-0.122,0.244,-0.502,0.616,0.916,0.907,PD
4357,AC007386.4,Excitatory Neurons (SubtypeA),13.2,0.346,0.469,0.739,0.46,NA,0.837,PD
4358,AC078941.1,Excitatory Neurons (SubtypeA),19.9,0.105,0.378,0.277,0.781,0.952,0.955,PD
4359,RP11-474G23.3,Excitatory Neurons (SubtypeA),13.8,-0.51,0.488,-1.04,0.296,0.737,0.732,PD
4360,BOLA3-AS1,Excitatory Neurons (SubtypeA),23,0.131,0.38,0.345,0.73,0.941,0.942,PD
4361,DCTN1-AS1,Excitatory Neurons (SubtypeA),30.6,0.281,0.282,0.999,0.318,0.759,0.749,PD
4362,RP11-355F16.1,Excitatory Neurons (SubtypeA),42.5,-0.535,0.311,-1.72,0.0846,0.405,0.446,PD
4363,AC007099.1,Excitatory Neurons (SubtypeA),12.6,-0.112,0.659,-0.17,0.865,NA,0.977,PD
4364,AC016716.2,Excitatory Neurons (SubtypeA),37.7,0.393,0.652,0.603,0.546,0.891,0.879,PD
4365,AC008067.2,Excitatory Neurons (SubtypeA),15.2,0.133,0.755,0.176,0.86,0.983,0.977,PD
4366,AC015971.2,Excitatory Neurons (SubtypeA),24.2,-0.468,0.457,-1.03,0.305,0.749,0.739,PD
4367,LINC00152,Excitatory Neurons (SubtypeA),84.8,-0.0388,0.221,-0.176,0.861,0.983,0.977,PD
4368,LINC00342,Excitatory Neurons (SubtypeA),91.5,-0.274,0.28,-0.978,0.328,0.768,0.757,PD
4369,AC159540.1,Excitatory Neurons (SubtypeA),1970,-0.006,0.243,-0.0247,0.98,0.994,0.994,PD
4370,AC159540.2,Excitatory Neurons (SubtypeA),51.2,0.00578,0.687,0.00843,0.993,0.996,0.998,PD
4371,LINC01102,Excitatory Neurons (SubtypeA),83.6,0.547,0.273,2,0.0451,0.296,0.339,PD
4372,AC010884.1,Excitatory Neurons (SubtypeA),102,0.484,0.278,1.74,0.0813,0.395,0.44,PD
4373,AC096669.2,Excitatory Neurons (SubtypeA),22.8,-0.31,0.646,-0.48,0.631,0.917,0.913,PD
4374,GCC2-AS1,Excitatory Neurons (SubtypeA),23,-0.0418,0.317,-0.132,0.895,0.99,0.981,PD
4375,LINC01106,Excitatory Neurons (SubtypeA),53.5,-0.217,0.519,-0.418,0.676,0.925,0.926,PD
4376,MIR4435-2HG,Excitatory Neurons (SubtypeA),484,0.186,0.259,0.718,0.473,0.863,0.845,PD
4377,AC017074.2,Excitatory Neurons (SubtypeA),13.3,1.21,0.448,2.71,0.00682,NA,0.126,PD
4378,DPP10-AS1,Excitatory Neurons (SubtypeA),43.1,0.102,0.303,0.338,0.735,0.941,0.943,PD
4379,AC009404.2,Excitatory Neurons (SubtypeA),22.9,0.156,0.338,0.461,0.645,0.917,0.917,PD
4380,AC009303.1,Excitatory Neurons (SubtypeA),12.4,-0.127,0.403,-0.316,0.752,NA,0.947,PD
4381,AC012363.4,Excitatory Neurons (SubtypeA),26.8,0.144,0.375,0.383,0.701,0.933,0.933,PD
4382,NIFK-AS1,Excitatory Neurons (SubtypeA),207,0.0999,0.134,0.744,0.457,0.852,0.835,PD
4383,AC079154.1,Excitatory Neurons (SubtypeA),29.6,1.29,0.309,4.16,3.17E-05,0.00341,0.00498,PD
4384,AC068282.3,Excitatory Neurons (SubtypeA),14.1,-0.17,0.468,-0.363,0.717,0.939,0.938,PD
4385,AC010976.2,Excitatory Neurons (SubtypeA),14.3,0.691,0.585,1.18,0.238,0.679,0.68,PD
4386,RP11-395A13.2,Excitatory Neurons (SubtypeA),13,-0.03,0.534,-0.0562,0.955,NA,0.991,PD
4387,AC140481.8,Excitatory Neurons (SubtypeA),21,0.43,0.464,0.927,0.354,0.784,0.776,PD
4388,AJ239322.1,Excitatory Neurons (SubtypeA),18.4,-1.59,0.747,-2.12,0.0338,0.271,0.302,PD
4389,RP1-156L9.1,Excitatory Neurons (SubtypeA),26.7,-1.87,0.611,-3.07,0.00217,0.0542,0.0647,PD
4390,RP11-725P16.2,Excitatory Neurons (SubtypeA),18.8,1.11,0.458,2.43,0.0151,0.183,0.197,PD
4391,AC010890.1,Excitatory Neurons (SubtypeA),21.1,-0.303,0.451,-0.671,0.502,0.884,0.863,PD
4392,CCNT2-AS1,Excitatory Neurons (SubtypeA),226,-0.0556,0.241,-0.23,0.818,0.967,0.965,PD
4393,AC097721.2,Excitatory Neurons (SubtypeA),42.4,0.26,0.3,0.867,0.386,0.804,0.794,PD
4394,RP11-434H14.1,Excitatory Neurons (SubtypeA),13.6,-0.0434,0.438,-0.0992,0.921,NA,0.986,PD
4395,TEX41,Excitatory Neurons (SubtypeA),43.8,-2.3,0.577,-3.98,6.77E-05,0.00557,0.00809,PD
4396,AC105402.4,Excitatory Neurons (SubtypeA),1350,0.753,0.552,1.36,0.172,0.598,0.602,PD
4397,AC144449.1,Excitatory Neurons (SubtypeA),170,0.142,0.235,0.605,0.545,0.891,0.879,PD
4398,AC093375.1,Excitatory Neurons (SubtypeA),182,-1.39,0.583,-2.39,0.017,0.192,0.209,PD
4399,AC019186.1,Excitatory Neurons (SubtypeA),13.9,-0.311,0.568,-0.548,0.584,0.906,0.896,PD
4400,AC009961.3,Excitatory Neurons (SubtypeA),122,0.18,0.165,1.09,0.276,0.714,0.715,PD
4401,AC007740.1,Excitatory Neurons (SubtypeA),27,1.08,0.816,1.32,0.188,0.625,0.623,PD
4402,AC092684.1,Excitatory Neurons (SubtypeA),131,0.534,0.564,0.947,0.344,0.773,0.768,PD
4403,AC013463.2,Excitatory Neurons (SubtypeA),118,0.981,0.42,2.34,0.0195,0.202,0.221,PD
4404,AC009495.4,Excitatory Neurons (SubtypeA),63,0.4,0.602,0.664,0.507,0.885,0.864,PD
4405,AC010127.3,Excitatory Neurons (SubtypeA),522,0.761,0.326,2.33,0.0196,0.202,0.222,PD
4406,AC074363.1,Excitatory Neurons (SubtypeA),1830,-0.334,0.171,-1.95,0.0507,0.318,0.355,PD
4407,AC016723.4,Excitatory Neurons (SubtypeA),41.9,-0.47,0.333,-1.41,0.158,0.576,0.579,PD
4408,AC007277.3,Excitatory Neurons (SubtypeA),22.1,-0.395,0.446,-0.887,0.375,0.801,0.791,PD
4409,AC007405.4,Excitatory Neurons (SubtypeA),37.3,-0.114,0.267,-0.428,0.669,0.924,0.924,PD
4410,AC007405.6,Excitatory Neurons (SubtypeA),19.7,-0.0287,0.346,-0.0829,0.934,0.99,0.987,PD
4411,AC093818.1,Excitatory Neurons (SubtypeA),15,-0.883,0.374,-2.36,0.0182,0.198,0.218,PD
4412,RAPGEF4-AS1,Excitatory Neurons (SubtypeA),83.4,0.00693,0.224,0.0309,0.975,0.993,0.993,PD
4413,AC018890.6,Excitatory Neurons (SubtypeA),76.2,-0.0366,0.344,-0.106,0.915,0.99,0.984,PD
4414,AC092162.1,Excitatory Neurons (SubtypeA),13.1,0.447,0.405,1.1,0.27,NA,0.71,PD
4415,AC079305.11,Excitatory Neurons (SubtypeA),128,0.345,0.259,1.33,0.183,0.615,0.616,PD
4416,AC079305.8,Excitatory Neurons (SubtypeA),28,0.0675,0.347,0.194,0.846,0.98,0.972,PD
4417,AC009948.5,Excitatory Neurons (SubtypeA),114,0.074,0.203,0.364,0.716,0.939,0.938,PD
4418,TTN-AS1,Excitatory Neurons (SubtypeA),1070,-0.0953,0.186,-0.513,0.608,0.916,0.905,PD
4419,AC104820.2,Excitatory Neurons (SubtypeA),39.2,-0.551,0.296,-1.86,0.0626,0.343,0.388,PD
4420,AC007966.1,Excitatory Neurons (SubtypeA),27.2,-0.248,0.299,-0.827,0.408,0.81,0.808,PD
4421,FSIP2-AS1,Excitatory Neurons (SubtypeA),44.9,-0.251,0.325,-0.771,0.441,0.84,0.828,PD
4422,LINC01473,Excitatory Neurons (SubtypeA),118,-0.0171,0.221,-0.0777,0.938,0.99,0.988,PD
4423,RP11-410E4.1,Excitatory Neurons (SubtypeA),10.3,0.281,0.51,0.551,0.582,NA,0.895,PD
4424,AC007319.1,Excitatory Neurons (SubtypeA),123,-0.245,0.51,-0.481,0.63,0.917,0.913,PD
4425,LINC01090,Excitatory Neurons (SubtypeA),25.4,0.153,0.407,0.377,0.706,0.935,0.934,PD
4426,OSGEPL1-AS1,Excitatory Neurons (SubtypeA),13.8,-0.478,0.413,-1.16,0.247,0.69,0.688,PD
4427,AC093388.3,Excitatory Neurons (SubtypeA),111,0.535,0.184,2.91,0.0036,0.0766,0.0846,PD
4428,AC098617.1,Excitatory Neurons (SubtypeA),25.6,-0.0121,0.612,-0.0198,0.984,0.994,0.996,PD
4429,AC011997.1,Excitatory Neurons (SubtypeA),99.3,0.0906,0.275,0.33,0.741,0.941,0.944,PD
4430,AC019330.1,Excitatory Neurons (SubtypeA),24.6,0.063,0.558,0.113,0.91,0.99,0.984,PD
4431,AC005037.3,Excitatory Neurons (SubtypeA),64.4,0.272,0.214,1.27,0.204,0.644,0.645,PD
4432,AC008269.2,Excitatory Neurons (SubtypeA),31.4,-0.198,0.3,-0.66,0.509,0.885,0.865,PD
4433,RP11-260M2.1,Excitatory Neurons (SubtypeA),29.7,-0.158,0.374,-0.423,0.672,0.924,0.925,PD
4434,AC007038.7,Excitatory Neurons (SubtypeA),82.9,-0.523,0.203,-2.58,0.01,0.14,0.156,PD
4435,LANCL1-AS1,Excitatory Neurons (SubtypeA),23.2,0.233,0.408,0.572,0.568,0.901,0.888,PD
4436,AC107218.3,Excitatory Neurons (SubtypeA),61.3,0.151,0.502,0.3,0.764,0.948,0.951,PD
4437,AC072062.1,Excitatory Neurons (SubtypeA),18.9,1.22,0.556,2.2,0.028,0.249,0.269,PD
4438,LINC00607,Excitatory Neurons (SubtypeA),20.3,0.148,0.418,0.354,0.724,0.939,0.939,PD
4439,PKI55,Excitatory Neurons (SubtypeA),52.9,0.191,0.506,0.377,0.706,0.935,0.934,PD
4440,AC007563.5,Excitatory Neurons (SubtypeA),472,-0.87,0.268,-3.24,0.00119,0.0343,0.0447,PD
4441,DIRC3-AS1,Excitatory Neurons (SubtypeA),26.6,-0.892,0.463,-1.93,0.0541,0.321,0.363,PD
4442,LINC01494,Excitatory Neurons (SubtypeA),18.8,-0.194,0.418,-0.463,0.643,0.917,0.917,PD
4443,AC097468.7,Excitatory Neurons (SubtypeA),15.5,-0.64,0.451,-1.42,0.156,0.572,0.574,PD
4444,AC114765.1,Excitatory Neurons (SubtypeA),63.7,-0.667,0.475,-1.4,0.16,0.579,0.582,PD
4445,AC067956.1,Excitatory Neurons (SubtypeA),43.6,-0.4,0.596,-0.67,0.503,0.884,0.863,PD
4446,RP11-314B1.2,Excitatory Neurons (SubtypeA),60.2,0.103,0.332,0.309,0.757,0.946,0.948,PD
4447,RP11-395N3.2,Excitatory Neurons (SubtypeA),20.3,0.886,0.339,2.62,0.0089,0.13,0.146,PD
4448,AC097662.2,Excitatory Neurons (SubtypeA),105,0.146,0.226,0.644,0.519,0.886,0.87,PD
4449,AC009950.2,Excitatory Neurons (SubtypeA),12.2,-0.664,0.498,-1.33,0.182,NA,0.616,PD
4450,AC105461.1,Excitatory Neurons (SubtypeA),17.5,0.0737,0.557,0.132,0.895,0.99,0.981,PD
4451,AC079135.1,Excitatory Neurons (SubtypeA),18.1,-0.231,0.362,-0.639,0.523,0.888,0.872,PD
4452,AC105760.2,Excitatory Neurons (SubtypeA),31.3,0.38,0.316,1.2,0.229,0.673,0.675,PD
4453,CAPN10-AS1,Excitatory Neurons (SubtypeA),13,-0.0611,0.392,-0.156,0.876,NA,0.979,PD
4454,AC005237.4,Excitatory Neurons (SubtypeA),23.1,-0.333,0.349,-0.956,0.339,0.773,0.764,PD
4455,LINC01266,Excitatory Neurons (SubtypeA),106,0.18,0.386,0.467,0.641,0.917,0.916,PD
4456,AC026188.1,Excitatory Neurons (SubtypeA),175,-0.504,0.221,-2.28,0.0228,0.223,0.242,PD
4457,AC018816.3,Excitatory Neurons (SubtypeA),99.6,-0.213,0.189,-1.13,0.259,0.697,0.699,PD
4458,BHLHE40-AS1,Excitatory Neurons (SubtypeA),30.5,0.0764,0.318,0.24,0.81,0.963,0.963,PD
4459,AC026202.3,Excitatory Neurons (SubtypeA),17.6,-0.0304,0.624,-0.0487,0.961,0.992,0.991,PD
4460,AC027119.1,Excitatory Neurons (SubtypeA),20.6,0.468,0.475,0.986,0.324,0.765,0.754,PD
4461,AC026167.1,Excitatory Neurons (SubtypeA),31.1,0.515,0.419,1.23,0.219,0.669,0.666,PD
4462,GRM7-AS3,Excitatory Neurons (SubtypeA),34.6,-0.748,0.359,-2.08,0.0374,0.276,0.312,PD
4463,LMCD1-AS1,Excitatory Neurons (SubtypeA),365,-0.866,0.342,-2.53,0.0113,0.155,0.17,PD
4464,THUMPD3-AS1,Excitatory Neurons (SubtypeA),263,0.142,0.216,0.656,0.512,0.886,0.867,PD
4465,SLC6A1-AS1,Excitatory Neurons (SubtypeA),77.1,0.0362,0.695,0.052,0.958,0.992,0.991,PD
4466,LINC00620,Excitatory Neurons (SubtypeA),32.5,-0.772,0.369,-2.09,0.0364,0.273,0.307,PD
4467,FGD5-AS1,Excitatory Neurons (SubtypeA),156,0.0175,0.291,0.0601,0.952,0.99,0.991,PD
4468,SH3BP5-AS1,Excitatory Neurons (SubtypeA),38.8,0.011,0.24,0.0458,0.963,0.992,0.991,PD
4469,AC133680.1,Excitatory Neurons (SubtypeA),66,0.147,0.435,0.338,0.735,0.941,0.943,PD
4470,RBMS3-AS3,Excitatory Neurons (SubtypeA),46.1,0.723,0.498,1.45,0.147,0.552,0.559,PD
4471,RBMS3-AS2,Excitatory Neurons (SubtypeA),22.3,0.109,0.593,0.183,0.855,0.983,0.975,PD
4472,AC018359.1,Excitatory Neurons (SubtypeA),128,0.0675,0.495,0.136,0.892,0.99,0.98,PD
4473,RP11-285J16.1,Excitatory Neurons (SubtypeA),12.5,0.846,0.535,1.58,0.114,NA,0.501,PD
4474,ENTPD3-AS1,Excitatory Neurons (SubtypeA),67.5,-0.00204,0.228,-0.00896,0.993,0.996,0.998,PD
4475,RP4-613B23.1,Excitatory Neurons (SubtypeA),91.6,0.219,0.243,0.904,0.366,0.796,0.786,PD
4476,RP4-555D20.2,Excitatory Neurons (SubtypeA),128,-0.0283,0.255,-0.111,0.912,0.99,0.984,PD
4477,RP11-944L7.4,Excitatory Neurons (SubtypeA),192,0.0223,0.166,0.135,0.893,0.99,0.981,PD
4478,KIF9-AS1,Excitatory Neurons (SubtypeA),990,-0.0688,0.194,-0.354,0.723,0.939,0.939,PD
4479,RP11-708J19.1,Excitatory Neurons (SubtypeA),22.1,0.775,0.369,2.1,0.0354,0.271,0.305,PD
4480,RP11-884K10.7,Excitatory Neurons (SubtypeA),21.9,0.0744,0.344,0.216,0.829,0.976,0.968,PD
4481,DENND6A-AS1,Excitatory Neurons (SubtypeA),55.4,0.466,0.362,1.29,0.198,0.641,0.639,PD
4482,C3orf67-AS1,Excitatory Neurons (SubtypeA),313,0.44,0.227,1.94,0.0526,0.32,0.36,PD
4483,CTD-2185K10.1,Excitatory Neurons (SubtypeA),13.3,0.241,0.397,0.607,0.544,NA,0.878,PD
4484,PSMD6-AS2,Excitatory Neurons (SubtypeA),36.2,0.248,0.315,0.786,0.432,0.833,0.824,PD
4485,ADAMTS9-AS2,Excitatory Neurons (SubtypeA),207,0.752,0.284,2.65,0.00799,0.121,0.136,PD
4486,SUCLG2-AS1,Excitatory Neurons (SubtypeA),196,0.0592,0.282,0.21,0.833,0.976,0.969,PD
4487,SAMMSON,Excitatory Neurons (SubtypeA),14.2,-0.321,0.465,-0.69,0.49,0.879,0.856,PD
4488,RP11-154H23.4,Excitatory Neurons (SubtypeA),27.8,0.169,0.421,0.401,0.688,0.928,0.93,PD
4489,LINC00877,Excitatory Neurons (SubtypeA),45.7,-0.406,0.336,-1.21,0.227,0.673,0.672,PD
4490,RP11-803B1.8,Excitatory Neurons (SubtypeA),48.4,0.222,0.311,0.713,0.476,0.865,0.847,PD
4491,RP11-260O18.1,Excitatory Neurons (SubtypeA),20.9,0.159,0.418,0.379,0.704,0.935,0.934,PD
4492,LINC00506,Excitatory Neurons (SubtypeA),193,0.0154,0.158,0.0977,0.922,0.99,0.986,PD
4493,RP11-389G6.3,Excitatory Neurons (SubtypeA),30.8,0.0646,0.459,0.141,0.888,0.99,0.98,PD
4494,ST3GAL6-AS1,Excitatory Neurons (SubtypeA),31.3,0.184,0.428,0.429,0.668,0.924,0.924,PD
4495,CTD-2021J15.1,Excitatory Neurons (SubtypeA),16.8,-0.0619,0.346,-0.179,0.858,0.983,0.977,PD
4496,LINC00882,Excitatory Neurons (SubtypeA),1510,0.271,0.137,1.98,0.0479,0.309,0.348,PD
4497,DUBR,Excitatory Neurons (SubtypeA),561,0.174,0.184,0.945,0.345,0.774,0.768,PD
4498,RP11-446H18.5,Excitatory Neurons (SubtypeA),56.6,0.184,0.435,0.424,0.672,0.924,0.925,PD
4499,RP11-446H18.6,Excitatory Neurons (SubtypeA),23,1.11,0.465,2.38,0.0171,0.192,0.209,PD
4500,RP11-115H18.1,Excitatory Neurons (SubtypeA),32.5,0.571,0.364,1.57,0.116,0.484,0.505,PD
4501,PVRL3-AS1,Excitatory Neurons (SubtypeA),47.7,-1.23,0.331,-3.71,0.000205,0.0102,0.0151,PD
4502,RP11-572M11.4,Excitatory Neurons (SubtypeA),178,0.0921,0.273,0.337,0.736,0.941,0.943,PD
4503,RP11-197K3.1,Excitatory Neurons (SubtypeA),34.4,-0.209,0.493,-0.424,0.671,0.924,0.925,PD
4504,RP11-190P13.2,Excitatory Neurons (SubtypeA),14.9,-0.812,0.413,-1.97,0.0492,0.313,0.352,PD
4505,LSAMP-AS1,Excitatory Neurons (SubtypeA),25.8,-0.217,0.712,-0.304,0.761,0.946,0.95,PD
4506,LINC00903,Excitatory Neurons (SubtypeA),18,0.535,0.804,0.665,0.506,0.885,0.864,PD
4507,RP11-384F7.2,Excitatory Neurons (SubtypeA),4630,0.0587,0.19,0.309,0.757,0.946,0.948,PD
4508,RP11-384F7.1,Excitatory Neurons (SubtypeA),25.4,-0.433,0.517,-0.838,0.402,0.809,0.806,PD
4509,RP11-18H7.1,Excitatory Neurons (SubtypeA),73.5,0.672,0.241,2.79,0.00531,0.0981,0.107,PD
4510,RP11-299J3.8,Excitatory Neurons (SubtypeA),38.9,0.461,0.238,1.94,0.0529,0.32,0.361,PD
4511,RP11-67L2.2,Excitatory Neurons (SubtypeA),27.2,0.00676,0.309,0.0218,0.983,0.994,0.995,PD
4512,MYLK-AS1,Excitatory Neurons (SubtypeA),89.8,0.584,0.197,2.96,0.00306,0.0711,0.0788,PD
4513,RP11-379B18.6,Excitatory Neurons (SubtypeA),155,-0.465,0.247,-1.88,0.06,0.337,0.378,PD
4514,RP11-124N2.1,Excitatory Neurons (SubtypeA),19.4,-0.942,0.345,-2.73,0.00629,0.108,0.119,PD
4515,GATA2-AS1,Excitatory Neurons (SubtypeA),21.4,1.35,0.709,1.91,0.0561,0.326,0.368,PD
4516,RP11-434H6.7,Excitatory Neurons (SubtypeA),23.6,-0.387,0.435,-0.89,0.373,0.801,0.791,PD
4517,H1FX-AS1,Excitatory Neurons (SubtypeA),35.3,-0.0422,0.293,-0.144,0.885,0.99,0.98,PD
4518,TMCC1-AS1,Excitatory Neurons (SubtypeA),33.6,-0.25,0.287,-0.87,0.384,0.804,0.794,PD
4519,RP11-77P16.4,Excitatory Neurons (SubtypeA),25.2,-0.668,0.347,-1.92,0.0545,0.323,0.365,PD
4520,NPHP3-AS1,Excitatory Neurons (SubtypeA),25,-0.451,0.311,-1.45,0.147,0.552,0.559,PD
4521,NCK1-AS1,Excitatory Neurons (SubtypeA),16.7,0.61,0.401,1.52,0.128,0.516,0.529,PD
4522,LINC01210,Excitatory Neurons (SubtypeA),61.4,1.68,1.34,1.26,NA,NA,NA,PD
4523,RP11-319G6.1,Excitatory Neurons (SubtypeA),600,-0.184,0.122,-1.5,0.133,0.525,0.537,PD
4524,RP11-438D8.2,Excitatory Neurons (SubtypeA),32.1,-0.204,0.429,-0.475,0.635,0.917,0.913,PD
4525,RP11-649A16.1,Excitatory Neurons (SubtypeA),41.8,-0.36,0.779,-0.462,0.644,0.917,0.917,PD
4526,RP11-71N10.1,Excitatory Neurons (SubtypeA),21.2,-0.689,0.619,-1.11,0.265,0.704,0.705,PD
4527,ERICH6-AS1,Excitatory Neurons (SubtypeA),21.2,-0.887,0.335,-2.65,0.00801,0.121,0.136,PD
4528,LINC00886,Excitatory Neurons (SubtypeA),218,0.283,0.34,0.832,0.405,0.81,0.808,PD
4529,RP11-538P18.2,Excitatory Neurons (SubtypeA),12.9,0.443,0.476,0.929,0.353,NA,0.775,PD
4530,IL12A-AS1,Excitatory Neurons (SubtypeA),19.1,0.0423,0.412,0.103,0.918,0.99,0.985,PD
4531,LINC01322,Excitatory Neurons (SubtypeA),1280,-0.241,0.344,-0.701,0.483,0.869,0.851,PD
4532,RP11-368I23.2,Excitatory Neurons (SubtypeA),97.9,-0.6,0.264,-2.27,0.0233,0.225,0.246,PD
4533,RP11-644C3.1,Excitatory Neurons (SubtypeA),17.8,-0.546,0.436,-1.25,0.211,0.652,0.653,PD
4534,LINC00578,Excitatory Neurons (SubtypeA),45.9,-1.35,0.553,-2.45,0.0144,0.177,0.191,PD
4535,RP11-33A14.1,Excitatory Neurons (SubtypeA),33.8,-0.602,0.478,-1.26,0.208,0.646,0.65,PD
4536,KCNMB2-AS1,Excitatory Neurons (SubtypeA),185,-0.282,0.386,-0.731,0.465,0.86,0.84,PD
4537,RP11-360P21.2,Excitatory Neurons (SubtypeA),17.2,-0.375,0.33,-1.14,0.255,0.694,0.696,PD
4538,RP11-4B14.3,Excitatory Neurons (SubtypeA),30.9,-0.933,0.408,-2.29,0.0221,0.219,0.238,PD
4539,P3H2-AS1,Excitatory Neurons (SubtypeA),102,0.142,0.227,0.625,0.532,0.888,0.874,PD
4540,RP11-197K6.1,Excitatory Neurons (SubtypeA),19.7,-1.46,0.382,-3.83,0.000131,0.00812,0.012,PD
4541,FGF12-AS1,Excitatory Neurons (SubtypeA),25.4,0.317,0.525,0.604,0.546,0.891,0.879,PD
4542,LINC00884,Excitatory Neurons (SubtypeA),289,-0.182,0.217,-0.837,0.403,0.809,0.806,PD
4543,TMEM44-AS1,Excitatory Neurons (SubtypeA),30.7,0.44,0.362,1.21,0.225,0.673,0.671,PD
4544,AC069513.4,Excitatory Neurons (SubtypeA),21,-0.509,0.552,-0.922,0.356,0.786,0.779,PD
4545,LINC00969,Excitatory Neurons (SubtypeA),1430,0.163,0.181,0.9,0.368,0.797,0.787,PD
4546,MFI2-AS1,Excitatory Neurons (SubtypeA),34.8,-0.652,0.396,-1.65,0.0991,0.442,0.471,PD
4547,RP11-2H3.7,Excitatory Neurons (SubtypeA),38.1,-0.243,0.454,-0.537,0.591,0.906,0.899,PD
4548,RP11-1263C18.1,Excitatory Neurons (SubtypeA),48.7,-0.396,0.411,-0.963,0.335,0.768,0.762,PD
4549,RP11-1263C18.2,Excitatory Neurons (SubtypeA),97.4,0.0702,0.238,0.295,0.768,0.948,0.952,PD
4550,RP11-1191J2.2,Excitatory Neurons (SubtypeA),30.3,-0.312,0.455,-0.686,0.493,0.881,0.858,PD
4551,RP11-440L14.1,Excitatory Neurons (SubtypeA),346,0.147,0.247,0.595,0.552,0.893,0.88,PD
4552,RP11-20I20.2,Excitatory Neurons (SubtypeA),77.1,-0.0149,0.262,-0.0568,0.955,0.99,0.991,PD
4553,CTBP1-AS,Excitatory Neurons (SubtypeA),44.8,0.554,0.618,0.896,0.37,0.799,0.789,PD
4554,CTBP1-AS2,Excitatory Neurons (SubtypeA),56.7,0.189,0.212,0.893,0.372,0.8,0.79,PD
4555,RP11-478C1.7,Excitatory Neurons (SubtypeA),12.6,0.556,0.61,0.912,0.362,NA,0.783,PD
4556,NOP14-AS1,Excitatory Neurons (SubtypeA),15.8,-0.972,0.362,-2.68,0.00729,0.119,0.131,PD
4557,STX18-AS1,Excitatory Neurons (SubtypeA),455,-0.22,0.171,-1.29,0.197,0.641,0.638,PD
4558,LINC01396,Excitatory Neurons (SubtypeA),13.3,0.104,0.45,0.23,0.818,NA,0.965,PD
4559,RP11-539L10.3,Excitatory Neurons (SubtypeA),58.1,0.271,0.273,0.991,0.322,0.762,0.753,PD
4560,AC093323.3,Excitatory Neurons (SubtypeA),34.7,-0.0197,0.457,-0.0431,0.966,0.992,0.991,PD
4561,RP11-774O3.3,Excitatory Neurons (SubtypeA),35.8,-0.142,0.361,-0.393,0.695,0.928,0.932,PD
4562,RP11-689P11.2,Excitatory Neurons (SubtypeA),38.5,-0.19,0.288,-0.66,0.509,0.885,0.865,PD
4563,RP11-281P23.2,Excitatory Neurons (SubtypeA),24.6,-0.189,0.49,-0.387,0.699,0.93,0.933,PD
4564,RP11-22A3.2,Excitatory Neurons (SubtypeA),13.5,0.747,0.433,1.72,0.0848,NA,0.446,PD
4565,LINC01182,Excitatory Neurons (SubtypeA),52.7,-0.0794,0.249,-0.319,0.75,0.946,0.947,PD
4566,RP11-669M16.1,Excitatory Neurons (SubtypeA),20.3,0.0269,0.481,0.0558,0.956,0.99,0.991,PD
4567,LINC00504,Excitatory Neurons (SubtypeA),144,-0.545,0.188,-2.9,0.00369,0.0768,0.0855,PD
4568,CPEB2-AS1,Excitatory Neurons (SubtypeA),156,0.222,0.192,1.16,0.246,0.689,0.688,PD
4569,RP11-665G4.1,Excitatory Neurons (SubtypeA),492,-0.749,0.372,-2.01,0.0442,0.291,0.334,PD
4570,TAPT1-AS1,Excitatory Neurons (SubtypeA),670,-0.239,0.199,-1.2,0.231,0.673,0.676,PD
4571,RP11-446J8.1,Excitatory Neurons (SubtypeA),84.7,-1.07,0.277,-3.88,0.000105,0.00753,0.0106,PD
4572,RP11-608O21.1,Excitatory Neurons (SubtypeA),29.6,0.166,0.469,0.354,0.724,0.939,0.939,PD
4573,RP11-556G22.2,Excitatory Neurons (SubtypeA),9.03,0.448,0.814,0.55,0.582,NA,0.895,PD
4574,RP11-17E2.2,Excitatory Neurons (SubtypeA),30.6,-0.258,0.447,-0.578,0.563,0.9,0.887,PD
4575,RP11-380P13.1,Excitatory Neurons (SubtypeA),63.5,-2.2,1.07,-2.05,0.0401,0.287,0.324,PD
4576,RP11-619J20.1,Excitatory Neurons (SubtypeA),15.7,0.11,0.858,0.128,0.898,0.99,0.982,PD
4577,RP11-617I14.1,Excitatory Neurons (SubtypeA),18.9,0.194,0.339,0.573,0.567,0.901,0.888,PD
4578,RP11-431M7.2,Excitatory Neurons (SubtypeA),18.7,0.619,0.542,1.14,0.253,0.693,0.694,PD
4579,RP11-722M1.1,Excitatory Neurons (SubtypeA),14.8,1.13,0.756,1.5,0.135,0.526,0.539,PD
4580,UGDH-AS1,Excitatory Neurons (SubtypeA),100,0.196,0.192,1.02,0.307,0.749,0.74,PD
4581,RP11-539G18.3,Excitatory Neurons (SubtypeA),17.1,0.0469,0.398,0.118,0.906,0.99,0.983,PD
4582,RP11-121C2.3,Excitatory Neurons (SubtypeA),20.6,0.489,0.573,0.854,0.393,0.808,0.8,PD
4583,RP11-121C2.2,Excitatory Neurons (SubtypeA),29.2,0.264,0.31,0.852,0.394,0.808,0.8,PD
4584,RP11-231C18.1,Excitatory Neurons (SubtypeA),28.7,-1.05,0.545,-1.93,0.0535,0.32,0.362,PD
4585,RP11-707A18.1,Excitatory Neurons (SubtypeA),59.9,-0.293,0.586,-0.5,0.617,0.916,0.907,PD
4586,EPHA5-AS1,Excitatory Neurons (SubtypeA),182,-0.472,0.229,-2.06,0.0394,0.286,0.321,PD
4587,RP11-584P21.2,Excitatory Neurons (SubtypeA),443,0.197,0.189,1.04,0.296,0.737,0.732,PD
4588,UBA6-AS1,Excitatory Neurons (SubtypeA),1810,0.065,0.162,0.4,0.689,0.928,0.931,PD
4589,RP11-692D12.1,Excitatory Neurons (SubtypeA),247,-0.791,0.195,-4.05,5.17E-05,0.00447,0.00664,PD
4590,RP11-542G1.1,Excitatory Neurons (SubtypeA),17.5,-0.973,0.503,-1.93,0.0532,0.32,0.361,PD
4591,LINC01088,Excitatory Neurons (SubtypeA),105,-0.268,0.301,-0.89,0.373,0.801,0.791,PD
4592,RP11-127B20.2,Excitatory Neurons (SubtypeA),35,-0.175,0.452,-0.387,0.698,0.93,0.933,PD
4593,RP11-127B20.3,Excitatory Neurons (SubtypeA),24.4,0.33,0.419,0.788,0.43,0.833,0.824,PD
4594,RP11-576N17.5,Excitatory Neurons (SubtypeA),13.2,0.0784,0.364,0.216,0.829,NA,0.968,PD
4595,RP11-778J15.1,Excitatory Neurons (SubtypeA),65.2,0.351,0.454,0.774,0.439,0.839,0.827,PD
4596,RP11-10L7.1,Excitatory Neurons (SubtypeA),26.9,-0.192,0.343,-0.561,0.575,0.903,0.892,PD
4597,FAM13A-AS1,Excitatory Neurons (SubtypeA),97.6,0.0466,0.267,0.174,0.862,0.983,0.977,PD
4598,RP11-115D19.1,Excitatory Neurons (SubtypeA),22.3,-0.333,0.786,-0.424,0.671,0.924,0.925,PD
4599,RP11-710C12.1,Excitatory Neurons (SubtypeA),22.4,-0.363,0.381,-0.952,0.341,0.773,0.765,PD
4600,RP11-145G20.1,Excitatory Neurons (SubtypeA),15,-0.552,0.475,-1.16,0.245,0.688,0.687,PD
4601,RP11-323J4.1,Excitatory Neurons (SubtypeA),15.3,0.0314,0.343,0.0917,0.927,0.99,0.986,PD
4602,RP11-1299A16.3,Excitatory Neurons (SubtypeA),12.3,-0.328,0.391,-0.839,0.402,NA,0.806,PD
4603,RP11-571L19.7,Excitatory Neurons (SubtypeA),13.7,-0.228,0.453,-0.504,0.615,NA,0.907,PD
4604,RP11-696N14.1,Excitatory Neurons (SubtypeA),18.4,-0.0889,0.315,-0.282,0.778,0.952,0.954,PD
4605,RP11-15B17.1,Excitatory Neurons (SubtypeA),35.8,-0.0887,0.283,-0.314,0.754,0.946,0.948,PD
4606,FLJ20021,Excitatory Neurons (SubtypeA),18.6,-0.158,0.375,-0.421,0.674,0.924,0.925,PD
4607,RP11-498M5.2,Excitatory Neurons (SubtypeA),27.2,0.521,0.598,0.872,0.383,0.803,0.794,PD
4608,RP11-10L12.4,Excitatory Neurons (SubtypeA),54,0.785,0.304,2.58,0.0099,0.139,0.155,PD
4609,AC004053.1,Excitatory Neurons (SubtypeA),275,-0.327,0.214,-1.53,0.127,0.516,0.529,PD
4610,RP11-556I14.2,Excitatory Neurons (SubtypeA),24.9,-0.0522,0.437,-0.119,0.905,0.99,0.983,PD
4611,RP11-556I14.1,Excitatory Neurons (SubtypeA),17.4,0.901,0.539,1.67,0.0948,0.433,0.462,PD
4612,RP11-710F7.3,Excitatory Neurons (SubtypeA),28,0.313,0.275,1.14,0.255,0.694,0.696,PD
4613,RP11-286E11.1,Excitatory Neurons (SubtypeA),116,-0.227,0.229,-0.991,0.322,0.762,0.753,PD
4614,SEC24B-AS1,Excitatory Neurons (SubtypeA),91.2,-0.55,0.224,-2.46,0.0141,0.176,0.189,PD
4615,RP11-650J17.1,Excitatory Neurons (SubtypeA),68,0.248,0.613,0.405,0.685,0.928,0.929,PD
4616,LINC01378,Excitatory Neurons (SubtypeA),30.1,0.00803,0.405,0.0198,0.984,0.994,0.996,PD
4617,SNHG8,Excitatory Neurons (SubtypeA),24.6,-0.246,0.436,-0.564,0.573,0.903,0.892,PD
4618,RP11-384K6.8,Excitatory Neurons (SubtypeA),22.3,-0.261,0.441,-0.592,0.554,0.894,0.881,PD
4619,RP11-679C8.2,Excitatory Neurons (SubtypeA),264,-0.437,0.199,-2.19,0.0284,0.25,0.271,PD
4620,LINC01091,Excitatory Neurons (SubtypeA),40.2,-0.661,0.335,-1.97,0.0483,0.31,0.35,PD
4621,RP11-420A23.1,Excitatory Neurons (SubtypeA),119,0.259,0.221,1.17,0.241,0.682,0.683,PD
4622,RP11-745L13.2,Excitatory Neurons (SubtypeA),995,-0.201,0.284,-0.708,0.479,0.867,0.85,PD
4623,RP11-404I7.2,Excitatory Neurons (SubtypeA),76.9,-0.676,0.314,-2.15,0.0315,0.262,0.29,PD
4624,RP11-9G1.3,Excitatory Neurons (SubtypeA),204,0.0124,0.212,0.0587,0.953,0.99,0.991,PD
4625,RP11-775H9.2,Excitatory Neurons (SubtypeA),23.7,0.394,0.722,0.546,0.585,0.906,0.896,PD
4626,RP11-371F15.3,Excitatory Neurons (SubtypeA),48.3,0.243,0.433,0.561,0.575,0.903,0.892,PD
4627,RP11-83A24.2,Excitatory Neurons (SubtypeA),395,0.59,0.212,2.79,0.00526,0.0981,0.107,PD
4628,SCOC-AS1,Excitatory Neurons (SubtypeA),61.6,-0.243,0.286,-0.849,0.396,0.808,0.8,PD
4629,RP11-102N12.3,Excitatory Neurons (SubtypeA),15.9,0.799,0.373,2.14,0.0324,0.268,0.295,PD
4630,RP11-223C24.1,Excitatory Neurons (SubtypeA),54.7,0.483,0.567,0.851,0.395,0.808,0.8,PD
4631,RP11-284M14.1,Excitatory Neurons (SubtypeA),238,0.789,0.223,3.54,0.000407,0.0149,0.0217,PD
4632,HHIP-AS1,Excitatory Neurons (SubtypeA),71.3,0.0144,0.22,0.0655,0.948,0.99,0.991,PD
4633,RP11-24I21.1,Excitatory Neurons (SubtypeA),40.9,-0.59,0.348,-1.69,0.0904,0.427,0.457,PD
4634,RP11-290O12.2,Excitatory Neurons (SubtypeA),82.3,-0.0288,0.257,-0.112,0.911,0.99,0.984,PD
4635,RP11-10K16.1,Excitatory Neurons (SubtypeA),48.6,0.443,0.347,1.28,0.202,0.643,0.642,PD
4636,RP11-798M19.3,Excitatory Neurons (SubtypeA),13.3,0.395,0.389,1.02,0.31,NA,0.741,PD
4637,RP11-798M19.6,Excitatory Neurons (SubtypeA),31.2,0.274,0.288,0.95,0.342,0.773,0.767,PD
4638,RP11-148L24.1,Excitatory Neurons (SubtypeA),19.2,-0.0209,0.591,-0.0354,0.972,0.992,0.992,PD
4639,RP11-130F10.1,Excitatory Neurons (SubtypeA),78.1,0.16,0.266,0.6,0.548,0.892,0.879,PD
4640,LINC01099,Excitatory Neurons (SubtypeA),36.8,0.923,0.615,1.5,0.133,0.525,0.537,PD
4641,RP11-460H9.1,Excitatory Neurons (SubtypeA),12,-0.273,0.913,-0.298,0.765,NA,0.951,PD
4642,LINC00290,Excitatory Neurons (SubtypeA),51,0.0564,0.489,0.115,0.908,0.99,0.984,PD
4643,AC108142.1,Excitatory Neurons (SubtypeA),88.1,-0.185,0.398,-0.465,0.642,0.917,0.916,PD
4644,RP11-367N14.2,Excitatory Neurons (SubtypeA),85.8,0.175,0.194,0.901,0.368,0.797,0.787,PD
4645,RP11-326I11.4,Excitatory Neurons (SubtypeA),48.7,-0.629,0.377,-1.67,0.0949,0.433,0.462,PD
4646,RP11-714G18.1,Excitatory Neurons (SubtypeA),71.4,0.0394,0.191,0.206,0.837,0.976,0.97,PD
4647,LINC01060,Excitatory Neurons (SubtypeA),40.4,-0.58,1.04,-0.56,NA,NA,NA,PD
4648,AF146191.4,Excitatory Neurons (SubtypeA),260,0.562,0.154,3.65,0.000265,0.0112,0.0169,PD
4649,EXOC3-AS1,Excitatory Neurons (SubtypeA),32.5,-0.491,0.275,-1.78,0.0747,0.377,0.42,PD
4650,RP11-259O2.1,Excitatory Neurons (SubtypeA),28.8,-0.371,0.362,-1.03,0.305,0.749,0.739,PD
4651,FLJ33360,Excitatory Neurons (SubtypeA),20.9,-0.801,0.341,-2.35,0.0188,0.2,0.219,PD
4652,CTD-2044J15.1,Excitatory Neurons (SubtypeA),13,0.302,0.39,0.774,0.439,NA,0.827,PD
4653,RP11-332J15.1,Excitatory Neurons (SubtypeA),12.9,-0.243,0.447,-0.543,0.587,NA,0.897,PD
4654,RP11-122F24.1,Excitatory Neurons (SubtypeA),29,-0.564,0.4,-1.41,0.159,0.576,0.58,PD
4655,MIR4458HG,Excitatory Neurons (SubtypeA),33,0.0974,0.502,0.194,0.846,0.98,0.972,PD
4656,CTD-2143L24.1,Excitatory Neurons (SubtypeA),160,-0.515,0.377,-1.37,0.171,0.598,0.602,PD
4657,RP11-19O2.2,Excitatory Neurons (SubtypeA),10.7,-0.288,0.443,-0.65,0.516,NA,0.87,PD
4658,RP1-167G20.1,Excitatory Neurons (SubtypeA),41.6,0.156,0.498,0.313,0.754,0.946,0.948,PD
4659,AC091878.1,Excitatory Neurons (SubtypeA),642,0.376,0.186,2.02,0.0432,0.29,0.331,PD
4660,RP11-454P21.1,Excitatory Neurons (SubtypeA),592,-0.119,0.264,-0.449,0.654,0.917,0.919,PD
4661,RP11-420O16.1,Excitatory Neurons (SubtypeA),12.7,1.05,0.661,1.6,0.11,NA,0.493,PD
4662,RP11-774D14.1,Excitatory Neurons (SubtypeA),194,0.0683,0.332,0.206,0.837,0.976,0.97,PD
4663,RP11-804N13.1,Excitatory Neurons (SubtypeA),57.3,-0.829,0.225,-3.68,0.000233,0.0106,0.0155,PD
4664,C5orf17,Excitatory Neurons (SubtypeA),27.8,-0.533,0.525,-1.01,0.31,0.749,0.741,PD
4665,RP11-116O11.1,Excitatory Neurons (SubtypeA),29.9,0.233,0.61,0.382,0.703,0.934,0.933,PD
4666,RP11-152K4.2,Excitatory Neurons (SubtypeA),13.6,-0.322,0.529,-0.608,0.543,NA,0.877,PD
4667,CTD-2152M20.2,Excitatory Neurons (SubtypeA),38.4,0.225,0.266,0.847,0.397,0.809,0.802,PD
4668,CTD-2066L21.3,Excitatory Neurons (SubtypeA),19,-0.189,0.446,-0.425,0.671,0.924,0.925,PD
4669,CTD-2113L7.1,Excitatory Neurons (SubtypeA),12.8,0.02,0.481,0.0415,0.967,NA,0.991,PD
4670,GDNF-AS1,Excitatory Neurons (SubtypeA),32.2,-0.557,0.498,-1.12,0.263,0.702,0.702,PD
4671,LIFR-AS1,Excitatory Neurons (SubtypeA),56.3,-0.316,0.24,-1.32,0.188,0.626,0.624,PD
4672,NNT-AS1,Excitatory Neurons (SubtypeA),223,0.122,0.185,0.658,0.511,0.885,0.866,PD
4673,FGF10-AS1,Excitatory Neurons (SubtypeA),11.1,0.343,0.707,0.485,0.628,NA,0.913,PD
4674,RP11-53O19.1,Excitatory Neurons (SubtypeA),202,0.215,0.178,1.21,0.227,0.673,0.672,PD
4675,RP11-53O19.3,Excitatory Neurons (SubtypeA),40.5,0.358,0.325,1.1,0.272,0.709,0.71,PD
4676,CTD-2366F13.1,Excitatory Neurons (SubtypeA),18.1,0.822,0.385,2.14,0.0327,0.268,0.296,PD
4677,RP11-506H20.1,Excitatory Neurons (SubtypeA),33.9,0.28,0.362,0.771,0.441,0.84,0.828,PD
4678,CTD-2227I18.1,Excitatory Neurons (SubtypeA),24.3,-0.0937,0.455,-0.206,0.837,0.976,0.97,PD
4679,CTC-236F12.4,Excitatory Neurons (SubtypeA),36.7,0.912,0.303,3.01,0.00261,0.0626,0.0719,PD
4680,RP11-479O16.1,Excitatory Neurons (SubtypeA),13.5,0.109,0.692,0.157,0.875,NA,0.979,PD
4681,PART1,Excitatory Neurons (SubtypeA),13,1.06,0.61,1.73,0.0835,NA,0.444,PD
4682,CTC-436P18.1,Excitatory Neurons (SubtypeA),60.4,-0.189,0.219,-0.865,0.387,0.806,0.795,PD
4683,RP11-434D9.1,Excitatory Neurons (SubtypeA),47,-2.55,0.729,-3.49,0.000477,0.0164,0.024,PD
4684,RP11-83M16.6,Excitatory Neurons (SubtypeA),16.6,-0.0969,0.493,-0.197,0.844,0.979,0.972,PD
4685,CTC-340D7.1,Excitatory Neurons (SubtypeA),132,-0.0627,0.385,-0.163,0.871,0.988,0.977,PD
4686,RP11-141O11.2,Excitatory Neurons (SubtypeA),33,-0.345,0.364,-0.947,0.343,0.773,0.768,PD
4687,RP11-136K7.2,Excitatory Neurons (SubtypeA),55.6,-0.211,0.448,-0.471,0.638,0.917,0.914,PD
4688,CTD-2631K10.1,Excitatory Neurons (SubtypeA),16,0.903,0.442,2.04,0.0412,0.287,0.326,PD
4689,SCAMP1-AS1,Excitatory Neurons (SubtypeA),17.5,0.125,0.354,0.353,0.724,0.939,0.939,PD
4690,CTD-2015H6.3,Excitatory Neurons (SubtypeA),32.9,-0.24,0.283,-0.85,0.395,0.808,0.8,PD
4691,CKMT2-AS1,Excitatory Neurons (SubtypeA),339,0.0938,0.216,0.434,0.665,0.924,0.923,PD
4692,CTD-2269F5.1,Excitatory Neurons (SubtypeA),241,0.411,0.228,1.8,0.0712,0.372,0.411,PD
4693,TMEM161B-AS1,Excitatory Neurons (SubtypeA),1900,0.337,0.164,2.06,0.0394,0.286,0.321,PD
4694,CTC-498M16.2,Excitatory Neurons (SubtypeA),18.4,-0.185,0.408,-0.453,0.65,0.917,0.919,PD
4695,CTC-498M16.4,Excitatory Neurons (SubtypeA),44.9,-1.09,0.347,-3.14,0.00169,0.0464,0.0574,PD
4696,LINC00461,Excitatory Neurons (SubtypeA),556,-0.67,0.265,-2.53,0.0115,0.155,0.17,PD
4697,CTC-467M3.1,Excitatory Neurons (SubtypeA),56,-0.934,0.389,-2.4,0.0165,0.192,0.206,PD
4698,MEF2C-AS1,Excitatory Neurons (SubtypeA),515,-0.18,0.278,-0.648,0.517,0.886,0.87,PD
4699,LUCAT1,Excitatory Neurons (SubtypeA),17.1,-0.497,0.48,-1.04,0.3,0.744,0.734,PD
4700,ARRDC3-AS1,Excitatory Neurons (SubtypeA),33.2,-0.207,0.337,-0.614,0.539,0.889,0.877,PD
4701,RP11-348J24.2,Excitatory Neurons (SubtypeA),154,-0.253,0.454,-0.557,0.578,0.903,0.893,PD
4702,RP11-133F8.2,Excitatory Neurons (SubtypeA),38.4,0.27,0.399,0.677,0.498,0.884,0.861,PD
4703,NR2F1-AS1,Excitatory Neurons (SubtypeA),619,-0.39,0.357,-1.09,0.276,0.714,0.714,PD
4704,CTD-2337A12.1,Excitatory Neurons (SubtypeA),107,-0.78,0.259,-3.01,0.00259,0.0626,0.0719,PD
4705,CTD-2260A17.2,Excitatory Neurons (SubtypeA),321,0.313,0.199,1.57,0.116,0.484,0.505,PD
4706,CTD-2215E18.1,Excitatory Neurons (SubtypeA),203,-0.0992,0.265,-0.374,0.709,0.937,0.936,PD
4707,LINC01340,Excitatory Neurons (SubtypeA),33.8,-0.282,0.32,-0.878,0.38,0.801,0.793,PD
4708,CTD-2007H13.3,Excitatory Neurons (SubtypeA),349,-0.294,0.179,-1.64,0.101,0.447,0.475,PD
4709,CTD-2001C12.1,Excitatory Neurons (SubtypeA),36.6,0.684,0.342,2,0.0454,0.297,0.34,PD
4710,LINC00491,Excitatory Neurons (SubtypeA),17.9,1.18,0.504,2.35,0.0188,0.2,0.219,PD
4711,RP11-6N13.1,Excitatory Neurons (SubtypeA),15,-0.959,0.441,-2.17,0.0297,0.255,0.28,PD
4712,CTC-254B4.1,Excitatory Neurons (SubtypeA),19.8,-0.627,0.384,-1.63,0.103,0.448,0.479,PD
4713,STARD4-AS1,Excitatory Neurons (SubtypeA),81.5,-0.449,0.311,-1.44,0.149,0.556,0.563,PD
4714,EPB41L4A-AS1,Excitatory Neurons (SubtypeA),37.9,0.0732,0.358,0.204,0.838,0.976,0.97,PD
4715,CTD-2201G3.1,Excitatory Neurons (SubtypeA),15.9,0.68,0.404,1.68,0.0921,0.431,0.459,PD
4716,AC010226.4,Excitatory Neurons (SubtypeA),12,0.244,0.442,0.552,0.581,NA,0.894,PD
4717,SEMA6A-AS1,Excitatory Neurons (SubtypeA),47.8,0.163,0.279,0.584,0.559,0.898,0.885,PD
4718,CTC-472C24.1,Excitatory Neurons (SubtypeA),16.9,-0.0855,0.443,-0.193,0.847,0.981,0.972,PD
4719,CTD-3179P9.1,Excitatory Neurons (SubtypeA),12.8,-0.749,0.486,-1.54,0.123,NA,0.52,PD
4720,CTC-448D22.1,Excitatory Neurons (SubtypeA),23.6,0.987,0.369,2.68,0.00739,0.119,0.132,PD
4721,CTB-161M19.4,Excitatory Neurons (SubtypeA),46.6,0.0958,0.345,0.278,0.781,0.952,0.955,PD
4722,CTC-552D5.1,Excitatory Neurons (SubtypeA),197,-0.394,0.477,-0.826,0.409,0.81,0.809,PD
4723,CTD-2334D19.1,Excitatory Neurons (SubtypeA),32.6,0.148,0.33,0.449,0.653,0.917,0.919,PD
4724,LINC01170,Excitatory Neurons (SubtypeA),59.9,-0.719,0.399,-1.8,0.072,0.372,0.413,PD
4725,RP11-756H20.1,Excitatory Neurons (SubtypeA),41.3,-0.349,0.402,-0.867,0.386,0.804,0.794,PD
4726,RP11-434D11.4,Excitatory Neurons (SubtypeA),22.9,0.026,0.399,0.0652,0.948,0.99,0.991,PD
4727,CTC-228N24.2,Excitatory Neurons (SubtypeA),18.4,-1.14,0.39,-2.92,0.00352,0.0762,0.0832,PD
4728,LINC01184,Excitatory Neurons (SubtypeA),643,-0.209,0.166,-1.26,0.207,0.646,0.65,PD
4729,CTC-575N7.1,Excitatory Neurons (SubtypeA),239,-1.2,0.331,-3.63,0.000288,0.0113,0.0176,PD
4730,TH2LCRR,Excitatory Neurons (SubtypeA),26.6,0.137,0.432,0.318,0.751,0.946,0.947,PD
4731,AC004237.1,Excitatory Neurons (SubtypeA),38.5,0.0687,0.609,0.113,0.91,0.99,0.984,PD
4732,AC005355.1,Excitatory Neurons (SubtypeA),26.3,-1.1,0.388,-2.83,0.00459,0.0906,0.0981,PD
4733,C5orf66,Excitatory Neurons (SubtypeA),32,-0.615,0.38,-1.62,0.106,0.453,0.485,PD
4734,RP11-381K20.2,Excitatory Neurons (SubtypeA),209,-0.124,0.163,-0.759,0.448,0.842,0.83,PD
4735,CTB-35F21.1,Excitatory Neurons (SubtypeA),15.7,-0.762,0.396,-1.93,0.054,0.321,0.363,PD
4736,LINC01024,Excitatory Neurons (SubtypeA),33,0.429,0.326,1.31,0.189,0.626,0.624,PD
4737,CTC-329D1.3,Excitatory Neurons (SubtypeA),20.1,0.177,0.393,0.45,0.653,0.917,0.919,PD
4738,CTC-329D1.2,Excitatory Neurons (SubtypeA),58.3,0.16,0.28,0.573,0.567,0.901,0.888,PD
4739,AC005609.16,Excitatory Neurons (SubtypeA),40.7,0.29,0.274,1.06,0.29,0.733,0.727,PD
4740,CH17-140K24.2,Excitatory Neurons (SubtypeA),15.5,0.251,0.622,0.404,0.686,0.928,0.93,PD
4741,AC005592.2,Excitatory Neurons (SubtypeA),289,-0.883,0.225,-3.93,8.57E-05,0.00641,0.0092,PD
4742,ARHGAP26-AS1,Excitatory Neurons (SubtypeA),12.9,-0.255,0.662,-0.385,0.7,NA,0.933,PD
4743,CTC-806A22.1,Excitatory Neurons (SubtypeA),20.8,-0.68,0.472,-1.44,0.149,0.556,0.563,PD
4744,RP11-118M9.3,Excitatory Neurons (SubtypeA),21.7,0.108,0.466,0.231,0.817,0.967,0.965,PD
4745,JAKMIP2-AS1,Excitatory Neurons (SubtypeA),63,-0.0326,0.467,-0.0698,0.944,0.99,0.99,PD
4746,RP11-373N22.3,Excitatory Neurons (SubtypeA),299,0.557,0.194,2.87,0.00414,0.0831,0.0917,PD
4747,GRPEL2-AS1,Excitatory Neurons (SubtypeA),36.5,0.179,0.254,0.704,0.481,0.869,0.851,PD
4748,CTB-12O2.1,Excitatory Neurons (SubtypeA),238,0.678,0.25,2.71,0.00673,0.113,0.125,PD
4749,LINC01470,Excitatory Neurons (SubtypeA),143,-1.1,0.41,-2.69,0.00711,0.117,0.129,PD
4750,SAP30L-AS1,Excitatory Neurons (SubtypeA),20.8,0.191,0.307,0.622,0.534,0.888,0.874,PD
4751,AC008697.1,Excitatory Neurons (SubtypeA),156,0.708,0.258,2.74,0.00606,0.106,0.118,PD
4752,RP11-167P20.1,Excitatory Neurons (SubtypeA),137,-0.378,0.265,-1.43,0.154,0.568,0.571,PD
4753,CTC-340A15.2,Excitatory Neurons (SubtypeA),3410,0.656,0.289,2.27,0.0233,0.225,0.246,PD
4754,CTD-2313P7.1,Excitatory Neurons (SubtypeA),16.9,0.175,0.614,0.285,0.776,0.952,0.954,PD
4755,CTC-535M15.2,Excitatory Neurons (SubtypeA),1570,0.695,0.292,2.38,0.0171,0.192,0.21,PD
4756,RP11-67M9.1,Excitatory Neurons (SubtypeA),46.8,0.478,0.342,1.4,0.162,0.581,0.587,PD
4757,CTB-78F1.1,Excitatory Neurons (SubtypeA),15,-0.00741,0.761,-0.00974,0.992,0.996,0.998,PD
4758,CTB-178M22.1,Excitatory Neurons (SubtypeA),35.8,-0.248,0.668,-0.371,0.711,0.939,0.936,PD
4759,LINC01411,Excitatory Neurons (SubtypeA),33.5,0.24,0.389,0.617,0.537,0.888,0.876,PD
4760,CTD-2532K18.1,Excitatory Neurons (SubtypeA),21.8,-0.134,0.382,-0.352,0.725,0.939,0.939,PD
4761,RP11-1277A3.1,Excitatory Neurons (SubtypeA),13.1,0.37,0.456,0.81,0.418,NA,0.813,PD
4762,RP11-1252I4.2,Excitatory Neurons (SubtypeA),67.6,-0.453,0.378,-1.2,0.231,0.673,0.675,PD
4763,RP11-281O15.4,Excitatory Neurons (SubtypeA),51.9,0.0154,0.276,0.0558,0.956,0.99,0.991,PD
4764,RP11-1379J22.2,Excitatory Neurons (SubtypeA),21.6,0.118,0.401,0.294,0.768,0.948,0.952,PD
4765,RP11-1379J22.5,Excitatory Neurons (SubtypeA),11.9,-0.641,0.413,-1.55,0.121,NA,0.515,PD
4766,CTB-129O4.1,Excitatory Neurons (SubtypeA),33,-0.0521,0.29,-0.18,0.857,0.983,0.976,PD
4767,LINC00847,Excitatory Neurons (SubtypeA),12.7,-0.0168,0.404,-0.0416,0.967,NA,0.991,PD
4768,AC138035.2,Excitatory Neurons (SubtypeA),27,-0.493,0.357,-1.38,0.168,0.592,0.596,PD
4769,RP11-532F6.4,Excitatory Neurons (SubtypeA),55.5,-0.0157,0.277,-0.0568,0.955,0.99,0.991,PD
4770,RP11-532F6.5,Excitatory Neurons (SubtypeA),31,-0.167,0.367,-0.456,0.648,0.917,0.919,PD
4771,GMDS-AS1,Excitatory Neurons (SubtypeA),701,-0.253,0.191,-1.33,0.185,0.617,0.619,PD
4772,LINC01600,Excitatory Neurons (SubtypeA),14.4,0.189,0.454,0.416,0.677,0.926,0.926,PD
4773,LINC01011,Excitatory Neurons (SubtypeA),13.7,1.06,0.649,1.64,0.101,0.447,0.475,PD
4774,RP1-40E16.9,Excitatory Neurons (SubtypeA),18.5,0.0356,0.421,0.0847,0.933,0.99,0.987,PD
4775,RP11-428J1.4,Excitatory Neurons (SubtypeA),15.1,0.552,0.357,1.55,0.122,0.499,0.516,PD
4776,RP3-380B8.4,Excitatory Neurons (SubtypeA),16.4,-0.327,0.335,-0.975,0.329,0.768,0.758,PD
4777,RP11-69L16.4,Excitatory Neurons (SubtypeA),17.7,-0.285,0.586,-0.487,0.626,0.917,0.912,PD
4778,RP3-510L9.1,Excitatory Neurons (SubtypeA),114,0.0905,0.214,0.423,0.672,0.924,0.925,PD
4779,RP11-146I2.1,Excitatory Neurons (SubtypeA),49.2,2.33,0.629,3.7,0.000218,0.0105,0.0155,PD
4780,RP1-151F17.2,Excitatory Neurons (SubtypeA),24.9,0.276,0.283,0.978,0.328,0.768,0.757,PD
4781,RP11-686D16.1,Excitatory Neurons (SubtypeA),46.9,0.157,0.378,0.415,0.678,0.926,0.927,PD
4782,RP4-625H18.2,Excitatory Neurons (SubtypeA),473,0.363,0.288,1.26,0.208,0.646,0.65,PD
4783,RP11-204E9.1,Excitatory Neurons (SubtypeA),23.1,0.504,0.337,1.5,0.134,0.526,0.539,PD
4784,RP11-204E9.3,Excitatory Neurons (SubtypeA),28.3,-0.0924,0.263,-0.351,0.725,0.939,0.939,PD
4785,CASC15,Excitatory Neurons (SubtypeA),391,0.291,0.217,1.34,0.179,0.608,0.612,PD
4786,NBAT1,Excitatory Neurons (SubtypeA),25.8,0.752,0.352,2.14,0.0328,0.268,0.296,PD
4787,RP1-209A6.1,Excitatory Neurons (SubtypeA),39.5,-1.42,0.563,-2.52,0.0118,0.158,0.173,PD
4788,HCG11,Excitatory Neurons (SubtypeA),33.8,0.231,0.428,0.54,0.589,0.906,0.899,PD
4789,LINC00240,Excitatory Neurons (SubtypeA),50.9,0.0228,0.278,0.0823,0.934,0.99,0.987,PD
4790,LINC01012,Excitatory Neurons (SubtypeA),28,-0.0167,0.31,-0.054,0.957,0.991,0.991,PD
4791,RP1-313I6.12,Excitatory Neurons (SubtypeA),21.7,0.33,0.432,0.764,0.445,0.841,0.828,PD
4792,ZSCAN16-AS1,Excitatory Neurons (SubtypeA),92.5,-0.206,0.256,-0.806,0.42,0.819,0.815,PD
4793,HCG17,Excitatory Neurons (SubtypeA),598,0.215,0.17,1.27,0.205,0.644,0.646,PD
4794,XXbac-BPG299F13.17,Excitatory Neurons (SubtypeA),19.5,-0.126,0.426,-0.297,0.766,0.948,0.951,PD
4795,HCG27,Excitatory Neurons (SubtypeA),28.9,0.124,0.361,0.344,0.731,0.941,0.942,PD
4796,SAPCD1-AS1,Excitatory Neurons (SubtypeA),30,-0.26,0.419,-0.62,0.535,0.888,0.875,PD
4797,XXbac-BPG154L12.4,Excitatory Neurons (SubtypeA),598,0.481,0.248,1.94,0.0523,0.32,0.36,PD
4798,HCG24,Excitatory Neurons (SubtypeA),26.5,0.265,0.323,0.821,0.412,0.812,0.81,PD
4799,HCG25,Excitatory Neurons (SubtypeA),17.5,0.0463,0.339,0.137,0.891,0.99,0.98,PD
4800,DAXX,Excitatory Neurons (SubtypeA),25.2,-0.256,0.417,-0.613,0.54,0.889,0.877,PD
4801,PHF1,Excitatory Neurons (SubtypeA),179,-0.08,0.377,-0.212,0.832,0.976,0.968,PD
4802,XXbac-BPG294E21.9,Excitatory Neurons (SubtypeA),23.3,-0.0232,0.579,-0.0401,0.968,0.992,0.991,PD
4803,RP1-179N16.6,Excitatory Neurons (SubtypeA),66.1,0.529,0.253,2.09,0.0368,0.273,0.308,PD
4804,RP1-153P14.8,Excitatory Neurons (SubtypeA),28.2,-0.864,0.534,-1.62,0.106,0.453,0.485,PD
4805,RP3-475N16.1,Excitatory Neurons (SubtypeA),109,-0.169,0.301,-0.562,0.574,0.903,0.892,PD
4806,RP5-1120P11.1,Excitatory Neurons (SubtypeA),46.8,-0.418,0.383,-1.09,0.275,0.714,0.714,PD
4807,RP1-8B1.4,Excitatory Neurons (SubtypeA),51,0.0745,0.243,0.307,0.759,0.946,0.949,PD
4808,RP11-446F17.3,Excitatory Neurons (SubtypeA),13.5,0.904,0.506,1.79,0.0742,NA,0.418,PD
4809,RP11-472M19.2,Excitatory Neurons (SubtypeA),34.3,0.384,0.52,0.739,0.46,0.855,0.837,PD
4810,RP11-203B9.4,Excitatory Neurons (SubtypeA),29.3,0.0905,0.586,0.154,0.877,0.989,0.979,PD
4811,XXbac-BPGBPG55C20.1,Excitatory Neurons (SubtypeA),16.9,0.633,0.526,1.2,0.229,0.673,0.675,PD
4812,XXbac-BPGBPG55C20.2,Excitatory Neurons (SubtypeA),66.9,0.0114,0.302,0.0379,0.97,0.992,0.992,PD
4813,XXbac-BPG55C20.7,Excitatory Neurons (SubtypeA),453,0.873,0.297,2.94,0.00328,0.0729,0.0808,PD
4814,RP3-525N10.2,Excitatory Neurons (SubtypeA),215,-0.27,0.251,-1.08,0.281,0.722,0.718,PD
4815,RP3-331H24.5,Excitatory Neurons (SubtypeA),22.4,1.26,0.349,3.59,0.000325,0.0124,0.019,PD
4816,RP11-398K22.12,Excitatory Neurons (SubtypeA),247,-0.238,0.196,-1.21,0.225,0.673,0.671,PD
4817,RP11-554D15.1,Excitatory Neurons (SubtypeA),20.1,-0.596,0.566,-1.05,0.293,0.733,0.73,PD
4818,RP1-234P15.4,Excitatory Neurons (SubtypeA),26.5,0.241,0.272,0.884,0.377,0.801,0.792,PD
4819,RP11-35J1.1,Excitatory Neurons (SubtypeA),11.4,-0.257,0.509,-0.505,0.613,NA,0.907,PD
4820,RP11-250B2.3,Excitatory Neurons (SubtypeA),21.4,0.162,0.352,0.459,0.646,0.917,0.918,PD
4821,RP4-676J13.2,Excitatory Neurons (SubtypeA),37.3,0.405,0.271,1.49,0.135,0.527,0.54,PD
4822,UFL1-AS1,Excitatory Neurons (SubtypeA),55.7,-0.43,0.266,-1.62,0.105,0.453,0.485,PD
4823,RP11-436D23.1,Excitatory Neurons (SubtypeA),2660,0.609,0.281,2.17,0.0301,0.255,0.281,PD
4824,RP11-98I9.4,Excitatory Neurons (SubtypeA),32,0.0708,0.281,0.252,0.801,0.958,0.96,PD
4825,LIN28B-AS1,Excitatory Neurons (SubtypeA),45,0.578,0.266,2.17,0.0298,0.255,0.28,PD
4826,RP5-1112D6.4,Excitatory Neurons (SubtypeA),23,-0.065,0.427,-0.152,0.879,0.99,0.979,PD
4827,RP5-1112D6.7,Excitatory Neurons (SubtypeA),16.8,0.429,0.374,1.15,0.251,0.693,0.693,PD
4828,TRAF3IP2-AS1,Excitatory Neurons (SubtypeA),1280,0.17,0.167,1.02,0.309,0.749,0.741,PD
4829,C6orf3,Excitatory Neurons (SubtypeA),20.5,0.302,0.406,0.744,0.457,0.852,0.835,PD
4830,RP3-399L15.3,Excitatory Neurons (SubtypeA),225,0.134,0.205,0.655,0.513,0.886,0.868,PD
4831,RP11-351A11.1,Excitatory Neurons (SubtypeA),19.2,0.804,0.509,1.58,0.114,0.478,0.501,PD
4832,RNF217-AS1,Excitatory Neurons (SubtypeA),53.3,-0.709,0.311,-2.28,0.0224,0.221,0.239,PD
4833,RP11-527F13.1,Excitatory Neurons (SubtypeA),102,0.112,0.223,0.5,0.617,0.916,0.907,PD
4834,RP1-69D17.4,Excitatory Neurons (SubtypeA),122,-0.237,0.264,-0.896,0.37,0.799,0.789,PD
4835,RP11-69I8.3,Excitatory Neurons (SubtypeA),281,0.152,0.319,0.476,0.634,0.917,0.913,PD
4836,RP3-523C21.2,Excitatory Neurons (SubtypeA),22.1,-0.122,0.437,-0.279,0.781,0.952,0.955,PD
4837,LINC01013,Excitatory Neurons (SubtypeA),27.7,0.111,0.363,0.306,0.76,0.946,0.949,PD
4838,TARID,Excitatory Neurons (SubtypeA),85.7,-3.39,0.934,-3.63,0.000286,0.0113,0.0176,PD
4839,LINC00271,Excitatory Neurons (SubtypeA),131,-0.898,0.235,-3.82,0.000133,0.00812,0.0122,PD
4840,RP13-143G15.4,Excitatory Neurons (SubtypeA),56.8,0.381,0.502,0.759,0.448,0.842,0.83,PD
4841,RP3-406A7.7,Excitatory Neurons (SubtypeA),28.1,0.345,0.41,0.842,0.4,0.809,0.806,PD
4842,RP11-356I2.4,Excitatory Neurons (SubtypeA),25.5,0.0174,0.436,0.04,0.968,0.992,0.991,PD
4843,RP1-225E12.2,Excitatory Neurons (SubtypeA),30.8,-0.00238,0.365,-0.00653,0.995,0.996,0.998,PD
4844,LINC01277,Excitatory Neurons (SubtypeA),154,-0.5,0.229,-2.18,0.0292,0.254,0.277,PD
4845,RP1-45I4.3,Excitatory Neurons (SubtypeA),15.7,-0.379,0.368,-1.03,0.303,0.748,0.737,PD
4846,RP11-545I5.3,Excitatory Neurons (SubtypeA),177,-0.403,0.236,-1.71,0.0876,0.418,0.452,PD
4847,STXBP5-AS1,Excitatory Neurons (SubtypeA),1670,0.582,0.197,2.96,0.00311,0.0711,0.079,PD
4848,RP11-307P5.1,Excitatory Neurons (SubtypeA),907,-0.237,0.301,-0.789,0.43,0.833,0.824,PD
4849,RP11-631F7.1,Excitatory Neurons (SubtypeA),22.2,-0.0958,0.597,-0.16,0.873,0.989,0.978,PD
4850,RAET1E-AS1,Excitatory Neurons (SubtypeA),30.4,-0.613,0.273,-2.25,0.0245,0.232,0.253,PD
4851,RP1-292B18.4,Excitatory Neurons (SubtypeA),19.7,0.227,0.437,0.519,0.604,0.915,0.904,PD
4852,RP1-101K10.6,Excitatory Neurons (SubtypeA),28.2,-0.115,0.407,-0.282,0.778,0.952,0.954,PD
4853,RP11-306O13.1,Excitatory Neurons (SubtypeA),25.8,-0.587,0.312,-1.88,0.0597,0.337,0.378,PD
4854,RP11-477D19.2,Excitatory Neurons (SubtypeA),17.8,-0.819,0.369,-2.22,0.0264,0.243,0.261,PD
4855,C6orf99,Excitatory Neurons (SubtypeA),13.4,-0.52,0.545,-0.954,0.34,NA,0.765,PD
4856,RP1-111C20.4,Excitatory Neurons (SubtypeA),403,0.349,0.216,1.62,0.106,0.453,0.485,PD
4857,RP1-81D8.3,Excitatory Neurons (SubtypeA),13.7,0.11,0.546,0.201,0.841,0.976,0.97,PD
4858,RP3-428L16.1,Excitatory Neurons (SubtypeA),123,0.311,0.221,1.41,0.159,0.576,0.579,PD
4859,PACRG-AS3,Excitatory Neurons (SubtypeA),13.3,0.0955,0.499,0.192,0.848,NA,0.972,PD
4860,RP1-168L15.5,Excitatory Neurons (SubtypeA),17.9,0.349,0.395,0.884,0.377,0.801,0.792,PD
4861,RP1-167A14.2,Excitatory Neurons (SubtypeA),156,0.116,0.3,0.387,0.699,0.93,0.933,PD
4862,RP1-137D17.1,Excitatory Neurons (SubtypeA),20.7,-0.116,0.366,-0.316,0.752,0.946,0.947,PD
4863,RP1-266L20.4,Excitatory Neurons (SubtypeA),17.4,0.0277,0.39,0.0709,0.943,0.99,0.99,PD
4864,LINC00574,Excitatory Neurons (SubtypeA),17.4,0.319,0.394,0.808,0.419,0.818,0.814,PD
4865,PSMB1,Excitatory Neurons (SubtypeA),164,0.0858,0.215,0.398,0.69,0.928,0.931,PD
4866,AC091729.9,Excitatory Neurons (SubtypeA),13.2,-0.3,0.495,-0.605,0.545,NA,0.879,PD
4867,RP11-1246C19.1,Excitatory Neurons (SubtypeA),15.8,0.361,0.435,0.83,0.407,0.81,0.808,PD
4868,PSMG3-AS1,Excitatory Neurons (SubtypeA),43.3,-0.241,0.24,-1.01,0.314,0.756,0.746,PD
4869,AC073343.13,Excitatory Neurons (SubtypeA),92.5,-0.129,0.221,-0.583,0.56,0.899,0.885,PD
4870,RP5-1159O4.1,Excitatory Neurons (SubtypeA),26.7,0.0102,0.264,0.0385,0.969,0.992,0.992,PD
4871,RP4-668E10.4,Excitatory Neurons (SubtypeA),36,0.482,0.614,0.785,0.432,0.834,0.824,PD
4872,CTD-2060L22.1,Excitatory Neurons (SubtypeA),21.9,0.572,0.44,1.3,0.193,0.637,0.631,PD
4873,AC011288.2,Excitatory Neurons (SubtypeA),168,0.344,0.356,0.968,0.333,0.768,0.76,PD
4874,AC003075.4,Excitatory Neurons (SubtypeA),187,-0.869,0.387,-2.25,0.0247,0.232,0.254,PD
4875,AC007091.1,Excitatory Neurons (SubtypeA),288,-0.0361,0.62,-0.0582,0.954,0.99,0.991,PD
4876,AC004485.3,Excitatory Neurons (SubtypeA),13,-0.873,0.514,-1.7,0.0895,NA,0.455,PD
4877,AC003090.1,Excitatory Neurons (SubtypeA),28.2,0.176,0.332,0.53,0.596,0.911,0.901,PD
4878,AC004540.5,Excitatory Neurons (SubtypeA),162,-0.171,0.331,-0.516,0.606,0.916,0.904,PD
4879,JAZF1-AS1,Excitatory Neurons (SubtypeA),134,0.0271,0.163,0.166,0.868,0.987,0.977,PD
4880,CTB-113D17.1,Excitatory Neurons (SubtypeA),202,-0.271,0.285,-0.949,0.343,0.773,0.768,PD
4881,AC007255.8,Excitatory Neurons (SubtypeA),29.2,-0.229,0.513,-0.447,0.655,0.917,0.919,PD
4882,AC007285.6,Excitatory Neurons (SubtypeA),66.6,0.352,0.26,1.35,0.176,0.603,0.607,PD
4883,SEPT7-AS1,Excitatory Neurons (SubtypeA),31.9,0.26,0.274,0.948,0.343,0.773,0.768,PD
4884,ELMO1-AS1,Excitatory Neurons (SubtypeA),16.4,0.902,0.405,2.23,0.0257,0.238,0.257,PD
4885,AC011290.4,Excitatory Neurons (SubtypeA),21.1,0.724,0.388,1.87,0.0619,0.342,0.384,PD
4886,LINC00265,Excitatory Neurons (SubtypeA),65.6,-0.0915,0.26,-0.352,0.725,0.939,0.939,PD
4887,INHBA-AS1,Excitatory Neurons (SubtypeA),139,-0.853,0.234,-3.64,0.000274,0.0113,0.0171,PD
4888,AC005537.2,Excitatory Neurons (SubtypeA),231,0.452,0.324,1.4,0.162,0.581,0.586,PD
4889,AC004951.6,Excitatory Neurons (SubtypeA),32.7,-0.172,0.348,-0.494,0.622,0.917,0.91,PD
4890,SNHG15,Excitatory Neurons (SubtypeA),17,-0.091,0.425,-0.214,0.83,0.976,0.968,PD
4891,RP4-718N17.2,Excitatory Neurons (SubtypeA),16.6,-0.358,0.468,-0.765,0.444,0.841,0.828,PD
4892,RP11-340I6.8,Excitatory Neurons (SubtypeA),41.6,0.318,0.409,0.778,0.437,0.836,0.825,PD
4893,RP5-1132H15.1,Excitatory Neurons (SubtypeA),22,0.587,0.518,1.13,0.257,0.694,0.698,PD
4894,GS1-124K5.4,Excitatory Neurons (SubtypeA),25.7,-0.24,0.369,-0.652,0.514,0.886,0.869,PD
4895,RP11-166O4.6,Excitatory Neurons (SubtypeA),35.1,0.113,0.297,0.38,0.704,0.934,0.934,PD
4896,LINC01372,Excitatory Neurons (SubtypeA),18.4,0.335,0.495,0.678,0.498,0.884,0.861,PD
4897,AC004878.2,Excitatory Neurons (SubtypeA),25.8,0.53,0.566,0.937,0.349,0.779,0.772,PD
4898,APTR,Excitatory Neurons (SubtypeA),105,0.323,0.236,1.37,0.171,0.596,0.6,PD
4899,RP5-1093G23.1,Excitatory Neurons (SubtypeA),34.9,0.487,0.486,1,0.316,0.758,0.747,PD
4900,AC005009.2,Excitatory Neurons (SubtypeA),18.5,0.32,0.342,0.938,0.348,0.779,0.772,PD
4901,TP53TG1,Excitatory Neurons (SubtypeA),19.3,0.19,0.345,0.551,0.582,0.905,0.895,PD
4902,AC003991.3,Excitatory Neurons (SubtypeA),97.1,-0.00536,0.201,-0.0267,0.979,0.994,0.994,PD
4903,AC002383.2,Excitatory Neurons (SubtypeA),36.7,-0.516,0.349,-1.48,0.139,0.538,0.546,PD
4904,AC002064.5,Excitatory Neurons (SubtypeA),24.7,-0.329,0.29,-1.14,0.256,0.694,0.697,PD
4905,RP11-115N4.1,Excitatory Neurons (SubtypeA),20.9,-0.733,0.473,-1.55,0.122,0.499,0.515,PD
4906,RP11-142A5.1,Excitatory Neurons (SubtypeA),183,-0.905,0.273,-3.31,0.000933,0.029,0.0375,PD
4907,CYP51A1-AS1,Excitatory Neurons (SubtypeA),14.8,0.11,0.391,0.28,0.779,0.952,0.955,PD
4908,AC007566.10,Excitatory Neurons (SubtypeA),145,0.341,0.244,1.4,0.163,0.581,0.587,PD
4909,DLX6-AS1,Excitatory Neurons (SubtypeA),174,-8.26,0.745,-11.1,1.41E-28,2.32E-25,1.20E-24,PD
4910,RP4-604G5.1,Excitatory Neurons (SubtypeA),27.4,-0.236,0.356,-0.664,0.507,0.885,0.864,PD
4911,AC073842.19,Excitatory Neurons (SubtypeA),18.3,0.231,0.416,0.554,0.579,0.903,0.893,PD
4912,RP11-514P8.8,Excitatory Neurons (SubtypeA),46.4,-0.488,0.407,-1.2,0.231,0.673,0.675,PD
4913,LINC01004,Excitatory Neurons (SubtypeA),299,0.215,0.156,1.38,0.168,0.592,0.597,PD
4914,KMT2E-AS1,Excitatory Neurons (SubtypeA),15.9,-0.178,0.485,-0.368,0.713,0.939,0.936,PD
4915,CTB-152G17.6,Excitatory Neurons (SubtypeA),13.7,-0.161,0.425,-0.378,0.705,NA,0.934,PD
4916,AC004112.4,Excitatory Neurons (SubtypeA),14.9,-0.61,0.444,-1.38,0.169,0.594,0.599,PD
4917,AC002066.1,Excitatory Neurons (SubtypeA),50.5,0.581,0.554,1.05,0.295,0.736,0.731,PD
4918,ST7-AS2,Excitatory Neurons (SubtypeA),28.7,0.244,0.735,0.332,0.74,0.941,0.944,PD
4919,RP5-1101C3.1,Excitatory Neurons (SubtypeA),22.4,-0.756,0.685,-1.1,0.27,0.708,0.71,PD
4920,RP5-921G16.1,Excitatory Neurons (SubtypeA),1820,0.339,0.215,1.58,0.114,0.478,0.5,PD
4921,POT1-AS1,Excitatory Neurons (SubtypeA),397,0.0668,0.155,0.431,0.666,0.924,0.923,PD
4922,RP11-3B12.2,Excitatory Neurons (SubtypeA),369,0.103,0.206,0.499,0.618,0.916,0.908,PD
4923,RP11-212P7.2,Excitatory Neurons (SubtypeA),38.2,0.11,0.275,0.401,0.688,0.928,0.93,PD
4924,RP11-274B21.10,Excitatory Neurons (SubtypeA),19.7,0.0465,0.379,0.123,0.902,0.99,0.983,PD
4925,RP11-274B21.9,Excitatory Neurons (SubtypeA),25.9,0.284,0.324,0.876,0.381,0.802,0.794,PD
4926,RP11-448A19.1,Excitatory Neurons (SubtypeA),21.1,0.475,0.333,1.43,0.154,0.568,0.57,PD
4927,RP11-306G20.1,Excitatory Neurons (SubtypeA),13.7,-0.224,0.372,-0.602,0.547,0.892,0.879,PD
4928,RP11-2E11.9,Excitatory Neurons (SubtypeA),104,-0.464,0.342,-1.36,0.175,0.601,0.605,PD
4929,AC016831.7,Excitatory Neurons (SubtypeA),338,0.236,0.521,0.453,0.65,0.917,0.919,PD
4930,RP11-138A9.2,Excitatory Neurons (SubtypeA),81.4,0.358,0.621,0.576,0.565,0.901,0.887,PD
4931,AC009264.1,Excitatory Neurons (SubtypeA),50,0.871,0.357,2.44,0.0148,0.18,0.194,PD
4932,RP11-744I24.2,Excitatory Neurons (SubtypeA),24.8,-0.183,0.284,-0.644,0.52,0.886,0.87,PD
4933,RP5-894A10.2,Excitatory Neurons (SubtypeA),46.1,0.236,0.232,1.02,0.308,0.749,0.74,PD
4934,WEE2-AS1,Excitatory Neurons (SubtypeA),12.6,0.493,0.592,0.832,0.405,NA,0.808,PD
4935,AC073342.12,Excitatory Neurons (SubtypeA),13.2,0.0901,0.427,0.211,0.833,NA,0.968,PD
4936,EPHA1-AS1,Excitatory Neurons (SubtypeA),15,0.36,0.349,1.03,0.302,0.747,0.736,PD
4937,RP4-545C24.1,Excitatory Neurons (SubtypeA),18.7,0.309,0.468,0.66,0.509,0.885,0.865,PD
4938,ATP6V0E2-AS1,Excitatory Neurons (SubtypeA),29.9,-0.0072,0.277,-0.026,0.979,0.994,0.994,PD
4939,RP4-548D19.3,Excitatory Neurons (SubtypeA),24.9,-0.172,0.383,-0.449,0.654,0.917,0.919,PD
4940,PRKAG2-AS1,Excitatory Neurons (SubtypeA),47.5,-0.582,0.336,-1.73,0.0832,0.402,0.443,PD
4941,LINC01003,Excitatory Neurons (SubtypeA),18.9,-0.505,0.396,-1.28,0.202,0.643,0.643,PD
4942,PAXIP1-AS1,Excitatory Neurons (SubtypeA),43.7,0.0967,0.272,0.356,0.722,0.939,0.939,PD
4943,HTR5A-AS1,Excitatory Neurons (SubtypeA),13.3,0.686,0.454,1.51,0.131,NA,0.532,PD
4944,AC008060.7,Excitatory Neurons (SubtypeA),18.3,3.35,0.803,4.17,3.06E-05,0.00341,0.00489,PD
4945,AC009403.2,Excitatory Neurons (SubtypeA),85.3,0.146,0.237,0.616,0.538,0.889,0.877,PD
4946,LINC01006,Excitatory Neurons (SubtypeA),100,-0.798,0.244,-3.27,0.00109,0.0321,0.0416,PD
4947,LINC00685,Excitatory Neurons (SubtypeA),86.5,-0.367,0.503,-0.729,0.466,0.86,0.841,PD
4948,RP13-465B17.4,Excitatory Neurons (SubtypeA),12.6,-0.119,0.531,-0.224,0.823,NA,0.967,PD
4949,LINC00106,Excitatory Neurons (SubtypeA),38.2,-0.0991,0.39,-0.254,0.799,0.957,0.96,PD
4950,ASMTL-AS1,Excitatory Neurons (SubtypeA),25.8,-0.197,0.439,-0.447,0.655,0.917,0.919,PD
4951,RP11-706O15.1,Excitatory Neurons (SubtypeA),31.6,0.154,0.328,0.47,0.639,0.917,0.914,PD
4952,RP11-1M18.1,Excitatory Neurons (SubtypeA),27.4,-0.0245,0.383,-0.0641,0.949,0.99,0.991,PD
4953,RP11-120D5.1,Excitatory Neurons (SubtypeA),82.5,0.384,0.357,1.08,0.281,0.722,0.718,PD
4954,PTCHD1-AS,Excitatory Neurons (SubtypeA),908,0.154,0.219,0.701,0.484,0.869,0.851,PD
4955,RP11-305F18.1,Excitatory Neurons (SubtypeA),36.2,-1.46,0.529,-2.76,0.00574,0.102,0.113,PD
4956,RP11-87M18.2,Excitatory Neurons (SubtypeA),10.9,0.82,0.398,2.06,0.0394,NA,0.321,PD
4957,RP1-154K9.2,Excitatory Neurons (SubtypeA),16.6,0.702,0.384,1.83,0.0671,0.357,0.401,PD
4958,MIR222HG,Excitatory Neurons (SubtypeA),101,-3.17,0.664,-4.78,1.77E-06,0.00047,0.000901,PD
4959,AF196970.3,Excitatory Neurons (SubtypeA),55.6,0.0275,0.251,0.109,0.913,0.99,0.984,PD
4960,LINC01284,Excitatory Neurons (SubtypeA),245,0.4,0.184,2.18,0.0295,0.255,0.279,PD
4961,RP11-348F1.3,Excitatory Neurons (SubtypeA),20.3,-0.168,0.344,-0.488,0.626,0.917,0.912,PD
4962,RP11-348F1.2,Excitatory Neurons (SubtypeA),166,0.137,0.16,0.855,0.393,0.808,0.799,PD
4963,KANTR,Excitatory Neurons (SubtypeA),632,0.187,0.169,1.1,0.269,0.708,0.709,PD
4964,RP13-188A5.1,Excitatory Neurons (SubtypeA),53,-0.562,0.338,-1.67,0.0957,0.434,0.464,PD
4965,JPX,Excitatory Neurons (SubtypeA),514,-0.139,0.216,-0.642,0.521,0.887,0.87,PD
4966,FTX,Excitatory Neurons (SubtypeA),8810,0.0315,0.146,0.216,0.829,0.976,0.968,PD
4967,MIR325HG,Excitatory Neurons (SubtypeA),1690,-0.162,0.279,-0.58,0.562,0.899,0.887,PD
4968,DIAPH2-AS1,Excitatory Neurons (SubtypeA),30.9,-0.771,0.396,-1.94,0.0518,0.32,0.359,PD
4969,LINC00630,Excitatory Neurons (SubtypeA),280,-0.0177,0.2,-0.0886,0.929,0.99,0.986,PD
4970,LL0XNC01-237H1.2,Excitatory Neurons (SubtypeA),77,0.105,0.227,0.463,0.643,0.917,0.917,PD
4971,RP6-191P20.4,Excitatory Neurons (SubtypeA),45,0.278,0.227,1.23,0.219,0.669,0.666,PD
4972,XACT,Excitatory Neurons (SubtypeA),297,-0.56,0.242,-2.31,0.0208,0.209,0.23,PD
4973,DANT2,Excitatory Neurons (SubtypeA),2180,-0.112,0.111,-1,0.315,0.758,0.747,PD
4974,LINC01285,Excitatory Neurons (SubtypeA),76.5,-0.192,0.272,-0.704,0.481,0.869,0.851,PD
4975,RHOXF1-AS1,Excitatory Neurons (SubtypeA),237,0.414,0.171,2.42,0.0156,0.187,0.201,PD
4976,RP13-192B19.2,Excitatory Neurons (SubtypeA),13.6,-0.252,0.395,-0.639,0.523,NA,0.872,PD
4977,RP1-30E17.2,Excitatory Neurons (SubtypeA),89.4,0.0951,0.374,0.254,0.799,0.957,0.96,PD
4978,RP4-537K23.4,Excitatory Neurons (SubtypeA),17.4,-0.238,0.536,-0.445,0.657,0.918,0.92,PD
4979,FIRRE,Excitatory Neurons (SubtypeA),13.4,-0.804,0.728,-1.1,0.269,NA,0.709,PD
4980,RAP2C-AS1,Excitatory Neurons (SubtypeA),110,-0.308,0.232,-1.33,0.185,0.617,0.619,PD
4981,RP11-1114A5.4,Excitatory Neurons (SubtypeA),115,-0.354,0.191,-1.86,0.0631,0.344,0.389,PD
4982,RP11-158M9.1,Excitatory Neurons (SubtypeA),35.3,-0.163,0.488,-0.334,0.739,0.941,0.944,PD
4983,LINC00632,Excitatory Neurons (SubtypeA),2090,0.0354,0.138,0.256,0.798,0.957,0.96,PD
4984,CDR1-AS,Excitatory Neurons (SubtypeA),248,0.566,0.474,1.19,0.233,0.674,0.677,PD
4985,SPANXA2-OT1,Excitatory Neurons (SubtypeA),134,-0.691,0.194,-3.57,0.000359,0.0134,0.0201,PD
4986,LINC00893,Excitatory Neurons (SubtypeA),14.6,-0.221,0.376,-0.589,0.556,0.895,0.882,PD
4987,LINC00894,Excitatory Neurons (SubtypeA),727,-0.0509,0.248,-0.205,0.838,0.976,0.97,PD
4988,U52111.14,Excitatory Neurons (SubtypeA),13.4,0.824,0.518,1.59,0.111,NA,0.495,PD
4989,TMLHE-AS1,Excitatory Neurons (SubtypeA),62.5,0.221,0.412,0.538,0.591,0.906,0.899,PD
4990,RP11-63E5.6,Excitatory Neurons (SubtypeA),18,-0.685,0.363,-1.89,0.0593,0.337,0.377,PD
4991,CTD-2336O2.1,Excitatory Neurons (SubtypeA),12.2,-0.808,0.393,-2.06,0.0397,NA,0.322,PD
4992,RP11-134O21.1,Excitatory Neurons (SubtypeA),42.2,0.647,0.361,1.79,0.0733,0.372,0.415,PD
4993,GS1-57L11.1,Excitatory Neurons (SubtypeA),48.3,0.654,0.347,1.89,0.0593,0.337,0.377,PD
4994,RP11-124B13.1,Excitatory Neurons (SubtypeA),68.4,-0.34,0.282,-1.21,0.228,0.673,0.673,PD
4995,MCPH1-AS1,Excitatory Neurons (SubtypeA),192,-0.149,0.169,-0.881,0.378,0.801,0.792,PD
4996,FAM66B,Excitatory Neurons (SubtypeA),87.2,-0.0432,0.26,-0.166,0.868,0.987,0.977,PD
4997,FAM85B,Excitatory Neurons (SubtypeA),740,0.0269,0.285,0.0945,0.925,0.99,0.986,PD
4998,LINC00599,Excitatory Neurons (SubtypeA),467,0.0735,0.303,0.242,0.808,0.962,0.963,PD
4999,RP11-1E4.1,Excitatory Neurons (SubtypeA),16.9,-0.114,0.417,-0.274,0.784,0.952,0.956,PD
5000,LINCR-0001,Excitatory Neurons (SubtypeA),49.2,-0.763,0.322,-2.37,0.0179,0.197,0.215,PD
5001,RP11-981G7.6,Excitatory Neurons (SubtypeA),21.1,-0.959,0.481,-1.99,0.0462,0.3,0.343,PD
5002,FAM66D,Excitatory Neurons (SubtypeA),708,-0.158,0.253,-0.624,0.533,0.888,0.874,PD
5003,AC145124.2,Excitatory Neurons (SubtypeA),33.8,-0.0112,0.416,-0.0269,0.979,0.994,0.994,PD
5004,FAM66A,Excitatory Neurons (SubtypeA),112,0.654,0.444,1.47,0.141,0.538,0.547,PD
5005,RP11-468H14.2,Excitatory Neurons (SubtypeA),17.1,0.051,0.368,0.139,0.89,0.99,0.98,PD
5006,CTD-2547L16.1,Excitatory Neurons (SubtypeA),15.6,0.0939,0.419,0.224,0.823,0.971,0.967,PD
5007,RP11-108E14.1,Excitatory Neurons (SubtypeA),19,-1.38,0.497,-2.78,0.00552,0.0987,0.11,PD
5008,RP11-624C23.1,Excitatory Neurons (SubtypeA),1300,0.73,0.291,2.51,0.0122,0.16,0.175,PD
5009,GS1-72M22.1,Excitatory Neurons (SubtypeA),50.3,0.52,0.257,2.03,0.0427,0.29,0.33,PD
5010,CTD-2168K21.2,Excitatory Neurons (SubtypeA),14.4,-0.409,0.475,-0.86,0.39,0.808,0.797,PD
5011,RP11-51J9.5,Excitatory Neurons (SubtypeA),19.6,0.229,0.427,0.536,0.592,0.906,0.899,PD
5012,RP11-11N9.4,Excitatory Neurons (SubtypeA),45.8,-0.428,0.373,-1.15,0.252,0.693,0.694,PD
5013,RP11-317N12.1,Excitatory Neurons (SubtypeA),286,-0.301,0.244,-1.23,0.218,0.669,0.666,PD
5014,RP1-84O15.2,Excitatory Neurons (SubtypeA),47.5,-0.341,0.348,-0.98,0.327,0.768,0.757,PD
5015,RP11-675F6.3,Excitatory Neurons (SubtypeA),34.8,-0.113,0.332,-0.339,0.735,0.941,0.943,PD
5016,RP11-360L9.4,Excitatory Neurons (SubtypeA),29.3,-0.328,0.277,-1.19,0.236,0.679,0.679,PD
5017,RP11-1134I14.8,Excitatory Neurons (SubtypeA),14.7,0.352,0.414,0.85,0.395,0.808,0.8,PD
5018,RP11-110G21.1,Excitatory Neurons (SubtypeA),57,-0.178,0.338,-0.527,0.598,0.912,0.902,PD
5019,RP11-546K22.1,Excitatory Neurons (SubtypeA),11.2,-0.456,0.461,-0.989,0.323,NA,0.753,PD
5020,RP11-17A4.2,Excitatory Neurons (SubtypeA),15.1,0.574,0.472,1.22,0.224,0.673,0.67,PD
5021,LINC01301,Excitatory Neurons (SubtypeA),85.7,-0.418,0.218,-1.92,0.055,0.324,0.367,PD
5022,RP11-32K4.1,Excitatory Neurons (SubtypeA),1150,0.63,0.299,2.11,0.035,0.271,0.305,PD
5023,RP11-579E24.2,Excitatory Neurons (SubtypeA),43.6,0.43,0.377,1.14,0.254,0.693,0.695,PD
5024,MIR124-2HG,Excitatory Neurons (SubtypeA),443,0.56,0.21,2.66,0.00774,0.12,0.134,PD
5025,C8orf34-AS1,Excitatory Neurons (SubtypeA),35.8,-0.465,0.31,-1.5,0.133,0.525,0.537,PD
5026,RP11-159H10.3,Excitatory Neurons (SubtypeA),17.8,-0.612,0.473,-1.29,0.195,0.64,0.636,PD
5027,RP11-326E22.1,Excitatory Neurons (SubtypeA),31.2,0.458,0.472,0.97,0.332,0.768,0.76,PD
5028,MSC-AS1,Excitatory Neurons (SubtypeA),42.1,-1.59,1.25,-1.27,0.203,0.644,0.644,PD
5029,RP11-531A24.3,Excitatory Neurons (SubtypeA),42.3,0.255,0.347,0.736,0.462,0.857,0.839,PD
5030,RP11-531A24.5,Excitatory Neurons (SubtypeA),82.4,0.432,0.2,2.15,0.0312,0.261,0.288,PD
5031,RP11-463D19.1,Excitatory Neurons (SubtypeA),70.1,-0.049,0.55,-0.0891,0.929,0.99,0.986,PD
5032,MIR2052HG,Excitatory Neurons (SubtypeA),566,-0.04,0.219,-0.183,0.855,0.983,0.975,PD
5033,ZFHX4-AS1,Excitatory Neurons (SubtypeA),203,0.87,0.272,3.2,0.00138,0.0385,0.05,PD
5034,LINC01607,Excitatory Neurons (SubtypeA),20.4,-0.259,0.426,-0.609,0.543,0.89,0.877,PD
5035,RP11-26J3.1,Excitatory Neurons (SubtypeA),17.9,-0.0431,0.421,-0.102,0.919,0.99,0.985,PD
5036,RP11-941H19.3,Excitatory Neurons (SubtypeA),17.3,-0.162,0.458,-0.354,0.724,0.939,0.939,PD
5037,RP11-586K2.1,Excitatory Neurons (SubtypeA),624,0.186,0.186,0.995,0.32,0.76,0.751,PD
5038,RP11-37B2.1,Excitatory Neurons (SubtypeA),488,0.206,0.167,1.24,0.216,0.663,0.662,PD
5039,LINC00534,Excitatory Neurons (SubtypeA),107,-0.0276,0.299,-0.0925,0.926,0.99,0.986,PD
5040,AB015752.3,Excitatory Neurons (SubtypeA),34.7,0.269,0.288,0.935,0.35,0.779,0.773,PD
5041,OTUD6B-AS1,Excitatory Neurons (SubtypeA),161,0.624,0.247,2.53,0.0114,0.155,0.17,PD
5042,CTD-3239E11.2,Excitatory Neurons (SubtypeA),17.9,-0.663,0.687,-0.966,0.334,0.768,0.761,PD
5043,LINC00535,Excitatory Neurons (SubtypeA),335,-0.177,0.155,-1.14,0.253,0.693,0.695,PD
5044,RP11-267M23.4,Excitatory Neurons (SubtypeA),32,0.421,0.35,1.2,0.229,0.673,0.675,PD
5045,C8orf37-AS1,Excitatory Neurons (SubtypeA),71.1,-0.608,0.365,-1.67,0.0954,0.433,0.463,PD
5046,RP11-410L14.2,Excitatory Neurons (SubtypeA),112,0.207,0.176,1.18,0.24,0.682,0.682,PD
5047,KB-1460A1.5,Excitatory Neurons (SubtypeA),82,0.674,0.313,2.15,0.0312,0.261,0.288,PD
5048,UBR5-AS1,Excitatory Neurons (SubtypeA),23.4,-0.0334,0.301,-0.111,0.912,0.99,0.984,PD
5049,AZIN1-AS1,Excitatory Neurons (SubtypeA),199,-0.358,0.202,-1.77,0.0763,0.38,0.424,PD
5050,KB-1507C5.4,Excitatory Neurons (SubtypeA),33.4,-0.948,0.247,-3.84,0.000124,0.00812,0.0117,PD
5051,BAALC-AS1,Excitatory Neurons (SubtypeA),40.6,0.353,0.284,1.24,0.214,0.66,0.659,PD
5052,RP11-1C8.7,Excitatory Neurons (SubtypeA),12.9,-0.117,0.51,-0.229,0.819,NA,0.965,PD
5053,RP11-1C8.4,Excitatory Neurons (SubtypeA),58.7,0.167,0.258,0.647,0.518,0.886,0.87,PD
5054,RP11-395G23.3,Excitatory Neurons (SubtypeA),36,0.0485,0.295,0.164,0.87,0.988,0.977,PD
5055,RP11-649G15.2,Excitatory Neurons (SubtypeA),74.7,0.0488,0.55,0.0887,0.929,0.99,0.986,PD
5056,RP11-1084E5.1,Excitatory Neurons (SubtypeA),19,0.647,0.457,1.42,0.157,0.572,0.575,PD
5057,LINC01609,Excitatory Neurons (SubtypeA),25.1,-0.198,0.463,-0.428,0.669,0.924,0.924,PD
5058,AC023590.1,Excitatory Neurons (SubtypeA),40.4,0.216,0.651,0.331,0.74,0.941,0.944,PD
5059,SAMD12-AS1,Excitatory Neurons (SubtypeA),86.5,-0.376,0.259,-1.45,0.146,0.552,0.559,PD
5060,RP11-760H22.2,Excitatory Neurons (SubtypeA),29.3,-0.345,0.373,-0.926,0.354,0.784,0.776,PD
5061,FER1L6-AS2,Excitatory Neurons (SubtypeA),22.6,-0.826,0.611,-1.35,0.177,0.603,0.608,PD
5062,RP11-37N22.1,Excitatory Neurons (SubtypeA),26.5,-0.322,0.381,-0.845,0.398,0.809,0.804,PD
5063,RNF139-AS1,Excitatory Neurons (SubtypeA),53.6,-0.314,0.265,-1.18,0.236,0.679,0.679,PD
5064,LINC00964,Excitatory Neurons (SubtypeA),16.5,-0.868,0.425,-2.04,0.0413,0.287,0.326,PD
5065,PCAT1,Excitatory Neurons (SubtypeA),106,-0.0462,0.294,-0.157,0.875,0.989,0.979,PD
5066,PVT1,Excitatory Neurons (SubtypeA),148,-0.0376,0.269,-0.14,0.889,0.99,0.98,PD
5067,CCDC26,Excitatory Neurons (SubtypeA),41.1,-0.769,0.35,-2.2,0.0281,0.249,0.27,PD
5068,RP11-30J20.1,Excitatory Neurons (SubtypeA),86.1,0.899,0.533,1.69,0.0918,0.43,0.459,PD
5069,RP11-238K6.1,Excitatory Neurons (SubtypeA),61.5,-0.844,0.316,-2.67,0.00758,0.119,0.133,PD
5070,CTA-204B4.2,Excitatory Neurons (SubtypeA),21.4,-0.038,0.483,-0.0786,0.937,0.99,0.988,PD
5071,CTD-2292P10.4,Excitatory Neurons (SubtypeA),22.6,-0.845,0.417,-2.03,0.0428,0.29,0.33,PD
5072,RP11-273G15.2,Excitatory Neurons (SubtypeA),142,0.267,0.233,1.14,0.252,0.693,0.694,PD
5073,CTD-2517M22.17,Excitatory Neurons (SubtypeA),22.7,0.0996,0.432,0.23,0.818,0.967,0.965,PD
5074,VLDLR-AS1,Excitatory Neurons (SubtypeA),461,-0.168,0.268,-0.627,0.531,0.888,0.873,PD
5075,RFX3-AS1,Excitatory Neurons (SubtypeA),223,-0.611,0.329,-1.86,0.0629,0.344,0.389,PD
5076,RP11-307L3.4,Excitatory Neurons (SubtypeA),13.1,0.231,0.566,0.409,0.683,NA,0.929,PD
5077,RP11-75C9.2,Excitatory Neurons (SubtypeA),26.7,0.95,0.627,1.51,0.13,0.518,0.532,PD
5078,LURAP1L-AS1,Excitatory Neurons (SubtypeA),46.3,-0.487,0.381,-1.28,0.202,0.643,0.642,PD
5079,RP11-408A13.4,Excitatory Neurons (SubtypeA),15.6,-0.091,0.576,-0.158,0.874,0.989,0.979,PD
5080,LINC01239,Excitatory Neurons (SubtypeA),27.3,-2.29,0.609,-3.76,0.000171,0.00936,0.0138,PD
5081,CYP4F26P,Excitatory Neurons (SubtypeA),49.2,0.601,0.333,1.8,0.0715,0.372,0.412,PD
5082,PTENP1-AS,Excitatory Neurons (SubtypeA),23.3,0.299,0.293,1.02,0.308,0.749,0.741,PD
5083,RP11-195F19.9,Excitatory Neurons (SubtypeA),12.6,-1.16,0.378,-3.07,0.00215,NA,0.0647,PD
5084,RP11-112J3.16,Excitatory Neurons (SubtypeA),105,-0.0543,0.201,-0.271,0.787,0.954,0.957,PD
5085,EBLN3P,Excitatory Neurons (SubtypeA),121,-0.133,0.297,-0.447,0.655,0.917,0.919,PD
5086,FAM201A,Excitatory Neurons (SubtypeA),19.9,0.205,0.403,0.508,0.611,0.916,0.907,PD
5087,GLIDR,Excitatory Neurons (SubtypeA),242,-0.124,0.198,-0.629,0.529,0.888,0.873,PD
5088,FAM95B1,Excitatory Neurons (SubtypeA),118,0.544,0.237,2.3,0.0213,0.213,0.233,PD
5089,BMS1P14,Excitatory Neurons (SubtypeA),165,-0.397,0.359,-1.11,0.268,0.708,0.709,PD
5090,RP11-318K12.2,Excitatory Neurons (SubtypeA),52.4,-0.124,0.339,-0.365,0.715,0.939,0.937,PD
5091,RP11-286O1.1,Excitatory Neurons (SubtypeA),19.3,-0.538,0.33,-1.63,0.102,0.448,0.478,PD
5092,RP11-459O16.8,Excitatory Neurons (SubtypeA),35.8,0.337,0.295,1.15,0.252,0.693,0.694,PD
5093,RP11-374M1.4,Excitatory Neurons (SubtypeA),51.9,-0.041,0.324,-0.127,0.899,0.99,0.982,PD
5094,RP11-449H15.2,Excitatory Neurons (SubtypeA),13.3,-1.36,0.685,-1.98,0.0473,NA,0.347,PD
5095,LINC01410,Excitatory Neurons (SubtypeA),13.4,0.865,0.389,2.22,0.0262,NA,0.26,PD
5096,RP11-262H14.3,Excitatory Neurons (SubtypeA),65.5,-0.233,0.295,-0.79,0.429,0.833,0.823,PD
5097,RP11-262H14.4,Excitatory Neurons (SubtypeA),11.9,0.693,0.51,1.36,0.174,NA,0.605,PD
5098,RP11-15E1.5,Excitatory Neurons (SubtypeA),159,0.0227,0.321,0.0708,0.944,0.99,0.99,PD
5099,RP11-88I18.2,Excitatory Neurons (SubtypeA),81.7,-0.135,0.261,-0.517,0.605,0.916,0.904,PD
5100,MAMDC2-AS1,Excitatory Neurons (SubtypeA),153,0.0541,0.21,0.257,0.797,0.957,0.96,PD
5101,SMC5-AS1,Excitatory Neurons (SubtypeA),116,0.272,0.192,1.42,0.156,0.572,0.575,PD
5102,RORB-AS1,Excitatory Neurons (SubtypeA),13.6,-0.137,0.626,-0.219,0.827,NA,0.968,PD
5103,C9orf41-AS1,Excitatory Neurons (SubtypeA),29.4,0.0912,0.279,0.327,0.744,0.941,0.944,PD
5104,PCA3,Excitatory Neurons (SubtypeA),40.2,-0.445,0.373,-1.19,0.233,0.674,0.677,PD
5105,RP11-154D17.1,Excitatory Neurons (SubtypeA),61.9,-0.534,0.456,-1.17,0.241,0.682,0.683,PD
5106,RP11-575L7.4,Excitatory Neurons (SubtypeA),21.5,0.804,0.337,2.39,0.0169,0.192,0.208,PD
5107,RP11-213G2.2,Excitatory Neurons (SubtypeA),24.1,0.588,0.356,1.65,0.0989,0.442,0.471,PD
5108,GAS1RR,Excitatory Neurons (SubtypeA),51,0.648,0.289,2.24,0.0249,0.232,0.254,PD
5109,LINC00484,Excitatory Neurons (SubtypeA),12,0.156,0.532,0.293,0.769,NA,0.952,PD
5110,RP11-305L7.3,Excitatory Neurons (SubtypeA),103,1.01,0.274,3.69,0.000223,0.0105,0.0155,PD
5111,RP11-2B6.3,Excitatory Neurons (SubtypeA),93.8,0.0985,0.178,0.555,0.579,0.903,0.893,PD
5112,RP11-307E17.8,Excitatory Neurons (SubtypeA),16.5,0.2,0.37,0.54,0.589,0.906,0.898,PD
5113,LINC00476,Excitatory Neurons (SubtypeA),376,0.13,0.156,0.832,0.405,0.81,0.808,PD
5114,RP11-535M15.1,Excitatory Neurons (SubtypeA),128,0.452,0.277,1.64,0.102,0.448,0.477,PD
5115,RP11-498P14.5,Excitatory Neurons (SubtypeA),306,-0.232,0.278,-0.835,0.404,0.81,0.806,PD
5116,NAMA,Excitatory Neurons (SubtypeA),17.4,0.408,0.387,1.06,0.291,0.733,0.729,PD
5117,RP11-554F20.1,Excitatory Neurons (SubtypeA),369,-0.342,0.178,-1.92,0.0553,0.325,0.368,PD
5118,STX17-AS1,Excitatory Neurons (SubtypeA),15.2,-0.221,0.403,-0.549,0.583,0.906,0.895,PD
5119,RP11-60I3.4,Excitatory Neurons (SubtypeA),20.2,1.73,0.456,3.8,0.000147,0.00836,0.0124,PD
5120,LINC01505,Excitatory Neurons (SubtypeA),847,-0.0631,0.229,-0.275,0.783,0.952,0.956,PD
5121,C9orf147,Excitatory Neurons (SubtypeA),87.6,0.095,0.283,0.335,0.737,0.941,0.944,PD
5122,RP11-162D16.2,Excitatory Neurons (SubtypeA),17.1,0.419,0.506,0.828,0.408,0.81,0.808,PD
5123,MIR181A2HG,Excitatory Neurons (SubtypeA),89.2,0.486,0.342,1.42,0.155,0.571,0.573,PD
5124,SLC25A25-AS1,Excitatory Neurons (SubtypeA),27,0.273,0.435,0.627,0.531,0.888,0.873,PD
5125,RP11-216B9.6,Excitatory Neurons (SubtypeA),20.8,0.205,0.378,0.542,0.588,0.906,0.897,PD
5126,RP11-247A12.2,Excitatory Neurons (SubtypeA),15.2,0.0589,0.452,0.13,0.896,0.99,0.982,PD
5127,LINC01503,Excitatory Neurons (SubtypeA),28.1,-0.0599,0.332,-0.18,0.857,0.983,0.976,PD
5128,RP11-544A12.4,Excitatory Neurons (SubtypeA),17.7,0.291,0.705,0.413,0.68,0.926,0.928,PD
5129,PPP1R26-AS1,Excitatory Neurons (SubtypeA),85.2,0.465,0.361,1.29,0.198,0.641,0.639,PD
5130,RP11-432J22.2,Excitatory Neurons (SubtypeA),17,0.0714,0.33,0.217,0.829,0.976,0.968,PD
5131,SNHG7,Excitatory Neurons (SubtypeA),68.2,0.0197,0.291,0.0676,0.946,0.99,0.991,PD
5132,ARRDC1-AS1,Excitatory Neurons (SubtypeA),26.6,-0.393,0.414,-0.948,0.343,0.773,0.768,PD
5133,LINC01001,Excitatory Neurons (SubtypeA),25.9,-0.57,0.396,-1.44,0.15,0.556,0.563,PD
5134,RP11-304M2.3,Excitatory Neurons (SubtypeA),35.3,0.231,0.591,0.392,0.695,0.928,0.932,PD
5135,RP11-754B17.1,Excitatory Neurons (SubtypeA),32.7,-0.0264,0.412,-0.0641,0.949,0.99,0.991,PD
5136,AP006621.5,Excitatory Neurons (SubtypeA),68.8,-0.317,0.242,-1.31,0.19,0.629,0.626,PD
5137,KRTAP5-AS1,Excitatory Neurons (SubtypeA),154,0.173,0.276,0.629,0.529,0.888,0.873,PD
5138,CD81-AS1,Excitatory Neurons (SubtypeA),43.7,-0.533,0.282,-1.89,0.0583,0.336,0.374,PD
5139,KCNQ1OT1,Excitatory Neurons (SubtypeA),1200,-0.266,0.22,-1.21,0.227,0.673,0.672,PD
5140,RP13-726E6.1,Excitatory Neurons (SubtypeA),119,-0.166,0.256,-0.648,0.517,0.886,0.87,PD
5141,AC015691.13,Excitatory Neurons (SubtypeA),39,-0.786,0.536,-1.47,0.143,0.543,0.55,PD
5142,RP11-413N10.3,Excitatory Neurons (SubtypeA),332,0.293,0.186,1.57,0.116,0.484,0.504,PD
5143,CTD-2516F10.2,Excitatory Neurons (SubtypeA),20,0.352,0.374,0.943,0.346,0.776,0.769,PD
5144,TMEM9B-AS1,Excitatory Neurons (SubtypeA),34.4,-0.262,0.348,-0.752,0.452,0.847,0.832,PD
5145,RP11-467K18.2,Excitatory Neurons (SubtypeA),98.8,0.189,0.249,0.759,0.448,0.842,0.83,PD
5146,SBF2-AS1,Excitatory Neurons (SubtypeA),75.3,0.223,0.217,1.03,0.304,0.749,0.739,PD
5147,RP11-1H15.2,Excitatory Neurons (SubtypeA),33.4,-0.125,0.503,-0.248,0.804,0.96,0.961,PD
5148,MRVI1-AS1,Excitatory Neurons (SubtypeA),46.2,0.511,0.264,1.93,0.0532,0.32,0.361,PD
5149,RP11-685M7.3,Excitatory Neurons (SubtypeA),24.2,-0.0625,0.279,-0.224,0.823,0.971,0.967,PD
5150,ZBED5-AS1,Excitatory Neurons (SubtypeA),46.1,-0.146,0.282,-0.518,0.605,0.916,0.904,PD
5151,RP11-21L19.1,Excitatory Neurons (SubtypeA),23,0.277,0.298,0.928,0.354,0.784,0.776,PD
5152,RP1-239B22.5,Excitatory Neurons (SubtypeA),44.2,-0.177,0.281,-0.629,0.529,0.888,0.873,PD
5153,RP11-1081L13.4,Excitatory Neurons (SubtypeA),28,0.0788,0.447,0.176,0.86,0.983,0.977,PD
5154,RP11-428C19.4,Excitatory Neurons (SubtypeA),25.5,0.211,0.341,0.619,0.536,0.888,0.875,PD
5155,CTD-2140G10.2,Excitatory Neurons (SubtypeA),50.9,1.11,0.305,3.66,0.000252,0.0112,0.0164,PD
5156,RP11-17A1.3,Excitatory Neurons (SubtypeA),115,0.379,0.283,1.34,0.18,0.608,0.614,PD
5157,RP11-266A24.1,Excitatory Neurons (SubtypeA),21.5,0.504,0.302,1.67,0.0952,0.433,0.463,PD
5158,RP11-945A11.1,Excitatory Neurons (SubtypeA),12.2,0.392,0.434,0.903,0.367,NA,0.786,PD
5159,BBOX1-AS1,Excitatory Neurons (SubtypeA),102,0.499,0.294,1.7,0.0895,0.424,0.455,PD
5160,BDNF-AS,Excitatory Neurons (SubtypeA),178,-0.352,0.191,-1.84,0.0656,0.356,0.399,PD
5161,RP11-115J23.1,Excitatory Neurons (SubtypeA),23.6,-0.319,0.663,-0.481,0.631,0.917,0.913,PD
5162,RP11-460B17.3,Excitatory Neurons (SubtypeA),23.2,0.269,0.424,0.633,0.526,0.888,0.873,PD
5163,LINC01616,Excitatory Neurons (SubtypeA),15.7,0.277,0.628,0.441,0.659,0.921,0.921,PD
5164,RP11-624D11.2,Excitatory Neurons (SubtypeA),16.1,1.04,0.636,1.64,0.1,0.446,0.474,PD
5165,RP5-1024C24.1,Excitatory Neurons (SubtypeA),17.6,-0.0715,0.388,-0.184,0.854,0.983,0.975,PD
5166,Z83001.1,Excitatory Neurons (SubtypeA),21.1,0.543,0.62,0.875,0.382,0.803,0.794,PD
5167,RP1-65P5.3,Excitatory Neurons (SubtypeA),25.7,0.326,0.54,0.604,0.546,0.891,0.879,PD
5168,RP11-472I20.3,Excitatory Neurons (SubtypeA),131,-0.098,0.273,-0.36,0.719,0.939,0.938,PD
5169,RP11-613D13.5,Excitatory Neurons (SubtypeA),10.7,0.572,0.624,0.917,0.359,NA,0.782,PD
5170,RP11-430H10.1,Excitatory Neurons (SubtypeA),15.9,-0.00918,0.326,-0.0281,0.978,0.994,0.994,PD
5171,RP11-430H10.4,Excitatory Neurons (SubtypeA),58.3,0.439,0.393,1.12,0.264,0.702,0.704,PD
5172,RP11-21A7A.2,Excitatory Neurons (SubtypeA),39.8,-0.315,0.269,-1.17,0.242,0.682,0.684,PD
5173,RP11-783K16.14,Excitatory Neurons (SubtypeA),15.4,0.351,0.397,0.885,0.376,0.801,0.792,PD
5174,AP001462.6,Excitatory Neurons (SubtypeA),17.6,-0.909,0.383,-2.37,0.0176,0.196,0.213,PD
5175,NEAT1,Excitatory Neurons (SubtypeA),2170,-0.208,0.508,-0.41,0.682,0.926,0.929,PD
5176,MALAT1,Excitatory Neurons (SubtypeA),1.00E+05,0.278,0.218,1.28,0.202,0.643,0.643,PD
5177,RP11-770G2.2,Excitatory Neurons (SubtypeA),61.1,-0.137,0.565,-0.242,0.808,0.962,0.963,PD
5178,RP11-867G23.8,Excitatory Neurons (SubtypeA),20.4,0.0295,0.348,0.0848,0.932,0.99,0.987,PD
5179,RP11-658F2.8,Excitatory Neurons (SubtypeA),38.5,-0.976,0.366,-2.67,0.00758,0.119,0.133,PD
5180,RP11-119D9.1,Excitatory Neurons (SubtypeA),33.5,0.208,0.284,0.731,0.465,0.86,0.84,PD
5181,AP000487.6,Excitatory Neurons (SubtypeA),69.2,-0.0378,0.408,-0.0927,0.926,0.99,0.986,PD
5182,AP000487.5,Excitatory Neurons (SubtypeA),87.2,0.364,0.249,1.46,0.144,0.546,0.552,PD
5183,RP11-660L16.2,Excitatory Neurons (SubtypeA),15.5,0.0978,0.33,0.296,0.767,0.948,0.952,PD
5184,CTD-2562J17.4,Excitatory Neurons (SubtypeA),53.9,-0.645,0.388,-1.66,0.0965,0.436,0.466,PD
5185,RP11-111M22.3,Excitatory Neurons (SubtypeA),20.1,0.134,0.452,0.297,0.766,0.948,0.951,PD
5186,RP11-91P24.7,Excitatory Neurons (SubtypeA),55,-0.497,0.277,-1.79,0.0731,0.372,0.415,PD
5187,KCTD21-AS1,Excitatory Neurons (SubtypeA),27.1,0.548,0.326,1.68,0.0933,0.433,0.462,PD
5188,RP11-452H21.1,Excitatory Neurons (SubtypeA),58.3,-0.101,0.503,-0.2,0.841,0.976,0.97,PD
5189,RP11-258O13.1,Excitatory Neurons (SubtypeA),36.8,-0.407,0.446,-0.913,0.361,0.792,0.783,PD
5190,CTD-2555I5.1,Excitatory Neurons (SubtypeA),19.9,-0.436,0.676,-0.645,0.519,0.886,0.87,PD
5191,RP11-686G23.2,Excitatory Neurons (SubtypeA),46.8,-0.0763,0.548,-0.139,0.889,0.99,0.98,PD
5192,MIR4300HG,Excitatory Neurons (SubtypeA),93.9,-1.05,0.498,-2.1,0.0353,0.271,0.305,PD
5193,RAB30-AS1,Excitatory Neurons (SubtypeA),218,0.173,0.165,1.05,0.293,0.733,0.73,PD
5194,PCF11-AS1,Excitatory Neurons (SubtypeA),39.6,0.179,0.308,0.581,0.561,0.899,0.886,PD
5195,RP11-727A23.10,Excitatory Neurons (SubtypeA),93.8,0.206,0.25,0.827,0.408,0.81,0.808,PD
5196,RP11-160H12.2,Excitatory Neurons (SubtypeA),51,-0.189,0.616,-0.307,0.759,0.946,0.949,PD
5197,CTD-2537O9.1,Excitatory Neurons (SubtypeA),145,-0.018,0.443,-0.0406,0.968,0.992,0.991,PD
5198,RP11-317J19.1,Excitatory Neurons (SubtypeA),80.1,0.0682,0.417,0.163,0.87,0.988,0.977,PD
5199,CTD-2005H7.1,Excitatory Neurons (SubtypeA),15.8,-0.0436,0.484,-0.09,0.928,0.99,0.986,PD
5200,CTD-2005H7.2,Excitatory Neurons (SubtypeA),26.2,-0.337,0.363,-0.928,0.353,0.784,0.776,PD
5201,RP11-736K20.5,Excitatory Neurons (SubtypeA),63.8,-0.157,0.261,-0.601,0.548,0.892,0.879,PD
5202,RP11-736K20.6,Excitatory Neurons (SubtypeA),13.5,0.331,0.374,0.885,0.376,NA,0.792,PD
5203,RP11-867G2.8,Excitatory Neurons (SubtypeA),240,0.262,0.238,1.1,0.271,0.709,0.71,PD
5204,RP11-712B9.2,Excitatory Neurons (SubtypeA),78.1,0.749,0.249,3.01,0.00263,0.0626,0.0719,PD
5205,RP11-563P16.1,Excitatory Neurons (SubtypeA),38.2,0.205,0.42,0.488,0.626,0.917,0.912,PD
5206,RP11-886D15.1,Excitatory Neurons (SubtypeA),39.3,-0.788,0.568,-1.39,0.166,0.589,0.591,PD
5207,RP11-94P11.4,Excitatory Neurons (SubtypeA),19.8,0.0434,0.349,0.124,0.901,0.99,0.982,PD
5208,RP11-819C21.1,Excitatory Neurons (SubtypeA),43.7,0.0641,0.376,0.171,0.864,0.985,0.977,PD
5209,RP11-708B6.2,Excitatory Neurons (SubtypeA),24,0.0747,0.37,0.202,0.84,0.976,0.97,PD
5210,RP11-356J5.12,Excitatory Neurons (SubtypeA),57.8,0.0208,0.217,0.0959,0.924,0.99,0.986,PD
5211,RP11-65M17.3,Excitatory Neurons (SubtypeA),41.7,-0.235,0.271,-0.868,0.385,0.804,0.794,PD
5212,AP000462.2,Excitatory Neurons (SubtypeA),104,-0.291,0.667,-0.436,0.663,0.924,0.922,PD
5213,AP000797.3,Excitatory Neurons (SubtypeA),161,-0.0344,0.397,-0.0866,0.931,0.99,0.987,PD
5214,BACE1-AS,Excitatory Neurons (SubtypeA),18.2,-0.146,0.413,-0.353,0.724,0.939,0.939,PD
5215,AP000892.4,Excitatory Neurons (SubtypeA),25.2,0.517,0.412,1.26,0.209,0.649,0.652,PD
5216,RP11-770J1.3,Excitatory Neurons (SubtypeA),19.5,0.0978,0.455,0.215,0.83,0.976,0.968,PD
5217,AP002954.4,Excitatory Neurons (SubtypeA),62.6,0.415,0.451,0.919,0.358,0.788,0.781,PD
5218,USP2-AS1,Excitatory Neurons (SubtypeA),55.9,-0.157,0.317,-0.496,0.62,0.917,0.91,PD
5219,RP11-677M14.7,Excitatory Neurons (SubtypeA),16,0.355,0.368,0.966,0.334,0.768,0.76,PD
5220,STT3A-AS1,Excitatory Neurons (SubtypeA),12.1,-0.112,0.521,-0.215,0.83,NA,0.968,PD
5221,RP11-712L6.5,Excitatory Neurons (SubtypeA),48.2,0.297,0.36,0.824,0.41,0.81,0.809,PD
5222,RP11-121M22.1,Excitatory Neurons (SubtypeA),30.7,-0.132,0.272,-0.488,0.626,0.917,0.912,PD
5223,RP11-890B15.3,Excitatory Neurons (SubtypeA),47.6,0.0799,0.303,0.263,0.792,0.956,0.959,PD
5224,RP11-713P17.3,Excitatory Neurons (SubtypeA),18,-0.225,0.38,-0.594,0.553,0.893,0.88,PD
5225,IDI2-AS1,Excitatory Neurons (SubtypeA),41.5,0.631,0.47,1.34,0.18,0.608,0.613,PD
5226,RP11-118K6.3,Excitatory Neurons (SubtypeA),17.8,0.017,0.491,0.0347,0.972,0.992,0.993,PD
5227,RP11-336A10.2,Excitatory Neurons (SubtypeA),18.1,0.555,0.469,1.18,0.237,0.679,0.679,PD
5228,CELF2-AS2,Excitatory Neurons (SubtypeA),20.3,-0.521,0.763,-0.682,0.495,0.881,0.859,PD
5229,RP11-353M9.1,Excitatory Neurons (SubtypeA),13.3,0.283,0.461,0.614,0.539,NA,0.877,PD
5230,RP11-142M10.2,Excitatory Neurons (SubtypeA),22.6,-0.0688,0.713,-0.0964,0.923,0.99,0.986,PD
5231,RP11-398C13.6,Excitatory Neurons (SubtypeA),17.1,0.456,0.452,1.01,0.313,0.754,0.744,PD
5232,STAM-AS1,Excitatory Neurons (SubtypeA),21.4,0.631,0.355,1.78,0.0754,0.378,0.422,PD
5233,RP11-499P20.2,Excitatory Neurons (SubtypeA),146,0.211,0.194,1.09,0.276,0.714,0.714,PD
5234,GPR158-AS1,Excitatory Neurons (SubtypeA),30.5,-0.303,0.237,-1.28,0.202,0.643,0.642,PD
5235,RP11-351M16.3,Excitatory Neurons (SubtypeA),24.1,-1.46,0.588,-2.48,0.013,0.167,0.18,PD
5236,WAC-AS1,Excitatory Neurons (SubtypeA),169,-0.0124,0.157,-0.0788,0.937,0.99,0.988,PD
5237,RP11-192P3.4,Excitatory Neurons (SubtypeA),27.4,0.0955,0.303,0.315,0.753,0.946,0.947,PD
5238,ZEB1-AS1,Excitatory Neurons (SubtypeA),138,0.603,0.231,2.62,0.00886,0.13,0.146,PD
5239,RP11-135A24.2,Excitatory Neurons (SubtypeA),14.9,0.411,0.497,0.827,0.408,0.81,0.808,PD
5240,RP11-462L8.1,Excitatory Neurons (SubtypeA),31.9,0.567,0.269,2.11,0.0347,0.271,0.305,PD
5241,RP11-324I22.4,Excitatory Neurons (SubtypeA),146,-0.208,0.187,-1.12,0.264,0.702,0.704,PD
5242,LINC00839,Excitatory Neurons (SubtypeA),57.6,0.21,0.297,0.708,0.479,0.867,0.85,PD
5243,ZNF32-AS3,Excitatory Neurons (SubtypeA),12.1,-0.746,0.506,-1.47,0.141,NA,0.548,PD
5244,TMEM72-AS1,Excitatory Neurons (SubtypeA),230,-0.0216,0.282,-0.0763,0.939,0.99,0.989,PD
5245,RP11-38L15.3,Excitatory Neurons (SubtypeA),203,0.438,0.193,2.27,0.0234,0.225,0.246,PD
5246,RP11-38L15.2,Excitatory Neurons (SubtypeA),29.2,-0.16,0.284,-0.564,0.573,0.903,0.892,PD
5247,CH17-360D5.2,Excitatory Neurons (SubtypeA),24.3,-0.0764,0.332,-0.23,0.818,0.967,0.965,PD
5248,LINC00843,Excitatory Neurons (SubtypeA),124,-0.413,0.198,-2.09,0.0367,0.273,0.308,PD
5249,PRKG1-AS1,Excitatory Neurons (SubtypeA),36.2,-0.0772,0.276,-0.28,0.779,0.952,0.955,PD
5250,RP11-257I14.1,Excitatory Neurons (SubtypeA),30.5,0.276,0.601,0.459,0.647,0.917,0.918,PD
5251,RP11-170M17.1,Excitatory Neurons (SubtypeA),37.1,-0.0501,0.416,-0.12,0.904,0.99,0.983,PD
5252,LINC01515,Excitatory Neurons (SubtypeA),48.4,-0.0248,0.384,-0.0648,0.948,0.99,0.991,PD
5253,RP11-262I2.2,Excitatory Neurons (SubtypeA),13.3,0.274,0.493,0.556,0.578,NA,0.893,PD
5254,RP11-464F9.21,Excitatory Neurons (SubtypeA),41.9,-0.539,0.253,-2.13,0.0329,0.268,0.297,PD
5255,RP11-574K11.29,Excitatory Neurons (SubtypeA),26.3,-0.456,0.326,-1.4,0.161,0.579,0.583,PD
5256,RP11-399K21.11,Excitatory Neurons (SubtypeA),31.7,-2.28,0.662,-3.44,0.000586,0.0193,0.0269,PD
5257,KCNMA1-AS1,Excitatory Neurons (SubtypeA),14.6,-0.0487,0.723,-0.0673,0.946,0.99,0.991,PD
5258,ZMIZ1-AS1,Excitatory Neurons (SubtypeA),73.9,-0.91,0.275,-3.31,0.000927,0.029,0.0374,PD
5259,NUTM2B-AS1,Excitatory Neurons (SubtypeA),514,-0.329,0.129,-2.54,0.011,0.152,0.166,PD
5260,RP11-182L21.6,Excitatory Neurons (SubtypeA),28.6,0.238,0.591,0.403,0.687,0.928,0.93,PD
5261,SFTPD-AS1,Excitatory Neurons (SubtypeA),28.1,0.168,0.282,0.594,0.552,0.893,0.88,PD
5262,TMEM254-AS1,Excitatory Neurons (SubtypeA),37.5,0.216,0.342,0.63,0.528,0.888,0.873,PD
5263,RP11-77P6.2,Excitatory Neurons (SubtypeA),12.7,0.0846,0.514,0.165,0.869,NA,0.977,PD
5264,NUTM2A-AS1,Excitatory Neurons (SubtypeA),634,-0.206,0.24,-0.86,0.39,0.808,0.797,PD
5265,RP11-80H5.9,Excitatory Neurons (SubtypeA),55.4,0.478,0.254,1.88,0.0598,0.337,0.378,PD
5266,LINC00865,Excitatory Neurons (SubtypeA),24.2,0.106,0.508,0.208,0.835,0.976,0.969,PD
5267,RP11-15K3.1,Excitatory Neurons (SubtypeA),16.4,-1.26,0.706,-1.79,0.0734,0.372,0.415,PD
5268,RP11-310E22.5,Excitatory Neurons (SubtypeA),43.9,0.0117,0.319,0.0367,0.971,0.992,0.992,PD
5269,ENTPD1-AS1,Excitatory Neurons (SubtypeA),586,0.0188,0.179,0.105,0.916,0.99,0.984,PD
5270,LINC00866,Excitatory Neurons (SubtypeA),14.6,-0.217,0.481,-0.452,0.651,0.917,0.919,PD
5271,RP11-441O15.3,Excitatory Neurons (SubtypeA),62.8,0.155,0.247,0.628,0.53,0.888,0.873,PD
5272,OLMALINC,Excitatory Neurons (SubtypeA),72.7,0.562,0.389,1.45,0.148,0.555,0.562,PD
5273,KCNIP2-AS1,Excitatory Neurons (SubtypeA),20.5,-0.0806,0.527,-0.153,0.878,0.99,0.979,PD
5274,RP11-416N2.4,Excitatory Neurons (SubtypeA),21.5,-0.297,0.435,-0.683,0.495,0.881,0.859,PD
5275,LINC01435,Excitatory Neurons (SubtypeA),83.5,-0.586,0.322,-1.82,0.0685,0.363,0.403,PD
5276,RP11-324O2.3,Excitatory Neurons (SubtypeA),17.1,-0.0117,0.368,-0.0318,0.975,0.993,0.993,PD
5277,EMX2OS,Excitatory Neurons (SubtypeA),38.9,0.927,0.644,1.44,0.15,0.556,0.563,PD
5278,CASC2,Excitatory Neurons (SubtypeA),204,-0.255,0.219,-1.17,0.244,0.686,0.686,PD
5279,WDR11-AS1,Excitatory Neurons (SubtypeA),462,0.488,0.233,2.09,0.0365,0.273,0.307,PD
5280,RP11-282I1.1,Excitatory Neurons (SubtypeA),69.7,-1.03,0.364,-2.82,0.00481,0.0932,0.101,PD
5281,RP11-109A6.5,Excitatory Neurons (SubtypeA),142,0.0184,0.214,0.0862,0.931,0.99,0.987,PD
5282,RP11-540N6.1,Excitatory Neurons (SubtypeA),17.3,-0.651,0.403,-1.62,0.106,0.453,0.485,PD
5283,LINC01166,Excitatory Neurons (SubtypeA),23.8,1.29,0.545,2.36,0.0182,0.198,0.218,PD
5284,ADGRA1-AS1,Excitatory Neurons (SubtypeA),32.9,0.548,0.278,1.97,0.0488,0.312,0.352,PD
5285,RP11-218M22.1,Excitatory Neurons (SubtypeA),12.7,-0.274,0.373,-0.734,0.463,NA,0.84,PD
5286,RP4-816N1.6,Excitatory Neurons (SubtypeA),20.8,0.55,0.361,1.52,0.128,0.516,0.529,PD
5287,RP11-69M1.8,Excitatory Neurons (SubtypeA),20.5,-0.117,0.399,-0.293,0.769,0.948,0.952,PD
5288,FAM66C,Excitatory Neurons (SubtypeA),411,-0.182,0.154,-1.18,0.237,0.679,0.679,PD
5289,RP11-266K4.14,Excitatory Neurons (SubtypeA),41.5,-0.056,0.314,-0.178,0.859,0.983,0.977,PD
5290,RP11-266K4.9,Excitatory Neurons (SubtypeA),27.2,-0.108,0.347,-0.312,0.755,0.946,0.948,PD
5291,LINC00937,Excitatory Neurons (SubtypeA),597,-0.38,0.215,-1.76,0.0778,0.383,0.427,PD
5292,RP11-90D4.3,Excitatory Neurons (SubtypeA),28.5,-0.176,0.405,-0.434,0.664,0.924,0.923,PD
5293,A2ML1-AS1,Excitatory Neurons (SubtypeA),83.8,-0.296,0.366,-0.809,0.419,0.818,0.814,PD
5294,RP11-259O18.5,Excitatory Neurons (SubtypeA),171,0.139,0.247,0.563,0.574,0.903,0.892,PD
5295,A2M-AS1,Excitatory Neurons (SubtypeA),28.9,0.636,0.39,1.63,0.103,0.448,0.479,PD
5296,LINC00987,Excitatory Neurons (SubtypeA),14.9,0.376,0.448,0.838,0.402,0.809,0.806,PD
5297,RP11-118B22.4,Excitatory Neurons (SubtypeA),31.8,0.242,0.25,0.97,0.332,0.768,0.76,PD
5298,AC091814.2,Excitatory Neurons (SubtypeA),16.7,1.77,0.435,4.06,4.91E-05,0.00447,0.00651,PD
5299,SMIM10L1,Excitatory Neurons (SubtypeA),52.8,0.0774,0.252,0.307,0.759,0.946,0.949,PD
5300,RP11-711K1.8,Excitatory Neurons (SubtypeA),66.9,-0.848,0.573,-1.48,0.139,0.538,0.545,PD
5301,LINC01252,Excitatory Neurons (SubtypeA),222,-0.31,0.287,-1.08,0.281,0.722,0.718,PD
5302,RP11-253I19.3,Excitatory Neurons (SubtypeA),22.5,0.0996,0.34,0.293,0.77,0.948,0.953,PD
5303,RP11-180M15.3,Excitatory Neurons (SubtypeA),12,-0.325,0.683,-0.477,0.633,NA,0.913,PD
5304,RP11-392P7.6,Excitatory Neurons (SubtypeA),47.6,0.00442,0.223,0.0198,0.984,0.994,0.996,PD
5305,RP11-377D9.3,Excitatory Neurons (SubtypeA),33.7,-0.651,0.356,-1.83,0.0669,0.357,0.401,PD
5306,RP11-174G6.1,Excitatory Neurons (SubtypeA),23.3,0.857,0.478,1.79,0.0731,0.372,0.415,PD
5307,RP11-405A12.2,Excitatory Neurons (SubtypeA),590,-0.994,0.302,-3.29,0.00101,0.0302,0.0391,PD
5308,RP11-664H17.1,Excitatory Neurons (SubtypeA),234,-0.898,0.256,-3.51,0.000444,0.0159,0.0228,PD
5309,RP11-114G22.1,Excitatory Neurons (SubtypeA),18.4,-0.751,0.387,-1.94,0.0521,0.32,0.36,PD
5310,RP11-295I5.3,Excitatory Neurons (SubtypeA),15.2,0.526,0.429,1.22,0.221,0.672,0.668,PD
5311,RASSF8-AS1,Excitatory Neurons (SubtypeA),139,-0.0573,0.212,-0.27,0.787,0.954,0.957,PD
5312,RP11-283G6.4,Excitatory Neurons (SubtypeA),16.1,0.473,0.394,1.2,0.23,0.673,0.675,PD
5313,RP11-967K21.1,Excitatory Neurons (SubtypeA),21.2,0.202,0.396,0.51,0.61,0.916,0.906,PD
5314,RP11-996F15.2,Excitatory Neurons (SubtypeA),49.6,-0.217,0.263,-0.823,0.41,0.811,0.809,PD
5315,OVCH1-AS1,Excitatory Neurons (SubtypeA),23.4,0.582,0.526,1.11,0.268,0.708,0.708,PD
5316,RP11-77I22.2,Excitatory Neurons (SubtypeA),26.6,0.0447,0.398,0.112,0.911,0.99,0.984,PD
5317,DDX11-AS1,Excitatory Neurons (SubtypeA),33,0.698,0.284,2.45,0.0141,0.176,0.189,PD
5318,DENND5B-AS1,Excitatory Neurons (SubtypeA),18.4,0.309,0.382,0.808,0.419,0.818,0.814,PD
5319,AC079630.2,Excitatory Neurons (SubtypeA),26.2,0.665,0.316,2.11,0.0351,0.271,0.305,PD
5320,RP11-630C16.2,Excitatory Neurons (SubtypeA),46.9,-0.393,0.532,-0.739,0.46,0.855,0.837,PD
5321,RP11-352M15.1,Excitatory Neurons (SubtypeA),42,0.128,0.354,0.361,0.718,0.939,0.938,PD
5322,RP11-352M15.2,Excitatory Neurons (SubtypeA),85.9,0.0571,0.208,0.275,0.783,0.952,0.956,PD
5323,RP11-96H19.1,Excitatory Neurons (SubtypeA),602,-0.311,0.199,-1.56,0.118,0.491,0.51,PD
5324,RP11-493L12.4,Excitatory Neurons (SubtypeA),14,-0.533,0.578,-0.922,0.356,0.786,0.779,PD
5325,RP11-370I10.6,Excitatory Neurons (SubtypeA),209,-0.256,0.27,-0.948,0.343,0.773,0.768,PD
5326,RP11-386G11.5,Excitatory Neurons (SubtypeA),14.9,-0.196,0.522,-0.375,0.708,0.937,0.935,PD
5327,RP11-386G11.10,Excitatory Neurons (SubtypeA),115,0.279,0.23,1.21,0.227,0.673,0.672,PD
5328,RP4-605O3.4,Excitatory Neurons (SubtypeA),225,0.128,0.244,0.526,0.599,0.912,0.902,PD
5329,RP11-983P16.4,Excitatory Neurons (SubtypeA),44.6,-0.0956,0.385,-0.248,0.804,0.96,0.961,PD
5330,FLJ12825,Excitatory Neurons (SubtypeA),26.9,-0.11,0.348,-0.317,0.751,0.946,0.947,PD
5331,RP11-977G19.11,Excitatory Neurons (SubtypeA),17.1,0.084,0.41,0.205,0.837,0.976,0.97,PD
5332,RP11-571M6.7,Excitatory Neurons (SubtypeA),13.8,-0.133,0.499,-0.267,0.789,0.955,0.958,PD
5333,RP11-620J15.3,Excitatory Neurons (SubtypeA),48,0.378,0.247,1.53,0.126,0.513,0.526,PD
5334,RP11-362K2.2,Excitatory Neurons (SubtypeA),35,0.000682,0.359,0.0019,0.998,0.998,0.999,PD
5335,RP11-631N16.2,Excitatory Neurons (SubtypeA),36.9,0.136,0.331,0.41,0.682,0.926,0.929,PD
5336,RP11-196H14.2,Excitatory Neurons (SubtypeA),17.3,0.349,0.527,0.662,0.508,0.885,0.864,PD
5337,RP11-629N8.3,Excitatory Neurons (SubtypeA),39.5,0.177,0.376,0.471,0.638,0.917,0.914,PD
5338,RP11-766N7.3,Excitatory Neurons (SubtypeA),619,-0.133,0.283,-0.47,0.638,0.917,0.914,PD
5339,RP11-766N7.4,Excitatory Neurons (SubtypeA),32,0.0407,0.544,0.0749,0.94,0.99,0.989,PD
5340,IFNG-AS1,Excitatory Neurons (SubtypeA),11.8,-2.19,0.523,-4.19,2.77E-05,NA,0.00461,PD
5341,LINC01481,Excitatory Neurons (SubtypeA),1920,-0.545,0.279,-1.96,0.0504,0.318,0.355,PD
5342,RP11-81H3.2,Excitatory Neurons (SubtypeA),13.8,-1.22,0.578,-2.1,0.0353,0.271,0.305,PD
5343,RP11-114H23.1,Excitatory Neurons (SubtypeA),80.6,0.193,0.423,0.457,0.648,0.917,0.919,PD
5344,RP11-20E24.1,Excitatory Neurons (SubtypeA),20.8,-1.26,0.335,-3.74,0.000182,0.00968,0.0143,PD
5345,RP11-390N6.1,Excitatory Neurons (SubtypeA),66.9,-0.153,0.601,-0.255,0.799,0.957,0.96,PD
5346,RP1-78O14.1,Excitatory Neurons (SubtypeA),93.5,-0.155,0.478,-0.324,0.746,0.943,0.945,PD
5347,RP11-530C5.1,Excitatory Neurons (SubtypeA),13.7,-0.212,0.465,-0.456,0.649,0.917,0.919,PD
5348,RP11-121G22.3,Excitatory Neurons (SubtypeA),12.4,-0.487,0.661,-0.737,0.461,NA,0.839,PD
5349,RP11-315E17.1,Excitatory Neurons (SubtypeA),66,-0.56,0.577,-0.971,0.331,0.768,0.758,PD
5350,RP11-13A1.3,Excitatory Neurons (SubtypeA),13.6,0.0177,0.421,0.0421,0.966,NA,0.991,PD
5351,RP11-734K2.4,Excitatory Neurons (SubtypeA),85.1,-0.0219,0.255,-0.0859,0.932,0.99,0.987,PD
5352,RP11-981P6.1,Excitatory Neurons (SubtypeA),69.4,0.0643,0.244,0.264,0.792,0.956,0.958,PD
5353,LINC00936,Excitatory Neurons (SubtypeA),33.1,-0.425,0.396,-1.07,0.283,0.726,0.72,PD
5354,RP11-796E2.4,Excitatory Neurons (SubtypeA),14.1,0.588,0.417,1.41,0.159,0.576,0.58,PD
5355,RP11-511B23.2,Excitatory Neurons (SubtypeA),34.5,-0.359,0.429,-0.837,0.403,0.809,0.806,PD
5356,RP11-541G9.1,Excitatory Neurons (SubtypeA),182,0.111,0.309,0.359,0.719,0.939,0.938,PD
5357,RP11-690J15.1,Excitatory Neurons (SubtypeA),23,-0.211,0.608,-0.346,0.729,0.941,0.941,PD
5358,RP11-473C19.1,Excitatory Neurons (SubtypeA),70.2,-0.439,0.61,-0.719,0.472,0.863,0.845,PD
5359,RP11-341G23.4,Excitatory Neurons (SubtypeA),12.9,-0.301,0.575,-0.523,0.601,NA,0.903,PD
5360,RP11-651L5.3,Excitatory Neurons (SubtypeA),21.3,-0.139,0.348,-0.4,0.689,0.928,0.931,PD
5361,RP11-144F15.1,Excitatory Neurons (SubtypeA),375,-0.0808,0.196,-0.411,0.681,0.926,0.929,PD
5362,MAPKAPK5-AS1,Excitatory Neurons (SubtypeA),41.7,-0.00856,0.285,-0.0301,0.976,0.993,0.994,PD
5363,LHX5-AS1,Excitatory Neurons (SubtypeA),39.9,0.397,0.392,1.01,0.312,0.752,0.743,PD
5364,LINC01234,Excitatory Neurons (SubtypeA),35.8,-0.339,0.299,-1.13,0.257,0.694,0.698,PD
5365,RP11-768F21.1,Excitatory Neurons (SubtypeA),92.3,-0.581,0.215,-2.71,0.00678,0.113,0.125,PD
5366,RP1-267D11.6,Excitatory Neurons (SubtypeA),16.3,-0.575,0.379,-1.52,0.129,0.518,0.532,PD
5367,PXN-AS1,Excitatory Neurons (SubtypeA),27,0.0932,0.37,0.252,0.801,0.958,0.96,PD
5368,NRAV,Excitatory Neurons (SubtypeA),14.7,0.556,0.405,1.37,0.17,0.596,0.6,PD
5369,RP11-728G15.1,Excitatory Neurons (SubtypeA),19.5,0.0733,0.388,0.189,0.85,0.983,0.973,PD
5370,RP13-941N14.1,Excitatory Neurons (SubtypeA),92.4,-0.103,0.292,-0.352,0.725,0.939,0.939,PD
5371,RP11-486O12.2,Excitatory Neurons (SubtypeA),12,0.246,0.391,0.629,0.529,NA,0.873,PD
5372,RP11-338K17.8,Excitatory Neurons (SubtypeA),23.3,0.214,0.64,0.334,0.739,0.941,0.944,PD
5373,RP5-944M2.3,Excitatory Neurons (SubtypeA),24.5,-0.474,0.366,-1.29,0.196,0.64,0.637,PD
5374,RP11-417L19.2,Excitatory Neurons (SubtypeA),16.5,0.59,0.66,0.895,0.371,0.799,0.79,PD
5375,RP11-172H24.4,Excitatory Neurons (SubtypeA),29.2,-0.395,0.387,-1.02,0.308,0.749,0.741,PD
5376,LINC00539,Excitatory Neurons (SubtypeA),16.5,0.746,0.469,1.59,0.112,0.472,0.495,PD
5377,LINC00540,Excitatory Neurons (SubtypeA),36.4,-0.838,1.1,-0.764,0.445,0.841,0.828,PD
5378,LINC00621,Excitatory Neurons (SubtypeA),25.1,-0.33,0.333,-0.992,0.321,0.762,0.752,PD
5379,LINC00327,Excitatory Neurons (SubtypeA),17.8,-0.0219,0.386,-0.0568,0.955,0.99,0.991,PD
5380,RP11-428O18.6,Excitatory Neurons (SubtypeA),98,-0.954,0.217,-4.4,1.08E-05,0.00137,0.00247,PD
5381,FRY-AS1,Excitatory Neurons (SubtypeA),47.4,0.144,0.286,0.504,0.614,0.916,0.907,PD
5382,RP11-141M1.3,Excitatory Neurons (SubtypeA),83.9,-0.287,0.382,-0.752,0.452,0.847,0.832,PD
5383,RP11-16D22.2,Excitatory Neurons (SubtypeA),31.9,-0.288,0.428,-0.673,0.501,0.884,0.862,PD
5384,LINC00457,Excitatory Neurons (SubtypeA),19.9,-0.188,0.592,-0.318,0.75,0.946,0.947,PD
5385,SPG20-AS1,Excitatory Neurons (SubtypeA),21.3,0.019,0.356,0.0535,0.957,0.991,0.991,PD
5386,LINC00571,Excitatory Neurons (SubtypeA),45.1,-0.354,0.331,-1.07,0.284,0.726,0.72,PD
5387,RP11-50D16.4,Excitatory Neurons (SubtypeA),25.1,-0.393,0.458,-0.858,0.391,0.808,0.798,PD
5388,LINC00598,Excitatory Neurons (SubtypeA),77.6,-0.197,0.271,-0.727,0.467,0.862,0.841,PD
5389,RP11-74J13.8,Excitatory Neurons (SubtypeA),27.5,0.27,0.331,0.813,0.416,0.817,0.813,PD
5390,SMIM2-AS1,Excitatory Neurons (SubtypeA),19.6,-0.758,0.449,-1.69,0.0918,0.43,0.459,PD
5391,TSC22D1-AS1,Excitatory Neurons (SubtypeA),35.4,-0.336,0.262,-1.28,0.201,0.643,0.641,PD
5392,LINC00407,Excitatory Neurons (SubtypeA),132,-0.477,0.199,-2.4,0.0164,0.192,0.206,PD
5393,RP11-321C24.1,Excitatory Neurons (SubtypeA),45.5,-0.0576,0.364,-0.158,0.874,0.989,0.979,PD
5394,RP11-290D2.3,Excitatory Neurons (SubtypeA),12.5,-0.729,0.387,-1.88,0.0599,NA,0.378,PD
5395,CPB2-AS1,Excitatory Neurons (SubtypeA),156,0.13,0.254,0.511,0.609,0.916,0.905,PD
5396,RP11-189B4.7,Excitatory Neurons (SubtypeA),18.9,0.615,0.565,1.09,0.277,0.714,0.715,PD
5397,DLEU2,Excitatory Neurons (SubtypeA),105,-0.368,0.438,-0.84,0.401,0.809,0.806,PD
5398,RNASEH2B-AS1,Excitatory Neurons (SubtypeA),18,-0.143,0.425,-0.336,0.737,0.941,0.944,PD
5399,INTS6-AS1,Excitatory Neurons (SubtypeA),74.6,0.125,0.237,0.529,0.597,0.911,0.901,PD
5400,RP11-384G23.1,Excitatory Neurons (SubtypeA),22.2,0.0918,0.329,0.279,0.78,0.952,0.955,PD
5401,PCDH9-AS1,Excitatory Neurons (SubtypeA),44.7,-0.721,0.566,-1.27,0.203,0.644,0.643,PD
5402,PCDH9-AS2,Excitatory Neurons (SubtypeA),103,0.0553,0.609,0.0908,0.928,0.99,0.986,PD
5403,ATXN8OS,Excitatory Neurons (SubtypeA),39.7,0.245,0.438,0.56,0.575,0.903,0.892,PD
5404,RP11-285E18.2,Excitatory Neurons (SubtypeA),12.7,0.323,0.351,0.919,0.358,NA,0.781,PD
5405,LMO7-AS1,Excitatory Neurons (SubtypeA),20,-0.0253,0.507,-0.0499,0.96,0.992,0.991,PD
5406,RNF219-AS1,Excitatory Neurons (SubtypeA),318,1.81,1.1,1.64,0.101,0.446,0.475,PD
5407,RBM26-AS1,Excitatory Neurons (SubtypeA),27.8,-0.297,0.302,-0.984,0.325,0.766,0.755,PD
5408,MIR4500HG,Excitatory Neurons (SubtypeA),215,-0.935,0.319,-2.93,0.0034,0.0747,0.082,PD
5409,DNAJC3-AS1,Excitatory Neurons (SubtypeA),87.8,0.68,0.31,2.2,0.028,0.249,0.269,PD
5410,RP11-12G12.7,Excitatory Neurons (SubtypeA),13,0.282,0.441,0.639,0.523,NA,0.872,PD
5411,NALCN-AS1,Excitatory Neurons (SubtypeA),14.5,0.823,0.472,1.75,0.081,0.395,0.439,PD
5412,LINC00443,Excitatory Neurons (SubtypeA),13.3,0.438,0.646,0.678,0.498,NA,0.861,PD
5413,RP11-40E6.1,Excitatory Neurons (SubtypeA),47.8,-0.277,0.251,-1.1,0.27,0.708,0.71,PD
5414,RP11-298I3.1,Excitatory Neurons (SubtypeA),22,-0.302,0.431,-0.701,0.484,0.869,0.851,PD
5415,DHRS4-AS1,Excitatory Neurons (SubtypeA),52.8,-0.0379,0.264,-0.143,0.886,0.99,0.98,PD
5416,RP11-314P15.2,Excitatory Neurons (SubtypeA),134,1.48,0.426,3.47,0.000525,0.0176,0.0254,PD
5417,NOVA1-AS1,Excitatory Neurons (SubtypeA),337,0.326,0.306,1.06,0.287,0.731,0.725,PD
5418,RP11-626P14.2,Excitatory Neurons (SubtypeA),49,0.252,0.396,0.636,0.525,0.888,0.872,PD
5419,RP11-384J4.2,Excitatory Neurons (SubtypeA),155,0.585,0.334,1.75,0.0796,0.391,0.435,PD
5420,RP11-159L20.2,Excitatory Neurons (SubtypeA),22,-0.873,0.464,-1.88,0.0599,0.337,0.378,PD
5421,RP11-829H16.3,Excitatory Neurons (SubtypeA),12.2,0.000605,0.42,0.00144,0.999,NA,0.999,PD
5422,CTD-2213F21.2,Excitatory Neurons (SubtypeA),10.7,0.124,0.465,0.266,0.79,NA,0.958,PD
5423,RP11-317N8.5,Excitatory Neurons (SubtypeA),24.6,0.252,0.526,0.479,0.632,0.917,0.913,PD
5424,LINC00609,Excitatory Neurons (SubtypeA),97.1,-0.374,0.442,-0.847,NA,NA,NA,PD
5425,PTCSC3,Excitatory Neurons (SubtypeA),13.3,-0.81,0.55,-1.47,0.141,NA,0.549,PD
5426,RP11-356O9.1,Excitatory Neurons (SubtypeA),16.1,0.274,0.373,0.734,0.463,0.858,0.84,PD
5427,CTD-2058B24.2,Excitatory Neurons (SubtypeA),77.4,-0.546,0.314,-1.74,0.0823,0.399,0.441,PD
5428,LINC00639,Excitatory Neurons (SubtypeA),23.9,-1.11,0.605,-1.84,0.0659,0.356,0.4,PD
5429,RP11-111A21.1,Excitatory Neurons (SubtypeA),82.4,-0.037,0.262,-0.141,0.888,0.99,0.98,PD
5430,CTD-2298J14.2,Excitatory Neurons (SubtypeA),39.5,0.373,0.305,1.22,0.222,0.673,0.669,PD
5431,RP11-214N1.1,Excitatory Neurons (SubtypeA),48.2,-0.154,0.238,-0.649,0.516,0.886,0.87,PD
5432,RP11-305B6.3,Excitatory Neurons (SubtypeA),20.2,-0.241,0.501,-0.482,0.63,0.917,0.913,PD
5433,LINC00871,Excitatory Neurons (SubtypeA),65.8,-1.21,0.392,-3.1,0.00195,0.0518,0.0614,PD
5434,LINC00648,Excitatory Neurons (SubtypeA),22.5,0.742,0.491,1.51,0.131,0.52,0.533,PD
5435,RP11-2G1.1,Excitatory Neurons (SubtypeA),17.8,0.38,0.386,0.983,0.326,0.766,0.755,PD
5436,RP11-596C23.6,Excitatory Neurons (SubtypeA),86.2,0.31,0.586,0.528,0.597,0.911,0.901,PD
5437,LINC01588,Excitatory Neurons (SubtypeA),52.3,0.842,0.376,2.24,0.0253,0.235,0.255,PD
5438,RP11-665C16.5,Excitatory Neurons (SubtypeA),17.6,0.555,0.438,1.27,0.205,0.644,0.645,PD
5439,KTN1-AS1,Excitatory Neurons (SubtypeA),111,0.166,0.166,0.999,0.318,0.759,0.749,PD
5440,RP11-813I20.2,Excitatory Neurons (SubtypeA),33.4,0.577,0.279,2.07,0.0388,0.285,0.319,PD
5441,OTX2-AS1,Excitatory Neurons (SubtypeA),143,1.05,0.923,1.14,0.253,0.693,0.694,PD
5442,RP11-517O13.3,Excitatory Neurons (SubtypeA),11.1,0.629,0.545,1.15,0.249,NA,0.69,PD
5443,RP11-517O13.1,Excitatory Neurons (SubtypeA),27.5,-0.0643,0.551,-0.117,0.907,0.99,0.983,PD
5444,RP11-16B13.1,Excitatory Neurons (SubtypeA),82.9,0.186,0.277,0.671,0.502,0.884,0.863,PD
5445,HIF1A-AS2,Excitatory Neurons (SubtypeA),41,-1.15,0.704,-1.63,NA,NA,NA,PD
5446,CTD-2555O16.2,Excitatory Neurons (SubtypeA),50.8,-0.0323,0.23,-0.141,0.888,0.99,0.98,PD
5447,RP11-973N13.4,Excitatory Neurons (SubtypeA),21.6,0.965,0.47,2.05,0.0399,0.287,0.323,PD
5448,RP11-72M17.1,Excitatory Neurons (SubtypeA),270,-0.378,0.236,-1.6,0.109,0.463,0.491,PD
5449,RP11-363J20.1,Excitatory Neurons (SubtypeA),30.9,0.787,0.463,1.7,0.0892,0.424,0.454,PD
5450,RP11-363J20.2,Excitatory Neurons (SubtypeA),49.9,0.137,0.208,0.662,0.508,0.885,0.864,PD
5451,RP11-486O13.2,Excitatory Neurons (SubtypeA),28.9,-0.134,0.314,-0.428,0.669,0.924,0.924,PD
5452,RP11-486O13.4,Excitatory Neurons (SubtypeA),513,-0.0173,0.132,-0.131,0.896,0.99,0.982,PD
5453,RP6-65G23.3,Excitatory Neurons (SubtypeA),34.4,-0.173,0.271,-0.636,0.525,0.888,0.872,PD
5454,RP1-261D10.2,Excitatory Neurons (SubtypeA),15.5,-0.0309,0.458,-0.0675,0.946,0.99,0.991,PD
5455,RP3-414A15.2,Excitatory Neurons (SubtypeA),31.8,0.129,0.288,0.448,0.654,0.917,0.919,PD
5456,RP3-414A15.10,Excitatory Neurons (SubtypeA),95.8,0.424,0.328,1.29,0.195,0.64,0.636,PD
5457,RP5-1021I20.5,Excitatory Neurons (SubtypeA),59.1,0.708,0.203,3.49,0.000477,0.0164,0.024,PD
5458,RP11-950C14.3,Excitatory Neurons (SubtypeA),20.6,0.121,0.35,0.345,0.73,0.941,0.942,PD
5459,RP11-950C14.7,Excitatory Neurons (SubtypeA),14.5,0.921,0.514,1.79,0.0731,0.372,0.415,PD
5460,RP11-187O7.3,Excitatory Neurons (SubtypeA),112,0.205,0.273,0.75,0.453,0.848,0.833,PD
5461,RP11-99E15.2,Excitatory Neurons (SubtypeA),94.4,0.221,0.308,0.717,0.474,0.863,0.845,PD
5462,RP11-488C13.5,Excitatory Neurons (SubtypeA),40.3,0.00365,0.355,0.0103,0.992,0.996,0.998,PD
5463,RP11-7F17.8,Excitatory Neurons (SubtypeA),20.2,-0.127,0.454,-0.279,0.78,0.952,0.955,PD
5464,RP11-242P2.2,Excitatory Neurons (SubtypeA),11.6,0.264,0.817,0.323,0.747,NA,0.946,PD
5465,RP11-242P2.1,Excitatory Neurons (SubtypeA),43.4,0.00506,0.629,0.00805,0.994,0.996,0.998,PD
5466,RP11-497E19.1,Excitatory Neurons (SubtypeA),21.5,0.0482,0.42,0.115,0.909,0.99,0.984,PD
5467,CTD-2341M24.1,Excitatory Neurons (SubtypeA),30.5,-0.197,0.36,-0.549,0.583,0.906,0.895,PD
5468,RP11-594C13.1,Excitatory Neurons (SubtypeA),32.7,-0.0432,0.357,-0.121,0.904,0.99,0.983,PD
5469,DICER1-AS1,Excitatory Neurons (SubtypeA),103,0.202,0.224,0.902,0.367,0.797,0.787,PD
5470,SNHG10,Excitatory Neurons (SubtypeA),17.3,0.238,0.391,0.61,0.542,0.89,0.877,PD
5471,RP11-433J8.1,Excitatory Neurons (SubtypeA),36.2,-0.324,0.302,-1.07,0.284,0.726,0.72,PD
5472,RP11-543C4.1,Excitatory Neurons (SubtypeA),32,-0.193,0.344,-0.561,0.575,0.903,0.892,PD
5473,RP11-638I2.4,Excitatory Neurons (SubtypeA),42.9,-0.346,0.445,-0.777,0.437,0.836,0.825,PD
5474,MEG3,Excitatory Neurons (SubtypeA),393,-0.326,0.309,-1.06,0.291,0.733,0.729,PD
5475,RP11-123M6.2,Excitatory Neurons (SubtypeA),228,-0.199,0.608,-0.327,0.743,0.941,0.944,PD
5476,MEG8,Excitatory Neurons (SubtypeA),154,-0.176,0.147,-1.2,0.231,0.673,0.675,PD
5477,SNHG23,Excitatory Neurons (SubtypeA),2620,-0.0853,0.159,-0.536,0.592,0.906,0.899,PD
5478,MEG9,Excitatory Neurons (SubtypeA),69.5,-0.105,0.202,-0.521,0.602,0.914,0.903,PD
5479,RP11-1029J19.5,Excitatory Neurons (SubtypeA),23.5,-0.807,0.366,-2.2,0.0276,0.248,0.268,PD
5480,RP11-894P9.1,Excitatory Neurons (SubtypeA),17.1,0.38,0.964,0.394,0.693,0.928,0.932,PD
5481,RP11-260M19.2,Excitatory Neurons (SubtypeA),176,0.125,0.273,0.456,0.648,0.917,0.919,PD
5482,RP11-521B24.3,Excitatory Neurons (SubtypeA),11.3,0.27,0.401,0.672,0.502,NA,0.862,PD
5483,RP11-173D3.1,Excitatory Neurons (SubtypeA),159,-0.235,0.457,-0.514,0.607,0.916,0.905,PD
5484,RP11-403B2.7,Excitatory Neurons (SubtypeA),76.1,-0.0242,0.425,-0.0568,0.955,0.99,0.991,PD
5485,LINC01193,Excitatory Neurons (SubtypeA),50.2,-0.713,0.484,-1.47,0.141,0.538,0.548,PD
5486,RP11-32B5.7,Excitatory Neurons (SubtypeA),38.1,1.38,0.492,2.81,0.00492,0.0942,0.103,PD
5487,RP11-484P15.1,Excitatory Neurons (SubtypeA),232,0.65,0.265,2.45,0.0143,0.177,0.191,PD
5488,PWRN4,Excitatory Neurons (SubtypeA),118,0.571,0.342,1.67,0.0948,0.433,0.462,PD
5489,RP11-580I1.1,Excitatory Neurons (SubtypeA),79.4,0.352,0.347,1.02,0.31,0.749,0.741,PD
5490,RP11-580I1.2,Excitatory Neurons (SubtypeA),164,0.432,0.271,1.6,0.111,0.469,0.493,PD
5491,RP11-107D24.2,Excitatory Neurons (SubtypeA),19.5,0.696,0.575,1.21,0.226,0.673,0.672,PD
5492,PWRN3,Excitatory Neurons (SubtypeA),118,-0.157,0.395,-0.398,0.69,0.928,0.931,PD
5493,PWRN1,Excitatory Neurons (SubtypeA),1290,0.03,0.224,0.134,0.893,0.99,0.981,PD
5494,PWAR6,Excitatory Neurons (SubtypeA),1670,0.207,0.247,0.838,0.402,0.809,0.806,PD
5495,AC124997.1,Excitatory Neurons (SubtypeA),15.8,-0.501,0.514,-0.973,0.33,0.768,0.758,PD
5496,DKFZP434L187,Excitatory Neurons (SubtypeA),16.7,2.09,0.469,4.45,8.63E-06,0.00126,0.00215,PD
5497,RP11-932O9.7,Excitatory Neurons (SubtypeA),14,0.171,0.382,0.448,0.654,0.917,0.919,PD
5498,RP11-16E12.1,Excitatory Neurons (SubtypeA),16.9,-1.1,0.441,-2.5,0.0123,0.16,0.176,PD
5499,RP11-1000B6.3,Excitatory Neurons (SubtypeA),322,0.416,0.241,1.73,0.0843,0.404,0.444,PD
5500,RP11-1000B6.8,Excitatory Neurons (SubtypeA),56.8,0.208,0.328,0.632,0.527,0.888,0.873,PD
5501,RP11-3D4.3,Excitatory Neurons (SubtypeA),18.2,-0.289,0.331,-0.873,0.383,0.803,0.794,PD
5502,RP11-3D4.2,Excitatory Neurons (SubtypeA),35.5,-0.211,0.32,-0.66,0.51,0.885,0.865,PD
5503,RP11-814P5.1,Excitatory Neurons (SubtypeA),89.8,0.0206,0.247,0.0836,0.933,0.99,0.987,PD
5504,RP11-323I15.5,Excitatory Neurons (SubtypeA),271,-0.629,0.35,-1.8,0.0722,0.372,0.414,PD
5505,DPH6-AS1,Excitatory Neurons (SubtypeA),647,0.668,0.25,2.67,0.00756,0.119,0.133,PD
5506,RP11-184D12.1,Excitatory Neurons (SubtypeA),14.5,0.848,0.633,1.34,0.181,0.61,0.614,PD
5507,RP11-128A17.1,Excitatory Neurons (SubtypeA),24.1,1.27,0.564,2.24,0.0248,0.232,0.254,PD
5508,RP11-720L8.1,Excitatory Neurons (SubtypeA),25,-0.167,0.626,-0.267,0.789,0.955,0.958,PD
5509,RP11-624L4.1,Excitatory Neurons (SubtypeA),456,-0.347,0.207,-1.67,0.0947,0.433,0.462,PD
5510,SRP14-AS1,Excitatory Neurons (SubtypeA),30.4,0.914,0.436,2.1,0.036,0.273,0.306,PD
5511,INAFM2,Excitatory Neurons (SubtypeA),27.6,0.184,0.47,0.392,0.695,0.928,0.932,PD
5512,RP11-111A22.1,Excitatory Neurons (SubtypeA),13.4,0.0173,0.511,0.0338,0.973,NA,0.993,PD
5513,RP11-540O11.6,Excitatory Neurons (SubtypeA),13.6,-0.35,0.611,-0.572,0.567,NA,0.888,PD
5514,RP11-516C1.1,Excitatory Neurons (SubtypeA),41.1,0.0316,0.367,0.0859,0.932,0.99,0.987,PD
5515,EIF3J-AS1,Excitatory Neurons (SubtypeA),118,0.298,0.332,0.898,0.369,0.799,0.789,PD
5516,RP11-519G16.2,Excitatory Neurons (SubtypeA),11.8,0.336,0.504,0.667,0.505,NA,0.863,PD
5517,CTD-2651B20.3,Excitatory Neurons (SubtypeA),31.5,-1.12,0.567,-1.98,0.0474,0.307,0.347,PD
5518,RP11-718O11.1,Excitatory Neurons (SubtypeA),66.8,-0.59,0.303,-1.95,0.0513,0.32,0.358,PD
5519,CTD-2050N2.1,Excitatory Neurons (SubtypeA),12.1,-0.638,0.791,-0.807,0.42,NA,0.815,PD
5520,RP11-154J22.1,Excitatory Neurons (SubtypeA),12.9,0.332,0.416,0.798,0.425,NA,0.821,PD
5521,GABPB1-AS1,Excitatory Neurons (SubtypeA),404,-0.177,0.375,-0.473,0.636,0.917,0.913,PD
5522,CTD-2378E12.1,Excitatory Neurons (SubtypeA),155,0.0603,0.18,0.336,0.737,0.941,0.944,PD
5523,RP11-108K3.1,Excitatory Neurons (SubtypeA),20.3,-0.71,0.387,-1.83,0.0667,0.357,0.401,PD
5524,RP11-707P17.1,Excitatory Neurons (SubtypeA),25.7,0.355,0.429,0.828,0.408,0.81,0.808,PD
5525,RP11-430B1.2,Excitatory Neurons (SubtypeA),20.4,0.0937,0.403,0.232,0.816,0.967,0.965,PD
5526,RP11-1129I3.1,Excitatory Neurons (SubtypeA),76,1.11,0.242,4.6,4.25E-06,0.000777,0.00139,PD
5527,RORA-AS1,Excitatory Neurons (SubtypeA),76,0.4,0.322,1.24,0.215,0.662,0.661,PD
5528,RP11-39M21.1,Excitatory Neurons (SubtypeA),65.5,1.03,0.573,1.79,0.0727,0.372,0.414,PD
5529,RP11-507B12.2,Excitatory Neurons (SubtypeA),35.3,0.125,0.697,0.179,0.858,0.983,0.977,PD
5530,RP11-16B9.1,Excitatory Neurons (SubtypeA),36.7,0.228,0.541,0.421,0.674,0.924,0.925,PD
5531,USP3-AS1,Excitatory Neurons (SubtypeA),143,0.209,0.197,1.06,0.289,0.732,0.726,PD
5532,RP11-317G6.1,Excitatory Neurons (SubtypeA),50.1,-0.0406,0.59,-0.0689,0.945,0.99,0.99,PD
5533,RP11-653J6.1,Excitatory Neurons (SubtypeA),20.1,0.831,0.398,2.09,0.0366,0.273,0.308,PD
5534,IQCH-AS1,Excitatory Neurons (SubtypeA),82.2,0.427,0.247,1.73,0.084,0.404,0.444,PD
5535,DRAIC,Excitatory Neurons (SubtypeA),136,-0.00341,0.229,-0.0149,0.988,0.996,0.997,PD
5536,THSD4-AS1,Excitatory Neurons (SubtypeA),83.5,-0.315,0.317,-0.995,0.32,0.76,0.751,PD
5537,RP11-390D11.1,Excitatory Neurons (SubtypeA),16.5,-0.0676,0.565,-0.12,0.905,0.99,0.983,PD
5538,RP11-106M3.3,Excitatory Neurons (SubtypeA),59,0.0447,0.404,0.111,0.912,0.99,0.984,PD
5539,RP11-1007O24.3,Excitatory Neurons (SubtypeA),44.2,0.884,0.238,3.72,0.000201,0.0102,0.0151,PD
5540,DNM1P35,Excitatory Neurons (SubtypeA),19.1,-0.257,0.356,-0.722,0.471,0.863,0.843,PD
5541,ANKRD34C-AS1,Excitatory Neurons (SubtypeA),650,0.248,0.137,1.8,0.0711,0.372,0.411,PD
5542,RP11-210M15.2,Excitatory Neurons (SubtypeA),85,-0.572,0.245,-2.34,0.0195,0.202,0.221,PD
5543,RP11-351M8.2,Excitatory Neurons (SubtypeA),50.3,-1.04,0.254,-4.1,4.07E-05,0.00394,0.00585,PD
5544,TMC3-AS1,Excitatory Neurons (SubtypeA),63.2,-0.107,0.223,-0.482,0.63,0.917,0.913,PD
5545,CTD-2034I4.1,Excitatory Neurons (SubtypeA),32.4,-0.273,0.319,-0.853,0.393,0.808,0.8,PD
5546,RP11-499F3.2,Excitatory Neurons (SubtypeA),28.8,-0.12,0.429,-0.28,0.78,0.952,0.955,PD
5547,RP11-379H8.1,Excitatory Neurons (SubtypeA),37.1,-0.361,0.702,-0.515,0.607,0.916,0.905,PD
5548,CPEB1-AS1,Excitatory Neurons (SubtypeA),33.3,-0.248,0.372,-0.665,0.506,0.885,0.864,PD
5549,SNHG21,Excitatory Neurons (SubtypeA),35.2,0.0814,0.345,0.236,0.813,0.966,0.964,PD
5550,RP11-382A20.5,Excitatory Neurons (SubtypeA),29.4,0.117,0.397,0.295,0.768,0.948,0.952,PD
5551,RP11-382A20.4,Excitatory Neurons (SubtypeA),114,-0.0317,0.186,-0.17,0.865,0.985,0.977,PD
5552,RP11-182J1.18,Excitatory Neurons (SubtypeA),35.1,0.227,0.242,0.936,0.349,0.779,0.772,PD
5553,RP11-815J21.4,Excitatory Neurons (SubtypeA),15.8,-0.031,0.479,-0.0647,0.948,0.99,0.991,PD
5554,RP11-648K4.2,Excitatory Neurons (SubtypeA),13.2,0.13,0.363,0.358,0.72,NA,0.939,PD
5555,LINC01586,Excitatory Neurons (SubtypeA),13.7,0.00859,0.473,0.0181,0.986,NA,0.996,PD
5556,MIR9-3HG,Excitatory Neurons (SubtypeA),53.8,-0.883,0.288,-3.07,0.00216,0.0542,0.0647,PD
5557,RP11-617F23.1,Excitatory Neurons (SubtypeA),14.7,-0.582,0.53,-1.1,0.272,0.709,0.71,PD
5558,CRTC3-AS1,Excitatory Neurons (SubtypeA),30,-0.0313,0.305,-0.103,0.918,0.99,0.985,PD
5559,PRC1-AS1,Excitatory Neurons (SubtypeA),57.8,0.254,0.244,1.04,0.297,0.739,0.733,PD
5560,CRAT37,Excitatory Neurons (SubtypeA),41.1,0.875,0.416,2.11,0.0353,0.271,0.305,PD
5561,RP11-152L20.3,Excitatory Neurons (SubtypeA),19.8,0.238,0.551,0.431,0.667,0.924,0.924,PD
5562,RP11-266O8.1,Excitatory Neurons (SubtypeA),229,0.811,0.279,2.91,0.00363,0.0766,0.0846,PD
5563,RP11-739G5.1,Excitatory Neurons (SubtypeA),412,0.659,0.283,2.33,0.02,0.203,0.224,PD
5564,LINC01579,Excitatory Neurons (SubtypeA),20.5,0.368,0.508,0.725,0.469,0.863,0.842,PD
5565,RP11-76E17.3,Excitatory Neurons (SubtypeA),14.1,0.785,0.431,1.82,0.0683,0.362,0.403,PD
5566,LINC01580,Excitatory Neurons (SubtypeA),35.4,0.852,0.356,2.4,0.0166,0.192,0.206,PD
5567,LINC01197,Excitatory Neurons (SubtypeA),308,0.214,0.28,0.764,0.445,0.841,0.828,PD
5568,RP11-759A24.3,Excitatory Neurons (SubtypeA),23,-0.885,0.599,-1.48,0.14,0.538,0.546,PD
5569,NR2F2-AS1,Excitatory Neurons (SubtypeA),449,-1.32,0.446,-2.96,0.0031,0.0711,0.079,PD
5570,RP11-522B15.3,Excitatory Neurons (SubtypeA),15.5,-2.28,0.513,-4.44,9.21E-06,0.00126,0.00223,PD
5571,CTD-2147F2.2,Excitatory Neurons (SubtypeA),34.7,-0.612,0.344,-1.78,0.0756,0.378,0.422,PD
5572,LINC00923,Excitatory Neurons (SubtypeA),268,-1.19,0.229,-5.17,2.29E-07,9.40E-05,0.000176,PD
5573,CTD-2544M6.1,Excitatory Neurons (SubtypeA),86.2,-1.38,0.251,-5.51,3.66E-08,2.01E-05,3.88E-05,PD
5574,RP11-654A16.3,Excitatory Neurons (SubtypeA),143,-0.337,0.227,-1.49,0.137,0.532,0.543,PD
5575,RP11-6O2.3,Excitatory Neurons (SubtypeA),14.4,0.413,0.428,0.963,0.335,0.768,0.762,PD
5576,CTD-2054N24.2,Excitatory Neurons (SubtypeA),133,0.0169,0.398,0.0426,0.966,0.992,0.991,PD
5577,RP11-505E24.2,Excitatory Neurons (SubtypeA),42.7,0.0316,0.312,0.101,0.919,0.99,0.985,PD
5578,CAPN15,Excitatory Neurons (SubtypeA),68.4,0.0258,0.199,0.129,0.897,0.99,0.982,PD
5579,MEIOB,Excitatory Neurons (SubtypeA),16.2,-0.709,0.474,-1.5,0.134,0.526,0.539,PD
5580,SNHG9,Excitatory Neurons (SubtypeA),51.9,0.143,0.522,0.274,0.784,0.952,0.956,PD
5581,SNHG19,Excitatory Neurons (SubtypeA),41.7,-0.2,0.424,-0.472,0.637,0.917,0.914,PD
5582,MIR940,Excitatory Neurons (SubtypeA),11.5,-0.149,0.483,-0.309,0.757,NA,0.948,PD
5583,RP11-20I23.6,Excitatory Neurons (SubtypeA),36.7,-0.0698,0.379,-0.184,0.854,0.983,0.975,PD
5584,LA16c-321D4.2,Excitatory Neurons (SubtypeA),11.7,-0.436,0.532,-0.82,0.412,NA,0.81,PD
5585,MMP25-AS1,Excitatory Neurons (SubtypeA),54.1,0.0679,0.218,0.311,0.756,0.946,0.948,PD
5586,ZNF213-AS1,Excitatory Neurons (SubtypeA),74.6,-0.144,0.202,-0.713,0.476,0.865,0.847,PD
5587,AJ003147.9,Excitatory Neurons (SubtypeA),58.1,-0.136,0.283,-0.48,0.631,0.917,0.913,PD
5588,LA16c-390H2.4,Excitatory Neurons (SubtypeA),16.1,0.312,0.435,0.719,0.472,0.863,0.845,PD
5589,RP11-10K17.6,Excitatory Neurons (SubtypeA),43.1,-0.278,0.296,-0.937,0.349,0.779,0.772,PD
5590,RP11-77H9.2,Excitatory Neurons (SubtypeA),13.5,-0.358,0.404,-0.886,0.376,NA,0.792,PD
5591,RP11-243A14.1,Excitatory Neurons (SubtypeA),21.7,-0.242,0.418,-0.579,0.563,0.9,0.887,PD
5592,RP11-418I22.2,Excitatory Neurons (SubtypeA),13.8,-0.0928,0.398,-0.233,0.816,0.967,0.965,PD
5593,RP11-418I22.3,Excitatory Neurons (SubtypeA),18.9,-0.484,0.38,-1.28,0.202,0.643,0.643,PD
5594,RP11-66H6.3,Excitatory Neurons (SubtypeA),16.9,-0.317,0.621,-0.51,0.61,0.916,0.906,PD
5595,RP11-396B14.2,Excitatory Neurons (SubtypeA),16.4,0.297,0.443,0.67,0.503,0.884,0.863,PD
5596,RP11-166B2.8,Excitatory Neurons (SubtypeA),92.2,0.175,0.176,0.996,0.319,0.76,0.75,PD
5597,U91319.1,Excitatory Neurons (SubtypeA),427,-0.314,0.167,-1.88,0.0605,0.338,0.38,PD
5598,CTA-276F8.2,Excitatory Neurons (SubtypeA),30.8,0.619,0.649,0.954,0.34,0.773,0.765,PD
5599,MIR193BHG,Excitatory Neurons (SubtypeA),48.3,-0.236,0.288,-0.817,0.414,0.814,0.812,PD
5600,RP11-65J21.4,Excitatory Neurons (SubtypeA),19.7,0.392,0.478,0.82,0.412,0.812,0.81,PD
5601,CTD-2380F24.1,Excitatory Neurons (SubtypeA),11.8,0.783,0.52,1.51,0.132,NA,0.536,PD
5602,LINC01567,Excitatory Neurons (SubtypeA),27.4,0.21,0.454,0.463,0.644,0.917,0.917,PD
5603,CTD-2515A14.1,Excitatory Neurons (SubtypeA),43.1,0.236,0.489,0.482,0.63,0.917,0.913,PD
5604,CTD-2547G23.4,Excitatory Neurons (SubtypeA),32.8,-0.307,0.26,-1.18,0.237,0.679,0.68,PD
5605,FLJ21408,Excitatory Neurons (SubtypeA),29.7,-0.109,0.298,-0.366,0.714,0.939,0.937,PD
5606,RP11-22P6.2,Excitatory Neurons (SubtypeA),27.3,0.246,0.407,0.604,0.546,0.891,0.879,PD
5607,RP11-426C22.5,Excitatory Neurons (SubtypeA),95.9,-0.0501,0.392,-0.128,0.898,0.99,0.982,PD
5608,RP11-146F11.5,Excitatory Neurons (SubtypeA),25.2,0.158,0.34,0.464,0.642,0.917,0.916,PD
5609,MIR762HG,Excitatory Neurons (SubtypeA),38.9,0.0598,0.23,0.26,0.795,0.956,0.959,PD
5610,RP11-196G11.2,Excitatory Neurons (SubtypeA),25.4,-0.206,0.371,-0.555,0.579,0.903,0.893,PD
5611,RP11-452L6.1,Excitatory Neurons (SubtypeA),43,-0.396,0.25,-1.58,0.114,0.478,0.501,PD
5612,RP11-19N8.4,Excitatory Neurons (SubtypeA),27.2,0.608,0.399,1.52,0.128,0.516,0.529,PD
5613,RP11-23E10.3,Excitatory Neurons (SubtypeA),13.1,-0.0334,0.395,-0.0846,0.933,NA,0.987,PD
5614,RP11-523L20.2,Excitatory Neurons (SubtypeA),54.4,-0.262,0.512,-0.512,0.608,0.916,0.905,PD
5615,AC140542.2,Excitatory Neurons (SubtypeA),16.4,0.353,0.473,0.746,0.455,0.851,0.835,PD
5616,RP11-42I10.1,Excitatory Neurons (SubtypeA),32.8,0.0953,0.373,0.255,0.799,0.957,0.96,PD
5617,CRNDE,Excitatory Neurons (SubtypeA),186,0.209,0.498,0.42,0.675,0.925,0.926,PD
5618,RP11-461O7.1,Excitatory Neurons (SubtypeA),186,-0.133,0.171,-0.777,0.437,0.836,0.825,PD
5619,RP11-343H19.1,Excitatory Neurons (SubtypeA),37.7,-0.00328,0.283,-0.0116,0.991,0.996,0.998,PD
5620,RP11-481J2.4,Excitatory Neurons (SubtypeA),19.4,-0.209,0.379,-0.551,0.582,0.905,0.895,PD
5621,RP11-410D17.2,Excitatory Neurons (SubtypeA),369,-0.487,0.217,-2.25,0.0246,0.232,0.254,PD
5622,RP11-430C1.1,Excitatory Neurons (SubtypeA),34.1,-0.853,0.366,-2.33,0.0198,0.202,0.223,PD
5623,RP11-368L12.1,Excitatory Neurons (SubtypeA),164,-0.774,0.437,-1.77,0.0767,0.381,0.425,PD
5624,RP11-467L24.1,Excitatory Neurons (SubtypeA),12.3,-0.744,0.555,-1.34,0.18,NA,0.613,PD
5625,LINC00922,Excitatory Neurons (SubtypeA),42,-0.914,0.448,-2.04,0.0411,0.287,0.326,PD
5626,RP11-297D21.4,Excitatory Neurons (SubtypeA),133,0.0285,0.267,0.107,0.915,0.99,0.984,PD
5627,CTD-2012K14.8,Excitatory Neurons (SubtypeA),29.9,0.0458,0.267,0.172,0.864,0.984,0.977,PD
5628,CTD-2012K14.6,Excitatory Neurons (SubtypeA),67.9,-0.248,0.309,-0.803,0.422,0.822,0.817,PD
5629,RP11-615I2.6,Excitatory Neurons (SubtypeA),27.4,-0.0943,0.503,-0.188,0.851,0.983,0.974,PD
5630,CTD-2033A16.3,Excitatory Neurons (SubtypeA),18.2,0.598,0.398,1.5,0.133,0.525,0.537,PD
5631,RP11-296I10.3,Excitatory Neurons (SubtypeA),24,0.214,0.634,0.338,0.735,0.941,0.943,PD
5632,RP11-510M2.1,Excitatory Neurons (SubtypeA),14.4,0.122,0.431,0.283,0.777,0.952,0.954,PD
5633,LINC01572,Excitatory Neurons (SubtypeA),128,0.211,0.207,1.02,0.307,0.749,0.74,PD
5634,AC004158.3,Excitatory Neurons (SubtypeA),301,0.286,0.17,1.68,0.0924,0.431,0.459,PD
5635,RP5-991G20.1,Excitatory Neurons (SubtypeA),61.2,0.0948,0.242,0.392,0.695,0.928,0.932,PD
5636,AC140912.1,Excitatory Neurons (SubtypeA),75.6,0.785,0.327,2.4,0.0164,0.192,0.205,PD
5637,LINC01568,Excitatory Neurons (SubtypeA),37.3,1.2,0.502,2.39,0.0167,0.192,0.207,PD
5638,CTD-2009A10.1,Excitatory Neurons (SubtypeA),89.7,1.29,0.28,4.61,4.05E-06,0.000777,0.00138,PD
5639,AC009120.4,Excitatory Neurons (SubtypeA),197,-0.614,0.291,-2.11,0.0348,0.271,0.305,PD
5640,RP11-150D5.2,Excitatory Neurons (SubtypeA),15.5,-0.513,0.503,-1.02,0.308,0.749,0.741,PD
5641,CTD-2336H13.2,Excitatory Neurons (SubtypeA),72.3,0.498,0.425,1.17,0.241,0.682,0.683,PD
5642,RP11-679B19.1,Excitatory Neurons (SubtypeA),24,2.17,0.55,3.94,8.17E-05,0.0064,0.00888,PD
5643,RP11-525K10.3,Excitatory Neurons (SubtypeA),34,-0.771,0.404,-1.91,0.0565,0.327,0.369,PD
5644,PRCAT47,Excitatory Neurons (SubtypeA),32.1,-0.404,0.279,-1.45,0.148,0.554,0.561,PD
5645,RP11-55K13.1,Excitatory Neurons (SubtypeA),26.8,-0.164,0.328,-0.5,0.617,0.916,0.907,PD
5646,RP11-510J16.5,Excitatory Neurons (SubtypeA),119,0.193,0.311,0.62,0.535,0.888,0.875,PD
5647,RP11-517C16.2,Excitatory Neurons (SubtypeA),18.1,-0.119,0.387,-0.307,0.759,0.946,0.949,PD
5648,RP11-482M8.1,Excitatory Neurons (SubtypeA),13.7,-0.252,0.423,-0.595,0.552,NA,0.88,PD
5649,RP11-863P13.5,Excitatory Neurons (SubtypeA),27.5,-1.58,0.599,-2.64,0.00837,0.125,0.141,PD
5650,LA16c-444G7.1,Excitatory Neurons (SubtypeA),20,-0.439,0.385,-1.14,0.254,0.693,0.695,PD
5651,RP11-21B21.4,Excitatory Neurons (SubtypeA),32.3,-0.0604,0.279,-0.216,0.829,0.976,0.968,PD
5652,SNAI3-AS1,Excitatory Neurons (SubtypeA),78.9,0.108,0.275,0.392,0.695,0.928,0.932,PD
5653,CTD-2555A7.2,Excitatory Neurons (SubtypeA),15,-0.469,0.577,-0.812,0.417,0.817,0.813,PD
5654,RP11-46C24.7,Excitatory Neurons (SubtypeA),15.8,-0.101,0.369,-0.274,0.784,0.952,0.956,PD
5655,RP11-104N10.1,Excitatory Neurons (SubtypeA),12.7,-0.00715,0.391,-0.0183,0.985,NA,0.996,PD
5656,FAM157C,Excitatory Neurons (SubtypeA),314,-0.662,0.301,-2.2,0.0275,0.248,0.267,PD
5657,RP11-356C4.5,Excitatory Neurons (SubtypeA),17.1,0.121,0.77,0.157,0.875,0.989,0.979,PD
5658,AC137934.1,Excitatory Neurons (SubtypeA),64.1,-0.112,0.259,-0.432,0.666,0.924,0.923,PD
5659,RP11-1228E12.2,Excitatory Neurons (SubtypeA),30.8,0.121,0.344,0.353,0.724,0.939,0.939,PD
5660,RP5-1029F21.4,Excitatory Neurons (SubtypeA),17.5,-0.42,0.717,-0.586,0.558,0.898,0.885,PD
5661,MIR22HG,Excitatory Neurons (SubtypeA),16.1,-0.626,0.329,-1.9,0.0571,0.33,0.371,PD
5662,RP11-74E22.8,Excitatory Neurons (SubtypeA),37.9,0.145,0.352,0.411,0.681,0.926,0.929,PD
5663,RP11-333E1.1,Excitatory Neurons (SubtypeA),274,-0.0276,0.234,-0.118,0.906,0.99,0.983,PD
5664,C17orf100,Excitatory Neurons (SubtypeA),81.7,0.308,0.245,1.26,0.209,0.648,0.651,PD
5665,ALOX12-AS1,Excitatory Neurons (SubtypeA),261,-0.156,0.179,-0.873,0.383,0.803,0.794,PD
5666,RP11-85B7.4,Excitatory Neurons (SubtypeA),16.2,0.276,0.472,0.584,0.559,0.898,0.885,PD
5667,TMEM220-AS1,Excitatory Neurons (SubtypeA),29.5,-0.0097,0.39,-0.0248,0.98,0.994,0.994,PD
5668,RP11-1096G20.5,Excitatory Neurons (SubtypeA),27.8,0.0244,0.302,0.0809,0.935,0.99,0.988,PD
5669,RP11-131K5.1,Excitatory Neurons (SubtypeA),24,-0.341,0.304,-1.12,0.262,0.702,0.7,PD
5670,AC005224.2,Excitatory Neurons (SubtypeA),22,0.464,0.366,1.27,0.205,0.644,0.646,PD
5671,RP11-849N15.4,Excitatory Neurons (SubtypeA),27.3,-0.428,0.317,-1.35,0.177,0.603,0.608,PD
5672,CTD-3157E16.2,Excitatory Neurons (SubtypeA),13.8,0.401,0.528,0.759,0.448,0.842,0.83,PD
5673,RP11-524F11.2,Excitatory Neurons (SubtypeA),30.5,-0.166,0.289,-0.575,0.565,0.901,0.888,PD
5674,SMCR5,Excitatory Neurons (SubtypeA),24.5,0.627,0.323,1.94,0.0524,0.32,0.36,PD
5675,RP11-258F1.1,Excitatory Neurons (SubtypeA),13,-0.531,0.394,-1.35,0.178,NA,0.609,PD
5676,RP11-160E2.6,Excitatory Neurons (SubtypeA),20.5,0.696,0.539,1.29,0.196,0.64,0.637,PD
5677,AC004448.5,Excitatory Neurons (SubtypeA),12.9,0.0893,0.459,0.194,0.846,NA,0.972,PD
5678,AC004702.2,Excitatory Neurons (SubtypeA),17.5,0.743,0.462,1.61,0.108,0.459,0.488,PD
5679,CCDC144NL-AS1,Excitatory Neurons (SubtypeA),106,-0.894,0.441,-2.03,0.0423,0.29,0.328,PD
5680,AC087294.2,Excitatory Neurons (SubtypeA),32.3,0.178,0.333,0.535,0.592,0.906,0.899,PD
5681,RP11-192H23.6,Excitatory Neurons (SubtypeA),31.1,0.539,0.488,1.1,0.269,0.708,0.709,PD
5682,ABHD15-AS1,Excitatory Neurons (SubtypeA),48.5,-0.274,0.448,-0.61,0.542,0.89,0.877,PD
5683,RP11-82O19.1,Excitatory Neurons (SubtypeA),46.5,-0.207,0.456,-0.453,0.65,0.917,0.919,PD
5684,RP11-1148O4.2,Excitatory Neurons (SubtypeA),23.4,0.698,0.373,1.87,0.0613,0.34,0.383,PD
5685,CTD-2349P21.5,Excitatory Neurons (SubtypeA),61.8,-0.918,0.42,-2.18,0.029,0.253,0.275,PD
5686,CTD-2349P21.9,Excitatory Neurons (SubtypeA),23.3,-0.329,0.399,-0.824,0.41,0.81,0.809,PD
5687,CTD-2349P21.12,Excitatory Neurons (SubtypeA),18.5,0.626,0.515,1.21,0.224,0.673,0.671,PD
5688,CTD-2349P21.11,Excitatory Neurons (SubtypeA),63.7,0.204,0.279,0.733,0.463,0.858,0.84,PD
5689,CTC-542B22.2,Excitatory Neurons (SubtypeA),13.8,0.0661,0.572,0.116,0.908,0.99,0.984,PD
5690,RP11-227G15.11,Excitatory Neurons (SubtypeA),16.9,-0.262,0.333,-0.789,0.43,0.833,0.824,PD
5691,RP11-227G15.8,Excitatory Neurons (SubtypeA),19.8,-0.381,0.491,-0.777,0.437,0.836,0.825,PD
5692,RP11-227G15.12,Excitatory Neurons (SubtypeA),18.6,-0.284,0.475,-0.599,0.549,0.893,0.879,PD
5693,RP11-227G15.9,Excitatory Neurons (SubtypeA),10.9,-0.555,0.464,-1.19,0.232,NA,0.676,PD
5694,RP11-1094M14.11,Excitatory Neurons (SubtypeA),50.8,-0.524,0.271,-1.93,0.0534,0.32,0.361,PD
5695,AC015849.19,Excitatory Neurons (SubtypeA),29.8,0.174,0.53,0.328,0.743,0.941,0.944,PD
5696,AC015849.2,Excitatory Neurons (SubtypeA),20.3,0.772,0.379,2.04,0.0418,0.289,0.327,PD
5697,AC131056.3,Excitatory Neurons (SubtypeA),34.9,0.105,0.516,0.203,0.839,0.976,0.97,PD
5698,RP11-445F12.1,Excitatory Neurons (SubtypeA),69.7,-0.387,0.248,-1.56,0.12,0.495,0.514,PD
5699,RP11-697E22.2,Excitatory Neurons (SubtypeA),12.4,-0.171,0.389,-0.44,0.66,NA,0.921,PD
5700,RP11-400F19.6,Excitatory Neurons (SubtypeA),11.4,0.261,0.494,0.529,0.597,NA,0.901,PD
5701,CTD-3193K9.4,Excitatory Neurons (SubtypeA),48.8,0.268,0.436,0.615,0.539,0.889,0.877,PD
5702,RP11-392O1.4,Excitatory Neurons (SubtypeA),50.8,-0.488,0.322,-1.52,0.13,0.518,0.532,PD
5703,ASB16-AS1,Excitatory Neurons (SubtypeA),28.1,0.00213,0.274,0.00776,0.994,0.996,0.998,PD
5704,RP5-882C2.2,Excitatory Neurons (SubtypeA),16.9,0.162,0.365,0.445,0.657,0.918,0.92,PD
5705,RUNDC3A-AS1,Excitatory Neurons (SubtypeA),41,0.238,0.375,0.633,0.527,0.888,0.873,PD
5706,AC002117.1,Excitatory Neurons (SubtypeA),53.7,-0.612,0.325,-1.88,0.0602,0.337,0.378,PD
5707,CTD-2020K17.1,Excitatory Neurons (SubtypeA),137,-0.00998,0.223,-0.0448,0.964,0.992,0.991,PD
5708,CTD-2020K17.3,Excitatory Neurons (SubtypeA),31.9,-0.11,0.276,-0.4,0.689,0.928,0.931,PD
5709,MAP3K14,Excitatory Neurons (SubtypeA),101,0.212,0.337,0.628,0.53,0.888,0.873,PD
5710,CRHR1,Excitatory Neurons (SubtypeA),325,-0.365,0.206,-1.77,0.0769,0.381,0.425,PD
5711,MAPT-AS1,Excitatory Neurons (SubtypeA),106,-0.101,0.329,-0.308,0.758,0.946,0.948,PD
5712,THCAT158,Excitatory Neurons (SubtypeA),13.2,0.597,0.4,1.49,0.136,NA,0.54,PD
5713,CTD-2026D20.2,Excitatory Neurons (SubtypeA),63.7,0.171,0.25,0.685,0.494,0.881,0.858,PD
5714,RP11-580I16.2,Excitatory Neurons (SubtypeA),127,0.212,0.218,0.976,0.329,0.768,0.758,PD
5715,SP2-AS1,Excitatory Neurons (SubtypeA),21.1,-0.228,0.32,-0.711,0.477,0.866,0.848,PD
5716,AC091133.1,Excitatory Neurons (SubtypeA),15.9,-0.0704,0.347,-0.203,0.839,0.976,0.97,PD
5717,RP11-481C4.1,Excitatory Neurons (SubtypeA),33.8,0.47,0.395,1.19,0.234,0.677,0.679,PD
5718,RP11-166P13.4,Excitatory Neurons (SubtypeA),9.41,0.127,0.581,0.218,0.827,NA,0.968,PD
5719,RP11-60A24.3,Excitatory Neurons (SubtypeA),27.5,1.01,0.355,2.83,0.00463,0.0906,0.0986,PD
5720,TSPOAP1-AS1,Excitatory Neurons (SubtypeA),31.4,-0.477,0.308,-1.55,0.121,0.497,0.515,PD
5721,AC099850.1,Excitatory Neurons (SubtypeA),26.5,0.0776,0.29,0.267,0.789,0.955,0.958,PD
5722,RP11-758H9.2,Excitatory Neurons (SubtypeA),26.2,1.26,0.537,2.34,0.0192,0.201,0.219,PD
5723,RP11-180P8.1,Excitatory Neurons (SubtypeA),22.5,-0.349,0.321,-1.09,0.276,0.714,0.714,PD
5724,AC037445.1,Excitatory Neurons (SubtypeA),63.3,0.16,0.573,0.28,0.78,0.952,0.955,PD
5725,SNHG25,Excitatory Neurons (SubtypeA),57.4,0.297,0.337,0.882,0.378,0.801,0.792,PD
5726,RP11-927P21.1,Excitatory Neurons (SubtypeA),15.9,-0.107,0.837,-0.128,0.898,0.99,0.982,PD
5727,PRKCA-AS1,Excitatory Neurons (SubtypeA),22.9,-0.414,0.614,-0.674,0.5,0.884,0.862,PD
5728,RP11-147L13.11,Excitatory Neurons (SubtypeA),37.3,-0.342,0.249,-1.37,0.169,0.594,0.599,PD
5729,RP11-147L13.12,Excitatory Neurons (SubtypeA),12.6,0.0719,0.514,0.14,0.889,NA,0.98,PD
5730,RP11-147L13.14,Excitatory Neurons (SubtypeA),14.2,0.455,0.475,0.959,0.338,0.772,0.763,PD
5731,RP11-147L13.15,Excitatory Neurons (SubtypeA),14.3,0.4,0.47,0.851,0.395,0.808,0.8,PD
5732,LINC01482,Excitatory Neurons (SubtypeA),33,-0.576,0.433,-1.33,0.184,0.617,0.618,PD
5733,ABCA9-AS1,Excitatory Neurons (SubtypeA),16.5,-0.289,0.671,-0.431,0.666,0.924,0.923,PD
5734,LINC01483,Excitatory Neurons (SubtypeA),20.5,-0.17,0.406,-0.419,0.675,0.925,0.926,PD
5735,LINC01497,Excitatory Neurons (SubtypeA),12.7,1.32,0.454,2.91,0.00361,NA,0.0846,PD
5736,LINC00511,Excitatory Neurons (SubtypeA),176,-0.141,0.299,-0.471,0.638,0.917,0.914,PD
5737,RP11-101O21.1,Excitatory Neurons (SubtypeA),14.1,-0.662,0.474,-1.4,0.163,0.581,0.587,PD
5738,RP11-16C1.3,Excitatory Neurons (SubtypeA),22,-0.0367,0.555,-0.0662,0.947,0.99,0.991,PD
5739,CTD-2246P4.1,Excitatory Neurons (SubtypeA),18.6,1.01,0.564,1.79,0.0733,0.372,0.415,PD
5740,RP11-334C17.5,Excitatory Neurons (SubtypeA),53.3,-0.144,0.252,-0.57,0.569,0.902,0.89,PD
5741,CTD-2047H16.4,Excitatory Neurons (SubtypeA),417,-0.177,0.183,-0.966,0.334,0.768,0.76,PD
5742,BAIAP2-AS1,Excitatory Neurons (SubtypeA),29.8,-0.288,0.45,-0.64,0.522,0.888,0.871,PD
5743,RP11-1055B8.9,Excitatory Neurons (SubtypeA),16.3,-0.38,0.432,-0.881,0.378,0.801,0.792,PD
5744,RP11-1055B8.4,Excitatory Neurons (SubtypeA),18.2,-1.03,0.477,-2.17,0.0301,0.255,0.281,PD
5745,AC137723.5,Excitatory Neurons (SubtypeA),24.6,0.0648,0.442,0.147,0.883,0.99,0.98,PD
5746,RP13-516M14.1,Excitatory Neurons (SubtypeA),34.7,0.0206,0.477,0.0431,0.966,0.992,0.991,PD
5747,RP11-672L10.3,Excitatory Neurons (SubtypeA),14.4,-0.318,0.487,-0.653,0.514,0.886,0.869,PD
5748,RP11-78F17.1,Excitatory Neurons (SubtypeA),139,-0.195,0.364,-0.535,0.592,0.906,0.899,PD
5749,RP11-161I6.2,Excitatory Neurons (SubtypeA),77.6,0.405,0.3,1.35,0.177,0.603,0.608,PD
5750,RP11-703M24.5,Excitatory Neurons (SubtypeA),34.4,0.0243,0.567,0.0428,0.966,0.992,0.991,PD
5751,DLGAP1-AS4,Excitatory Neurons (SubtypeA),19.7,-0.301,0.613,-0.491,0.624,0.917,0.911,PD
5752,LINC00667,Excitatory Neurons (SubtypeA),107,0.274,0.238,1.15,0.25,0.693,0.691,PD
5753,CTD-3096M3.2,Excitatory Neurons (SubtypeA),21.1,-0.706,0.351,-2.01,0.0441,0.291,0.334,PD
5754,RP11-945C19.4,Excitatory Neurons (SubtypeA),85.9,0.138,0.215,0.643,0.52,0.886,0.87,PD
5755,GACAT2,Excitatory Neurons (SubtypeA),12.5,-0.226,0.532,-0.426,0.67,NA,0.925,PD
5756,NDUFV2-AS1,Excitatory Neurons (SubtypeA),30.4,0.466,0.313,1.49,0.137,0.532,0.542,PD
5757,RP11-883A18.3,Excitatory Neurons (SubtypeA),19.7,0.315,0.33,0.954,0.34,0.773,0.765,PD
5758,RP11-527H14.4,Excitatory Neurons (SubtypeA),13.5,-0.00783,0.618,-0.0127,0.99,NA,0.998,PD
5759,LINC01443,Excitatory Neurons (SubtypeA),27.6,0.521,0.488,1.07,0.286,0.729,0.722,PD
5760,RP11-805F19.2,Excitatory Neurons (SubtypeA),22.6,0.26,0.548,0.474,0.635,0.917,0.913,PD
5761,RP11-296E23.1,Excitatory Neurons (SubtypeA),28.2,-0.476,0.495,-0.961,0.337,0.77,0.762,PD
5762,RP11-739L10.1,Excitatory Neurons (SubtypeA),17.5,-0.141,0.357,-0.394,0.694,0.928,0.932,PD
5763,RP11-403A21.1,Excitatory Neurons (SubtypeA),15.9,1.37,0.581,2.36,0.0184,0.199,0.219,PD
5764,AQP4-AS1,Excitatory Neurons (SubtypeA),145,-0.682,0.347,-1.97,0.0492,0.313,0.352,PD
5765,RP11-95O2.5,Excitatory Neurons (SubtypeA),13.3,0.157,0.487,0.323,0.747,NA,0.946,PD
5766,RP11-244M2.1,Excitatory Neurons (SubtypeA),60.5,-0.71,0.429,-1.65,0.0981,0.44,0.47,PD
5767,RP11-636O21.2,Excitatory Neurons (SubtypeA),245,0.121,0.282,0.428,0.669,0.924,0.924,PD
5768,LINC00907,Excitatory Neurons (SubtypeA),109,0.0223,0.272,0.0817,0.935,0.99,0.988,PD
5769,SLC14A2-AS1,Excitatory Neurons (SubtypeA),15,-0.74,0.362,-2.04,0.0411,0.287,0.326,PD
5770,RP11-687F6.5,Excitatory Neurons (SubtypeA),14.4,0.693,0.428,1.62,0.105,0.453,0.485,PD
5771,SNHG22,Excitatory Neurons (SubtypeA),174,-0.109,0.204,-0.535,0.593,0.906,0.899,PD
5772,MAPK4,Excitatory Neurons (SubtypeA),157,-0.0134,0.326,-0.0411,0.967,0.992,0.991,PD
5773,LINC01630,Excitatory Neurons (SubtypeA),115,-0.267,0.361,-0.741,0.459,0.855,0.837,PD
5774,RP11-35G9.5,Excitatory Neurons (SubtypeA),43.1,-0.0557,0.315,-0.177,0.86,0.983,0.977,PD
5775,RP11-325K19.1,Excitatory Neurons (SubtypeA),34.2,0.295,0.409,0.722,0.47,0.863,0.843,PD
5776,RP11-879F14.1,Excitatory Neurons (SubtypeA),26.8,-0.535,0.369,-1.45,0.147,0.553,0.561,PD
5777,RP11-635N19.1,Excitatory Neurons (SubtypeA),46.7,0.564,0.287,1.96,0.0496,0.314,0.353,PD
5778,RP11-638L3.1,Excitatory Neurons (SubtypeA),154,-0.153,0.298,-0.512,0.608,0.916,0.905,PD
5779,RP11-465I4.2,Excitatory Neurons (SubtypeA),40.7,-0.131,0.715,-0.183,0.855,0.983,0.975,PD
5780,RP11-676J15.1,Excitatory Neurons (SubtypeA),78,-0.208,0.318,-0.652,0.514,0.886,0.869,PD
5781,RP11-25L3.3,Excitatory Neurons (SubtypeA),19.6,0.0188,0.366,0.0514,0.959,0.992,0.991,PD
5782,LINC00909,Excitatory Neurons (SubtypeA),55.5,0.118,0.248,0.474,0.636,0.917,0.913,PD
5783,LINC00683,Excitatory Neurons (SubtypeA),13,-2.59,0.715,-3.63,0.000286,NA,0.0176,PD
5784,RP11-162A12.2,Excitatory Neurons (SubtypeA),40.3,-0.00127,0.246,-0.00518,0.996,0.996,0.999,PD
5785,RP11-176N18.2,Excitatory Neurons (SubtypeA),41.6,-0.267,0.295,-0.905,0.365,0.796,0.786,PD
5786,RP11-567M16.3,Excitatory Neurons (SubtypeA),14.3,0.319,0.441,0.724,0.469,0.863,0.842,PD
5787,PARD6G-AS1,Excitatory Neurons (SubtypeA),87.8,0.576,0.309,1.87,0.0621,0.342,0.385,PD
5788,NRSN2-AS1,Excitatory Neurons (SubtypeA),76.3,-0.00578,0.27,-0.0214,0.983,0.994,0.995,PD
5789,SDCBP2-AS1,Excitatory Neurons (SubtypeA),107,-0.235,0.183,-1.28,0.2,0.643,0.64,PD
5790,RP5-858L17.1,Excitatory Neurons (SubtypeA),21.1,-0.00908,0.466,-0.0195,0.984,0.994,0.996,PD
5791,UBOX5-AS1,Excitatory Neurons (SubtypeA),29.8,-0.219,0.382,-0.574,0.566,0.901,0.888,PD
5792,RP11-119B16.2,Excitatory Neurons (SubtypeA),20.1,0.344,0.377,0.912,0.362,0.792,0.783,PD
5793,LINC00658,Excitatory Neurons (SubtypeA),26.3,-0.582,0.395,-1.48,0.14,0.538,0.547,PD
5794,SNAP25-AS1,Excitatory Neurons (SubtypeA),260,-0.0516,0.386,-0.134,0.894,0.99,0.981,PD
5795,RP11-416N4.4,Excitatory Neurons (SubtypeA),55.8,1.33,0.412,3.22,0.00126,0.0358,0.047,PD
5796,RP11-103J8.1,Excitatory Neurons (SubtypeA),48.7,-0.403,0.22,-1.83,0.0671,0.357,0.401,PD
5797,RP1-122P22.2,Excitatory Neurons (SubtypeA),73.1,-0.445,0.243,-1.83,0.0671,0.357,0.401,PD
5798,LINC00237,Excitatory Neurons (SubtypeA),16.2,0.63,0.563,1.12,0.263,0.702,0.703,PD
5799,KIZ-AS1,Excitatory Neurons (SubtypeA),27.4,0.78,0.53,1.47,0.141,0.538,0.548,PD
5800,ZNF337-AS1,Excitatory Neurons (SubtypeA),92.6,0.02,0.198,0.101,0.919,0.99,0.985,PD
5801,RP5-1085F17.3,Excitatory Neurons (SubtypeA),35.9,0.094,0.336,0.28,0.779,0.952,0.955,PD
5802,RP3-477O4.14,Excitatory Neurons (SubtypeA),16.5,-0.0538,0.462,-0.116,0.907,0.99,0.983,PD
5803,NORAD,Excitatory Neurons (SubtypeA),657,-0.118,0.371,-0.316,0.752,0.946,0.947,PD
5804,DLGAP4-AS1,Excitatory Neurons (SubtypeA),20.6,0.309,0.494,0.627,0.531,0.888,0.873,PD
5805,PLCG1-AS1,Excitatory Neurons (SubtypeA),18.9,-0.227,0.372,-0.61,0.542,0.89,0.877,PD
5806,RP1-269M15.3,Excitatory Neurons (SubtypeA),20,0.394,0.374,1.05,0.293,0.733,0.73,PD
5807,OSER1-AS1,Excitatory Neurons (SubtypeA),53.6,0.163,0.243,0.67,0.503,0.884,0.863,PD
5808,LINC01260,Excitatory Neurons (SubtypeA),103,0.024,0.348,0.0691,0.945,0.99,0.99,PD
5809,KCNK15-AS1,Excitatory Neurons (SubtypeA),58.6,-0.63,0.251,-2.51,0.0121,0.16,0.174,PD
5810,ZFAS1,Excitatory Neurons (SubtypeA),66.9,-0.124,0.223,-0.557,0.578,0.903,0.893,PD
5811,LINC01524,Excitatory Neurons (SubtypeA),19.7,-0.954,0.453,-2.11,0.035,0.271,0.305,PD
5812,RP4-678D15.1,Excitatory Neurons (SubtypeA),80.8,0.108,0.412,0.263,0.793,0.956,0.959,PD
5813,GNAS-AS1,Excitatory Neurons (SubtypeA),15.8,0.109,0.451,0.242,0.809,0.962,0.963,PD
5814,MIR646HG,Excitatory Neurons (SubtypeA),506,0.523,0.462,1.13,0.257,0.694,0.698,PD
5815,HAR1A,Excitatory Neurons (SubtypeA),21.6,-0.22,0.411,-0.536,0.592,0.906,0.899,PD
5816,CTD-3184A7.4,Excitatory Neurons (SubtypeA),29.9,-0.486,0.358,-1.36,0.175,0.601,0.605,PD
5817,LINC00266-1,Excitatory Neurons (SubtypeA),36.5,0.267,0.373,0.717,0.474,0.863,0.845,PD
5818,CTD-3113P16.11,Excitatory Neurons (SubtypeA),33.9,0.0168,0.473,0.0356,0.972,0.992,0.992,PD
5819,CTB-31O20.2,Excitatory Neurons (SubtypeA),13.6,-0.426,0.472,-0.904,0.366,NA,0.786,PD
5820,AC006277.2,Excitatory Neurons (SubtypeA),19.2,0.238,0.369,0.645,0.519,0.886,0.87,PD
5821,AC005786.7,Excitatory Neurons (SubtypeA),37.6,-0.914,0.447,-2.05,0.0408,0.287,0.326,PD
5822,MIR7-3HG,Excitatory Neurons (SubtypeA),70.7,-1.61,0.44,-3.65,0.000264,0.0112,0.0169,PD
5823,CTD-2325M2.1,Excitatory Neurons (SubtypeA),22.3,-0.339,0.392,-0.864,0.388,0.806,0.795,PD
5824,CTD-3020H12.4,Excitatory Neurons (SubtypeA),49.8,0.243,0.484,0.503,0.615,0.916,0.907,PD
5825,ILF3-AS1,Excitatory Neurons (SubtypeA),80.4,-0.115,0.281,-0.408,0.683,0.927,0.929,PD
5826,CTC-499B15.5,Excitatory Neurons (SubtypeA),32.6,0.365,0.323,1.13,0.259,0.697,0.698,PD
5827,CTD-2192J16.26,Excitatory Neurons (SubtypeA),13.3,-0.57,0.41,-1.39,0.165,NA,0.589,PD
5828,CTC-425F1.4,Excitatory Neurons (SubtypeA),21.8,1.07,0.412,2.58,0.00976,0.138,0.154,PD
5829,CTB-55O6.12,Excitatory Neurons (SubtypeA),13.6,0.327,0.425,0.769,0.442,NA,0.828,PD
5830,CTD-2189E23.1,Excitatory Neurons (SubtypeA),25.4,0.0707,0.477,0.148,0.882,0.99,0.979,PD
5831,CTD-2562J15.6,Excitatory Neurons (SubtypeA),21.1,-0.478,0.407,-1.17,0.24,0.682,0.682,PD
5832,CTD-3222D19.8,Excitatory Neurons (SubtypeA),15,0.138,0.405,0.34,0.734,0.941,0.943,PD
5833,CTD-3131K8.2,Excitatory Neurons (SubtypeA),67.9,0.0693,0.265,0.262,0.793,0.956,0.959,PD
5834,AC007192.6,Excitatory Neurons (SubtypeA),15.9,0.206,0.622,0.331,0.741,0.941,0.944,PD
5835,CTC-559E9.4,Excitatory Neurons (SubtypeA),46.5,0.156,0.325,0.479,0.632,0.917,0.913,PD
5836,CTC-260E6.6,Excitatory Neurons (SubtypeA),90.8,0.382,0.221,1.73,0.0834,0.402,0.444,PD
5837,CTC-513N18.7,Excitatory Neurons (SubtypeA),27.5,-0.616,0.397,-1.55,0.12,0.497,0.515,PD
5838,RP11-678G14.2,Excitatory Neurons (SubtypeA),25.6,-0.162,0.49,-0.33,0.741,0.941,0.944,PD
5839,RP11-678G14.3,Excitatory Neurons (SubtypeA),19.9,0.27,0.411,0.658,0.511,0.885,0.866,PD
5840,CTC-457E21.9,Excitatory Neurons (SubtypeA),14.9,-0.835,0.437,-1.91,0.0558,0.326,0.368,PD
5841,RP11-255H23.4,Excitatory Neurons (SubtypeA),9.18,0.37,0.714,0.519,0.604,NA,0.904,PD
5842,LINC00662,Excitatory Neurons (SubtypeA),484,0.342,0.167,2.05,0.0401,0.287,0.324,PD
5843,CTC-459F4.3,Excitatory Neurons (SubtypeA),422,-0.503,0.2,-2.51,0.0121,0.16,0.175,PD
5844,AC005616.1,Excitatory Neurons (SubtypeA),20.1,-0.776,0.693,-1.12,0.263,0.702,0.701,PD
5845,CTC-525D6.2,Excitatory Neurons (SubtypeA),31,-0.137,0.346,-0.396,0.692,0.928,0.931,PD
5846,AC007796.1,Excitatory Neurons (SubtypeA),67.5,-1.21,0.318,-3.8,0.000147,0.00836,0.0124,PD
5847,AC010504.2,Excitatory Neurons (SubtypeA),15.5,0.0198,0.325,0.061,0.951,0.99,0.991,PD
5848,SCGB1B2P,Excitatory Neurons (SubtypeA),19.8,0.642,0.466,1.38,0.168,0.592,0.597,PD
5849,TMEM147-AS1,Excitatory Neurons (SubtypeA),15.4,-0.686,0.358,-1.91,0.0555,0.325,0.368,PD
5850,AC002116.7,Excitatory Neurons (SubtypeA),17.3,0.355,0.519,0.684,0.494,0.881,0.858,PD
5851,LINC00665,Excitatory Neurons (SubtypeA),88.8,-0.186,0.248,-0.753,0.452,0.847,0.832,PD
5852,ZNF529-AS1,Excitatory Neurons (SubtypeA),77.9,-0.18,0.279,-0.645,0.519,0.886,0.87,PD
5853,ZNF790-AS1,Excitatory Neurons (SubtypeA),136,0.258,0.183,1.41,0.159,0.576,0.58,PD
5854,CTD-2293H3.2,Excitatory Neurons (SubtypeA),35.9,0.35,0.41,0.853,0.394,0.808,0.8,PD
5855,LINC01535,Excitatory Neurons (SubtypeA),52.3,0.0379,0.319,0.119,0.905,0.99,0.983,PD
5856,CTD-3220F14.1,Excitatory Neurons (SubtypeA),16.4,0.28,0.395,0.71,0.478,0.867,0.849,PD
5857,CTD-2528L19.6,Excitatory Neurons (SubtypeA),26.3,-0.0413,0.402,-0.103,0.918,0.99,0.985,PD
5858,LIPE-AS1,Excitatory Neurons (SubtypeA),215,-0.223,0.269,-0.828,0.407,0.81,0.808,PD
5859,CTC-490G23.6,Excitatory Neurons (SubtypeA),91.2,-0.665,0.217,-3.07,0.00216,0.0542,0.0647,PD
5860,RP11-15A1.2,Excitatory Neurons (SubtypeA),64.1,0.0679,0.293,0.231,0.817,0.967,0.965,PD
5861,AC084219.4,Excitatory Neurons (SubtypeA),15.6,-0.0565,0.364,-0.155,0.877,0.989,0.979,PD
5862,CTB-171A8.1,Excitatory Neurons (SubtypeA),33.5,0.176,0.568,0.31,0.756,0.946,0.948,PD
5863,CTB-179K24.3,Excitatory Neurons (SubtypeA),33.5,-0.268,0.374,-0.718,0.473,0.863,0.845,PD
5864,CTC-344H19.4,Excitatory Neurons (SubtypeA),24.7,-0.217,0.322,-0.673,0.501,0.884,0.862,PD
5865,AC007193.6,Excitatory Neurons (SubtypeA),64.5,-0.32,0.36,-0.889,0.374,0.801,0.791,PD
5866,DACT3-AS1,Excitatory Neurons (SubtypeA),31.3,0.18,0.356,0.505,0.613,0.916,0.907,PD
5867,CTC-273B12.10,Excitatory Neurons (SubtypeA),16.1,0.306,0.457,0.67,0.503,0.884,0.863,PD
5868,CTD-2126E3.4,Excitatory Neurons (SubtypeA),27.1,-0.705,0.869,-0.811,0.417,0.817,0.813,PD
5869,ZNF350-AS1,Excitatory Neurons (SubtypeA),51.1,-0.154,0.308,-0.501,0.616,0.916,0.907,PD
5870,CTD-2525I3.5,Excitatory Neurons (SubtypeA),13.5,0.19,0.449,0.424,0.672,NA,0.925,PD
5871,AC008746.3,Excitatory Neurons (SubtypeA),12.5,-0.247,0.512,-0.483,0.629,NA,0.913,PD
5872,LENG8-AS1,Excitatory Neurons (SubtypeA),56,-0.284,0.188,-1.51,0.13,0.518,0.532,PD
5873,CTC-550B14.7,Excitatory Neurons (SubtypeA),98.4,0.202,0.504,0.401,0.688,0.928,0.93,PD
5874,ZNF582-AS1,Excitatory Neurons (SubtypeA),15.9,0.483,0.397,1.22,0.224,0.673,0.67,PD
5875,ZNF667-AS1,Excitatory Neurons (SubtypeA),160,-0.395,0.188,-2.1,0.0357,0.272,0.305,PD
5876,AC007228.11,Excitatory Neurons (SubtypeA),51.6,0.381,0.25,1.53,0.127,0.515,0.528,PD
5877,AC007228.5,Excitatory Neurons (SubtypeA),16.4,-0.177,0.378,-0.468,0.64,0.917,0.915,PD
5878,ZIM2-AS1,Excitatory Neurons (SubtypeA),22.5,-0.207,0.347,-0.598,0.55,0.893,0.879,PD
5879,MIMT1,Excitatory Neurons (SubtypeA),29.4,0.78,0.336,2.32,0.0203,0.205,0.226,PD
5880,CTC-444N24.8,Excitatory Neurons (SubtypeA),18.6,0.0645,0.351,0.184,0.854,0.983,0.975,PD
5881,CTC-444N24.6,Excitatory Neurons (SubtypeA),31,-0.214,0.28,-0.763,0.445,0.841,0.829,PD
5882,CTC-444N24.11,Excitatory Neurons (SubtypeA),165,-0.236,0.2,-1.18,0.239,0.68,0.681,PD
5883,AC004076.5,Excitatory Neurons (SubtypeA),25.8,0.334,0.338,0.988,0.323,0.764,0.753,PD
5884,AC003682.16,Excitatory Neurons (SubtypeA),15.5,-0.07,0.338,-0.207,0.836,0.976,0.969,PD
5885,CTD-3138B18.5,Excitatory Neurons (SubtypeA),38.2,0.116,0.282,0.409,0.682,0.926,0.929,PD
5886,LLNLR-245B6.1,Excitatory Neurons (SubtypeA),46.9,0.0044,0.317,0.0139,0.989,0.996,0.997,PD
5887,A1BG-AS1,Excitatory Neurons (SubtypeA),21.2,-0.61,0.345,-1.77,0.0774,0.382,0.426,PD
5888,MZF1-AS1,Excitatory Neurons (SubtypeA),27.9,-0.0049,0.332,-0.0148,0.988,0.996,0.997,PD
5889,TTTY15,Excitatory Neurons (SubtypeA),178,-0.0635,1.27,-0.0502,0.96,0.992,0.991,PD
5890,TTTY14,Excitatory Neurons (SubtypeA),2270,0.0774,1.14,0.0677,0.946,0.99,0.991,PD
5891,TTTY10,Excitatory Neurons (SubtypeA),328,-0.0144,1.15,-0.0125,0.99,0.996,0.998,PD
5892,CECR5-AS1,Excitatory Neurons (SubtypeA),36.9,-0.17,0.286,-0.595,0.552,0.893,0.88,PD
5893,AC006547.13,Excitatory Neurons (SubtypeA),12.2,0.304,0.585,0.519,0.603,NA,0.904,PD
5894,XXbac-B135H6.15,Excitatory Neurons (SubtypeA),14.3,0.179,0.392,0.456,0.648,0.917,0.919,PD
5895,CH17-264L24.1,Excitatory Neurons (SubtypeA),13.9,0.297,0.567,0.523,0.601,0.913,0.903,PD
5896,LL22NC03-2H8.5,Excitatory Neurons (SubtypeA),398,-0.0313,0.432,-0.0724,0.942,0.99,0.989,PD
5897,PCAT14,Excitatory Neurons (SubtypeA),29.2,-0.304,0.345,-0.879,0.379,0.801,0.793,PD
5898,KB-208E9.1,Excitatory Neurons (SubtypeA),17.9,0.556,0.469,1.19,0.235,0.678,0.679,PD
5899,CABIN1,Excitatory Neurons (SubtypeA),373,-0.0678,0.142,-0.477,0.633,0.917,0.913,PD
5900,CTA-445C9.14,Excitatory Neurons (SubtypeA),14.6,0.221,0.397,0.556,0.579,0.903,0.893,PD
5901,MIAT,Excitatory Neurons (SubtypeA),1000,0.179,0.393,0.456,0.648,0.917,0.919,PD
5902,CTA-373H7.7,Excitatory Neurons (SubtypeA),70.4,0.716,0.936,0.764,0.445,0.841,0.828,PD
5903,MIATNB,Excitatory Neurons (SubtypeA),78.4,-0.556,0.34,-1.63,0.102,0.448,0.478,PD
5904,CTA-929C8.8,Excitatory Neurons (SubtypeA),20.4,0.256,0.776,0.33,0.741,0.941,0.944,PD
5905,CTA-292E10.6,Excitatory Neurons (SubtypeA),67.7,-0.222,0.29,-0.765,0.444,0.841,0.828,PD
5906,RFPL1S,Excitatory Neurons (SubtypeA),374,0.0761,0.233,0.327,0.744,0.941,0.944,PD
5907,PIK3IP1-AS1,Excitatory Neurons (SubtypeA),25.8,-0.0224,0.371,-0.0603,0.952,0.99,0.991,PD
5908,RP1-90G24.10,Excitatory Neurons (SubtypeA),423,0.26,0.36,0.722,0.47,0.863,0.843,PD
5909,RP1-90G24.6,Excitatory Neurons (SubtypeA),21.1,0.136,0.64,0.213,0.831,0.976,0.968,PD
5910,RP1-293L6.1,Excitatory Neurons (SubtypeA),16.2,0.353,0.448,0.787,0.431,0.833,0.824,PD
5911,ELFN2,Excitatory Neurons (SubtypeA),138,-0.228,0.252,-0.906,0.365,0.796,0.786,PD
5912,CTA-228A9.3,Excitatory Neurons (SubtypeA),19.4,-0.46,0.316,-1.46,0.145,0.551,0.556,PD
5913,RP5-1042K10.10,Excitatory Neurons (SubtypeA),19.3,0.609,0.528,1.15,0.249,0.693,0.691,PD
5914,RP4-669P10.20,Excitatory Neurons (SubtypeA),19.3,0.238,0.399,0.595,0.552,0.893,0.88,PD
5915,NUP50-AS1,Excitatory Neurons (SubtypeA),382,0.0593,0.139,0.426,0.67,0.924,0.924,PD
5916,MIRLET7BHG,Excitatory Neurons (SubtypeA),119,0.0941,0.333,0.282,0.778,0.952,0.954,PD
5917,CTA-29F11.1,Excitatory Neurons (SubtypeA),17.4,-0.586,0.482,-1.22,0.224,0.673,0.67,PD
5918,RP11-191L9.4,Excitatory Neurons (SubtypeA),36.1,0.755,0.712,1.06,0.289,0.732,0.726,PD
5919,LINC01310,Excitatory Neurons (SubtypeA),17.4,-2.75,0.579,-4.75,2.00E-06,0.00047,0.000901,PD
5920,RP3-402G11.26,Excitatory Neurons (SubtypeA),24.5,-0.603,0.502,-1.2,0.229,0.673,0.675,PD
5921,CTA-384D8.36,Excitatory Neurons (SubtypeA),49.4,0.467,0.368,1.27,0.205,0.644,0.645,PD
5922,RP11-717F1.2,Excitatory Neurons (SubtypeA),29,-1.71,0.776,-2.2,0.0276,0.248,0.267,PD
5923,MIR8069-1,Excitatory Neurons (SubtypeA),70.2,0.148,0.24,0.617,0.537,0.888,0.876,PD
5924,CH507-513H4.1,Excitatory Neurons (SubtypeA),1280,0.133,0.537,0.248,0.805,0.96,0.961,PD
5925,CH507-528H12.1,Excitatory Neurons (SubtypeA),840,-0.193,0.549,-0.351,0.725,0.939,0.939,PD
5926,bP-21264C1.2,Excitatory Neurons (SubtypeA),91.6,-0.496,0.321,-1.55,0.122,0.499,0.516,PD
5927,CH507-216K13.2,Excitatory Neurons (SubtypeA),27.1,-0.16,0.525,-0.304,0.761,0.946,0.95,PD
5928,AP001347.6,Excitatory Neurons (SubtypeA),562,0.587,0.239,2.45,0.0142,0.176,0.189,PD
5929,AF127936.9,Excitatory Neurons (SubtypeA),32.7,0.765,0.275,2.78,0.00541,0.0983,0.108,PD
5930,MIR99AHG,Excitatory Neurons (SubtypeA),4160,0.305,0.255,1.2,0.232,0.674,0.676,PD
5931,AP001172.2,Excitatory Neurons (SubtypeA),33.8,-0.425,0.425,-1,0.317,0.759,0.748,PD
5932,MIR548XHG,Excitatory Neurons (SubtypeA),10.8,1.45,0.614,2.35,0.0187,NA,0.219,PD
5933,LINC00320,Excitatory Neurons (SubtypeA),19.1,-1.56,0.603,-2.59,0.00951,0.136,0.153,PD
5934,AP000233.4,Excitatory Neurons (SubtypeA),33.4,0.336,0.379,0.888,0.375,0.801,0.791,PD
5935,LINC00158,Excitatory Neurons (SubtypeA),69.7,-0.129,0.272,-0.473,0.636,0.917,0.913,PD
5936,AP000230.1,Excitatory Neurons (SubtypeA),59.3,0.752,0.259,2.9,0.00376,0.0773,0.0862,PD
5937,CYYR1-AS1,Excitatory Neurons (SubtypeA),51.1,0.38,0.278,1.37,0.172,0.598,0.602,PD
5938,AP001601.2,Excitatory Neurons (SubtypeA),24.6,-0.0833,0.435,-0.192,0.848,0.981,0.972,PD
5939,AL035610.2,Excitatory Neurons (SubtypeA),77.3,0.104,0.343,0.301,0.763,0.948,0.95,PD
5940,AF131217.1,Excitatory Neurons (SubtypeA),278,0.17,0.272,0.624,0.532,0.888,0.874,PD
5941,LINC00159,Excitatory Neurons (SubtypeA),138,0.413,0.236,1.75,0.0803,0.393,0.436,PD
5942,PAXBP1-AS1,Excitatory Neurons (SubtypeA),55.8,-0.576,0.22,-2.62,0.00885,0.13,0.146,PD
5943,C21orf62-AS1,Excitatory Neurons (SubtypeA),84.4,0.0257,0.272,0.0944,0.925,0.99,0.986,PD
5944,AP000282.2,Excitatory Neurons (SubtypeA),13.2,-0.019,0.517,-0.0367,0.971,NA,0.992,PD
5945,LINC00310,Excitatory Neurons (SubtypeA),64.4,-0.0818,0.239,-0.343,0.732,0.941,0.943,PD
5946,AP000318.2,Excitatory Neurons (SubtypeA),114,-0.223,0.191,-1.17,0.244,0.686,0.686,PD
5947,AP000704.5,Excitatory Neurons (SubtypeA),13.1,-0.11,0.436,-0.253,0.8,NA,0.96,PD
5948,AP001432.14,Excitatory Neurons (SubtypeA),12.7,-0.42,0.468,-0.896,0.37,NA,0.789,PD
5949,AF064858.6,Excitatory Neurons (SubtypeA),32,0.188,0.336,0.559,0.576,0.903,0.892,PD
5950,AF064858.8,Excitatory Neurons (SubtypeA),27.6,0.693,0.355,1.95,0.0511,0.32,0.357,PD
5951,B3GALT5-AS1,Excitatory Neurons (SubtypeA),23.6,0.181,0.368,0.491,0.624,0.917,0.911,PD
5952,AP001628.6,Excitatory Neurons (SubtypeA),14.5,0.272,0.501,0.543,0.587,0.906,0.897,PD
5953,AP001505.10,Excitatory Neurons (SubtypeA),16.5,-0.33,0.507,-0.651,0.515,0.886,0.87,PD
5954,MCM3AP-AS1,Excitatory Neurons (SubtypeA),84.3,0.391,0.236,1.66,0.0974,0.439,0.468,PD
5955,C8orf87,Excitatory Neurons (SubtypeA),15.8,-0.836,0.496,-1.69,0.0917,0.43,0.459,PD
5956,RP11-206L10.9,Microglia,30.7,-0.204,0.296,-0.69,0.49,0.989,0.856,PD
5957,MIR34A,Microglia,87.7,0.256,0.328,0.781,0.435,0.977,0.824,PD
5958,RP1-43E13.2,Microglia,23.9,0.24,0.306,0.786,0.432,0.977,0.824,PD
5959,LINC01141,Microglia,120,-0.133,0.324,-0.412,0.68,0.989,0.929,PD
5960,RP1-184J9.2,Microglia,16.2,0.576,0.358,1.61,0.107,0.654,0.487,PD
5961,LINC01355,Microglia,14.2,-0.0828,0.391,-0.212,0.832,0.989,0.968,PD
5962,TCEB3-AS1,Microglia,15.3,0.0131,0.366,0.0357,0.971,0.989,0.992,PD
5963,SNHG12,Microglia,28.9,0.204,0.461,0.442,0.659,0.989,0.92,PD
5964,RP11-415J8.3,Microglia,25.2,0.297,0.747,0.397,0.691,0.989,0.931,PD
5965,RP5-864K19.4,Microglia,42,0.471,0.256,1.84,0.066,0.585,0.4,PD
5966,RP11-656D10.3,Microglia,16.4,0.313,0.355,0.883,0.377,0.917,0.792,PD
5967,FLJ27354,Microglia,22.3,0.078,0.367,0.213,0.831,0.989,0.968,PD
5968,DPYD-AS1,Microglia,19.2,1.1,0.771,1.42,NA,NA,NA,PD
5969,RP11-421L21.3,Microglia,21.5,0.111,0.365,0.303,0.762,0.989,0.95,PD
5970,RP5-965F6.2,Microglia,13.7,-0.388,0.393,-0.989,0.323,0.882,0.753,PD
5971,LINC01356,Microglia,13.2,-0.125,0.413,-0.302,0.763,0.989,0.95,PD
5972,RP3-522D1.1,Microglia,38,0.168,0.333,0.504,0.614,0.989,0.907,PD
5973,SLC16A1-AS1,Microglia,63.3,-0.0159,0.263,-0.0603,0.952,0.989,0.991,PD
5974,RP4-655J12.4,Microglia,13.9,0.735,0.496,1.48,0.139,0.697,0.545,PD
5975,RP11-418J17.1,Microglia,49.2,0.334,0.318,1.05,0.293,0.882,0.73,PD
5976,LINC00623,Microglia,133,0.135,0.242,0.559,0.576,0.989,0.892,PD
5977,RP11-439A17.10,Microglia,27.1,0.0508,0.391,0.13,0.897,0.989,0.982,PD
5978,SRGAP2-AS1,Microglia,32.9,-0.552,0.342,-1.61,0.107,0.654,0.486,PD
5979,CH17-437K3.1,Microglia,467,-0.397,0.229,-1.73,0.0838,0.611,0.444,PD
5980,CH17-125A10.2,Microglia,11.1,-0.507,0.469,-1.08,0.28,0.882,0.717,PD
5981,RP11-289H16.1,Microglia,27.5,0.0198,0.407,0.0486,0.961,0.989,0.991,PD
5982,RP11-337C18.8,Microglia,34.4,-0.0468,0.251,-0.187,0.852,0.989,0.974,PD
5983,CH17-189H20.1,Microglia,239,0.12,0.22,0.546,0.585,0.989,0.896,PD
5984,RP11-54A4.2,Microglia,19.6,-0.824,0.424,-1.94,0.0521,0.562,0.36,PD
5985,FLG-AS1,Microglia,30.7,-0.272,0.352,-0.774,0.439,0.981,0.827,PD
5986,RP11-122G18.12,Microglia,21.4,-0.157,0.37,-0.425,0.671,0.989,0.925,PD
5987,RP11-296O14.3,Microglia,44.5,-0.29,0.274,-1.06,0.291,0.882,0.729,PD
5988,RP11-46A10.5,Microglia,13.3,1.02,0.478,2.13,0.033,0.532,0.297,PD
5989,RP11-295K2.3,Microglia,17.5,-0.0287,0.326,-0.0881,0.93,0.989,0.987,PD
5990,ERVMER61-1,Microglia,22,-0.474,0.41,-1.16,0.247,0.882,0.689,PD
5991,MIR181A1HG,Microglia,160,-0.261,0.348,-0.751,0.453,0.989,0.833,PD
5992,LINC00862,Microglia,22.2,1.39,0.367,3.78,0.000154,0.0253,0.0128,PD
5993,IPO9-AS1,Microglia,15,-0.399,0.393,-1.01,0.311,0.882,0.742,PD
5994,C1orf132,Microglia,166,0.276,0.257,1.07,0.283,0.882,0.719,PD
5995,RP11-384C4.7,Microglia,12.6,-0.266,0.444,-0.599,0.549,0.989,0.879,PD
5996,RP11-378J18.9,Microglia,16.4,-0.151,0.333,-0.453,0.651,0.989,0.919,PD
5997,RP11-455P21.3,Microglia,118,-0.301,0.316,-0.953,0.341,0.898,0.765,PD
5998,RP11-552D4.1,Microglia,72.6,0.552,0.356,1.55,0.121,0.661,0.515,PD
5999,RP11-488L18.10,Microglia,31.5,-0.0514,0.422,-0.122,0.903,0.989,0.983,PD
6000,LINC01376,Microglia,29.6,-0.819,0.464,-1.77,0.0774,0.611,0.426,PD
6001,AC067959.1,Microglia,11.6,0.744,0.582,1.28,0.201,0.833,0.641,PD
6002,LINC00486,Microglia,1590,-0.0287,0.235,-0.122,0.903,0.989,0.983,PD
6003,AC007246.3,Microglia,52.4,0.175,0.322,0.545,0.586,0.989,0.896,PD
6004,SLC8A1-AS1,Microglia,31.5,0.535,0.552,0.969,0.333,0.882,0.76,PD
6005,RP11-417F21.1,Microglia,19.1,0.671,0.628,1.07,0.285,0.882,0.722,PD
6006,AC007682.1,Microglia,15,-1.03,0.497,-2.06,0.0391,0.562,0.32,PD
6007,AC012358.8,Microglia,15.1,-0.0238,0.482,-0.0494,0.961,0.989,0.991,PD
6008,AC074289.1,Microglia,78,-0.255,0.34,-0.75,0.453,0.989,0.833,PD
6009,AC007040.8,Microglia,17.5,0.0645,0.526,0.123,0.902,0.989,0.983,PD
6010,LINC00152,Microglia,10.1,-0.681,0.553,-1.23,0.218,0.867,0.665,PD
6011,AC159540.1,Microglia,44.7,-0.211,0.292,-0.721,0.471,0.989,0.843,PD
6012,AC109826.1,Microglia,18.8,0.559,0.376,1.49,0.137,0.697,0.543,PD
6013,GCC2-AS1,Microglia,15.2,0.319,0.341,0.936,0.349,0.903,0.772,PD
6014,MIR4435-2HG,Microglia,31.8,-0.184,0.501,-0.368,0.713,0.989,0.936,PD
6015,NIFK-AS1,Microglia,23,0.0401,0.351,0.114,0.909,0.989,0.984,PD
6016,AC010890.1,Microglia,11,-0.259,0.4,-0.649,0.517,0.989,0.87,PD
6017,AC097721.2,Microglia,51.5,0.329,0.313,1.05,0.293,0.882,0.73,PD
6018,TEX41,Microglia,18.7,0.26,0.411,0.632,0.527,0.989,0.873,PD
6019,AC105402.4,Microglia,262,0.108,0.558,0.194,0.846,0.989,0.972,PD
6020,AC009961.3,Microglia,24.7,-0.057,0.362,-0.157,0.875,0.989,0.979,PD
6021,AC093818.1,Microglia,47.2,-0.276,0.639,-0.431,0.666,0.989,0.923,PD
6022,AC018890.6,Microglia,57.5,0.228,0.37,0.615,0.538,0.989,0.877,PD
6023,AC009948.5,Microglia,42.8,-0.153,0.279,-0.549,0.583,0.989,0.895,PD
6024,TTN-AS1,Microglia,86.1,-0.37,0.271,-1.37,0.172,0.781,0.602,PD
6025,AC005037.3,Microglia,13.1,-0.457,0.417,-1.1,0.273,0.882,0.71,PD
6026,AC007879.5,Microglia,15.4,-0.959,0.544,-1.76,0.0778,0.611,0.427,PD
6027,AC007038.7,Microglia,36,-0.311,0.288,-1.08,0.279,0.882,0.717,PD
6028,AC009950.2,Microglia,46.2,-0.639,0.294,-2.17,0.0299,0.532,0.281,PD
6029,LINC01266,Microglia,13.8,-0.176,0.444,-0.397,0.691,0.989,0.931,PD
6030,AC026188.1,Microglia,50.5,-0.527,0.408,-1.29,0.196,0.822,0.637,PD
6031,AC018816.3,Microglia,22.7,-0.161,0.378,-0.427,0.67,0.989,0.924,PD
6032,AC026202.3,Microglia,14.7,0.387,0.461,0.84,0.401,0.945,0.806,PD
6033,LMCD1-AS1,Microglia,60.8,-1.22,0.406,-3,0.0027,0.192,0.0733,PD
6034,THUMPD3-AS1,Microglia,64.3,0.226,0.243,0.932,0.351,0.903,0.774,PD
6035,FGD5-AS1,Microglia,34.3,0.143,0.3,0.477,0.634,0.989,0.913,PD
6036,ENTPD3-AS1,Microglia,21.1,-0.242,0.494,-0.49,0.624,0.989,0.912,PD
6037,RP4-613B23.1,Microglia,38.1,-0.171,0.265,-0.646,0.518,0.989,0.87,PD
6038,RP11-944L7.4,Microglia,15.9,0.0944,0.44,0.215,0.83,0.989,0.968,PD
6039,KIF9-AS1,Microglia,43.9,0.0167,0.314,0.0531,0.958,0.989,0.991,PD
6040,PSMD6-AS2,Microglia,19.8,0.0809,0.414,0.195,0.845,0.989,0.972,PD
6041,SUCLG2-AS1,Microglia,41.7,-0.0744,0.417,-0.179,0.858,0.989,0.977,PD
6042,RP11-154H23.4,Microglia,15.2,0.352,0.339,1.04,0.3,0.882,0.734,PD
6043,RP11-260O18.1,Microglia,20.3,0.0317,0.468,0.0676,0.946,0.989,0.991,PD
6044,RP11-299J3.8,Microglia,16.7,-0.326,0.324,-1.01,0.315,0.882,0.746,PD
6045,MYLK-AS1,Microglia,15.2,0.452,0.368,1.23,0.219,0.867,0.666,PD
6046,NCK1-AS1,Microglia,52,0.0817,0.344,0.237,0.812,0.989,0.963,PD
6047,RP11-319G6.1,Microglia,40.9,-0.0255,0.315,-0.0808,0.936,0.989,0.988,PD
6048,LINC00886,Microglia,30.6,-0.353,0.361,-0.978,0.328,0.882,0.757,PD
6049,LINC00578,Microglia,21.6,0.135,0.631,0.214,0.831,0.989,0.968,PD
6050,KCNMB2-AS1,Microglia,75.4,-0.565,0.418,-1.35,0.176,0.787,0.608,PD
6051,LINC00969,Microglia,218,0.151,0.221,0.682,0.495,0.989,0.859,PD
6052,RP11-440L14.1,Microglia,106,0.0923,0.448,0.206,0.837,0.989,0.97,PD
6053,RP11-20I20.2,Microglia,24.2,0.058,0.437,0.133,0.894,0.989,0.981,PD
6054,CTBP1-AS,Microglia,10.3,1.1,0.619,1.78,0.0749,0.611,0.42,PD
6055,STX18-AS1,Microglia,23.1,-0.784,0.348,-2.25,0.0243,0.532,0.253,PD
6056,RP11-281P23.2,Microglia,24.3,-0.369,0.584,-0.632,0.528,0.989,0.873,PD
6057,RP11-665G4.1,Microglia,17.4,-0.371,0.421,-0.882,0.378,0.917,0.792,PD
6058,TAPT1-AS1,Microglia,102,0.382,0.265,1.44,0.15,0.735,0.563,PD
6059,UGDH-AS1,Microglia,21.7,-0.0374,0.361,-0.104,0.917,0.989,0.985,PD
6060,RP11-707A18.1,Microglia,543,0.333,0.298,1.12,0.265,0.882,0.705,PD
6061,RP11-584P21.2,Microglia,17.1,0.412,0.424,0.973,0.331,0.882,0.758,PD
6062,UBA6-AS1,Microglia,39.7,0.324,0.311,1.04,0.298,0.882,0.733,PD
6063,RP11-692D12.1,Microglia,35.4,-0.764,0.416,-1.83,0.0665,0.585,0.401,PD
6064,LINC01094,Microglia,228,0.329,0.234,1.41,0.159,0.762,0.58,PD
6065,LINC01088,Microglia,20.4,-0.303,0.355,-0.852,0.394,0.941,0.8,PD
6066,RP11-576N17.5,Microglia,14.1,0.0416,0.434,0.0959,0.924,0.989,0.986,PD
6067,FAM13A-AS1,Microglia,27.8,-0.00938,0.274,-0.0342,0.973,0.989,0.993,PD
6068,SEC24B-AS1,Microglia,12.5,-0.625,0.451,-1.39,0.166,0.77,0.591,PD
6069,SNHG8,Microglia,22.9,-0.365,0.4,-0.913,0.361,0.908,0.783,PD
6070,RP11-679C8.2,Microglia,37.6,-0.276,0.315,-0.877,0.381,0.918,0.794,PD
6071,LINC01091,Microglia,139,0.467,0.456,1.02,0.305,0.882,0.739,PD
6072,RP11-420A23.1,Microglia,40.1,0.498,0.372,1.34,0.18,0.787,0.614,PD
6073,RP11-745L13.2,Microglia,40.5,-0.0358,0.399,-0.0898,0.928,0.989,0.986,PD
6074,RP11-371F15.3,Microglia,15.5,0.66,0.383,1.73,0.0845,0.611,0.445,PD
6075,RP11-83A24.2,Microglia,108,0.256,0.249,1.03,0.303,0.882,0.737,PD
6076,RP11-362F19.1,Microglia,25.9,-0.357,0.619,-0.577,0.564,0.989,0.887,PD
6077,RP11-284M14.1,Microglia,14.6,0.207,0.368,0.562,0.574,0.989,0.892,PD
6078,RP11-597D13.9,Microglia,19.8,0.0576,0.554,0.104,0.917,0.989,0.985,PD
6079,RP11-10K16.1,Microglia,22.8,0.718,0.381,1.88,0.0596,0.566,0.378,PD
6080,RP11-130F10.1,Microglia,41,-0.588,0.303,-1.94,0.0526,0.562,0.36,PD
6081,AF146191.4,Microglia,31.9,0.283,0.372,0.761,0.447,0.989,0.83,PD
6082,CTD-2023M8.1,Microglia,15.7,0.109,0.443,0.245,0.807,0.989,0.962,PD
6083,RP11-774D14.1,Microglia,24.8,0.0793,0.368,0.215,0.83,0.989,0.968,PD
6084,CTD-2282P23.2,Microglia,35.2,0.115,0.598,0.193,0.847,0.989,0.972,PD
6085,CTD-2353F22.1,Microglia,34.3,-0.0693,0.332,-0.209,0.834,0.989,0.969,PD
6086,NNT-AS1,Microglia,26.7,-0.171,0.378,-0.451,0.652,0.989,0.919,PD
6087,CTD-2227I18.1,Microglia,13,0.772,0.451,1.71,0.0871,0.611,0.45,PD
6088,CTC-436P18.3,Microglia,16.7,-0.753,0.679,-1.11,0.268,0.882,0.708,PD
6089,CKMT2-AS1,Microglia,42.8,-0.178,0.287,-0.623,0.534,0.989,0.874,PD
6090,TMEM161B-AS1,Microglia,84.1,-0.0579,0.213,-0.272,0.785,0.989,0.957,PD
6091,MEF2C-AS1,Microglia,284,-0.166,0.206,-0.808,0.419,0.972,0.814,PD
6092,ARRDC3-AS1,Microglia,13.3,-0.0183,0.393,-0.0465,0.963,0.989,0.991,PD
6093,CTD-2337A12.1,Microglia,75.6,0.471,0.314,1.5,0.133,0.697,0.537,PD
6094,CTD-2215E18.1,Microglia,27.9,1.16,0.587,1.98,0.0474,0.562,0.347,PD
6095,CTD-2007H13.3,Microglia,30.9,0.0991,0.291,0.34,0.734,0.989,0.943,PD
6096,SEMA6A-AS1,Microglia,64.3,-0.244,0.251,-0.972,0.331,0.882,0.758,PD
6097,LINC01184,Microglia,70.2,-0.31,0.213,-1.46,0.145,0.719,0.555,PD
6098,CTC-575N7.1,Microglia,65.8,-1.02,0.38,-2.67,0.00762,0.271,0.133,PD
6099,RP11-381K20.2,Microglia,19.3,-0.479,0.44,-1.09,0.276,0.882,0.714,PD
6100,ARHGAP26-AS1,Microglia,12.1,0.568,0.506,1.12,0.262,0.882,0.7,PD
6101,RP11-373N22.3,Microglia,19.3,0.038,0.339,0.112,0.911,0.989,0.984,PD
6102,SAP30L-AS1,Microglia,29.1,0.0209,0.353,0.0591,0.953,0.989,0.991,PD
6103,AC008697.1,Microglia,306,0.279,0.622,0.448,0.654,0.989,0.919,PD
6104,MIR3142HG,Microglia,14.3,0.76,0.454,1.67,0.0943,0.629,0.462,PD
6105,RP11-167P20.1,Microglia,27,-0.437,0.368,-1.19,0.235,0.882,0.679,PD
6106,AC138035.2,Microglia,16.3,-0.959,0.484,-1.98,0.0476,0.562,0.348,PD
6107,GMDS-AS1,Microglia,290,-0.413,0.231,-1.79,0.0736,0.611,0.415,PD
6108,SERPINB9P1,Microglia,25.6,-0.046,0.478,-0.0963,0.923,0.989,0.986,PD
6109,LY86-AS1,Microglia,11.6,0.427,0.561,0.761,0.447,0.989,0.83,PD
6110,RP3-510L9.1,Microglia,14.3,0.602,0.35,1.72,0.0854,0.611,0.447,PD
6111,CASC15,Microglia,17.5,-0.497,0.468,-1.06,0.288,0.882,0.726,PD
6112,U91328.21,Microglia,14,-0.195,0.606,-0.322,0.748,0.989,0.946,PD
6113,ZSCAN16-AS1,Microglia,21.7,-0.169,0.33,-0.511,0.609,0.989,0.905,PD
6114,HCG17,Microglia,47.9,-0.0432,0.315,-0.137,0.891,0.989,0.98,PD
6115,HCG22,Microglia,16.8,0.112,0.735,0.153,0.879,0.989,0.979,PD
6116,HCG27,Microglia,13.3,-1.1,0.38,-2.89,0.00387,0.207,0.0879,PD
6117,PHF1,Microglia,15.9,0.2,0.337,0.595,0.552,0.989,0.88,PD
6118,RP3-475N16.1,Microglia,31.6,0.0941,0.322,0.292,0.77,0.989,0.953,PD
6119,RP11-398K22.12,Microglia,10.9,-0.94,0.477,-1.97,0.0487,0.562,0.352,PD
6120,RP11-379B8.1,Microglia,11.3,-0.429,0.507,-0.847,0.397,0.942,0.802,PD
6121,UFL1-AS1,Microglia,13.8,-1.29,0.557,-2.31,0.0207,0.521,0.23,PD
6122,RP11-98I9.4,Microglia,15.1,-0.406,0.44,-0.924,0.355,0.903,0.778,PD
6123,BVES-AS1,Microglia,16.2,0.571,0.368,1.55,0.121,0.661,0.515,PD
6124,TRAF3IP2-AS1,Microglia,159,0.145,0.185,0.783,0.434,0.977,0.824,PD
6125,LINC01268,Microglia,49.1,-0.507,0.252,-2.01,0.0448,0.562,0.336,PD
6126,RP3-399L15.3,Microglia,26.3,0.364,0.37,0.984,0.325,0.882,0.755,PD
6127,RP11-557H15.3,Microglia,22.6,-0.246,0.424,-0.58,0.562,0.989,0.887,PD
6128,RP11-557H15.4,Microglia,59.7,-0.77,0.351,-2.19,0.0282,0.532,0.27,PD
6129,RP11-390P2.4,Microglia,25.5,0.0974,0.419,0.233,0.816,0.989,0.965,PD
6130,RP11-545I5.3,Microglia,15,-0.0352,0.417,-0.0844,0.933,0.989,0.987,PD
6131,STXBP5-AS1,Microglia,16.6,0.217,0.507,0.428,0.669,0.989,0.924,PD
6132,RP1-111C20.4,Microglia,20,0.201,0.301,0.667,0.505,0.989,0.863,PD
6133,RP1-167A14.2,Microglia,18.6,-0.0556,0.395,-0.141,0.888,0.989,0.98,PD
6134,PSMB1,Microglia,36,0.243,0.304,0.797,0.425,0.977,0.821,PD
6135,AC011288.2,Microglia,12.9,0.27,0.561,0.482,0.63,0.989,0.913,PD
6136,AC003090.1,Microglia,50.4,-0.746,0.268,-2.78,0.00537,0.229,0.108,PD
6137,HOTAIRM1,Microglia,17.5,-0.444,0.431,-1.03,0.303,0.882,0.737,PD
6138,ELMO1-AS1,Microglia,41.5,0.163,0.48,0.34,0.734,0.989,0.943,PD
6139,TRG-AS1,Microglia,20.2,-0.215,0.432,-0.496,0.62,0.989,0.909,PD
6140,APTR,Microglia,12.8,-0.234,0.469,-0.499,0.618,0.989,0.908,PD
6141,AC007566.10,Microglia,46.8,-0.103,0.286,-0.359,0.72,0.989,0.938,PD
6142,LINC01004,Microglia,74.6,0.578,0.316,1.83,0.0671,0.585,0.401,PD
6143,AC016831.7,Microglia,25.8,0.33,0.617,0.535,0.593,0.989,0.899,PD
6144,AC024084.1,Microglia,35.4,-0.354,0.326,-1.09,0.277,0.882,0.715,PD
6145,AC009784.3,Microglia,68.7,-0.571,0.407,-1.4,0.161,0.763,0.582,PD
6146,RP5-894A10.2,Microglia,37.6,0.384,0.376,1.02,0.306,0.882,0.74,PD
6147,EPHA1-AS1,Microglia,24.9,-0.807,0.474,-1.7,0.0884,0.611,0.453,PD
6148,PAXIP1-AS2,Microglia,18.4,-0.238,0.332,-0.718,0.473,0.989,0.845,PD
6149,AC009403.2,Microglia,22,0.0646,0.334,0.194,0.846,0.989,0.972,PD
6150,LINC00685,Microglia,16.2,0.548,0.454,1.21,0.228,0.882,0.673,PD
6151,LINC00106,Microglia,19.6,-0.184,0.388,-0.474,0.635,0.989,0.913,PD
6152,RP13-297E16.4,Microglia,10.2,0.037,0.71,0.052,0.958,0.989,0.991,PD
6153,RP11-733O18.1,Microglia,13.8,0.488,0.49,0.997,0.319,0.882,0.75,PD
6154,RP11-120D5.1,Microglia,24,-0.269,0.368,-0.732,0.464,0.989,0.84,PD
6155,MIR222HG,Microglia,65.6,-0.0981,0.309,-0.317,0.751,0.989,0.947,PD
6156,KANTR,Microglia,84.1,-0.0799,0.225,-0.356,0.722,0.989,0.939,PD
6157,RP13-188A5.1,Microglia,25.2,-0.043,0.354,-0.121,0.903,0.989,0.983,PD
6158,MIR223,Microglia,121,-0.105,0.331,-0.316,0.752,0.989,0.947,PD
6159,RP5-1091N2.9,Microglia,20.9,-0.0239,0.382,-0.0626,0.95,0.989,0.991,PD
6160,LINC00891,Microglia,15.8,-0.787,0.588,-1.34,0.181,0.787,0.614,PD
6161,JPX,Microglia,159,-0.116,0.257,-0.452,0.651,0.989,0.919,PD
6162,FTX,Microglia,868,-0.0732,0.169,-0.434,0.665,0.989,0.923,PD
6163,DIAPH2-AS1,Microglia,18.3,-0.103,0.542,-0.19,0.85,0.989,0.973,PD
6164,LINC00630,Microglia,21.5,0.0869,0.371,0.235,0.815,0.989,0.965,PD
6165,XACT,Microglia,184,0.714,0.545,1.31,0.19,0.809,0.626,PD
6166,DANT2,Microglia,38.9,0.144,0.497,0.29,0.772,0.989,0.953,PD
6167,RHOXF1-AS1,Microglia,13.2,0.631,0.386,1.64,0.102,0.654,0.477,PD
6168,FIRRE,Microglia,59.3,-0.18,0.247,-0.726,0.468,0.989,0.842,PD
6169,RAP2C-AS1,Microglia,34.1,-1.33,0.306,-4.35,1.38E-05,0.00587,0.00285,PD
6170,MIR503HG,Microglia,27.7,0.646,0.3,2.15,0.0317,0.532,0.291,PD
6171,RP11-1114A5.4,Microglia,14.1,0.574,0.354,1.62,0.105,0.654,0.484,PD
6172,LINC00894,Microglia,86.4,-0.000858,0.203,-0.00422,0.997,0.997,0.999,PD
6173,TMLHE-AS1,Microglia,20.2,-0.0957,0.442,-0.217,0.829,0.989,0.968,PD
6174,MCPH1-AS1,Microglia,25.7,0.391,0.343,1.14,0.254,0.882,0.695,PD
6175,FAM85B,Microglia,34.3,0.194,0.333,0.582,0.56,0.989,0.886,PD
6176,RP11-624C23.1,Microglia,89.6,-0.237,0.517,-0.458,0.647,0.989,0.918,PD
6177,LINC01301,Microglia,17.2,-0.172,0.327,-0.527,0.598,0.989,0.902,PD
6178,RP11-6I2.3,Microglia,29.1,0.654,0.538,1.22,0.224,0.876,0.67,PD
6179,MIR2052HG,Microglia,17.7,-1.07,0.526,-2.02,0.0429,0.562,0.33,PD
6180,RP11-37B2.1,Microglia,58.9,0.0105,0.283,0.0372,0.97,0.989,0.992,PD
6181,OTUD6B-AS1,Microglia,14.3,0.706,0.358,1.97,0.0483,0.562,0.35,PD
6182,C8orf37-AS1,Microglia,59.2,-0.0617,0.377,-0.164,0.87,0.989,0.977,PD
6183,RP11-410L14.2,Microglia,29,0.319,0.267,1.2,0.232,0.882,0.676,PD
6184,UBR5-AS1,Microglia,33.4,0.00311,0.378,0.00822,0.993,0.997,0.998,PD
6185,AZIN1-AS1,Microglia,22.1,-0.994,0.329,-3.02,0.00254,0.192,0.0718,PD
6186,KB-1507C5.4,Microglia,52.7,-0.0671,0.344,-0.195,0.845,0.989,0.972,PD
6187,BAALC-AS1,Microglia,14.3,0.348,0.605,0.575,0.565,0.989,0.888,PD
6188,RP11-395G23.3,Microglia,27.6,0.398,0.363,1.1,0.273,0.882,0.711,PD
6189,RP11-649G15.2,Microglia,37.5,0.185,0.631,0.293,0.769,0.989,0.952,PD
6190,PVT1,Microglia,90.1,0.0669,0.448,0.149,0.881,0.989,0.979,PD
6191,CCDC26,Microglia,505,0.105,0.639,0.165,0.869,0.989,0.977,PD
6192,RP11-238K6.1,Microglia,18,-0.502,0.561,-0.894,0.371,0.911,0.79,PD
6193,RP11-489O18.1,Microglia,119,-0.411,0.398,-1.03,0.302,0.882,0.736,PD
6194,RFX3-AS1,Microglia,55.8,-0.91,0.309,-2.94,0.00323,0.197,0.0806,PD
6195,CDKN2B-AS1,Microglia,22.7,-0.191,0.443,-0.431,0.666,0.989,0.923,PD
6196,RP11-112J3.16,Microglia,15.6,0.0137,0.358,0.0382,0.97,0.989,0.992,PD
6197,EBLN3P,Microglia,26.6,-0.044,0.315,-0.14,0.889,0.989,0.98,PD
6198,GLIDR,Microglia,13.3,0.218,0.363,0.602,0.547,0.989,0.879,PD
6199,PTGER4P2-CDK2AP2P2,Microglia,12.3,0.537,0.463,1.16,0.246,0.882,0.688,PD
6200,LINC01410,Microglia,68,-0.0943,0.397,-0.238,0.812,0.989,0.963,PD
6201,RP11-262H14.3,Microglia,15.2,-0.102,0.388,-0.263,0.793,0.989,0.959,PD
6202,SMC5-AS1,Microglia,13.4,-0.132,0.449,-0.295,0.768,0.989,0.952,PD
6203,RP11-305L7.3,Microglia,91.8,0.449,0.317,1.41,0.157,0.762,0.576,PD
6204,RP11-2B6.3,Microglia,35.4,0.382,0.255,1.49,0.135,0.697,0.54,PD
6205,LINC00476,Microglia,20.1,-0.418,0.361,-1.16,0.246,0.882,0.688,PD
6206,RP11-535M15.1,Microglia,20.1,0.372,0.413,0.901,0.368,0.911,0.787,PD
6207,LINC01505,Microglia,22.1,0.301,0.426,0.706,0.48,0.989,0.851,PD
6208,RP11-202G18.1,Microglia,67.3,-0.504,0.404,-1.25,0.212,0.853,0.655,PD
6209,RP11-162D16.2,Microglia,13.9,0.233,0.392,0.594,0.552,0.989,0.88,PD
6210,MIR181A2HG,Microglia,31.6,-0.126,0.316,-0.4,0.689,0.989,0.931,PD
6211,LINC01503,Microglia,19.7,-0.342,0.421,-0.812,0.417,0.972,0.813,PD
6212,SNHG7,Microglia,15.1,0.0953,0.382,0.25,0.803,0.989,0.961,PD
6213,LINC01001,Microglia,35.1,-0.783,0.491,-1.6,0.11,0.656,0.493,PD
6214,AP006621.5,Microglia,19.4,-0.169,0.361,-0.468,0.639,0.989,0.915,PD
6215,KCNQ1OT1,Microglia,25.7,0.433,0.434,0.998,0.318,0.882,0.749,PD
6216,AC015691.13,Microglia,31.4,0.551,0.354,1.56,0.12,0.661,0.514,PD
6217,CTD-2516F10.2,Microglia,29.8,0.225,0.397,0.566,0.571,0.989,0.892,PD
6218,TMEM9B-AS1,Microglia,30.1,0.218,0.351,0.621,0.535,0.989,0.875,PD
6219,SBF2-AS1,Microglia,24.8,0.529,0.338,1.56,0.118,0.661,0.51,PD
6220,BDNF-AS,Microglia,38.3,-0.0839,0.315,-0.266,0.79,0.989,0.958,PD
6221,RP11-115J23.1,Microglia,31.2,0.144,0.562,0.256,0.798,0.989,0.96,PD
6222,RP11-142C4.6,Microglia,23.1,1.47,0.525,2.81,0.00494,0.229,0.103,PD
6223,NEAT1,Microglia,4290,0.525,0.246,2.14,0.0326,0.532,0.296,PD
6224,MALAT1,Microglia,19100,-0.293,0.281,-1.04,0.298,0.882,0.734,PD
6225,AP000487.6,Microglia,33,0.165,0.416,0.398,0.691,0.989,0.931,PD
6226,RP11-91P24.7,Microglia,12.6,-0.061,0.444,-0.137,0.891,0.989,0.98,PD
6227,RP11-452H21.1,Microglia,80.8,0.552,0.491,1.13,0.26,0.882,0.699,PD
6228,RAB30-AS1,Microglia,44.9,-0.0178,0.246,-0.0724,0.942,0.989,0.989,PD
6229,RP11-356J5.12,Microglia,14.3,-0.82,0.428,-1.92,0.0551,0.562,0.368,PD
6230,RP11-480C22.1,Microglia,169,-0.687,0.436,-1.58,0.115,0.661,0.502,PD
6231,RP11-536K7.3,Microglia,25,0.126,0.341,0.368,0.713,0.989,0.936,PD
6232,RP11-563J2.2,Microglia,55.4,-0.842,0.442,-1.91,0.0566,0.562,0.369,PD
6233,RP5-1031D4.2,Microglia,35.7,-0.277,0.538,-0.514,0.607,0.989,0.905,PD
6234,RP11-353M9.1,Microglia,16.3,0.114,0.5,0.228,0.82,0.989,0.966,PD
6235,RP11-142M10.2,Microglia,46.1,0.183,0.656,0.279,0.78,0.989,0.955,PD
6236,RP11-499P20.2,Microglia,15.5,0.161,0.413,0.39,0.696,0.989,0.932,PD
6237,WAC-AS1,Microglia,19.2,-0.316,0.38,-0.83,0.407,0.954,0.808,PD
6238,ZEB1-AS1,Microglia,12,-0.113,0.493,-0.23,0.818,0.989,0.965,PD
6239,RP11-472N13.3,Microglia,22.9,-0.202,0.322,-0.626,0.532,0.989,0.874,PD
6240,RP11-324I22.4,Microglia,20,-0.00492,0.301,-0.0164,0.987,0.996,0.997,PD
6241,TMEM72-AS1,Microglia,30.1,-0.259,0.35,-0.74,0.459,0.989,0.837,PD
6242,LINC00843,Microglia,25.6,-0.305,0.268,-1.14,0.255,0.882,0.697,PD
6243,LINC01468,Microglia,14.2,0.015,0.463,0.0325,0.974,0.989,0.993,PD
6244,RP11-556E13.1,Microglia,1090,1.12,0.323,3.46,0.000546,0.0583,0.0258,PD
6245,NUTM2B-AS1,Microglia,151,-0.237,0.241,-0.981,0.327,0.882,0.756,PD
6246,NUTM2A-AS1,Microglia,194,0.0099,0.235,0.0421,0.966,0.989,0.991,PD
6247,LINC01374,Microglia,13.6,0.003,0.447,0.00672,0.995,0.997,0.998,PD
6248,ENTPD1-AS1,Microglia,167,-0.103,0.273,-0.378,0.705,0.989,0.934,PD
6249,OLMALINC,Microglia,35.2,0.169,0.437,0.386,0.7,0.989,0.933,PD
6250,LINC00937,Microglia,31.9,0.228,0.288,0.793,0.428,0.977,0.822,PD
6251,RP11-711K1.8,Microglia,14.6,-1,0.577,-1.74,0.0826,0.611,0.442,PD
6252,RASSF8-AS1,Microglia,32.5,0.113,0.289,0.391,0.696,0.989,0.932,PD
6253,RP11-283G6.4,Microglia,25.4,-0.0736,0.425,-0.173,0.862,0.989,0.977,PD
6254,RP11-666F17.1,Microglia,11.7,0.252,0.618,0.407,0.684,0.989,0.929,PD
6255,RP11-946L16.1,Microglia,48.8,0.431,0.334,1.29,0.196,0.822,0.637,PD
6256,RP11-630C16.2,Microglia,77,-0.427,0.62,-0.69,0.491,0.989,0.856,PD
6257,RP11-352M15.2,Microglia,13.5,-0.269,0.406,-0.664,0.507,0.989,0.864,PD
6258,RP11-96H19.1,Microglia,94.8,0.0469,0.415,0.113,0.91,0.989,0.984,PD
6259,RP11-493L12.4,Microglia,12.1,-0.562,0.45,-1.25,0.212,0.853,0.656,PD
6260,RP11-370I10.6,Microglia,23.6,-0.614,0.311,-1.97,0.0483,0.562,0.35,PD
6261,RP4-605O3.4,Microglia,33.2,0.218,0.312,0.699,0.485,0.989,0.852,PD
6262,RP11-834C11.4,Microglia,25.4,-0.0213,0.326,-0.0653,0.948,0.989,0.991,PD
6263,RP11-631N16.2,Microglia,13.9,0.142,0.341,0.417,0.677,0.989,0.926,PD
6264,RP11-196H14.2,Microglia,15.4,0.136,0.769,0.176,0.86,0.989,0.977,PD
6265,RP11-766N7.3,Microglia,11.2,-0.27,0.499,-0.541,0.589,0.989,0.898,PD
6266,LINC01481,Microglia,33,-0.54,0.274,-1.97,0.049,0.562,0.352,PD
6267,RP11-588H23.3,Microglia,119,-0.201,0.345,-0.582,0.561,0.989,0.886,PD
6268,RP11-734K2.4,Microglia,17.4,0.304,0.387,0.786,0.432,0.977,0.824,PD
6269,RP11-796E2.4,Microglia,19.3,-0.129,0.355,-0.362,0.717,0.989,0.938,PD
6270,RP11-756G20.1,Microglia,101,-0.307,0.26,-1.18,0.237,0.882,0.679,PD
6271,RP11-511B23.2,Microglia,16.9,-0.451,0.442,-1.02,0.307,0.882,0.74,PD
6272,RP11-554D14.6,Microglia,22,0.0787,0.387,0.203,0.839,0.989,0.97,PD
6273,RP11-768F21.1,Microglia,16.6,-0.095,0.413,-0.23,0.818,0.989,0.965,PD
6274,DLEU2,Microglia,509,0.0227,0.179,0.127,0.899,0.989,0.982,PD
6275,DLEU7-AS1,Microglia,340,-0.119,0.233,-0.513,0.608,0.989,0.905,PD
6276,RNASEH2B-AS1,Microglia,19.2,0.104,0.5,0.209,0.835,0.989,0.969,PD
6277,INTS6-AS1,Microglia,22.4,0.0606,0.374,0.162,0.871,0.989,0.978,PD
6278,MYO16-AS1,Microglia,11.8,-0.82,0.551,-1.49,0.137,0.697,0.542,PD
6279,GAS6-AS1,Microglia,37,-0.301,0.299,-1.01,0.314,0.882,0.745,PD
6280,RP11-66N24.3,Microglia,13,-0.217,0.472,-0.46,0.645,0.989,0.917,PD
6281,DHRS4-AS1,Microglia,16.9,-0.103,0.33,-0.312,0.755,0.989,0.948,PD
6282,HIF1A-AS2,Microglia,156,-0.357,0.684,-0.522,0.602,0.989,0.903,PD
6283,RP11-72M17.1,Microglia,24.3,-2.16,0.577,-3.75,0.000178,0.0253,0.0142,PD
6284,RP11-486O13.4,Microglia,24.5,0.691,0.297,2.33,0.0199,0.521,0.223,PD
6285,RP11-187O7.3,Microglia,60.4,0.583,0.518,1.13,0.26,0.882,0.699,PD
6286,RP11-99E15.2,Microglia,43.4,0.0962,0.387,0.248,0.804,0.989,0.961,PD
6287,RP11-666E17.1,Microglia,15.6,-0.436,0.696,-0.627,0.531,0.989,0.873,PD
6288,CTD-2341M24.1,Microglia,93.8,-0.573,0.257,-2.23,0.0261,0.532,0.259,PD
6289,LINC01146,Microglia,52.9,0.398,0.594,0.669,0.504,0.989,0.863,PD
6290,PWAR6,Microglia,10.5,0.0935,0.403,0.232,0.816,0.989,0.965,PD
6291,RP11-1000B6.3,Microglia,129,0.207,0.241,0.86,0.39,0.935,0.797,PD
6292,RP11-1000B6.8,Microglia,14.8,0.136,0.37,0.367,0.714,0.989,0.937,PD
6293,RP11-323I15.5,Microglia,25.3,-1.09,0.486,-2.24,0.025,0.532,0.254,PD
6294,DPH6-AS1,Microglia,49.9,0.636,0.299,2.12,0.0336,0.532,0.301,PD
6295,SRP14-AS1,Microglia,11.5,0.872,0.462,1.89,0.059,0.566,0.376,PD
6296,INAFM2,Microglia,26,-0.589,0.52,-1.13,0.257,0.882,0.698,PD
6297,EIF3J-AS1,Microglia,17.3,0.508,0.37,1.37,0.17,0.779,0.599,PD
6298,PATL2,Microglia,18.7,-0.14,0.327,-0.428,0.669,0.989,0.924,PD
6299,GABPB1-AS1,Microglia,60.7,0.00173,0.331,0.00522,0.996,0.997,0.999,PD
6300,RP11-707P17.1,Microglia,110,0.563,0.353,1.6,0.111,0.656,0.493,PD
6301,RORA-AS1,Microglia,21.3,0.262,0.489,0.536,0.592,0.989,0.899,PD
6302,RP11-16B9.1,Microglia,18.6,0.246,0.627,0.392,0.695,0.989,0.932,PD
6303,IQCH-AS1,Microglia,33,-0.182,0.279,-0.65,0.516,0.989,0.87,PD
6304,THSD4-AS1,Microglia,27.6,-0.108,0.379,-0.284,0.776,0.989,0.954,PD
6305,RP11-106M3.3,Microglia,13.9,0.371,0.54,0.686,0.493,0.989,0.858,PD
6306,RP11-351M8.2,Microglia,17.6,-0.146,0.364,-0.402,0.688,0.989,0.93,PD
6307,CTD-2054N24.2,Microglia,41.6,0.255,0.27,0.944,0.345,0.899,0.769,PD
6308,RP11-66B24.4,Microglia,25.8,0.685,0.358,1.91,0.0559,0.562,0.368,PD
6309,RP11-505E24.2,Microglia,20.2,0.586,0.347,1.69,0.091,0.617,0.458,PD
6310,CAPN15,Microglia,20.9,0.195,0.435,0.448,0.654,0.989,0.919,PD
6311,SNHG9,Microglia,12.7,-0.122,0.616,-0.198,0.843,0.989,0.971,PD
6312,RP11-166B2.8,Microglia,21.2,0.27,0.29,0.928,0.353,0.903,0.776,PD
6313,RP11-426C22.5,Microglia,62.6,-0.111,0.352,-0.316,0.752,0.989,0.947,PD
6314,RP11-452L6.1,Microglia,14,-0.726,0.427,-1.7,0.0887,0.611,0.453,PD
6315,RP11-42I10.1,Microglia,12.5,0.22,0.435,0.505,0.613,0.989,0.907,PD
6316,RP11-297D21.4,Microglia,30.2,0.196,0.274,0.716,0.474,0.989,0.846,PD
6317,LINC01572,Microglia,34.2,-0.866,0.483,-1.8,0.0726,0.611,0.414,PD
6318,RP11-346C20.3,Microglia,24.5,-0.413,0.33,-1.25,0.211,0.853,0.653,PD
6319,SNAI3-AS1,Microglia,12.3,0.777,0.559,1.39,0.165,0.77,0.589,PD
6320,FAM157C,Microglia,175,-0.638,0.389,-1.64,0.101,0.654,0.475,PD
6321,RP11-356C4.5,Microglia,10.9,0.218,0.852,0.256,0.798,0.989,0.96,PD
6322,AC137934.1,Microglia,11.6,0.557,0.422,1.32,0.187,0.806,0.622,PD
6323,RP11-1228E12.2,Microglia,17.2,-0.986,0.489,-2.02,0.0436,0.562,0.331,PD
6324,RP11-333E1.1,Microglia,18.4,0.204,0.353,0.577,0.564,0.989,0.887,PD
6325,ALOX12-AS1,Microglia,29.2,0.0479,0.451,0.106,0.915,0.989,0.984,PD
6326,ABHD15-AS1,Microglia,103,0.156,0.551,0.283,0.777,0.989,0.954,PD
6327,RP11-1094M14.11,Microglia,15.3,-0.124,0.361,-0.342,0.732,0.989,0.943,PD
6328,AC002117.1,Microglia,26.2,-1.01,0.412,-2.44,0.0147,0.449,0.194,PD
6329,CTD-2020K17.1,Microglia,50.8,0.377,0.399,0.946,0.344,0.899,0.768,PD
6330,MAP3K14,Microglia,105,0.122,0.255,0.478,0.632,0.989,0.913,PD
6331,RP11-580I16.2,Microglia,22.4,-0.0334,0.309,-0.108,0.914,0.989,0.984,PD
6332,SP2-AS1,Microglia,10.9,-0.473,0.486,-0.974,0.33,0.882,0.758,PD
6333,MIR142,Microglia,29.7,-0.847,0.544,-1.56,0.12,0.661,0.514,PD
6334,AC037445.1,Microglia,16.6,0.378,0.675,0.559,0.576,0.989,0.892,PD
6335,SNHG25,Microglia,30,-0.623,0.359,-1.74,0.0825,0.611,0.442,PD
6336,RP11-16C1.3,Microglia,50.2,0.399,0.562,0.71,0.478,0.989,0.849,PD
6337,LINC00667,Microglia,20.5,0.307,0.338,0.908,0.364,0.908,0.785,PD
6338,LINC00907,Microglia,26.2,-1.1,0.418,-2.62,0.00873,0.287,0.145,PD
6339,SNHG22,Microglia,18,-0.672,0.416,-1.62,0.106,0.654,0.485,PD
6340,RP11-35G9.5,Microglia,90.8,0.102,0.257,0.398,0.691,0.989,0.931,PD
6341,RP11-41O4.1,Microglia,36.1,1.17,0.428,2.74,0.00613,0.238,0.118,PD
6342,SDCBP2-AS1,Microglia,18.8,0.243,0.366,0.664,0.506,0.989,0.864,PD
6343,RP1-122P22.2,Microglia,14.4,0.671,0.441,1.52,0.128,0.692,0.529,PD
6344,RP3-477O4.14,Microglia,38.9,-0.121,0.323,-0.376,0.707,0.989,0.935,PD
6345,NORAD,Microglia,40.9,0.226,0.313,0.723,0.47,0.989,0.843,PD
6346,DLGAP4-AS1,Microglia,12.9,-0.0186,0.436,-0.0426,0.966,0.989,0.991,PD
6347,ZFAS1,Microglia,40.2,-0.227,0.329,-0.691,0.49,0.989,0.856,PD
6348,C20orf197,Microglia,20.4,0.058,0.343,0.169,0.866,0.989,0.977,PD
6349,MIR646HG,Microglia,444,-0.00561,0.213,-0.0263,0.979,0.991,0.994,PD
6350,ILF3-AS1,Microglia,15.3,0.0863,0.303,0.285,0.776,0.989,0.954,PD
6351,CTB-55O6.12,Microglia,20.3,0.244,0.417,0.585,0.558,0.989,0.885,PD
6352,CTD-3131K8.2,Microglia,26.8,0.161,0.305,0.53,0.596,0.989,0.901,PD
6353,LINC00662,Microglia,37.4,0.115,0.328,0.351,0.726,0.989,0.939,PD
6354,LINC01480,Microglia,31.8,-0.168,0.391,-0.429,0.668,0.989,0.924,PD
6355,LIPE-AS1,Microglia,52.9,-0.0104,0.331,-0.0316,0.975,0.989,0.993,PD
6356,CTB-179K24.3,Microglia,12,0.474,0.521,0.91,0.363,0.908,0.784,PD
6357,CTC-550B14.7,Microglia,16.3,0.0387,0.522,0.0741,0.941,0.989,0.989,PD
6358,CTC-444N24.11,Microglia,24,-0.0456,0.366,-0.125,0.901,0.989,0.982,PD
6359,LINC00278,Microglia,265,0.348,1.3,0.267,0.79,0.989,0.958,PD
6360,TTTY15,Microglia,28,0.221,1.06,0.208,0.835,0.989,0.969,PD
6361,TTTY14,Microglia,162,-0.091,1.08,-0.0841,0.933,0.989,0.987,PD
6362,LL22NC03-2H8.5,Microglia,21.2,-0.0781,0.52,-0.15,0.881,0.989,0.979,PD
6363,CABIN1,Microglia,67.5,0.218,0.243,0.897,0.369,0.911,0.789,PD
6364,MIATNB,Microglia,31.3,0.162,0.335,0.483,0.629,0.989,0.913,PD
6365,CTA-292E10.6,Microglia,33.2,-0.719,0.331,-2.17,0.0301,0.532,0.281,PD
6366,RFPL1S,Microglia,23.1,0.391,0.338,1.16,0.247,0.882,0.689,PD
6367,PIK3IP1-AS1,Microglia,17.8,-0.0134,0.316,-0.0424,0.966,0.989,0.991,PD
6368,Z83844.1,Microglia,13.6,1.04,0.569,1.83,0.0666,0.585,0.401,PD
6369,NUP50-AS1,Microglia,55,-0.052,0.294,-0.177,0.86,0.989,0.977,PD
6370,MIRLET7BHG,Microglia,75.4,0.387,0.287,1.35,0.178,0.787,0.61,PD
6371,CTA-29F11.1,Microglia,23.9,-1.46,0.607,-2.4,0.0163,0.465,0.205,PD
6372,C22orf34,Microglia,141,0.156,0.45,0.347,0.729,0.989,0.941,PD
6373,CH507-513H4.1,Microglia,297,-0.22,0.596,-0.369,0.712,0.989,0.936,PD
6374,CH507-528H12.1,Microglia,181,-0.399,0.592,-0.674,0.5,0.989,0.862,PD
6375,bP-21264C1.2,Microglia,31.9,0.0869,0.438,0.198,0.843,0.989,0.971,PD
6376,AF127936.3,Microglia,14.6,0.591,0.527,1.12,0.262,0.882,0.7,PD
6377,AF127936.9,Microglia,23,1.02,0.531,1.92,0.0552,0.562,0.368,PD
6378,MIR99AHG,Microglia,447,-0.389,0.257,-1.51,0.13,0.695,0.532,PD
6379,AP000476.1,Microglia,165,-0.278,0.261,-1.06,0.287,0.882,0.725,PD
6380,C21orf62-AS1,Microglia,13.4,0.0343,0.407,0.0845,0.933,0.989,0.987,PD
6381,AF064858.6,Microglia,11.2,0.338,0.553,0.612,0.541,0.989,0.877,PD
6382,AP001055.6,Microglia,24.5,-0.0659,0.39,-0.169,0.866,0.989,0.977,PD
6383,ITGB2-AS1,Microglia,26.4,-0.266,0.467,-0.569,0.569,0.989,0.89,PD
6384,RP11-206L10.9,Oligodendrocytes precursor cells (OPCs),48.1,-0.249,0.298,-0.835,0.404,0.878,0.806,PD
6385,LINC00982,Oligodendrocytes precursor cells (OPCs),9.85,0.579,0.482,1.2,0.23,0.804,0.675,PD
6386,MIR34A,Oligodendrocytes precursor cells (OPCs),23.8,-0.46,0.493,-0.932,0.351,0.833,0.774,PD
6387,RP4-635E18.7,Oligodendrocytes precursor cells (OPCs),10.3,0.777,0.401,1.94,0.0528,0.573,0.361,PD
6388,FLJ37453,Oligodendrocytes precursor cells (OPCs),12.8,0.363,0.47,0.772,0.44,0.878,0.827,PD
6389,RP1-43E13.2,Oligodendrocytes precursor cells (OPCs),46.6,-0.0791,0.208,-0.38,0.704,0.98,0.934,PD
6390,RP1-184J9.2,Oligodendrocytes precursor cells (OPCs),13.9,0.304,0.495,0.613,0.54,0.921,0.877,PD
6391,LINC01355,Oligodendrocytes precursor cells (OPCs),25.7,-0.0686,0.288,-0.238,0.812,0.982,0.963,PD
6392,TCEB3-AS1,Oligodendrocytes precursor cells (OPCs),23.3,-0.221,0.312,-0.708,0.479,0.89,0.85,PD
6393,RP5-864K19.4,Oligodendrocytes precursor cells (OPCs),66.3,0.243,0.237,1.03,0.305,0.805,0.739,PD
6394,RP11-656D10.3,Oligodendrocytes precursor cells (OPCs),33.8,0.0354,0.237,0.149,0.882,0.989,0.979,PD
6395,RP5-1198O20.4,Oligodendrocytes precursor cells (OPCs),36.4,-0.534,0.283,-1.89,0.059,0.573,0.376,PD
6396,RP11-101C11.1,Oligodendrocytes precursor cells (OPCs),7.51,-0.836,0.565,-1.48,0.139,0.746,0.545,PD
6397,RP11-90C4.1,Oligodendrocytes precursor cells (OPCs),9.23,-0.684,0.514,-1.33,0.183,0.784,0.617,PD
6398,LINC01135,Oligodendrocytes precursor cells (OPCs),98.2,0.264,0.198,1.34,0.181,0.784,0.614,PD
6399,LINC01358,Oligodendrocytes precursor cells (OPCs),17.8,0.35,0.336,1.04,0.297,0.805,0.733,PD
6400,RP11-776H12.1,Oligodendrocytes precursor cells (OPCs),17.3,0.506,0.456,1.11,0.267,0.805,0.707,PD
6401,RP11-436K8.1,Oligodendrocytes precursor cells (OPCs),22.9,0.46,0.43,1.07,0.284,0.805,0.721,PD
6402,GNG12-AS1,Oligodendrocytes precursor cells (OPCs),31.7,-0.182,0.304,-0.599,0.549,0.921,0.879,PD
6403,RP11-486G15.2,Oligodendrocytes precursor cells (OPCs),8.03,-0.157,0.428,-0.367,0.713,0.98,0.937,PD
6404,RP11-131L23.1,Oligodendrocytes precursor cells (OPCs),24.1,0.419,0.261,1.61,0.107,0.716,0.487,PD
6405,PKN2-AS1,Oligodendrocytes precursor cells (OPCs),23,-0.0989,0.376,-0.263,0.793,0.982,0.959,PD
6406,FLJ27354,Oligodendrocytes precursor cells (OPCs),21.3,0.453,0.305,1.49,0.137,0.746,0.542,PD
6407,RP4-639F20.1,Oligodendrocytes precursor cells (OPCs),25.8,-0.019,0.29,-0.0654,0.948,0.989,0.991,PD
6408,RP11-57H12.3,Oligodendrocytes precursor cells (OPCs),7.81,0.47,0.462,1.02,0.309,0.805,0.741,PD
6409,MIR137HG,Oligodendrocytes precursor cells (OPCs),10.8,-2.05,0.594,-3.45,0.00057,0.119,0.0263,PD
6410,RP5-1070A16.1,Oligodendrocytes precursor cells (OPCs),6.65,-1.89,0.756,-2.49,0.0127,0.359,0.179,PD
6411,RP5-896L10.1,Oligodendrocytes precursor cells (OPCs),37.8,-0.437,0.291,-1.5,0.133,0.746,0.537,PD
6412,RP11-421L21.3,Oligodendrocytes precursor cells (OPCs),43.3,-0.285,0.278,-1.02,0.306,0.805,0.74,PD
6413,RP5-947P14.1,Oligodendrocytes precursor cells (OPCs),19.3,-0.236,0.715,-0.33,0.742,0.982,0.944,PD
6414,RP5-1074L1.4,Oligodendrocytes precursor cells (OPCs),9.21,0.254,0.431,0.589,0.556,0.924,0.882,PD
6415,SLC16A1-AS1,Oligodendrocytes precursor cells (OPCs),98.8,-0.0181,0.209,-0.0864,0.931,0.989,0.987,PD
6416,RP11-31F15.2,Oligodendrocytes precursor cells (OPCs),16.1,0.422,0.335,1.26,0.208,0.804,0.65,PD
6417,RP11-418J17.1,Oligodendrocytes precursor cells (OPCs),66,0.456,0.215,2.12,0.0339,0.544,0.302,PD
6418,LINC00623,Oligodendrocytes precursor cells (OPCs),160,-0.226,0.184,-1.23,0.22,0.804,0.667,PD
6419,RP11-439A17.10,Oligodendrocytes precursor cells (OPCs),9.54,0.509,0.401,1.27,0.204,0.804,0.644,PD
6420,CH17-437K3.1,Oligodendrocytes precursor cells (OPCs),32.3,0.00387,0.255,0.0151,0.988,0.997,0.997,PD
6421,RP11-403I13.7,Oligodendrocytes precursor cells (OPCs),13,-0.0996,0.345,-0.289,0.773,0.982,0.953,PD
6422,RP11-289H16.1,Oligodendrocytes precursor cells (OPCs),53.8,0.133,0.339,0.392,0.695,0.98,0.932,PD
6423,RP11-337C18.8,Oligodendrocytes precursor cells (OPCs),50.6,0.245,0.229,1.07,0.283,0.805,0.72,PD
6424,RP4-565E6.1,Oligodendrocytes precursor cells (OPCs),223,-0.161,0.205,-0.787,0.431,0.878,0.824,PD
6425,CH17-189H20.1,Oligodendrocytes precursor cells (OPCs),307,0.0526,0.192,0.274,0.784,0.982,0.956,PD
6426,FLG-AS1,Oligodendrocytes precursor cells (OPCs),64.4,-0.232,0.436,-0.533,0.594,0.949,0.9,PD
6427,RP1-127D3.4,Oligodendrocytes precursor cells (OPCs),20.7,0.104,0.293,0.354,0.724,0.98,0.939,PD
6428,RP11-296O14.3,Oligodendrocytes precursor cells (OPCs),37.6,-0.222,0.246,-0.906,0.365,0.847,0.786,PD
6429,RP3-518E13.2,Oligodendrocytes precursor cells (OPCs),17.5,0.685,0.63,1.09,0.277,0.805,0.715,PD
6430,RP11-295K2.3,Oligodendrocytes precursor cells (OPCs),54.4,-0.00396,0.207,-0.0191,0.985,0.997,0.996,PD
6431,ERVMER61-1,Oligodendrocytes precursor cells (OPCs),12.4,-0.689,0.34,-2.03,0.0427,0.573,0.33,PD
6432,RP11-547I7.1,Oligodendrocytes precursor cells (OPCs),26.3,0.666,0.559,1.19,0.233,0.804,0.678,PD
6433,RP11-161I10.1,Oligodendrocytes precursor cells (OPCs),7.41,0.494,0.564,0.876,0.381,0.854,0.794,PD
6434,MIR181A1HG,Oligodendrocytes precursor cells (OPCs),251,-0.03,0.207,-0.145,0.885,0.989,0.98,PD
6435,LINC00862,Oligodendrocytes precursor cells (OPCs),36.3,0.832,0.337,2.47,0.0136,0.359,0.185,PD
6436,IPO9-AS1,Oligodendrocytes precursor cells (OPCs),125,0.574,0.505,1.14,0.256,0.805,0.697,PD
6437,RP11-307B6.3,Oligodendrocytes precursor cells (OPCs),10.6,-0.423,0.409,-1.03,0.301,0.805,0.736,PD
6438,RP11-739N20.2,Oligodendrocytes precursor cells (OPCs),16.9,0.258,0.327,0.788,0.43,0.878,0.824,PD
6439,C1orf132,Oligodendrocytes precursor cells (OPCs),66.5,0.161,0.288,0.558,0.577,0.933,0.892,PD
6440,RP1-28O10.1,Oligodendrocytes precursor cells (OPCs),9.14,-0.733,0.494,-1.48,0.138,0.746,0.544,PD
6441,RP11-384C4.7,Oligodendrocytes precursor cells (OPCs),10.2,0.65,0.403,1.61,0.107,0.716,0.487,PD
6442,RP11-378J18.9,Oligodendrocytes precursor cells (OPCs),10.9,-0.2,0.43,-0.465,0.642,0.959,0.916,PD
6443,RP11-455P21.3,Oligodendrocytes precursor cells (OPCs),77.7,-0.193,0.221,-0.873,0.383,0.854,0.794,PD
6444,RP5-827C21.2,Oligodendrocytes precursor cells (OPCs),12.6,-0.282,0.351,-0.804,0.422,0.878,0.817,PD
6445,RP11-561I11.4,Oligodendrocytes precursor cells (OPCs),18.7,0.409,0.675,0.606,0.544,0.921,0.879,PD
6446,RP11-278H7.1,Oligodendrocytes precursor cells (OPCs),47.8,-0.632,0.268,-2.36,0.0185,0.424,0.219,PD
6447,RP11-518L10.5,Oligodendrocytes precursor cells (OPCs),10.3,0.427,0.435,0.982,0.326,0.81,0.756,PD
6448,LINC01250,Oligodendrocytes precursor cells (OPCs),10.1,0.0976,0.373,0.261,0.794,0.982,0.959,PD
6449,LINC00299,Oligodendrocytes precursor cells (OPCs),27.4,-0.842,0.328,-2.56,0.0104,0.356,0.159,PD
6450,MIR3681HG,Oligodendrocytes precursor cells (OPCs),145,0.217,0.367,0.591,0.554,0.924,0.882,PD
6451,LINC00276,Oligodendrocytes precursor cells (OPCs),18,-0.421,0.378,-1.11,0.265,0.805,0.705,PD
6452,LINC01376,Oligodendrocytes precursor cells (OPCs),25.7,-0.758,0.324,-2.34,0.0193,0.424,0.22,PD
6453,DNAJC27-AS1,Oligodendrocytes precursor cells (OPCs),31,0.0315,0.25,0.126,0.9,0.989,0.982,PD
6454,AC074117.10,Oligodendrocytes precursor cells (OPCs),9.29,0.375,0.403,0.931,0.352,0.833,0.774,PD
6455,LINC00486,Oligodendrocytes precursor cells (OPCs),2390,-0.0234,0.222,-0.105,0.916,0.989,0.984,PD
6456,AC012593.1,Oligodendrocytes precursor cells (OPCs),52.7,0.796,0.516,1.54,0.123,0.746,0.518,PD
6457,AC007246.3,Oligodendrocytes precursor cells (OPCs),87.1,-0.112,0.187,-0.6,0.548,0.921,0.879,PD
6458,SLC8A1-AS1,Oligodendrocytes precursor cells (OPCs),40,-0.386,0.351,-1.1,0.271,0.805,0.71,PD
6459,AC073283.4,Oligodendrocytes precursor cells (OPCs),14.6,-0.118,0.33,-0.359,0.72,0.98,0.938,PD
6460,RP11-460M2.1,Oligodendrocytes precursor cells (OPCs),51.4,-0.304,0.43,-0.708,0.479,0.89,0.85,PD
6461,AC007682.1,Oligodendrocytes precursor cells (OPCs),30.2,0.243,0.445,0.545,0.585,0.939,0.896,PD
6462,AC012358.8,Oligodendrocytes precursor cells (OPCs),28.2,-0.0447,0.29,-0.154,0.878,0.989,0.979,PD
6463,LINC01122,Oligodendrocytes precursor cells (OPCs),66.4,0.0929,0.193,0.482,0.63,0.956,0.913,PD
6464,RP11-355B11.2,Oligodendrocytes precursor cells (OPCs),12,0.0618,0.364,0.17,0.865,0.989,0.977,PD
6465,AC008074.3,Oligodendrocytes precursor cells (OPCs),14.8,-0.434,0.377,-1.15,0.249,0.805,0.691,PD
6466,AC016716.2,Oligodendrocytes precursor cells (OPCs),9.04,0.147,0.567,0.26,0.795,0.982,0.959,PD
6467,LINC00342,Oligodendrocytes precursor cells (OPCs),18.4,-0.232,0.361,-0.644,0.52,0.912,0.87,PD
6468,AC021188.4,Oligodendrocytes precursor cells (OPCs),9.84,-0.788,0.437,-1.8,0.0711,0.646,0.411,PD
6469,AC159540.1,Oligodendrocytes precursor cells (OPCs),74.5,-0.25,0.288,-0.868,0.385,0.856,0.794,PD
6470,RP11-76I14.1,Oligodendrocytes precursor cells (OPCs),17.8,0.00248,0.411,0.00604,0.995,0.998,0.999,PD
6471,LINC01102,Oligodendrocytes precursor cells (OPCs),42.7,-0.28,0.217,-1.29,0.197,0.801,0.638,PD
6472,DPP10-AS1,Oligodendrocytes precursor cells (OPCs),8.99,0.468,0.452,1.04,0.3,0.805,0.734,PD
6473,AC009404.2,Oligodendrocytes precursor cells (OPCs),12.6,0.0707,0.423,0.167,0.867,0.989,0.977,PD
6474,NIFK-AS1,Oligodendrocytes precursor cells (OPCs),29.4,-0.0343,0.308,-0.111,0.911,0.989,0.984,PD
6475,C2orf27B,Oligodendrocytes precursor cells (OPCs),9.8,0.164,0.397,0.413,0.679,0.975,0.928,PD
6476,AC010890.1,Oligodendrocytes precursor cells (OPCs),13.5,-0.355,0.455,-0.78,0.435,0.878,0.824,PD
6477,CCNT2-AS1,Oligodendrocytes precursor cells (OPCs),26.2,0.0291,0.384,0.0758,0.94,0.989,0.989,PD
6478,AC097721.2,Oligodendrocytes precursor cells (OPCs),30.9,0.284,0.234,1.21,0.225,0.804,0.672,PD
6479,AC062021.1,Oligodendrocytes precursor cells (OPCs),29.3,0.0166,0.389,0.0426,0.966,0.991,0.991,PD
6480,RP11-434H14.1,Oligodendrocytes precursor cells (OPCs),23,0.272,1.08,0.252,0.801,0.982,0.96,PD
6481,AC105402.4,Oligodendrocytes precursor cells (OPCs),186,-0.311,0.479,-0.65,0.516,0.912,0.87,PD
6482,AC144449.1,Oligodendrocytes precursor cells (OPCs),53.4,-0.0262,0.278,-0.0946,0.925,0.989,0.986,PD
6483,AC093375.1,Oligodendrocytes precursor cells (OPCs),27.2,-0.064,1.18,-0.0542,0.957,0.989,0.991,PD
6484,AC009961.3,Oligodendrocytes precursor cells (OPCs),30.3,-0.0284,0.291,-0.0976,0.922,0.989,0.986,PD
6485,AC013463.2,Oligodendrocytes precursor cells (OPCs),13.5,0.482,0.495,0.974,0.33,0.81,0.758,PD
6486,AC009495.4,Oligodendrocytes precursor cells (OPCs),13.7,0.00442,0.459,0.00964,0.992,0.998,0.998,PD
6487,AC010127.3,Oligodendrocytes precursor cells (OPCs),67.9,0.646,0.539,1.2,0.231,0.804,0.675,PD
6488,AC074363.1,Oligodendrocytes precursor cells (OPCs),168,-0.449,0.167,-2.69,0.00716,0.343,0.13,PD
6489,AC018890.6,Oligodendrocytes precursor cells (OPCs),68.6,0.354,0.285,1.24,0.214,0.804,0.659,PD
6490,AC079305.11,Oligodendrocytes precursor cells (OPCs),29.5,-0.844,0.342,-2.47,0.0135,0.359,0.184,PD
6491,AC009948.5,Oligodendrocytes precursor cells (OPCs),26.1,0.37,0.342,1.08,0.279,0.805,0.716,PD
6492,TTN-AS1,Oligodendrocytes precursor cells (OPCs),193,0.104,0.195,0.531,0.596,0.949,0.901,PD
6493,FSIP2-AS1,Oligodendrocytes precursor cells (OPCs),15.2,-0.213,0.377,-0.565,0.572,0.929,0.892,PD
6494,LINC01473,Oligodendrocytes precursor cells (OPCs),35.4,0.325,0.295,1.1,0.27,0.805,0.71,PD
6495,AC017101.10,Oligodendrocytes precursor cells (OPCs),10.5,0.582,0.572,1.02,0.309,0.805,0.741,PD
6496,AC007319.1,Oligodendrocytes precursor cells (OPCs),65.8,-0.374,0.318,-1.18,0.239,0.805,0.682,PD
6497,AC093388.3,Oligodendrocytes precursor cells (OPCs),19.5,-0.168,0.349,-0.481,0.631,0.956,0.913,PD
6498,AC011997.1,Oligodendrocytes precursor cells (OPCs),16.3,-0.109,0.316,-0.344,0.731,0.982,0.942,PD
6499,AC005037.3,Oligodendrocytes precursor cells (OPCs),13.6,0.176,0.382,0.46,0.645,0.961,0.917,PD
6500,AC007038.7,Oligodendrocytes precursor cells (OPCs),55.2,-0.0366,0.221,-0.165,0.869,0.989,0.977,PD
6501,AC007563.5,Oligodendrocytes precursor cells (OPCs),515,-0.0122,0.225,-0.0544,0.957,0.989,0.991,PD
6502,DIRC3-AS1,Oligodendrocytes precursor cells (OPCs),31.7,0.142,0.252,0.561,0.575,0.932,0.892,PD
6503,AC053503.11,Oligodendrocytes precursor cells (OPCs),14.9,-0.346,0.312,-1.11,0.268,0.805,0.708,PD
6504,AC097662.2,Oligodendrocytes precursor cells (OPCs),19.9,0.0736,0.399,0.185,0.854,0.989,0.975,PD
6505,AC079135.1,Oligodendrocytes precursor cells (OPCs),8.33,-2.05,0.66,-3.11,0.00189,0.262,0.0606,PD
6506,AC114730.3,Oligodendrocytes precursor cells (OPCs),19.1,0.345,0.599,0.576,0.565,0.925,0.887,PD
6507,LINC01266,Oligodendrocytes precursor cells (OPCs),55.7,-0.644,0.306,-2.1,0.0354,0.544,0.305,PD
6508,AC026188.1,Oligodendrocytes precursor cells (OPCs),21.6,-0.813,0.54,-1.5,0.132,0.746,0.537,PD
6509,AC018816.3,Oligodendrocytes precursor cells (OPCs),21.6,-0.2,0.297,-0.676,0.499,0.902,0.862,PD
6510,BHLHE40-AS1,Oligodendrocytes precursor cells (OPCs),10.7,-0.348,0.41,-0.849,0.396,0.87,0.8,PD
6511,LMCD1-AS1,Oligodendrocytes precursor cells (OPCs),705,-0.197,0.19,-1.04,0.299,0.805,0.734,PD
6512,THUMPD3-AS1,Oligodendrocytes precursor cells (OPCs),99.9,0.321,0.174,1.84,0.0657,0.617,0.399,PD
6513,PRRT3-AS1,Oligodendrocytes precursor cells (OPCs),10.1,-0.773,0.393,-1.96,0.0494,0.573,0.353,PD
6514,SLC6A1-AS1,Oligodendrocytes precursor cells (OPCs),77.7,0.578,0.768,0.752,0.452,0.886,0.832,PD
6515,FGD5-AS1,Oligodendrocytes precursor cells (OPCs),32,-0.268,0.364,-0.735,0.462,0.886,0.839,PD
6516,SH3BP5-AS1,Oligodendrocytes precursor cells (OPCs),13.5,-0.359,0.343,-1.05,0.295,0.805,0.732,PD
6517,RBMS3-AS3,Oligodendrocytes precursor cells (OPCs),15.3,0.991,0.402,2.46,0.0138,0.359,0.187,PD
6518,ENTPD3-AS1,Oligodendrocytes precursor cells (OPCs),70.9,-0.0224,0.173,-0.129,0.897,0.989,0.982,PD
6519,RP4-613B23.1,Oligodendrocytes precursor cells (OPCs),67,-0.0104,0.183,-0.0565,0.955,0.989,0.991,PD
6520,RP4-555D20.2,Oligodendrocytes precursor cells (OPCs),19.9,0.0426,0.33,0.129,0.897,0.989,0.982,PD
6521,RP11-944L7.4,Oligodendrocytes precursor cells (OPCs),64.2,0.02,0.195,0.103,0.918,0.989,0.985,PD
6522,KIF9-AS1,Oligodendrocytes precursor cells (OPCs),87.3,0.0175,0.226,0.0774,0.938,0.989,0.988,PD
6523,DENND6A-AS1,Oligodendrocytes precursor cells (OPCs),13.1,0.27,0.398,0.679,0.497,0.902,0.861,PD
6524,PSMD6-AS2,Oligodendrocytes precursor cells (OPCs),12,0.506,0.354,1.43,0.153,0.755,0.57,PD
6525,ADAMTS9-AS2,Oligodendrocytes precursor cells (OPCs),252,0.12,0.244,0.491,0.623,0.956,0.911,PD
6526,SUCLG2-AS1,Oligodendrocytes precursor cells (OPCs),125,0.0364,0.23,0.158,0.874,0.989,0.979,PD
6527,RP11-154H23.4,Oligodendrocytes precursor cells (OPCs),12.1,-0.0287,0.37,-0.0774,0.938,0.989,0.988,PD
6528,RP11-803B1.8,Oligodendrocytes precursor cells (OPCs),8.99,0.0708,0.469,0.151,0.88,0.989,0.979,PD
6529,LINC00506,Oligodendrocytes precursor cells (OPCs),36.7,0.384,0.287,1.34,0.18,0.784,0.614,PD
6530,ST3GAL6-AS1,Oligodendrocytes precursor cells (OPCs),13.5,-0.331,0.417,-0.795,0.427,0.878,0.822,PD
6531,CTD-2021J15.1,Oligodendrocytes precursor cells (OPCs),7.51,-0.562,0.456,-1.23,0.218,0.804,0.665,PD
6532,LINC00882,Oligodendrocytes precursor cells (OPCs),147,-0.165,0.151,-1.09,0.274,0.805,0.711,PD
6533,DUBR,Oligodendrocytes precursor cells (OPCs),64.9,0.184,0.238,0.774,0.439,0.878,0.827,PD
6534,PVRL3-AS1,Oligodendrocytes precursor cells (OPCs),40.7,-0.42,0.354,-1.19,0.236,0.804,0.679,PD
6535,RP11-572M11.4,Oligodendrocytes precursor cells (OPCs),48,-0.367,0.303,-1.21,0.226,0.804,0.672,PD
6536,RP11-197K3.1,Oligodendrocytes precursor cells (OPCs),29.6,0.565,0.496,1.14,0.255,0.805,0.696,PD
6537,LSAMP-AS1,Oligodendrocytes precursor cells (OPCs),12.9,-0.106,0.558,-0.19,0.849,0.989,0.973,PD
6538,RP11-384F7.2,Oligodendrocytes precursor cells (OPCs),1560,-0.281,0.16,-1.76,0.079,0.66,0.433,PD
6539,RP11-18H7.1,Oligodendrocytes precursor cells (OPCs),20,0.394,0.335,1.17,0.24,0.805,0.683,PD
6540,RP11-299J3.8,Oligodendrocytes precursor cells (OPCs),27.2,-0.0284,0.267,-0.106,0.915,0.989,0.984,PD
6541,MYLK-AS1,Oligodendrocytes precursor cells (OPCs),32.3,0.0957,0.266,0.361,0.718,0.98,0.938,PD
6542,RP11-379B18.6,Oligodendrocytes precursor cells (OPCs),33.6,0.555,0.427,1.3,0.194,0.8,0.632,PD
6543,ALDH1L1-AS2,Oligodendrocytes precursor cells (OPCs),34.5,0.0648,0.279,0.232,0.817,0.984,0.965,PD
6544,TMCC1-AS1,Oligodendrocytes precursor cells (OPCs),11.5,0.0518,0.359,0.144,0.885,0.989,0.98,PD
6545,RP11-319G6.1,Oligodendrocytes precursor cells (OPCs),115,-0.233,0.156,-1.49,0.135,0.746,0.54,PD
6546,RP11-71N10.1,Oligodendrocytes precursor cells (OPCs),35.6,0.595,0.363,1.64,0.101,0.698,0.475,PD
6547,LINC00886,Oligodendrocytes precursor cells (OPCs),64.4,-0.365,0.217,-1.68,0.0925,0.671,0.459,PD
6548,LINC01322,Oligodendrocytes precursor cells (OPCs),581,0.128,0.161,0.792,0.428,0.878,0.823,PD
6549,KCNMB2-AS1,Oligodendrocytes precursor cells (OPCs),311,0.268,0.381,0.703,0.482,0.89,0.851,PD
6550,RP11-4B14.3,Oligodendrocytes precursor cells (OPCs),93.4,0.195,0.249,0.78,0.435,0.878,0.824,PD
6551,RP11-573D15.8,Oligodendrocytes precursor cells (OPCs),12.5,-0.26,0.395,-0.658,0.511,0.909,0.866,PD
6552,P3H2-AS1,Oligodendrocytes precursor cells (OPCs),9.6,-0.279,0.532,-0.526,0.599,0.95,0.902,PD
6553,RP11-197K6.1,Oligodendrocytes precursor cells (OPCs),11.3,-1.25,0.606,-2.06,0.0394,0.573,0.321,PD
6554,FGF12-AS1,Oligodendrocytes precursor cells (OPCs),8.93,0.0909,0.66,0.138,0.89,0.989,0.98,PD
6555,LINC00884,Oligodendrocytes precursor cells (OPCs),34.7,-0.586,0.264,-2.22,0.0267,0.485,0.263,PD
6556,LINC00969,Oligodendrocytes precursor cells (OPCs),328,-0.0117,0.196,-0.0594,0.953,0.989,0.991,PD
6557,MFI2-AS1,Oligodendrocytes precursor cells (OPCs),14.2,0.172,0.348,0.496,0.62,0.956,0.91,PD
6558,RP11-2H3.7,Oligodendrocytes precursor cells (OPCs),8.01,0.213,0.506,0.42,0.675,0.971,0.926,PD
6559,RP11-1263C18.2,Oligodendrocytes precursor cells (OPCs),14.6,0.244,0.365,0.668,0.504,0.904,0.863,PD
6560,RP11-440L14.1,Oligodendrocytes precursor cells (OPCs),115,0.296,0.25,1.19,0.236,0.804,0.679,PD
6561,CTBP1-AS,Oligodendrocytes precursor cells (OPCs),10.4,0.8,0.541,1.48,0.139,0.746,0.546,PD
6562,CTBP1-AS2,Oligodendrocytes precursor cells (OPCs),22.7,0.303,0.386,0.786,0.432,0.878,0.824,PD
6563,STX18-AS1,Oligodendrocytes precursor cells (OPCs),68.1,-0.206,0.176,-1.17,0.241,0.805,0.683,PD
6564,RP11-539L10.3,Oligodendrocytes precursor cells (OPCs),12.4,0.328,0.415,0.789,0.43,0.878,0.824,PD
6565,LINC01182,Oligodendrocytes precursor cells (OPCs),30.6,0.177,0.418,0.423,0.672,0.969,0.925,PD
6566,LINC00504,Oligodendrocytes precursor cells (OPCs),17.3,-0.47,0.326,-1.44,0.149,0.755,0.563,PD
6567,CPEB2-AS1,Oligodendrocytes precursor cells (OPCs),27.3,0.104,0.266,0.392,0.695,0.98,0.932,PD
6568,RP11-665G4.1,Oligodendrocytes precursor cells (OPCs),50.4,-0.877,0.381,-2.3,0.0213,0.456,0.232,PD
6569,TAPT1-AS1,Oligodendrocytes precursor cells (OPCs),265,0.388,0.139,2.79,0.00528,0.315,0.107,PD
6570,RP11-446J8.1,Oligodendrocytes precursor cells (OPCs),9.68,-0.257,0.417,-0.615,0.539,0.921,0.877,PD
6571,RP11-608O21.1,Oligodendrocytes precursor cells (OPCs),7.32,0.536,0.602,0.89,0.373,0.85,0.791,PD
6572,UGDH-AS1,Oligodendrocytes precursor cells (OPCs),48.8,-0.112,0.222,-0.503,0.615,0.953,0.907,PD
6573,RP11-231C18.1,Oligodendrocytes precursor cells (OPCs),55.3,-0.721,0.417,-1.73,0.0837,0.66,0.444,PD
6574,EPHA5-AS1,Oligodendrocytes precursor cells (OPCs),17.4,0.501,0.475,1.06,0.291,0.805,0.729,PD
6575,RP11-584P21.2,Oligodendrocytes precursor cells (OPCs),40.5,0.454,0.246,1.85,0.0647,0.614,0.395,PD
6576,UBA6-AS1,Oligodendrocytes precursor cells (OPCs),253,0.312,0.196,1.6,0.111,0.716,0.493,PD
6577,RP11-692D12.1,Oligodendrocytes precursor cells (OPCs),107,-0.49,0.234,-2.09,0.0363,0.544,0.307,PD
6578,LINC01088,Oligodendrocytes precursor cells (OPCs),13.1,0.462,0.421,1.1,0.272,0.805,0.71,PD
6579,RP11-778J15.1,Oligodendrocytes precursor cells (OPCs),17.4,1.06,0.488,2.18,0.0294,0.523,0.279,PD
6580,RP11-10L7.1,Oligodendrocytes precursor cells (OPCs),20.2,0.365,0.276,1.32,0.185,0.784,0.62,PD
6581,FAM13A-AS1,Oligodendrocytes precursor cells (OPCs),23.5,-0.586,0.291,-2.02,0.0435,0.573,0.331,PD
6582,RP11-696N14.1,Oligodendrocytes precursor cells (OPCs),9.17,-0.0909,0.545,-0.167,0.868,0.989,0.977,PD
6583,RP11-10L12.4,Oligodendrocytes precursor cells (OPCs),20.5,0.585,0.33,1.77,0.0761,0.66,0.424,PD
6584,AC004053.1,Oligodendrocytes precursor cells (OPCs),27.4,-0.0248,0.315,-0.0785,0.937,0.989,0.988,PD
6585,SEC24B-AS1,Oligodendrocytes precursor cells (OPCs),24.6,-0.293,0.324,-0.906,0.365,0.847,0.786,PD
6586,SNHG8,Oligodendrocytes precursor cells (OPCs),7.88,0.826,0.46,1.79,0.0727,0.646,0.414,PD
6587,RP11-679C8.2,Oligodendrocytes precursor cells (OPCs),110,-0.0621,0.247,-0.251,0.802,0.982,0.961,PD
6588,RP11-420A23.1,Oligodendrocytes precursor cells (OPCs),37,0.162,0.27,0.6,0.548,0.921,0.879,PD
6589,RP11-745L13.2,Oligodendrocytes precursor cells (OPCs),181,-0.409,0.213,-1.92,0.0547,0.573,0.366,PD
6590,RP11-404I7.2,Oligodendrocytes precursor cells (OPCs),13.4,-0.28,0.367,-0.764,0.445,0.878,0.828,PD
6591,RP11-9G1.3,Oligodendrocytes precursor cells (OPCs),51.3,-0.0506,0.25,-0.203,0.839,0.989,0.97,PD
6592,RP11-775H9.2,Oligodendrocytes precursor cells (OPCs),18,0.117,0.715,0.164,0.87,0.989,0.977,PD
6593,RP11-371F15.3,Oligodendrocytes precursor cells (OPCs),38.2,0.399,0.321,1.24,0.214,0.804,0.659,PD
6594,RP11-83A24.2,Oligodendrocytes precursor cells (OPCs),88.1,0.328,0.287,1.14,0.253,0.805,0.694,PD
6595,RP11-284M14.1,Oligodendrocytes precursor cells (OPCs),112,-0.00617,0.193,-0.032,0.974,0.995,0.993,PD
6596,HHIP-AS1,Oligodendrocytes precursor cells (OPCs),10.6,-0.263,0.395,-0.665,0.506,0.905,0.864,PD
6597,RP11-76G10.1,Oligodendrocytes precursor cells (OPCs),8.51,-0.117,0.402,-0.292,0.77,0.982,0.953,PD
6598,RP11-10K16.1,Oligodendrocytes precursor cells (OPCs),67.1,0.273,0.243,1.13,0.26,0.805,0.699,PD
6599,RP11-798M19.6,Oligodendrocytes precursor cells (OPCs),8.42,0.391,0.461,0.849,0.396,0.87,0.8,PD
6600,RP11-130F10.1,Oligodendrocytes precursor cells (OPCs),32.4,0.106,0.364,0.29,0.772,0.982,0.953,PD
6601,RP11-367N14.2,Oligodendrocytes precursor cells (OPCs),26.5,-0.0217,0.252,-0.0864,0.931,0.989,0.987,PD
6602,RP11-326I11.4,Oligodendrocytes precursor cells (OPCs),9.8,-0.8,0.475,-1.69,0.0919,0.671,0.459,PD
6603,RP11-714G18.1,Oligodendrocytes precursor cells (OPCs),23.8,0.00216,0.306,0.00706,0.994,0.998,0.998,PD
6604,AF146191.4,Oligodendrocytes precursor cells (OPCs),73.9,0.105,0.224,0.47,0.638,0.958,0.914,PD
6605,RP11-259O2.1,Oligodendrocytes precursor cells (OPCs),9.23,-0.199,0.48,-0.415,0.678,0.975,0.927,PD
6606,MIR4458HG,Oligodendrocytes precursor cells (OPCs),16.7,-0.0107,0.567,-0.0189,0.985,0.997,0.996,PD
6607,CTD-2215L10.1,Oligodendrocytes precursor cells (OPCs),17,0.565,0.635,0.89,0.373,0.85,0.791,PD
6608,AC091878.1,Oligodendrocytes precursor cells (OPCs),173,0.476,0.213,2.24,0.0252,0.48,0.255,PD
6609,RP11-454P21.1,Oligodendrocytes precursor cells (OPCs),261,-0.247,0.201,-1.23,0.219,0.804,0.666,PD
6610,RP11-774D14.1,Oligodendrocytes precursor cells (OPCs),63.6,-0.4,0.291,-1.37,0.17,0.784,0.599,PD
6611,RP11-804N13.1,Oligodendrocytes precursor cells (OPCs),26,-1.53,0.289,-5.3,1.13E-07,9.41E-05,0.000106,PD
6612,RP11-116O11.1,Oligodendrocytes precursor cells (OPCs),28.3,0.541,0.566,0.956,0.339,0.816,0.764,PD
6613,CTD-2152M20.2,Oligodendrocytes precursor cells (OPCs),9.85,0.42,0.433,0.971,0.331,0.81,0.758,PD
6614,GDNF-AS1,Oligodendrocytes precursor cells (OPCs),63.2,-0.41,0.308,-1.33,0.183,0.784,0.617,PD
6615,LIFR-AS1,Oligodendrocytes precursor cells (OPCs),41.6,-0.737,0.282,-2.61,0.00907,0.356,0.149,PD
6616,OSMR-AS1,Oligodendrocytes precursor cells (OPCs),62.4,0.672,0.396,1.7,0.0895,0.661,0.455,PD
6617,NNT-AS1,Oligodendrocytes precursor cells (OPCs),50.8,0.0383,0.211,0.182,0.856,0.989,0.976,PD
6618,RP11-53O19.1,Oligodendrocytes precursor cells (OPCs),29.4,-0.368,0.29,-1.27,0.204,0.804,0.645,PD
6619,CTC-236F12.4,Oligodendrocytes precursor cells (OPCs),11.5,-0.565,0.431,-1.31,0.19,0.791,0.626,PD
6620,CTC-436P18.1,Oligodendrocytes precursor cells (OPCs),13.6,-0.128,0.348,-0.367,0.714,0.98,0.937,PD
6621,RP11-2O17.2,Oligodendrocytes precursor cells (OPCs),8.47,0.606,0.57,1.06,0.288,0.805,0.726,PD
6622,CTC-340D7.1,Oligodendrocytes precursor cells (OPCs),22.9,-0.371,0.416,-0.893,0.372,0.85,0.79,PD
6623,RP11-141O11.2,Oligodendrocytes precursor cells (OPCs),15.8,0.108,0.395,0.274,0.784,0.982,0.956,PD
6624,CTC-347C20.1,Oligodendrocytes precursor cells (OPCs),7.09,0.415,0.566,0.734,0.463,0.886,0.84,PD
6625,CTD-2201I18.1,Oligodendrocytes precursor cells (OPCs),20.5,0.711,0.458,1.55,0.12,0.746,0.515,PD
6626,CTC-458I2.2,Oligodendrocytes precursor cells (OPCs),26.9,0.956,0.444,2.15,0.0313,0.544,0.288,PD
6627,CKMT2-AS1,Oligodendrocytes precursor cells (OPCs),71.5,-0.232,0.208,-1.11,0.266,0.805,0.706,PD
6628,VCAN-AS1,Oligodendrocytes precursor cells (OPCs),29.5,0.843,0.669,1.26,0.208,0.804,0.65,PD
6629,CTD-2269F5.1,Oligodendrocytes precursor cells (OPCs),68.6,-0.192,0.238,-0.805,0.421,0.878,0.816,PD
6630,TMEM161B-AS1,Oligodendrocytes precursor cells (OPCs),499,0.0873,0.141,0.62,0.535,0.921,0.875,PD
6631,CTC-498M16.4,Oligodendrocytes precursor cells (OPCs),22.7,0.0868,0.288,0.302,0.763,0.982,0.95,PD
6632,LINC00461,Oligodendrocytes precursor cells (OPCs),230,0.0739,0.167,0.442,0.659,0.966,0.92,PD
6633,CTC-467M3.1,Oligodendrocytes precursor cells (OPCs),14.1,-0.743,0.447,-1.66,0.0964,0.682,0.466,PD
6634,MEF2C-AS1,Oligodendrocytes precursor cells (OPCs),238,-0.484,0.253,-1.91,0.0558,0.573,0.368,PD
6635,RP11-133F8.2,Oligodendrocytes precursor cells (OPCs),61.7,0.627,0.485,1.29,0.196,0.801,0.637,PD
6636,CTC-458G6.2,Oligodendrocytes precursor cells (OPCs),38.5,0.802,0.458,1.75,0.0796,0.66,0.435,PD
6637,NR2F1-AS1,Oligodendrocytes precursor cells (OPCs),140,0.131,0.141,0.931,0.352,0.833,0.774,PD
6638,CTD-2154I11.2,Oligodendrocytes precursor cells (OPCs),11.2,0.0642,0.378,0.17,0.865,0.989,0.977,PD
6639,CTD-2337A12.1,Oligodendrocytes precursor cells (OPCs),21.7,-0.144,0.382,-0.377,0.707,0.98,0.934,PD
6640,CTD-2260A17.2,Oligodendrocytes precursor cells (OPCs),25.9,-0.212,0.293,-0.724,0.469,0.89,0.842,PD
6641,CTD-2215E18.1,Oligodendrocytes precursor cells (OPCs),44.9,-0.128,0.219,-0.587,0.557,0.924,0.884,PD
6642,CTD-2007H13.3,Oligodendrocytes precursor cells (OPCs),73.2,0.269,0.223,1.21,0.227,0.804,0.672,PD
6643,CTD-2001C12.1,Oligodendrocytes precursor cells (OPCs),8.42,-0.166,0.47,-0.353,0.724,0.98,0.939,PD
6644,AC010226.4,Oligodendrocytes precursor cells (OPCs),9.41,-0.561,0.462,-1.21,0.224,0.804,0.671,PD
6645,SEMA6A-AS1,Oligodendrocytes precursor cells (OPCs),21.6,0.18,0.361,0.499,0.618,0.955,0.908,PD
6646,CTB-161M19.4,Oligodendrocytes precursor cells (OPCs),19.7,-0.541,0.317,-1.71,0.0879,0.66,0.452,PD
6647,LINC01170,Oligodendrocytes precursor cells (OPCs),126,-0.0727,0.304,-0.239,0.811,0.982,0.963,PD
6648,LINC01184,Oligodendrocytes precursor cells (OPCs),148,-0.355,0.195,-1.82,0.0686,0.631,0.403,PD
6649,RP11-381K20.2,Oligodendrocytes precursor cells (OPCs),43.5,-0.0203,0.333,-0.061,0.951,0.989,0.991,PD
6650,CTB-35F21.1,Oligodendrocytes precursor cells (OPCs),8.97,0.197,0.448,0.439,0.661,0.966,0.922,PD
6651,CTC-329D1.2,Oligodendrocytes precursor cells (OPCs),21.6,-0.156,0.308,-0.508,0.612,0.953,0.907,PD
6652,AC005609.16,Oligodendrocytes precursor cells (OPCs),15.1,0.0166,0.346,0.048,0.962,0.989,0.991,PD
6653,AC005592.2,Oligodendrocytes precursor cells (OPCs),198,-0.0355,0.237,-0.15,0.881,0.989,0.979,PD
6654,CTC-255N20.1,Oligodendrocytes precursor cells (OPCs),43.1,0.155,0.249,0.62,0.535,0.921,0.875,PD
6655,JAKMIP2-AS1,Oligodendrocytes precursor cells (OPCs),14.2,1.05,0.495,2.11,0.0345,0.544,0.304,PD
6656,RP11-373N22.3,Oligodendrocytes precursor cells (OPCs),168,0.14,0.157,0.894,0.372,0.85,0.79,PD
6657,GRPEL2-AS1,Oligodendrocytes precursor cells (OPCs),11.5,0.105,0.467,0.224,0.823,0.988,0.967,PD
6658,SAP30L-AS1,Oligodendrocytes precursor cells (OPCs),18.9,-0.0736,0.343,-0.215,0.83,0.989,0.968,PD
6659,RP11-167P20.1,Oligodendrocytes precursor cells (OPCs),40.7,-0.243,0.276,-0.881,0.378,0.853,0.792,PD
6660,LINC01411,Oligodendrocytes precursor cells (OPCs),20.9,0.0493,0.449,0.11,0.913,0.989,0.984,PD
6661,CTD-2532K18.1,Oligodendrocytes precursor cells (OPCs),13.4,0.139,0.416,0.334,0.738,0.982,0.944,PD
6662,RP11-281O15.4,Oligodendrocytes precursor cells (OPCs),9.79,-0.319,0.386,-0.824,0.41,0.878,0.809,PD
6663,GMDS-AS1,Oligodendrocytes precursor cells (OPCs),231,-0.297,0.189,-1.57,0.116,0.733,0.505,PD
6664,LINC01600,Oligodendrocytes precursor cells (OPCs),8.53,-0.271,0.464,-0.585,0.559,0.924,0.885,PD
6665,RP3-510L9.1,Oligodendrocytes precursor cells (OPCs),24.4,0.218,0.312,0.697,0.486,0.892,0.852,PD
6666,RP11-204E9.3,Oligodendrocytes precursor cells (OPCs),9.64,-0.196,0.376,-0.523,0.601,0.95,0.903,PD
6667,CASC15,Oligodendrocytes precursor cells (OPCs),62.9,0.258,0.268,0.964,0.335,0.813,0.762,PD
6668,NBAT1,Oligodendrocytes precursor cells (OPCs),14.2,0.725,0.416,1.74,0.0815,0.66,0.44,PD
6669,LINC00240,Oligodendrocytes precursor cells (OPCs),14.1,0.154,0.375,0.411,0.681,0.976,0.929,PD
6670,ZSCAN16-AS1,Oligodendrocytes precursor cells (OPCs),25.4,0.0609,0.322,0.189,0.85,0.989,0.973,PD
6671,HCG17,Oligodendrocytes precursor cells (OPCs),155,-0.0896,0.203,-0.443,0.658,0.966,0.92,PD
6672,XXbac-BPG154L12.4,Oligodendrocytes precursor cells (OPCs),87,-0.133,0.263,-0.508,0.612,0.953,0.907,PD
6673,PHF1,Oligodendrocytes precursor cells (OPCs),33.6,-0.0581,0.376,-0.155,0.877,0.989,0.979,PD
6674,RP1-179N16.6,Oligodendrocytes precursor cells (OPCs),11.6,0.633,0.424,1.49,0.136,0.746,0.541,PD
6675,RP3-475N16.1,Oligodendrocytes precursor cells (OPCs),11.1,0.0601,0.368,0.163,0.87,0.989,0.977,PD
6676,RP5-1120P11.1,Oligodendrocytes precursor cells (OPCs),10.3,-0.753,0.619,-1.22,0.224,0.804,0.671,PD
6677,RP11-472M19.2,Oligodendrocytes precursor cells (OPCs),9.75,0.601,0.535,1.12,0.262,0.805,0.7,PD
6678,XXbac-BPGBPG55C20.2,Oligodendrocytes precursor cells (OPCs),24.3,-0.267,0.359,-0.745,0.456,0.886,0.835,PD
6679,XXbac-BPG55C20.7,Oligodendrocytes precursor cells (OPCs),492,-0.000722,0.189,-0.00381,0.997,0.998,0.999,PD
6680,RP3-525N10.2,Oligodendrocytes precursor cells (OPCs),66.9,-0.0137,0.242,-0.0567,0.955,0.989,0.991,PD
6681,RP3-331H24.5,Oligodendrocytes precursor cells (OPCs),12.5,0.84,0.4,2.1,0.0358,0.544,0.306,PD
6682,RP11-398K22.12,Oligodendrocytes precursor cells (OPCs),53.1,0.0426,0.293,0.146,0.884,0.989,0.98,PD
6683,RP1-234P15.4,Oligodendrocytes precursor cells (OPCs),9.65,-0.0517,0.4,-0.129,0.897,0.989,0.982,PD
6684,RP11-250B2.3,Oligodendrocytes precursor cells (OPCs),11.7,0.21,0.381,0.551,0.581,0.937,0.894,PD
6685,UFL1-AS1,Oligodendrocytes precursor cells (OPCs),17.8,-0.761,0.418,-1.82,0.0688,0.631,0.404,PD
6686,RP11-436D23.1,Oligodendrocytes precursor cells (OPCs),614,-0.256,0.149,-1.72,0.0862,0.66,0.448,PD
6687,RP11-98I9.4,Oligodendrocytes precursor cells (OPCs),18.6,0.0794,0.32,0.248,0.804,0.982,0.961,PD
6688,BVES-AS1,Oligodendrocytes precursor cells (OPCs),11.1,0.478,0.387,1.24,0.217,0.804,0.663,PD
6689,TRAF3IP2-AS1,Oligodendrocytes precursor cells (OPCs),469,-0.0643,0.124,-0.518,0.605,0.951,0.904,PD
6690,RP3-399L15.3,Oligodendrocytes precursor cells (OPCs),53.1,0.0977,0.202,0.485,0.628,0.956,0.913,PD
6691,RP11-351A11.1,Oligodendrocytes precursor cells (OPCs),10.3,-0.292,0.561,-0.521,0.602,0.95,0.903,PD
6692,RNF217-AS1,Oligodendrocytes precursor cells (OPCs),6.92,-1.12,0.579,-1.93,0.0534,0.573,0.361,PD
6693,RP11-527F13.1,Oligodendrocytes precursor cells (OPCs),9.18,0.121,0.405,0.298,0.766,0.982,0.951,PD
6694,RP11-69I8.3,Oligodendrocytes precursor cells (OPCs),305,-0.274,0.155,-1.76,0.0779,0.66,0.428,PD
6695,RP3-523C21.2,Oligodendrocytes precursor cells (OPCs),25.1,-0.244,0.298,-0.819,0.413,0.878,0.811,PD
6696,LINC01013,Oligodendrocytes precursor cells (OPCs),24.2,-0.0747,0.286,-0.262,0.794,0.982,0.959,PD
6697,LINC00271,Oligodendrocytes precursor cells (OPCs),39.6,-0.537,0.278,-1.93,0.0536,0.573,0.362,PD
6698,RP13-143G15.4,Oligodendrocytes precursor cells (OPCs),22.2,0.784,0.587,1.34,0.182,0.784,0.615,PD
6699,RP11-545I5.3,Oligodendrocytes precursor cells (OPCs),55.2,-0.269,0.251,-1.07,0.283,0.805,0.719,PD
6700,STXBP5-AS1,Oligodendrocytes precursor cells (OPCs),45,-0.0711,0.244,-0.291,0.771,0.982,0.953,PD
6701,RP1-101K10.6,Oligodendrocytes precursor cells (OPCs),14,-0.467,0.344,-1.36,0.175,0.784,0.605,PD
6702,RP1-111C20.4,Oligodendrocytes precursor cells (OPCs),41.6,-0.279,0.288,-0.968,0.333,0.81,0.76,PD
6703,RP3-428L16.1,Oligodendrocytes precursor cells (OPCs),20.3,0.257,0.31,0.831,0.406,0.878,0.808,PD
6704,RP1-167A14.2,Oligodendrocytes precursor cells (OPCs),11.2,-0.124,0.456,-0.271,0.786,0.982,0.957,PD
6705,PSMB1,Oligodendrocytes precursor cells (OPCs),43.2,0.0852,0.261,0.327,0.744,0.982,0.944,PD
6706,AC073343.13,Oligodendrocytes precursor cells (OPCs),27.7,0.215,0.271,0.792,0.428,0.878,0.823,PD
6707,RP4-668E10.4,Oligodendrocytes precursor cells (OPCs),605,-0.217,0.181,-1.2,0.23,0.804,0.675,PD
6708,AC011288.2,Oligodendrocytes precursor cells (OPCs),17.8,0.839,0.434,1.93,0.0534,0.573,0.361,PD
6709,AC003075.4,Oligodendrocytes precursor cells (OPCs),12,1.73,0.633,2.73,0.00631,0.329,0.119,PD
6710,AC003090.1,Oligodendrocytes precursor cells (OPCs),18.3,-0.221,0.347,-0.636,0.525,0.912,0.872,PD
6711,AC004540.4,Oligodendrocytes precursor cells (OPCs),20.4,0.41,0.391,1.05,0.294,0.805,0.73,PD
6712,AC004540.5,Oligodendrocytes precursor cells (OPCs),126,-0.202,0.283,-0.715,0.475,0.89,0.846,PD
6713,CTB-113D17.1,Oligodendrocytes precursor cells (OPCs),33.6,0.461,0.267,1.73,0.0841,0.66,0.444,PD
6714,SEPT7-AS1,Oligodendrocytes precursor cells (OPCs),10.5,0.149,0.375,0.398,0.69,0.98,0.931,PD
6715,LINC00265,Oligodendrocytes precursor cells (OPCs),17.6,-0.225,0.384,-0.585,0.558,0.924,0.885,PD
6716,INHBA-AS1,Oligodendrocytes precursor cells (OPCs),21.1,-0.147,0.309,-0.477,0.634,0.957,0.913,PD
6717,AC005537.2,Oligodendrocytes precursor cells (OPCs),51,0.475,0.268,1.77,0.0763,0.66,0.424,PD
6718,RP11-166O4.6,Oligodendrocytes precursor cells (OPCs),8.02,-0.442,0.417,-1.06,0.289,0.805,0.726,PD
6719,APTR,Oligodendrocytes precursor cells (OPCs),31.4,0.13,0.266,0.49,0.624,0.956,0.912,PD
6720,AC003991.3,Oligodendrocytes precursor cells (OPCs),38,-0.0843,0.263,-0.321,0.749,0.982,0.947,PD
6721,RP11-142A5.1,Oligodendrocytes precursor cells (OPCs),44.6,-0.418,0.239,-1.75,0.0809,0.66,0.439,PD
6722,AC007566.10,Oligodendrocytes precursor cells (OPCs),71.8,-0.188,0.183,-1.03,0.303,0.805,0.737,PD
6723,RP11-514P8.8,Oligodendrocytes precursor cells (OPCs),12.1,-0.464,0.462,-1,0.315,0.81,0.747,PD
6724,LINC01004,Oligodendrocytes precursor cells (OPCs),92.4,0.271,0.179,1.51,0.13,0.746,0.532,PD
6725,AC002066.1,Oligodendrocytes precursor cells (OPCs),14,0.55,0.432,1.27,0.204,0.804,0.644,PD
6726,RP5-921G16.1,Oligodendrocytes precursor cells (OPCs),268,0.0517,0.175,0.295,0.768,0.982,0.952,PD
6727,POT1-AS1,Oligodendrocytes precursor cells (OPCs),64.5,-0.167,0.262,-0.638,0.523,0.912,0.872,PD
6728,RP11-3B12.2,Oligodendrocytes precursor cells (OPCs),33.6,0.147,0.271,0.545,0.586,0.939,0.896,PD
6729,RP11-212P7.2,Oligodendrocytes precursor cells (OPCs),16.8,-0.207,0.345,-0.601,0.548,0.921,0.879,PD
6730,RP11-448A19.1,Oligodendrocytes precursor cells (OPCs),12.3,-0.146,0.38,-0.386,0.7,0.98,0.933,PD
6731,AC016831.7,Oligodendrocytes precursor cells (OPCs),53.2,0.964,0.509,1.89,0.0583,0.573,0.374,PD
6732,RP11-138A9.2,Oligodendrocytes precursor cells (OPCs),17.7,0.908,0.579,1.57,0.117,0.733,0.507,PD
6733,RP11-744I24.2,Oligodendrocytes precursor cells (OPCs),10.7,0.227,0.402,0.565,0.572,0.929,0.892,PD
6734,RP5-894A10.2,Oligodendrocytes precursor cells (OPCs),17.5,0.235,0.315,0.747,0.455,0.886,0.835,PD
6735,RP11-545G3.1,Oligodendrocytes precursor cells (OPCs),10.8,0.272,0.641,0.424,0.672,0.969,0.925,PD
6736,LINC01003,Oligodendrocytes precursor cells (OPCs),13.4,0.184,0.42,0.439,0.66,0.966,0.921,PD
6737,PAXIP1-AS1,Oligodendrocytes precursor cells (OPCs),10.3,-0.306,0.412,-0.741,0.459,0.886,0.836,PD
6738,AC009403.2,Oligodendrocytes precursor cells (OPCs),32.8,-0.0592,0.28,-0.212,0.832,0.989,0.968,PD
6739,LINC01006,Oligodendrocytes precursor cells (OPCs),100,-0.0341,0.219,-0.156,0.876,0.989,0.979,PD
6740,LINC00685,Oligodendrocytes precursor cells (OPCs),30.4,-0.13,0.477,-0.272,0.786,0.982,0.957,PD
6741,LINC00106,Oligodendrocytes precursor cells (OPCs),10.8,-0.442,0.548,-0.807,0.42,0.878,0.815,PD
6742,ASMTL-AS1,Oligodendrocytes precursor cells (OPCs),7.86,0.262,0.502,0.522,0.602,0.95,0.903,PD
6743,LINC01546,Oligodendrocytes precursor cells (OPCs),11.9,0.0793,0.408,0.194,0.846,0.989,0.972,PD
6744,RP11-733O18.1,Oligodendrocytes precursor cells (OPCs),11,-0.0729,0.661,-0.11,0.912,0.989,0.984,PD
6745,RP11-120D5.1,Oligodendrocytes precursor cells (OPCs),18.1,-0.53,0.332,-1.6,0.11,0.716,0.493,PD
6746,PTCHD1-AS,Oligodendrocytes precursor cells (OPCs),12.4,-0.466,0.494,-0.943,0.346,0.827,0.769,PD
6747,RP11-268G12.3,Oligodendrocytes precursor cells (OPCs),25.9,1.49,0.635,2.35,0.019,0.424,0.219,PD
6748,LINC01284,Oligodendrocytes precursor cells (OPCs),12.3,0.0127,0.369,0.0344,0.973,0.995,0.993,PD
6749,RP11-348F1.2,Oligodendrocytes precursor cells (OPCs),45.1,0.0243,0.205,0.118,0.906,0.989,0.983,PD
6750,KANTR,Oligodendrocytes precursor cells (OPCs),164,0.22,0.158,1.39,0.164,0.783,0.589,PD
6751,RP13-188A5.1,Oligodendrocytes precursor cells (OPCs),18.3,-0.837,0.324,-2.58,0.00988,0.356,0.155,PD
6752,JPX,Oligodendrocytes precursor cells (OPCs),244,-0.131,0.19,-0.687,0.492,0.897,0.857,PD
6753,FTX,Oligodendrocytes precursor cells (OPCs),1190,0.0321,0.129,0.249,0.803,0.982,0.961,PD
6754,MIR325HG,Oligodendrocytes precursor cells (OPCs),178,-0.373,0.261,-1.43,0.153,0.755,0.57,PD
6755,DIAPH2-AS1,Oligodendrocytes precursor cells (OPCs),13.6,0.867,0.538,1.61,0.107,0.716,0.487,PD
6756,LINC00630,Oligodendrocytes precursor cells (OPCs),44,0.0201,0.217,0.0923,0.926,0.989,0.986,PD
6757,XACT,Oligodendrocytes precursor cells (OPCs),87.2,-0.498,0.263,-1.9,0.0579,0.573,0.373,PD
6758,DANT2,Oligodendrocytes precursor cells (OPCs),358,-0.464,0.27,-1.72,0.0856,0.66,0.447,PD
6759,LINC01285,Oligodendrocytes precursor cells (OPCs),23.5,-0.644,0.327,-1.97,0.0493,0.573,0.352,PD
6760,RHOXF1-AS1,Oligodendrocytes precursor cells (OPCs),39,0.0273,0.232,0.117,0.907,0.989,0.983,PD
6761,RAP2C-AS1,Oligodendrocytes precursor cells (OPCs),33.2,-0.714,0.404,-1.77,0.0774,0.66,0.426,PD
6762,RP11-1114A5.4,Oligodendrocytes precursor cells (OPCs),50.2,-0.0244,0.256,-0.0954,0.924,0.989,0.986,PD
6763,LINC00632,Oligodendrocytes precursor cells (OPCs),142,0.152,0.193,0.785,0.432,0.878,0.824,PD
6764,CDR1-AS,Oligodendrocytes precursor cells (OPCs),46.6,-0.352,0.312,-1.13,0.26,0.805,0.699,PD
6765,LINC00894,Oligodendrocytes precursor cells (OPCs),70,0.223,0.248,0.902,0.367,0.849,0.787,PD
6766,TMLHE-AS1,Oligodendrocytes precursor cells (OPCs),14.8,0.146,0.42,0.348,0.728,0.982,0.941,PD
6767,RP11-134O21.1,Oligodendrocytes precursor cells (OPCs),12.3,0.0675,0.386,0.175,0.861,0.989,0.977,PD
6768,GS1-57L11.1,Oligodendrocytes precursor cells (OPCs),11.6,-0.295,0.689,-0.428,0.669,0.969,0.924,PD
6769,MCPH1-AS1,Oligodendrocytes precursor cells (OPCs),36.2,0.323,0.272,1.19,0.235,0.804,0.679,PD
6770,FAM66B,Oligodendrocytes precursor cells (OPCs),24.5,-0.0309,0.347,-0.089,0.929,0.989,0.986,PD
6771,FAM85B,Oligodendrocytes precursor cells (OPCs),119,0.159,0.305,0.52,0.603,0.95,0.904,PD
6772,LINC00599,Oligodendrocytes precursor cells (OPCs),53.2,-0.0817,0.297,-0.275,0.784,0.982,0.956,PD
6773,LINCR-0001,Oligodendrocytes precursor cells (OPCs),13,0.237,0.376,0.631,0.528,0.917,0.873,PD
6774,FAM66D,Oligodendrocytes precursor cells (OPCs),193,-0.344,0.241,-1.43,0.153,0.755,0.568,PD
6775,FAM66A,Oligodendrocytes precursor cells (OPCs),21.8,0.847,0.506,1.67,0.0943,0.673,0.462,PD
6776,RP11-582J16.4,Oligodendrocytes precursor cells (OPCs),29.4,-0.08,0.255,-0.314,0.754,0.982,0.948,PD
6777,RP11-11N9.4,Oligodendrocytes precursor cells (OPCs),18.3,0.143,0.313,0.456,0.648,0.962,0.919,PD
6778,RP11-317N12.1,Oligodendrocytes precursor cells (OPCs),58.4,0.0957,0.252,0.38,0.704,0.98,0.934,PD
6779,RP11-350N15.4,Oligodendrocytes precursor cells (OPCs),8.7,0.411,0.578,0.711,0.477,0.89,0.848,PD
6780,RP11-675F6.3,Oligodendrocytes precursor cells (OPCs),48.9,-0.117,0.271,-0.431,0.667,0.968,0.924,PD
6781,RP11-110G21.1,Oligodendrocytes precursor cells (OPCs),16.5,-0.0452,0.3,-0.15,0.88,0.989,0.979,PD
6782,LINC01301,Oligodendrocytes precursor cells (OPCs),48.3,0.078,0.264,0.295,0.768,0.982,0.952,PD
6783,AC022182.1,Oligodendrocytes precursor cells (OPCs),10.2,-0.23,0.48,-0.478,0.632,0.957,0.913,PD
6784,RP11-32K4.1,Oligodendrocytes precursor cells (OPCs),18,-0.457,0.447,-1.02,0.306,0.805,0.74,PD
6785,MIR124-2HG,Oligodendrocytes precursor cells (OPCs),14,-0.149,0.464,-0.321,0.748,0.982,0.946,PD
6786,RP11-531A24.5,Oligodendrocytes precursor cells (OPCs),14.9,0.0716,0.409,0.175,0.861,0.989,0.977,PD
6787,RP11-463D19.1,Oligodendrocytes precursor cells (OPCs),14.1,0.436,0.519,0.839,0.401,0.877,0.806,PD
6788,MIR2052HG,Oligodendrocytes precursor cells (OPCs),78.2,0.208,0.31,0.671,0.502,0.904,0.863,PD
6789,ZFHX4-AS1,Oligodendrocytes precursor cells (OPCs),47.1,-0.771,0.271,-2.84,0.00448,0.315,0.0967,PD
6790,AF121898.3,Oligodendrocytes precursor cells (OPCs),10.1,-0.158,0.576,-0.275,0.783,0.982,0.956,PD
6791,RP11-586K2.1,Oligodendrocytes precursor cells (OPCs),231,0.288,0.198,1.45,0.147,0.755,0.56,PD
6792,RP11-37B2.1,Oligodendrocytes precursor cells (OPCs),102,-0.0734,0.188,-0.391,0.696,0.98,0.932,PD
6793,LINC00534,Oligodendrocytes precursor cells (OPCs),15.4,0.0227,0.377,0.0604,0.952,0.989,0.991,PD
6794,OTUD6B-AS1,Oligodendrocytes precursor cells (OPCs),15.9,0.857,0.355,2.41,0.0159,0.38,0.203,PD
6795,LINC00535,Oligodendrocytes precursor cells (OPCs),18.5,-0.512,0.299,-1.71,0.0866,0.66,0.449,PD
6796,RP11-267M23.4,Oligodendrocytes precursor cells (OPCs),9.75,-0.114,0.459,-0.248,0.804,0.982,0.961,PD
6797,C8orf37-AS1,Oligodendrocytes precursor cells (OPCs),19.3,0.187,0.404,0.462,0.644,0.96,0.917,PD
6798,RP11-410L14.2,Oligodendrocytes precursor cells (OPCs),34.6,-0.022,0.26,-0.0849,0.932,0.989,0.987,PD
6799,KB-1460A1.5,Oligodendrocytes precursor cells (OPCs),8.15,1.28,0.508,2.51,0.0119,0.356,0.173,PD
6800,AZIN1-AS1,Oligodendrocytes precursor cells (OPCs),92.9,-0.305,0.258,-1.18,0.237,0.805,0.679,PD
6801,KB-1507C5.4,Oligodendrocytes precursor cells (OPCs),20.1,-0.0515,0.351,-0.147,0.884,0.989,0.98,PD
6802,BAALC-AS1,Oligodendrocytes precursor cells (OPCs),26.9,1.11,0.529,2.09,0.0365,0.544,0.307,PD
6803,RP11-1C8.4,Oligodendrocytes precursor cells (OPCs),9,-0.218,0.442,-0.494,0.621,0.956,0.91,PD
6804,RP11-642D21.2,Oligodendrocytes precursor cells (OPCs),16.3,0.823,0.743,1.11,0.268,0.805,0.708,PD
6805,RP11-395G23.3,Oligodendrocytes precursor cells (OPCs),7.44,-0.00261,0.511,-0.00511,0.996,0.998,0.999,PD
6806,RP11-649G15.2,Oligodendrocytes precursor cells (OPCs),9.19,0.684,0.628,1.09,0.276,0.805,0.714,PD
6807,HAS2-AS1,Oligodendrocytes precursor cells (OPCs),11.9,0.409,0.471,0.869,0.385,0.856,0.794,PD
6808,PCAT1,Oligodendrocytes precursor cells (OPCs),47.7,-0.219,0.312,-0.702,0.483,0.89,0.851,PD
6809,PVT1,Oligodendrocytes precursor cells (OPCs),83.7,0.125,0.309,0.403,0.687,0.98,0.93,PD
6810,AC083843.1,Oligodendrocytes precursor cells (OPCs),9.85,-0.496,0.414,-1.2,0.231,0.804,0.675,PD
6811,CTA-204B4.2,Oligodendrocytes precursor cells (OPCs),14,0.0179,0.347,0.0515,0.959,0.989,0.991,PD
6812,RP11-273G15.2,Oligodendrocytes precursor cells (OPCs),9.81,0.357,0.47,0.76,0.447,0.88,0.83,PD
6813,VLDLR-AS1,Oligodendrocytes precursor cells (OPCs),34.8,-0.316,0.262,-1.21,0.227,0.804,0.672,PD
6814,RFX3-AS1,Oligodendrocytes precursor cells (OPCs),116,-0.678,0.183,-3.71,0.000207,0.0863,0.0151,PD
6815,RP11-390F4.6,Oligodendrocytes precursor cells (OPCs),19.8,0.19,0.373,0.51,0.61,0.953,0.906,PD
6816,RP11-120J1.1,Oligodendrocytes precursor cells (OPCs),27.9,-0.293,0.255,-1.15,0.25,0.805,0.691,PD
6817,CDKN2B-AS1,Oligodendrocytes precursor cells (OPCs),12,-1.3,0.377,-3.45,0.00056,0.119,0.0259,PD
6818,PTENP1-AS,Oligodendrocytes precursor cells (OPCs),11.2,0.723,0.362,2,0.0457,0.573,0.341,PD
6819,RP11-112J3.16,Oligodendrocytes precursor cells (OPCs),24.7,0.165,0.259,0.638,0.524,0.912,0.872,PD
6820,EBLN3P,Oligodendrocytes precursor cells (OPCs),29.6,0.00262,0.335,0.00781,0.994,0.998,0.998,PD
6821,GLIDR,Oligodendrocytes precursor cells (OPCs),104,-0.098,0.211,-0.465,0.642,0.959,0.916,PD
6822,FAM95B1,Oligodendrocytes precursor cells (OPCs),73.7,0.367,0.297,1.24,0.216,0.804,0.662,PD
6823,BMS1P14,Oligodendrocytes precursor cells (OPCs),19.9,-0.174,0.453,-0.384,0.701,0.98,0.933,PD
6824,RP11-374M1.4,Oligodendrocytes precursor cells (OPCs),13.2,-0.105,0.412,-0.254,0.799,0.982,0.96,PD
6825,LINC01410,Oligodendrocytes precursor cells (OPCs),10.7,0.292,0.424,0.69,0.49,0.897,0.856,PD
6826,RP11-262H14.3,Oligodendrocytes precursor cells (OPCs),29.1,-0.38,0.365,-1.04,0.298,0.805,0.734,PD
6827,RP11-15E1.5,Oligodendrocytes precursor cells (OPCs),35.2,0.173,0.27,0.64,0.522,0.912,0.871,PD
6828,RP11-88I18.2,Oligodendrocytes precursor cells (OPCs),14.7,-0.547,0.384,-1.42,0.154,0.755,0.572,PD
6829,MAMDC2-AS1,Oligodendrocytes precursor cells (OPCs),35.4,0.191,0.297,0.644,0.52,0.912,0.87,PD
6830,SMC5-AS1,Oligodendrocytes precursor cells (OPCs),38.9,0.0339,0.279,0.122,0.903,0.989,0.983,PD
6831,RP11-154D17.1,Oligodendrocytes precursor cells (OPCs),12.6,-0.237,0.509,-0.465,0.642,0.959,0.916,PD
6832,GAS1RR,Oligodendrocytes precursor cells (OPCs),22,0.491,0.286,1.72,0.0858,0.66,0.448,PD
6833,RP11-305L7.3,Oligodendrocytes precursor cells (OPCs),13.9,0.538,0.361,1.49,0.136,0.746,0.541,PD
6834,RP11-2B6.3,Oligodendrocytes precursor cells (OPCs),26.9,0.282,0.249,1.13,0.257,0.805,0.697,PD
6835,LINC00476,Oligodendrocytes precursor cells (OPCs),147,0.152,0.197,0.774,0.439,0.878,0.827,PD
6836,RP11-535M15.1,Oligodendrocytes precursor cells (OPCs),18,0.401,0.391,1.03,0.305,0.805,0.739,PD
6837,RP11-498P14.5,Oligodendrocytes precursor cells (OPCs),28.3,-0.739,0.39,-1.89,0.0583,0.573,0.374,PD
6838,RP11-554F20.1,Oligodendrocytes precursor cells (OPCs),104,-0.508,0.226,-2.24,0.0249,0.48,0.254,PD
6839,LINC01505,Oligodendrocytes precursor cells (OPCs),198,0.0908,0.181,0.503,0.615,0.953,0.907,PD
6840,RP11-508N12.2,Oligodendrocytes precursor cells (OPCs),17.5,0.354,0.555,0.639,0.523,0.912,0.872,PD
6841,C9orf147,Oligodendrocytes precursor cells (OPCs),23.6,0.384,0.296,1.29,0.196,0.801,0.636,PD
6842,RP11-45A16.4,Oligodendrocytes precursor cells (OPCs),7.19,0.0434,0.594,0.073,0.942,0.989,0.989,PD
6843,MIR181A2HG,Oligodendrocytes precursor cells (OPCs),32.1,0.517,0.295,1.75,0.08,0.66,0.435,PD
6844,MIR219A2,Oligodendrocytes precursor cells (OPCs),39.6,-0.29,0.386,-0.753,0.452,0.886,0.832,PD
6845,SNHG7,Oligodendrocytes precursor cells (OPCs),15.9,0.557,0.351,1.59,0.113,0.725,0.498,PD
6846,ARRDC1-AS1,Oligodendrocytes precursor cells (OPCs),8.7,-0.156,0.401,-0.388,0.698,0.98,0.932,PD
6847,AP006621.5,Oligodendrocytes precursor cells (OPCs),13.9,0.00673,0.362,0.0186,0.985,0.997,0.996,PD
6848,CD81-AS1,Oligodendrocytes precursor cells (OPCs),11.9,-0.145,0.366,-0.394,0.693,0.98,0.932,PD
6849,KCNQ1OT1,Oligodendrocytes precursor cells (OPCs),373,-0.549,0.199,-2.77,0.00569,0.317,0.113,PD
6850,RP13-726E6.1,Oligodendrocytes precursor cells (OPCs),19.8,0.336,0.292,1.15,0.25,0.805,0.692,PD
6851,CTD-2516F10.2,Oligodendrocytes precursor cells (OPCs),17.4,0.0587,0.342,0.172,0.864,0.989,0.977,PD
6852,TMEM9B-AS1,Oligodendrocytes precursor cells (OPCs),20.1,-0.107,0.445,-0.241,0.809,0.982,0.963,PD
6853,SBF2-AS1,Oligodendrocytes precursor cells (OPCs),23.1,0.364,0.266,1.37,0.172,0.784,0.602,PD
6854,RP11-1H15.2,Oligodendrocytes precursor cells (OPCs),10.2,0.0991,0.561,0.177,0.86,0.989,0.977,PD
6855,ZBED5-AS1,Oligodendrocytes precursor cells (OPCs),14.2,0.0716,0.329,0.218,0.828,0.989,0.968,PD
6856,BDNF-AS,Oligodendrocytes precursor cells (OPCs),73.8,-0.169,0.185,-0.915,0.36,0.844,0.782,PD
6857,Z83001.1,Oligodendrocytes precursor cells (OPCs),9.29,0.793,0.639,1.24,0.215,0.804,0.661,PD
6858,RP1-65P5.3,Oligodendrocytes precursor cells (OPCs),9.5,0.439,0.409,1.07,0.283,0.805,0.719,PD
6859,RP11-63C8.1,Oligodendrocytes precursor cells (OPCs),17.2,0.952,0.633,1.5,0.133,0.746,0.537,PD
6860,RP11-472I20.3,Oligodendrocytes precursor cells (OPCs),11.3,-0.234,0.444,-0.527,0.598,0.95,0.902,PD
6861,LRP4-AS1,Oligodendrocytes precursor cells (OPCs),34.2,0.46,0.565,0.815,0.415,0.878,0.813,PD
6862,RP11-21A7A.2,Oligodendrocytes precursor cells (OPCs),38.8,0.349,0.272,1.29,0.198,0.801,0.639,PD
6863,NEAT1,Oligodendrocytes precursor cells (OPCs),218,0.175,0.411,0.425,0.671,0.969,0.925,PD
6864,MALAT1,Oligodendrocytes precursor cells (OPCs),19700,-0.162,0.269,-0.604,0.546,0.921,0.879,PD
6865,AP000487.6,Oligodendrocytes precursor cells (OPCs),28,0.405,0.386,1.05,0.294,0.805,0.73,PD
6866,AP000487.5,Oligodendrocytes precursor cells (OPCs),23.9,0.0506,0.308,0.164,0.87,0.989,0.977,PD
6867,RP11-660L16.2,Oligodendrocytes precursor cells (OPCs),8.85,0.448,0.389,1.15,0.249,0.805,0.691,PD
6868,RP11-91P24.7,Oligodendrocytes precursor cells (OPCs),17.1,-0.521,0.381,-1.37,0.172,0.784,0.602,PD
6869,RP11-452H21.1,Oligodendrocytes precursor cells (OPCs),30.8,0.535,0.492,1.09,0.277,0.805,0.715,PD
6870,MIR4300HG,Oligodendrocytes precursor cells (OPCs),83.5,-0.397,0.512,-0.775,0.438,0.878,0.826,PD
6871,RAB30-AS1,Oligodendrocytes precursor cells (OPCs),64.9,-0.0821,0.175,-0.47,0.638,0.958,0.914,PD
6872,RP11-727A23.10,Oligodendrocytes precursor cells (OPCs),15,0.0903,0.376,0.24,0.81,0.982,0.963,PD
6873,CTD-2537O9.1,Oligodendrocytes precursor cells (OPCs),45,0.0826,0.363,0.228,0.82,0.986,0.966,PD
6874,RP11-317J19.1,Oligodendrocytes precursor cells (OPCs),27,0.406,0.333,1.22,0.222,0.804,0.67,PD
6875,CTD-2005H7.1,Oligodendrocytes precursor cells (OPCs),17.4,-0.635,0.342,-1.86,0.063,0.605,0.389,PD
6876,CTD-2005H7.2,Oligodendrocytes precursor cells (OPCs),32.1,-0.249,0.248,-1,0.315,0.81,0.747,PD
6877,RP11-736K20.5,Oligodendrocytes precursor cells (OPCs),9.15,-0.613,0.399,-1.54,0.125,0.746,0.523,PD
6878,RP11-712B9.2,Oligodendrocytes precursor cells (OPCs),9.89,0.378,0.4,0.944,0.345,0.827,0.769,PD
6879,RP11-356J5.12,Oligodendrocytes precursor cells (OPCs),13.3,-0.337,0.352,-0.956,0.339,0.816,0.764,PD
6880,AP000462.2,Oligodendrocytes precursor cells (OPCs),29.9,0.248,0.51,0.487,0.626,0.956,0.912,PD
6881,AP000797.3,Oligodendrocytes precursor cells (OPCs),14.3,-0.979,0.437,-2.24,0.0253,0.48,0.255,PD
6882,RP11-770J1.3,Oligodendrocytes precursor cells (OPCs),8.71,0.461,0.468,0.986,0.324,0.81,0.754,PD
6883,AP002954.4,Oligodendrocytes precursor cells (OPCs),10,0.431,0.44,0.979,0.328,0.81,0.757,PD
6884,RP11-640N11.2,Oligodendrocytes precursor cells (OPCs),8.6,0.664,0.459,1.45,0.147,0.755,0.561,PD
6885,AP003025.2,Oligodendrocytes precursor cells (OPCs),11.6,0.317,0.475,0.667,0.505,0.904,0.863,PD
6886,RP11-217L21.1,Oligodendrocytes precursor cells (OPCs),13.6,0.25,0.556,0.45,0.653,0.966,0.919,PD
6887,IDI2-AS1,Oligodendrocytes precursor cells (OPCs),32.3,-0.364,0.323,-1.13,0.259,0.805,0.699,PD
6888,RP11-336A10.2,Oligodendrocytes precursor cells (OPCs),8.24,-0.048,0.457,-0.105,0.916,0.989,0.984,PD
6889,RP11-563J2.2,Oligodendrocytes precursor cells (OPCs),21.6,-0.423,0.425,-0.994,0.32,0.81,0.751,PD
6890,RP11-142M10.2,Oligodendrocytes precursor cells (OPCs),7.04,1.08,0.636,1.7,0.0885,0.66,0.453,PD
6891,RP11-499P20.2,Oligodendrocytes precursor cells (OPCs),43,-0.00464,0.218,-0.0213,0.983,0.997,0.995,PD
6892,WAC-AS1,Oligodendrocytes precursor cells (OPCs),23.8,-0.0882,0.268,-0.329,0.742,0.982,0.944,PD
6893,RP11-192P3.4,Oligodendrocytes precursor cells (OPCs),10.3,1.03,0.425,2.42,0.0154,0.377,0.199,PD
6894,ZEB1-AS1,Oligodendrocytes precursor cells (OPCs),143,0.233,0.167,1.39,0.164,0.783,0.589,PD
6895,RP11-472N13.3,Oligodendrocytes precursor cells (OPCs),12.8,0.261,0.455,0.574,0.566,0.925,0.888,PD
6896,RP11-324I22.4,Oligodendrocytes precursor cells (OPCs),36.3,-0.00794,0.243,-0.0327,0.974,0.995,0.993,PD
6897,LINC00839,Oligodendrocytes precursor cells (OPCs),26.2,0.217,0.276,0.789,0.43,0.878,0.824,PD
6898,TMEM72-AS1,Oligodendrocytes precursor cells (OPCs),35.9,-0.405,0.254,-1.6,0.111,0.716,0.493,PD
6899,RP11-38L15.3,Oligodendrocytes precursor cells (OPCs),37.4,0.0962,0.273,0.352,0.725,0.98,0.939,PD
6900,LINC00843,Oligodendrocytes precursor cells (OPCs),29.1,-0.666,0.252,-2.64,0.00823,0.343,0.138,PD
6901,SGMS1-AS1,Oligodendrocytes precursor cells (OPCs),9.27,0.389,0.399,0.975,0.329,0.81,0.758,PD
6902,RP11-257I14.1,Oligodendrocytes precursor cells (OPCs),46.1,0.827,0.561,1.47,0.14,0.747,0.547,PD
6903,LINC00844,Oligodendrocytes precursor cells (OPCs),20.9,1.46,0.52,2.8,0.00513,0.315,0.105,PD
6904,RP11-464F9.21,Oligodendrocytes precursor cells (OPCs),27.7,-0.202,0.333,-0.606,0.545,0.921,0.879,PD
6905,ZMIZ1-AS1,Oligodendrocytes precursor cells (OPCs),9.21,-0.747,0.467,-1.6,0.11,0.716,0.493,PD
6906,NUTM2B-AS1,Oligodendrocytes precursor cells (OPCs),128,-0.347,0.175,-1.98,0.0478,0.573,0.348,PD
6907,TMEM254-AS1,Oligodendrocytes precursor cells (OPCs),8.12,0.213,0.422,0.505,0.613,0.953,0.907,PD
6908,NUTM2A-AS1,Oligodendrocytes precursor cells (OPCs),192,-0.335,0.244,-1.37,0.17,0.784,0.599,PD
6909,RP11-80H5.9,Oligodendrocytes precursor cells (OPCs),14.7,0.0866,0.388,0.223,0.824,0.988,0.968,PD
6910,ENTPD1-AS1,Oligodendrocytes precursor cells (OPCs),226,-0.15,0.136,-1.1,0.269,0.805,0.709,PD
6911,RP11-441O15.3,Oligodendrocytes precursor cells (OPCs),18.5,0.0244,0.337,0.0723,0.942,0.989,0.989,PD
6912,OLMALINC,Oligodendrocytes precursor cells (OPCs),38.7,0.56,0.288,1.94,0.0518,0.573,0.359,PD
6913,CASC2,Oligodendrocytes precursor cells (OPCs),18.9,-0.371,0.381,-0.975,0.33,0.81,0.758,PD
6914,LINC01561,Oligodendrocytes precursor cells (OPCs),17.2,0.602,0.445,1.35,0.176,0.784,0.607,PD
6915,WDR11-AS1,Oligodendrocytes precursor cells (OPCs),134,0.223,0.215,1.04,0.299,0.805,0.734,PD
6916,LINC00601,Oligodendrocytes precursor cells (OPCs),24.1,0.099,0.302,0.327,0.743,0.982,0.944,PD
6917,RP11-109A6.5,Oligodendrocytes precursor cells (OPCs),14,-0.661,0.438,-1.51,0.132,0.746,0.535,PD
6918,FAM66C,Oligodendrocytes precursor cells (OPCs),153,-0.351,0.183,-1.91,0.0556,0.573,0.368,PD
6919,RP11-266K4.14,Oligodendrocytes precursor cells (OPCs),12.1,0.0567,0.384,0.148,0.883,0.989,0.979,PD
6920,RP11-266K4.9,Oligodendrocytes precursor cells (OPCs),8.43,0.135,0.465,0.291,0.771,0.982,0.953,PD
6921,LINC00937,Oligodendrocytes precursor cells (OPCs),159,-0.395,0.204,-1.94,0.0522,0.573,0.36,PD
6922,A2ML1-AS1,Oligodendrocytes precursor cells (OPCs),14.6,0.733,0.554,1.32,0.186,0.784,0.62,PD
6923,RP11-259O18.5,Oligodendrocytes precursor cells (OPCs),11.9,-0.783,0.401,-1.95,0.051,0.573,0.357,PD
6924,LINC00987,Oligodendrocytes precursor cells (OPCs),20,0.39,0.39,1,0.317,0.81,0.748,PD
6925,RP11-118B22.4,Oligodendrocytes precursor cells (OPCs),17.6,0.0418,0.307,0.136,0.892,0.989,0.98,PD
6926,RP11-277P12.20,Oligodendrocytes precursor cells (OPCs),25.9,0.425,0.299,1.42,0.156,0.755,0.574,PD
6927,SMIM10L1,Oligodendrocytes precursor cells (OPCs),7.88,0.202,0.426,0.474,0.635,0.958,0.913,PD
6928,RP11-711K1.8,Oligodendrocytes precursor cells (OPCs),12.9,-0.267,0.658,-0.405,0.685,0.98,0.929,PD
6929,LINC01252,Oligodendrocytes precursor cells (OPCs),11.7,-0.731,0.535,-1.37,0.172,0.784,0.602,PD
6930,RASSF8-AS1,Oligodendrocytes precursor cells (OPCs),45,-0.0992,0.275,-0.361,0.718,0.98,0.938,PD
6931,RP11-283G6.4,Oligodendrocytes precursor cells (OPCs),9.04,-0.584,0.404,-1.44,0.149,0.755,0.563,PD
6932,RP11-996F15.2,Oligodendrocytes precursor cells (OPCs),12.7,-0.793,0.479,-1.66,0.0976,0.685,0.468,PD
6933,DDX11-AS1,Oligodendrocytes precursor cells (OPCs),10.9,0.0992,0.412,0.241,0.81,0.982,0.963,PD
6934,RP11-630C16.2,Oligodendrocytes precursor cells (OPCs),26.4,-0.126,0.596,-0.212,0.832,0.989,0.968,PD
6935,RP11-478B9.1,Oligodendrocytes precursor cells (OPCs),24.2,-0.353,0.261,-1.35,0.176,0.784,0.608,PD
6936,RP11-352M15.1,Oligodendrocytes precursor cells (OPCs),17.7,0.237,0.321,0.737,0.461,0.886,0.838,PD
6937,RP11-352M15.2,Oligodendrocytes precursor cells (OPCs),59.9,0.0671,0.216,0.311,0.756,0.982,0.948,PD
6938,RP11-96H19.1,Oligodendrocytes precursor cells (OPCs),107,-0.0529,0.196,-0.27,0.787,0.982,0.957,PD
6939,RP11-370I10.6,Oligodendrocytes precursor cells (OPCs),29.3,-0.303,0.303,-1,0.317,0.81,0.748,PD
6940,RP4-605O3.4,Oligodendrocytes precursor cells (OPCs),59,0.0133,0.29,0.046,0.963,0.989,0.991,PD
6941,RP11-983P16.4,Oligodendrocytes precursor cells (OPCs),18.4,-0.147,0.381,-0.385,0.701,0.98,0.933,PD
6942,RP11-631N16.2,Oligodendrocytes precursor cells (OPCs),19.7,-0.653,0.381,-1.71,0.0869,0.66,0.45,PD
6943,RP11-366L20.2,Oligodendrocytes precursor cells (OPCs),9.21,-0.476,0.652,-0.731,0.465,0.887,0.84,PD
6944,RP11-588G21.2,Oligodendrocytes precursor cells (OPCs),19.4,0.478,0.373,1.28,0.2,0.802,0.64,PD
6945,LINC01481,Oligodendrocytes precursor cells (OPCs),155,-0.308,0.231,-1.33,0.183,0.784,0.616,PD
6946,RP11-114H23.1,Oligodendrocytes precursor cells (OPCs),25.1,0.201,0.307,0.655,0.513,0.911,0.868,PD
6947,RP11-20E24.1,Oligodendrocytes precursor cells (OPCs),12.3,-0.542,0.476,-1.14,0.255,0.805,0.696,PD
6948,RP1-78O14.1,Oligodendrocytes precursor cells (OPCs),14.4,0.363,0.372,0.975,0.329,0.81,0.758,PD
6949,RP11-530C5.1,Oligodendrocytes precursor cells (OPCs),15.4,0.395,0.347,1.14,0.255,0.805,0.697,PD
6950,RP11-315E17.1,Oligodendrocytes precursor cells (OPCs),31.7,0.111,0.384,0.288,0.773,0.982,0.953,PD
6951,RP11-734K2.4,Oligodendrocytes precursor cells (OPCs),20.4,0.224,0.275,0.815,0.415,0.878,0.813,PD
6952,RP11-981P6.1,Oligodendrocytes precursor cells (OPCs),11,0.48,0.415,1.16,0.246,0.805,0.688,PD
6953,LINC00936,Oligodendrocytes precursor cells (OPCs),8.64,0.000785,0.456,0.00172,0.999,0.999,0.999,PD
6954,RP11-756G20.1,Oligodendrocytes precursor cells (OPCs),10.3,-1.18,0.443,-2.67,0.00769,0.343,0.134,PD
6955,RP11-511B23.2,Oligodendrocytes precursor cells (OPCs),7.35,0.559,0.585,0.956,0.339,0.816,0.764,PD
6956,RP11-473C19.1,Oligodendrocytes precursor cells (OPCs),19.4,-0.156,0.64,-0.243,0.808,0.982,0.963,PD
6957,RP11-328J6.1,Oligodendrocytes precursor cells (OPCs),37.9,0.0718,0.345,0.208,0.835,0.989,0.969,PD
6958,RP11-144F15.1,Oligodendrocytes precursor cells (OPCs),20.7,0.32,0.295,1.08,0.278,0.805,0.716,PD
6959,FAM222A-AS1,Oligodendrocytes precursor cells (OPCs),17.7,0.585,0.412,1.42,0.155,0.755,0.573,PD
6960,MAPKAPK5-AS1,Oligodendrocytes precursor cells (OPCs),9.56,0.295,0.417,0.707,0.48,0.89,0.85,PD
6961,RP13-941N14.1,Oligodendrocytes precursor cells (OPCs),33.9,-0.112,0.252,-0.445,0.656,0.966,0.92,PD
6962,RP11-463O12.3,Oligodendrocytes precursor cells (OPCs),12.9,-0.496,0.425,-1.17,0.244,0.805,0.686,PD
6963,LINC00327,Oligodendrocytes precursor cells (OPCs),11.2,0.0914,0.435,0.21,0.834,0.989,0.969,PD
6964,RP11-428O18.6,Oligodendrocytes precursor cells (OPCs),15.2,-0.713,0.355,-2.01,0.0446,0.573,0.336,PD
6965,RP11-141M1.3,Oligodendrocytes precursor cells (OPCs),187,-0.312,0.304,-1.02,0.305,0.805,0.739,PD
6966,SPG20-AS1,Oligodendrocytes precursor cells (OPCs),15.7,0.552,0.329,1.68,0.0935,0.673,0.462,PD
6967,LINC00598,Oligodendrocytes precursor cells (OPCs),28.2,0.128,0.483,0.265,0.791,0.982,0.958,PD
6968,RP11-74J13.8,Oligodendrocytes precursor cells (OPCs),12,-0.142,0.371,-0.384,0.701,0.98,0.933,PD
6969,SMIM2-AS1,Oligodendrocytes precursor cells (OPCs),9.72,-0.0296,0.471,-0.0628,0.95,0.989,0.991,PD
6970,TSC22D1-AS1,Oligodendrocytes precursor cells (OPCs),8.71,-0.444,0.403,-1.1,0.271,0.805,0.71,PD
6971,LINC00407,Oligodendrocytes precursor cells (OPCs),32.3,0.14,0.259,0.542,0.588,0.94,0.897,PD
6972,RP11-321C24.1,Oligodendrocytes precursor cells (OPCs),9.27,0.783,0.59,1.33,0.184,0.784,0.618,PD
6973,CPB2-AS1,Oligodendrocytes precursor cells (OPCs),110,0.243,0.194,1.25,0.21,0.804,0.653,PD
6974,DLEU2,Oligodendrocytes precursor cells (OPCs),265,0.105,0.215,0.488,0.625,0.956,0.912,PD
6975,INTS6-AS1,Oligodendrocytes precursor cells (OPCs),27.4,0.256,0.383,0.67,0.503,0.904,0.863,PD
6976,PCDH9-AS1,Oligodendrocytes precursor cells (OPCs),13.3,0.629,0.541,1.16,0.245,0.805,0.688,PD
6977,PCDH9-AS2,Oligodendrocytes precursor cells (OPCs),92.5,0.822,0.564,1.46,0.145,0.755,0.556,PD
6978,PCDH9-AS3,Oligodendrocytes precursor cells (OPCs),7.89,0.548,0.744,0.736,0.462,0.886,0.839,PD
6979,ATXN8OS,Oligodendrocytes precursor cells (OPCs),12.7,-0.00667,0.384,-0.0174,0.986,0.997,0.996,PD
6980,MIR4500HG,Oligodendrocytes precursor cells (OPCs),12,0.276,0.408,0.677,0.498,0.902,0.861,PD
6981,SOX21-AS1,Oligodendrocytes precursor cells (OPCs),16.1,0.385,0.429,0.898,0.369,0.85,0.789,PD
6982,DNAJC3-AS1,Oligodendrocytes precursor cells (OPCs),17.6,0.267,0.364,0.732,0.464,0.886,0.84,PD
6983,RP11-403A3.3,Oligodendrocytes precursor cells (OPCs),30.4,-0.11,0.414,-0.265,0.791,0.982,0.958,PD
6984,DHRS4-AS1,Oligodendrocytes precursor cells (OPCs),18.4,0.381,0.314,1.21,0.225,0.804,0.671,PD
6985,NOVA1-AS1,Oligodendrocytes precursor cells (OPCs),407,0.00478,0.178,0.0269,0.979,0.997,0.994,PD
6986,RP11-626P14.2,Oligodendrocytes precursor cells (OPCs),44.8,-0.18,0.225,-0.802,0.422,0.878,0.817,PD
6987,RP11-384J4.2,Oligodendrocytes precursor cells (OPCs),131,0.0976,0.162,0.603,0.546,0.921,0.879,PD
6988,LINC00609,Oligodendrocytes precursor cells (OPCs),17.2,-0.184,0.499,-0.368,0.713,0.98,0.936,PD
6989,CTD-2058B24.2,Oligodendrocytes precursor cells (OPCs),334,0.0213,0.238,0.0892,0.929,0.989,0.986,PD
6990,LINC00639,Oligodendrocytes precursor cells (OPCs),63.7,-0.103,0.376,-0.275,0.783,0.982,0.956,PD
6991,RP11-111A21.1,Oligodendrocytes precursor cells (OPCs),13.4,-0.109,0.459,-0.237,0.812,0.982,0.963,PD
6992,RP11-596C23.6,Oligodendrocytes precursor cells (OPCs),15.7,0.84,0.399,2.11,0.0352,0.544,0.305,PD
6993,KTN1-AS1,Oligodendrocytes precursor cells (OPCs),23.6,0.42,0.257,1.63,0.102,0.699,0.478,PD
6994,OTX2-AS1,Oligodendrocytes precursor cells (OPCs),23.9,0.254,0.361,0.703,0.482,0.89,0.851,PD
6995,RP11-16B13.1,Oligodendrocytes precursor cells (OPCs),20.4,-0.115,0.327,-0.352,0.725,0.98,0.939,PD
6996,CTD-2555O16.2,Oligodendrocytes precursor cells (OPCs),22.6,0.107,0.287,0.373,0.709,0.98,0.936,PD
6997,RP11-973N13.4,Oligodendrocytes precursor cells (OPCs),6.93,1.43,0.568,2.52,0.0116,0.356,0.171,PD
6998,RP11-72M17.1,Oligodendrocytes precursor cells (OPCs),97.7,-0.48,0.216,-2.22,0.0267,0.485,0.263,PD
6999,RP11-486O13.4,Oligodendrocytes precursor cells (OPCs),43.7,0.412,0.229,1.8,0.0725,0.646,0.414,PD
7000,RP5-1021I20.5,Oligodendrocytes precursor cells (OPCs),21.4,0.572,0.386,1.48,0.139,0.746,0.545,PD
7001,RP11-187O7.3,Oligodendrocytes precursor cells (OPCs),115,0.144,0.411,0.352,0.725,0.98,0.939,PD
7002,RP11-99E15.2,Oligodendrocytes precursor cells (OPCs),98.7,-0.0851,0.327,-0.26,0.795,0.982,0.959,PD
7003,RP11-488C13.5,Oligodendrocytes precursor cells (OPCs),23.3,-0.301,0.344,-0.874,0.382,0.854,0.794,PD
7004,RP11-406A9.2,Oligodendrocytes precursor cells (OPCs),11.7,0.496,0.479,1.04,0.3,0.805,0.734,PD
7005,CTD-2341M24.1,Oligodendrocytes precursor cells (OPCs),59.1,-0.502,0.251,-2,0.046,0.573,0.342,PD
7006,DICER1-AS1,Oligodendrocytes precursor cells (OPCs),17.9,-0.0188,0.31,-0.0606,0.952,0.989,0.991,PD
7007,LINC01550,Oligodendrocytes precursor cells (OPCs),76.8,0.234,0.237,0.987,0.324,0.81,0.753,PD
7008,RP11-543C4.1,Oligodendrocytes precursor cells (OPCs),13.6,-0.108,0.34,-0.317,0.751,0.982,0.947,PD
7009,RP11-638I2.4,Oligodendrocytes precursor cells (OPCs),13.4,-0.337,0.47,-0.718,0.473,0.89,0.845,PD
7010,MEG3,Oligodendrocytes precursor cells (OPCs),52.6,0.0202,0.305,0.0664,0.947,0.989,0.991,PD
7011,RP11-123M6.2,Oligodendrocytes precursor cells (OPCs),18.5,0.144,0.6,0.24,0.81,0.982,0.963,PD
7012,MEG8,Oligodendrocytes precursor cells (OPCs),17.9,0.23,0.282,0.813,0.416,0.878,0.813,PD
7013,SNHG23,Oligodendrocytes precursor cells (OPCs),328,-0.088,0.117,-0.75,0.453,0.886,0.833,PD
7014,MEG9,Oligodendrocytes precursor cells (OPCs),9.62,-0.431,0.4,-1.08,0.282,0.805,0.718,PD
7015,RP11-173D3.1,Oligodendrocytes precursor cells (OPCs),22,-0.0503,0.468,-0.107,0.914,0.989,0.984,PD
7016,PWAR6,Oligodendrocytes precursor cells (OPCs),118,-0.314,0.229,-1.37,0.17,0.784,0.599,PD
7017,RP11-1000B6.3,Oligodendrocytes precursor cells (OPCs),82.7,-0.0735,0.26,-0.283,0.777,0.982,0.954,PD
7018,RP11-1000B6.8,Oligodendrocytes precursor cells (OPCs),11.9,0.107,0.411,0.262,0.794,0.982,0.959,PD
7019,RP11-3D4.2,Oligodendrocytes precursor cells (OPCs),6.72,0.141,0.607,0.232,0.816,0.984,0.965,PD
7020,RP11-323I15.5,Oligodendrocytes precursor cells (OPCs),81.8,-0.312,0.301,-1.04,0.3,0.805,0.734,PD
7021,DPH6-AS1,Oligodendrocytes precursor cells (OPCs),193,0.748,0.308,2.43,0.0151,0.377,0.196,PD
7022,RP11-128A17.1,Oligodendrocytes precursor cells (OPCs),8.81,0.108,0.437,0.248,0.804,0.982,0.961,PD
7023,RP11-346D14.1,Oligodendrocytes precursor cells (OPCs),10.2,-0.216,0.482,-0.448,0.654,0.966,0.919,PD
7024,SRP14-AS1,Oligodendrocytes precursor cells (OPCs),16,0.982,0.339,2.89,0.0038,0.315,0.0868,PD
7025,EIF3J-AS1,Oligodendrocytes precursor cells (OPCs),31.3,0.338,0.257,1.32,0.188,0.79,0.624,PD
7026,CTD-2651B20.3,Oligodendrocytes precursor cells (OPCs),9.79,-0.562,0.51,-1.1,0.271,0.805,0.71,PD
7027,GABPB1-AS1,Oligodendrocytes precursor cells (OPCs),162,-0.253,0.308,-0.821,0.411,0.878,0.81,PD
7028,CTD-2378E12.1,Oligodendrocytes precursor cells (OPCs),22.8,0.0234,0.335,0.0698,0.944,0.989,0.99,PD
7029,RP11-1129I3.1,Oligodendrocytes precursor cells (OPCs),12.1,0.904,0.469,1.93,0.0541,0.573,0.363,PD
7030,RORA-AS1,Oligodendrocytes precursor cells (OPCs),25.7,0.979,0.43,2.27,0.0229,0.478,0.243,PD
7031,RP11-39M21.1,Oligodendrocytes precursor cells (OPCs),42.8,0.986,0.641,1.54,0.124,0.746,0.522,PD
7032,RP11-16B9.1,Oligodendrocytes precursor cells (OPCs),16.6,0.779,0.598,1.3,0.193,0.8,0.631,PD
7033,USP3-AS1,Oligodendrocytes precursor cells (OPCs),22.6,0.0668,0.357,0.187,0.852,0.989,0.974,PD
7034,IQCH-AS1,Oligodendrocytes precursor cells (OPCs),31.7,0.163,0.252,0.648,0.517,0.912,0.87,PD
7035,DRAIC,Oligodendrocytes precursor cells (OPCs),18.8,0.328,0.323,1.02,0.31,0.805,0.741,PD
7036,THSD4-AS1,Oligodendrocytes precursor cells (OPCs),34.5,0.417,0.315,1.32,0.185,0.784,0.62,PD
7037,RP11-106M3.3,Oligodendrocytes precursor cells (OPCs),8.24,0.43,0.444,0.968,0.333,0.81,0.76,PD
7038,RP11-1007O24.3,Oligodendrocytes precursor cells (OPCs),10.3,0.691,0.457,1.51,0.131,0.746,0.532,PD
7039,RP11-10O17.3,Oligodendrocytes precursor cells (OPCs),8.51,0.291,0.412,0.705,0.481,0.89,0.851,PD
7040,RP11-210M15.2,Oligodendrocytes precursor cells (OPCs),50.3,0.136,0.217,0.627,0.531,0.92,0.873,PD
7041,RP11-351M8.2,Oligodendrocytes precursor cells (OPCs),17.5,-0.403,0.345,-1.17,0.243,0.805,0.685,PD
7042,RP11-182J1.18,Oligodendrocytes precursor cells (OPCs),15.7,-0.515,0.337,-1.53,0.127,0.746,0.528,PD
7043,MIR9-3HG,Oligodendrocytes precursor cells (OPCs),108,-0.0854,0.23,-0.371,0.711,0.98,0.936,PD
7044,RP11-429B14.4,Oligodendrocytes precursor cells (OPCs),12.5,-0.446,0.577,-0.773,0.44,0.878,0.827,PD
7045,CRTC3-AS1,Oligodendrocytes precursor cells (OPCs),11.1,-0.596,0.363,-1.64,0.101,0.698,0.475,PD
7046,RP11-266O8.1,Oligodendrocytes precursor cells (OPCs),13.2,-0.251,0.325,-0.774,0.439,0.878,0.827,PD
7047,RP11-739G5.1,Oligodendrocytes precursor cells (OPCs),15,-0.367,0.477,-0.769,0.442,0.878,0.828,PD
7048,NR2F2-AS1,Oligodendrocytes precursor cells (OPCs),84.3,-0.973,0.328,-2.96,0.00304,0.288,0.0788,PD
7049,RP11-654A16.3,Oligodendrocytes precursor cells (OPCs),13.2,-0.29,0.502,-0.577,0.564,0.925,0.887,PD
7050,CTD-2054N24.2,Oligodendrocytes precursor cells (OPCs),84.3,0.168,0.183,0.922,0.357,0.839,0.779,PD
7051,CAPN15,Oligodendrocytes precursor cells (OPCs),14.7,-0.0321,0.344,-0.0934,0.926,0.989,0.986,PD
7052,SNHG19,Oligodendrocytes precursor cells (OPCs),20.2,0.585,0.438,1.34,0.181,0.784,0.614,PD
7053,RP11-20I23.6,Oligodendrocytes precursor cells (OPCs),11.9,-0.43,0.501,-0.859,0.39,0.865,0.798,PD
7054,ZNF213-AS1,Oligodendrocytes precursor cells (OPCs),12.9,-0.0435,0.354,-0.123,0.902,0.989,0.983,PD
7055,RP11-166B2.8,Oligodendrocytes precursor cells (OPCs),41.5,0.21,0.216,0.976,0.329,0.81,0.758,PD
7056,U91319.1,Oligodendrocytes precursor cells (OPCs),234,-0.0291,0.27,-0.108,0.914,0.989,0.984,PD
7057,MIR193BHG,Oligodendrocytes precursor cells (OPCs),10.7,0.574,0.399,1.44,0.15,0.755,0.563,PD
7058,FLJ21408,Oligodendrocytes precursor cells (OPCs),10.2,-0.171,0.39,-0.438,0.661,0.966,0.922,PD
7059,RP11-426C22.5,Oligodendrocytes precursor cells (OPCs),57.5,-0.299,0.29,-1.03,0.302,0.805,0.737,PD
7060,MIR762HG,Oligodendrocytes precursor cells (OPCs),13,0.453,0.325,1.39,0.164,0.783,0.589,PD
7061,RP11-452L6.1,Oligodendrocytes precursor cells (OPCs),12.6,-0.203,0.352,-0.578,0.563,0.925,0.887,PD
7062,RP11-437L7.1,Oligodendrocytes precursor cells (OPCs),10.3,0.0244,0.516,0.0474,0.962,0.989,0.991,PD
7063,CRNDE,Oligodendrocytes precursor cells (OPCs),87.6,0.438,0.216,2.03,0.0423,0.573,0.328,PD
7064,RP11-461O7.1,Oligodendrocytes precursor cells (OPCs),25.6,-0.511,0.331,-1.54,0.123,0.746,0.517,PD
7065,RP11-410D17.2,Oligodendrocytes precursor cells (OPCs),51.7,-0.198,0.258,-0.766,0.444,0.878,0.828,PD
7066,RP11-297D21.4,Oligodendrocytes precursor cells (OPCs),37.1,0.0542,0.305,0.178,0.859,0.989,0.977,PD
7067,CTD-2012K14.6,Oligodendrocytes precursor cells (OPCs),10.6,-0.124,0.463,-0.268,0.789,0.982,0.958,PD
7068,LINC01572,Oligodendrocytes precursor cells (OPCs),74.5,-0.0129,0.249,-0.0516,0.959,0.989,0.991,PD
7069,AC004158.3,Oligodendrocytes precursor cells (OPCs),157,-0.148,0.246,-0.601,0.548,0.921,0.879,PD
7070,RP5-991G20.1,Oligodendrocytes precursor cells (OPCs),26.7,-0.348,0.283,-1.23,0.218,0.804,0.666,PD
7071,AC140912.1,Oligodendrocytes precursor cells (OPCs),35.4,0.201,0.289,0.698,0.485,0.892,0.852,PD
7072,AC009120.4,Oligodendrocytes precursor cells (OPCs),17.7,-0.359,0.308,-1.16,0.244,0.805,0.686,PD
7073,RP11-525K10.3,Oligodendrocytes precursor cells (OPCs),8.39,0.106,0.582,0.182,0.856,0.989,0.976,PD
7074,RP11-21B21.4,Oligodendrocytes precursor cells (OPCs),8.47,0.0806,0.433,0.186,0.852,0.989,0.975,PD
7075,SNAI3-AS1,Oligodendrocytes precursor cells (OPCs),8.96,0.175,0.407,0.431,0.666,0.968,0.923,PD
7076,FAM157C,Oligodendrocytes precursor cells (OPCs),50.4,-0.756,0.375,-2.02,0.0436,0.573,0.331,PD
7077,AC137934.1,Oligodendrocytes precursor cells (OPCs),10.1,0.0455,0.377,0.121,0.904,0.989,0.983,PD
7078,RP11-333E1.1,Oligodendrocytes precursor cells (OPCs),33.2,-0.0133,0.254,-0.0526,0.958,0.989,0.991,PD
7079,ALOX12-AS1,Oligodendrocytes precursor cells (OPCs),93.9,-0.0798,0.224,-0.357,0.721,0.98,0.939,PD
7080,RP11-85B7.4,Oligodendrocytes precursor cells (OPCs),8.2,0.555,0.526,1.05,0.291,0.805,0.729,PD
7081,TMEM220-AS1,Oligodendrocytes precursor cells (OPCs),11.5,-0.183,0.517,-0.354,0.724,0.98,0.939,PD
7082,RP11-1096G20.5,Oligodendrocytes precursor cells (OPCs),6.95,-0.462,0.461,-1,0.316,0.81,0.747,PD
7083,SMCR5,Oligodendrocytes precursor cells (OPCs),10.1,0.78,0.371,2.1,0.0356,0.544,0.305,PD
7084,EPN2-AS1,Oligodendrocytes precursor cells (OPCs),24.6,0.164,0.592,0.278,0.781,0.982,0.955,PD
7085,CCDC144NL-AS1,Oligodendrocytes precursor cells (OPCs),12.1,0.626,0.487,1.29,0.199,0.801,0.639,PD
7086,LINC01563,Oligodendrocytes precursor cells (OPCs),25.6,0.246,0.288,0.854,0.393,0.869,0.8,PD
7087,AC087294.2,Oligodendrocytes precursor cells (OPCs),10.5,0.393,0.504,0.779,0.436,0.878,0.824,PD
7088,ABHD15-AS1,Oligodendrocytes precursor cells (OPCs),10.5,-0.0134,0.551,-0.0243,0.981,0.997,0.994,PD
7089,RP11-82O19.1,Oligodendrocytes precursor cells (OPCs),8.4,0.295,0.515,0.574,0.566,0.925,0.888,PD
7090,CTD-2349P21.5,Oligodendrocytes precursor cells (OPCs),9.51,-0.535,0.515,-1.04,0.299,0.805,0.734,PD
7091,CTD-2349P21.11,Oligodendrocytes precursor cells (OPCs),16.7,0.0487,0.33,0.148,0.883,0.989,0.979,PD
7092,RP11-1094M14.11,Oligodendrocytes precursor cells (OPCs),17.2,-0.0943,0.287,-0.329,0.742,0.982,0.944,PD
7093,RP11-392O1.4,Oligodendrocytes precursor cells (OPCs),13.7,-0.23,0.392,-0.586,0.558,0.924,0.885,PD
7094,AC002117.1,Oligodendrocytes precursor cells (OPCs),25.2,-0.46,0.316,-1.45,0.146,0.755,0.558,PD
7095,MAP3K14,Oligodendrocytes precursor cells (OPCs),31,0.265,0.32,0.827,0.408,0.878,0.808,PD
7096,CRHR1,Oligodendrocytes precursor cells (OPCs),45.9,-0.321,0.27,-1.19,0.235,0.804,0.679,PD
7097,MAPT-AS1,Oligodendrocytes precursor cells (OPCs),65.8,0.712,0.371,1.92,0.0548,0.573,0.366,PD
7098,CTD-2026D20.2,Oligodendrocytes precursor cells (OPCs),18,-0.307,0.33,-0.93,0.352,0.833,0.775,PD
7099,RP11-580I16.2,Oligodendrocytes precursor cells (OPCs),37.9,0.623,0.247,2.52,0.0116,0.356,0.171,PD
7100,RP11-893F2.13,Oligodendrocytes precursor cells (OPCs),9.54,0.0818,0.404,0.203,0.839,0.989,0.97,PD
7101,AC099850.1,Oligodendrocytes precursor cells (OPCs),8.28,0.143,0.439,0.327,0.744,0.982,0.944,PD
7102,RP11-156L14.1,Oligodendrocytes precursor cells (OPCs),11.5,-0.405,0.457,-0.886,0.376,0.852,0.792,PD
7103,AC037445.1,Oligodendrocytes precursor cells (OPCs),24.2,0.229,0.596,0.384,0.701,0.98,0.933,PD
7104,SNHG25,Oligodendrocytes precursor cells (OPCs),17.7,-0.232,0.38,-0.611,0.541,0.921,0.877,PD
7105,PRKCA-AS1,Oligodendrocytes precursor cells (OPCs),38.8,0.566,0.523,1.08,0.279,0.805,0.717,PD
7106,RP11-147L13.11,Oligodendrocytes precursor cells (OPCs),11.5,-0.11,0.345,-0.32,0.749,0.982,0.947,PD
7107,LINC00511,Oligodendrocytes precursor cells (OPCs),1150,-0.0195,0.2,-0.0973,0.922,0.989,0.986,PD
7108,CTD-2047H16.4,Oligodendrocytes precursor cells (OPCs),22.1,0.124,0.389,0.317,0.751,0.982,0.947,PD
7109,RP11-1055B8.9,Oligodendrocytes precursor cells (OPCs),10.9,-0.0603,0.416,-0.145,0.885,0.989,0.98,PD
7110,RP11-1055B8.3,Oligodendrocytes precursor cells (OPCs),36.7,0.22,0.314,0.702,0.483,0.89,0.851,PD
7111,RP11-1055B8.4,Oligodendrocytes precursor cells (OPCs),14.7,0.302,0.43,0.702,0.483,0.89,0.851,PD
7112,RP11-703M24.5,Oligodendrocytes precursor cells (OPCs),10.9,0.744,0.545,1.36,0.172,0.784,0.602,PD
7113,RP11-838N2.5,Oligodendrocytes precursor cells (OPCs),24.6,0.267,0.272,0.98,0.327,0.81,0.757,PD
7114,LINC00667,Oligodendrocytes precursor cells (OPCs),39.9,0.516,0.272,1.9,0.0575,0.573,0.371,PD
7115,RP11-945C19.4,Oligodendrocytes precursor cells (OPCs),93.4,-0.462,0.239,-1.94,0.0529,0.573,0.361,PD
7116,RP11-793A3.1,Oligodendrocytes precursor cells (OPCs),9.25,-1.19,0.529,-2.24,0.025,0.48,0.254,PD
7117,NDUFV2-AS1,Oligodendrocytes precursor cells (OPCs),14.3,0.237,0.52,0.456,0.648,0.962,0.919,PD
7118,AQP4-AS1,Oligodendrocytes precursor cells (OPCs),71.3,0.403,0.461,0.874,0.382,0.854,0.794,PD
7119,RP11-739N10.1,Oligodendrocytes precursor cells (OPCs),11.6,-0.271,0.77,-0.352,0.724,0.98,0.939,PD
7120,DSCAS,Oligodendrocytes precursor cells (OPCs),11.7,-0.624,0.415,-1.5,0.133,0.746,0.537,PD
7121,LINC00907,Oligodendrocytes precursor cells (OPCs),11.8,-0.436,0.529,-0.825,0.409,0.878,0.809,PD
7122,SNHG22,Oligodendrocytes precursor cells (OPCs),29.7,-0.299,0.285,-1.05,0.294,0.805,0.731,PD
7123,MAPK4,Oligodendrocytes precursor cells (OPCs),35.5,-0.347,0.277,-1.25,0.211,0.804,0.653,PD
7124,LINC01630,Oligodendrocytes precursor cells (OPCs),11.1,-1.43,0.471,-3.04,0.00236,0.281,0.0682,PD
7125,TCF4-AS1,Oligodendrocytes precursor cells (OPCs),8.86,0.447,0.65,0.688,0.492,0.897,0.857,PD
7126,RP11-35G9.5,Oligodendrocytes precursor cells (OPCs),35.3,-0.139,0.315,-0.441,0.659,0.966,0.921,PD
7127,RP11-635N19.1,Oligodendrocytes precursor cells (OPCs),8.51,0.0787,0.494,0.159,0.873,0.989,0.979,PD
7128,CTD-2541J13.1,Oligodendrocytes precursor cells (OPCs),18,0.313,0.407,0.768,0.443,0.878,0.828,PD
7129,CTD-2541J13.2,Oligodendrocytes precursor cells (OPCs),22.2,0.87,0.561,1.55,0.121,0.746,0.515,PD
7130,RP11-638L3.1,Oligodendrocytes precursor cells (OPCs),49.9,-0.316,0.299,-1.06,0.291,0.805,0.729,PD
7131,RP11-676J15.1,Oligodendrocytes precursor cells (OPCs),12,0.135,0.381,0.355,0.722,0.98,0.939,PD
7132,LINC00909,Oligodendrocytes precursor cells (OPCs),18.4,-0.348,0.298,-1.17,0.243,0.805,0.685,PD
7133,RP11-162A12.2,Oligodendrocytes precursor cells (OPCs),13.4,0.119,0.365,0.327,0.744,0.982,0.944,PD
7134,RP11-176N18.2,Oligodendrocytes precursor cells (OPCs),118,-0.225,0.405,-0.557,0.578,0.933,0.893,PD
7135,RP11-849I19.1,Oligodendrocytes precursor cells (OPCs),28,0.433,0.342,1.26,0.206,0.804,0.648,PD
7136,PARD6G-AS1,Oligodendrocytes precursor cells (OPCs),23.8,1.2,0.475,2.53,0.0115,0.356,0.17,PD
7137,NRSN2-AS1,Oligodendrocytes precursor cells (OPCs),16.9,0.113,0.379,0.298,0.765,0.982,0.951,PD
7138,SDCBP2-AS1,Oligodendrocytes precursor cells (OPCs),23.9,-0.232,0.288,-0.807,0.42,0.878,0.815,PD
7139,RP5-1056H1.2,Oligodendrocytes precursor cells (OPCs),19.9,0.323,0.319,1.01,0.311,0.805,0.742,PD
7140,SNAP25-AS1,Oligodendrocytes precursor cells (OPCs),62.2,0.197,0.319,0.617,0.537,0.921,0.876,PD
7141,RP11-416N4.4,Oligodendrocytes precursor cells (OPCs),14.7,0.206,0.341,0.604,0.546,0.921,0.879,PD
7142,RP11-103J8.1,Oligodendrocytes precursor cells (OPCs),42.5,-0.543,0.287,-1.89,0.0585,0.573,0.375,PD
7143,RP1-122P22.2,Oligodendrocytes precursor cells (OPCs),37.1,-0.109,0.354,-0.308,0.758,0.982,0.948,PD
7144,LINC00237,Oligodendrocytes precursor cells (OPCs),21.7,0.149,0.294,0.509,0.611,0.953,0.907,PD
7145,KIZ-AS1,Oligodendrocytes precursor cells (OPCs),19.8,0.838,0.608,1.38,0.168,0.784,0.597,PD
7146,RP5-984P4.6,Oligodendrocytes precursor cells (OPCs),19.9,-0.111,0.371,-0.3,0.764,0.982,0.951,PD
7147,ZNF337-AS1,Oligodendrocytes precursor cells (OPCs),23.3,-0.462,0.325,-1.42,0.154,0.755,0.572,PD
7148,NORAD,Oligodendrocytes precursor cells (OPCs),32.6,-0.102,0.365,-0.28,0.779,0.982,0.955,PD
7149,OSER1-AS1,Oligodendrocytes precursor cells (OPCs),19.3,0.25,0.306,0.816,0.414,0.878,0.812,PD
7150,ZFAS1,Oligodendrocytes precursor cells (OPCs),17,0.0272,0.298,0.0913,0.927,0.989,0.986,PD
7151,GNAS-AS1,Oligodendrocytes precursor cells (OPCs),9.51,-0.058,0.373,-0.155,0.876,0.989,0.979,PD
7152,MIR646HG,Oligodendrocytes precursor cells (OPCs),51.2,0.256,0.468,0.547,0.584,0.939,0.896,PD
7153,CTD-3184A7.4,Oligodendrocytes precursor cells (OPCs),8.1,-0.7,0.462,-1.51,0.13,0.746,0.532,PD
7154,LINC00266-1,Oligodendrocytes precursor cells (OPCs),12.2,-0.287,0.39,-0.735,0.462,0.886,0.839,PD
7155,CTD-3020H12.4,Oligodendrocytes precursor cells (OPCs),14.8,0.596,0.5,1.19,0.234,0.804,0.678,PD
7156,ILF3-AS1,Oligodendrocytes precursor cells (OPCs),25,0.101,0.286,0.354,0.723,0.98,0.939,PD
7157,CTC-425F1.4,Oligodendrocytes precursor cells (OPCs),13.5,1.83,0.563,3.24,0.00118,0.197,0.0444,PD
7158,CTD-2189E23.1,Oligodendrocytes precursor cells (OPCs),17.5,-0.034,0.411,-0.0828,0.934,0.989,0.987,PD
7159,CTD-3131K8.2,Oligodendrocytes precursor cells (OPCs),21,0.372,0.421,0.884,0.377,0.853,0.792,PD
7160,CTC-559E9.4,Oligodendrocytes precursor cells (OPCs),17.4,0.021,0.287,0.0731,0.942,0.989,0.989,PD
7161,CTC-260E6.6,Oligodendrocytes precursor cells (OPCs),8.38,0.536,0.45,1.19,0.233,0.804,0.678,PD
7162,CTC-513N18.7,Oligodendrocytes precursor cells (OPCs),9.33,0.0837,0.455,0.184,0.854,0.989,0.975,PD
7163,RP11-678G14.2,Oligodendrocytes precursor cells (OPCs),14.3,-0.394,0.504,-0.781,0.435,0.878,0.824,PD
7164,LINC00662,Oligodendrocytes precursor cells (OPCs),106,0.00934,0.185,0.0504,0.96,0.989,0.991,PD
7165,CTC-459F4.3,Oligodendrocytes precursor cells (OPCs),38.9,-0.677,0.239,-2.83,0.00468,0.315,0.0992,PD
7166,AC011524.1,Oligodendrocytes precursor cells (OPCs),13.7,-0.0495,0.446,-0.111,0.912,0.989,0.984,PD
7167,CTC-525D6.2,Oligodendrocytes precursor cells (OPCs),26.6,-0.271,0.293,-0.925,0.355,0.837,0.777,PD
7168,AC007796.1,Oligodendrocytes precursor cells (OPCs),24.4,-0.0554,0.322,-0.172,0.863,0.989,0.977,PD
7169,LINC00665,Oligodendrocytes precursor cells (OPCs),23.3,0.248,0.278,0.891,0.373,0.85,0.791,PD
7170,ZNF529-AS1,Oligodendrocytes precursor cells (OPCs),36.2,-0.0142,0.246,-0.0579,0.954,0.989,0.991,PD
7171,ZNF790-AS1,Oligodendrocytes precursor cells (OPCs),38.9,0.00536,0.233,0.023,0.982,0.997,0.995,PD
7172,LINC01535,Oligodendrocytes precursor cells (OPCs),18.9,0.122,0.365,0.334,0.738,0.982,0.944,PD
7173,LIPE-AS1,Oligodendrocytes precursor cells (OPCs),46.9,-0.17,0.242,-0.701,0.483,0.89,0.851,PD
7174,CTB-179K24.3,Oligodendrocytes precursor cells (OPCs),12.9,0.302,0.333,0.909,0.363,0.847,0.785,PD
7175,AC007193.10,Oligodendrocytes precursor cells (OPCs),25.9,0.413,0.568,0.727,0.467,0.889,0.841,PD
7176,CTD-2545M3.8,Oligodendrocytes precursor cells (OPCs),14.6,0.16,0.593,0.269,0.788,0.982,0.958,PD
7177,ZNF350-AS1,Oligodendrocytes precursor cells (OPCs),56.6,-0.0222,0.257,-0.0861,0.931,0.989,0.987,PD
7178,LENG8-AS1,Oligodendrocytes precursor cells (OPCs),7.16,-0.285,0.504,-0.566,0.572,0.929,0.892,PD
7179,ZNF667-AS1,Oligodendrocytes precursor cells (OPCs),32.3,0.0567,0.26,0.218,0.828,0.989,0.968,PD
7180,AC007228.11,Oligodendrocytes precursor cells (OPCs),19.1,0.0764,0.294,0.259,0.795,0.982,0.959,PD
7181,CTC-444N24.6,Oligodendrocytes precursor cells (OPCs),11.6,-0.256,0.397,-0.645,0.519,0.912,0.87,PD
7182,CTC-444N24.11,Oligodendrocytes precursor cells (OPCs),45,0.159,0.24,0.663,0.507,0.905,0.864,PD
7183,LLNLR-245B6.1,Oligodendrocytes precursor cells (OPCs),9.51,0.471,0.387,1.22,0.223,0.804,0.67,PD
7184,TTTY15,Oligodendrocytes precursor cells (OPCs),29,-0.308,0.984,-0.313,0.754,0.982,0.948,PD
7185,TTTY14,Oligodendrocytes precursor cells (OPCs),356,-0.175,1.33,-0.132,0.895,0.989,0.981,PD
7186,TTTY10,Oligodendrocytes precursor cells (OPCs),39.7,-0.0978,1.03,-0.0952,0.924,0.989,0.986,PD
7187,CECR5-AS1,Oligodendrocytes precursor cells (OPCs),10.4,0.00156,0.419,0.00372,0.997,0.998,0.999,PD
7188,LL22NC03-2H8.5,Oligodendrocytes precursor cells (OPCs),52.8,-0.315,0.411,-0.765,0.444,0.878,0.828,PD
7189,CABIN1,Oligodendrocytes precursor cells (OPCs),68.9,0.152,0.26,0.586,0.558,0.924,0.885,PD
7190,MIAT,Oligodendrocytes precursor cells (OPCs),62.2,-0.39,0.395,-0.986,0.324,0.81,0.754,PD
7191,MIATNB,Oligodendrocytes precursor cells (OPCs),35.5,0.19,0.281,0.676,0.499,0.902,0.862,PD
7192,CTA-292E10.6,Oligodendrocytes precursor cells (OPCs),27.1,0.0552,0.362,0.153,0.879,0.989,0.979,PD
7193,RP1-90G24.10,Oligodendrocytes precursor cells (OPCs),25.2,-0.0695,0.552,-0.126,0.9,0.989,0.982,PD
7194,ELFN2,Oligodendrocytes precursor cells (OPCs),74.8,-0.0832,0.273,-0.305,0.76,0.982,0.95,PD
7195,NUP50-AS1,Oligodendrocytes precursor cells (OPCs),40.6,-0.409,0.3,-1.36,0.173,0.784,0.604,PD
7196,MIRLET7BHG,Oligodendrocytes precursor cells (OPCs),116,0.00993,0.2,0.0495,0.961,0.989,0.991,PD
7197,C22orf34,Oligodendrocytes precursor cells (OPCs),38.7,0.205,0.261,0.783,0.434,0.878,0.824,PD
7198,RP11-717F1.2,Oligodendrocytes precursor cells (OPCs),30.7,-0.0323,0.534,-0.0606,0.952,0.989,0.991,PD
7199,MIR8069-1,Oligodendrocytes precursor cells (OPCs),9.85,0.249,0.517,0.482,0.63,0.956,0.913,PD
7200,CH507-513H4.1,Oligodendrocytes precursor cells (OPCs),272,-0.134,0.435,-0.309,0.758,0.982,0.948,PD
7201,CH507-528H12.1,Oligodendrocytes precursor cells (OPCs),177,-0.405,0.544,-0.744,0.457,0.886,0.835,PD
7202,bP-21264C1.2,Oligodendrocytes precursor cells (OPCs),33.5,-0.395,0.4,-0.987,0.324,0.81,0.754,PD
7203,AP001347.6,Oligodendrocytes precursor cells (OPCs),71.6,-0.0785,0.259,-0.303,0.762,0.982,0.95,PD
7204,AF127936.9,Oligodendrocytes precursor cells (OPCs),16.7,0.879,0.345,2.55,0.0107,0.356,0.163,PD
7205,MIR99AHG,Oligodendrocytes precursor cells (OPCs),1260,-0.0775,0.154,-0.504,0.614,0.953,0.907,PD
7206,AP001172.2,Oligodendrocytes precursor cells (OPCs),8.88,-0.37,0.44,-0.84,0.401,0.877,0.806,PD
7207,LINC00320,Oligodendrocytes precursor cells (OPCs),102,0.0941,0.216,0.436,0.663,0.966,0.922,PD
7208,LINC00158,Oligodendrocytes precursor cells (OPCs),13.1,0.231,0.403,0.574,0.566,0.925,0.888,PD
7209,AP000230.1,Oligodendrocytes precursor cells (OPCs),10.2,0.263,0.539,0.487,0.626,0.956,0.912,PD
7210,AF131217.1,Oligodendrocytes precursor cells (OPCs),29.2,-0.373,0.408,-0.913,0.361,0.844,0.783,PD
7211,GRIK1-AS1,Oligodendrocytes precursor cells (OPCs),9.91,0.447,0.415,1.08,0.281,0.805,0.718,PD
7212,LINC00159,Oligodendrocytes precursor cells (OPCs),24.8,0.856,0.322,2.66,0.00793,0.343,0.136,PD
7213,PAXBP1-AS1,Oligodendrocytes precursor cells (OPCs),17.9,-0.565,0.359,-1.57,0.115,0.733,0.504,PD
7214,C21orf62-AS1,Oligodendrocytes precursor cells (OPCs),66.1,0.0631,0.221,0.286,0.775,0.982,0.954,PD
7215,AP000282.2,Oligodendrocytes precursor cells (OPCs),37.4,-0.00935,0.295,-0.0317,0.975,0.995,0.993,PD
7216,LINC00310,Oligodendrocytes precursor cells (OPCs),17.1,1.03,0.35,2.96,0.0031,0.288,0.079,PD
7217,AP000318.2,Oligodendrocytes precursor cells (OPCs),24.4,0.436,0.306,1.43,0.154,0.755,0.571,PD
7218,MCM3AP-AS1,Oligodendrocytes precursor cells (OPCs),25.8,0.0936,0.257,0.364,0.716,0.98,0.938,PD
7219,RP11-475O6.1,Endothelial Cells,23.2,-1.02,0.508,-2,0.0458,0.457,0.341,PD
7220,RP5-965F6.2,Endothelial Cells,20.7,-0.72,0.62,-1.16,0.245,0.686,0.687,PD
7221,SLC16A1-AS1,Endothelial Cells,54.5,-0.255,0.275,-0.928,0.354,0.734,0.776,PD
7222,RP11-418J17.1,Endothelial Cells,19.4,0.775,0.395,1.96,0.0499,0.457,0.354,PD
7223,LINC00623,Endothelial Cells,42,0.036,0.296,0.122,0.903,0.983,0.983,PD
7224,RP11-337C18.8,Endothelial Cells,16.6,0.373,0.423,0.882,0.378,0.734,0.792,PD
7225,CH17-189H20.1,Endothelial Cells,13.1,0.272,0.466,0.584,0.559,0.856,0.885,PD
7226,RGS5,Endothelial Cells,329,-0.681,0.428,-1.59,0.111,0.527,0.495,PD
7227,MIR181A1HG,Endothelial Cells,92.6,0.166,0.319,0.52,0.603,0.887,0.904,PD
7228,LINC00862,Endothelial Cells,12.5,2.05,0.649,3.16,0.00156,0.244,0.0543,PD
7229,C1orf132,Endothelial Cells,73.9,0.433,0.288,1.5,0.133,0.559,0.537,PD
7230,RP11-354K1.1,Endothelial Cells,22.7,-0.834,0.547,-1.52,0.128,0.558,0.529,PD
7231,RP11-455P21.3,Endothelial Cells,11.1,-0.216,0.402,-0.538,0.59,0.877,0.899,PD
7232,RP11-488L18.10,Endothelial Cells,18.9,0.0919,0.452,0.203,0.839,0.97,0.97,PD
7233,LINC01376,Endothelial Cells,33.6,-0.157,0.387,-0.405,0.686,0.911,0.93,PD
7234,LINC00486,Endothelial Cells,786,-0.0583,0.204,-0.286,0.775,0.952,0.954,PD
7235,CYP1B1-AS1,Endothelial Cells,12.9,-1.12,0.74,-1.52,0.129,0.558,0.531,PD
7236,AC007246.3,Endothelial Cells,68.9,-0.106,0.43,-0.247,0.805,0.958,0.961,PD
7237,AC007743.1,Endothelial Cells,16.8,-0.0833,0.433,-0.192,0.848,0.972,0.972,PD
7238,RP11-355F16.1,Endothelial Cells,16.8,0.567,0.478,1.19,0.236,0.686,0.679,PD
7239,LINC00152,Endothelial Cells,25.7,0.358,0.403,0.888,0.375,0.734,0.791,PD
7240,AC159540.1,Endothelial Cells,25.7,-0.72,0.348,-2.07,0.0382,0.457,0.316,PD
7241,MIR4435-2HG,Endothelial Cells,98,0.504,0.396,1.27,0.203,0.686,0.644,PD
7242,AC097721.2,Endothelial Cells,16.2,0.204,0.42,0.486,0.627,0.887,0.912,PD
7243,AC105402.4,Endothelial Cells,187,0.0316,0.525,0.0602,0.952,0.988,0.991,PD
7244,AC144449.1,Endothelial Cells,12.1,0.708,0.503,1.41,0.159,0.592,0.58,PD
7245,AC019186.1,Endothelial Cells,12.2,0.349,0.558,0.625,0.532,0.836,0.874,PD
7246,AC013463.2,Endothelial Cells,60.8,-0.451,0.62,-0.727,0.467,0.792,0.841,PD
7247,AC093818.1,Endothelial Cells,25,0.112,0.423,0.264,0.791,0.954,0.958,PD
7248,AC018890.6,Endothelial Cells,52.9,0.656,0.32,2.05,0.0405,0.457,0.325,PD
7249,TTN-AS1,Endothelial Cells,36.9,-0.673,0.366,-1.84,0.0661,0.484,0.4,PD
7250,AC007319.1,Endothelial Cells,34.7,-0.721,0.638,-1.13,0.258,0.686,0.698,PD
7251,AC098617.1,Endothelial Cells,15.1,-0.603,0.41,-1.47,0.142,0.581,0.549,PD
7252,AC011997.1,Endothelial Cells,25.3,0.567,0.349,1.62,0.104,0.525,0.482,PD
7253,LINC00607,Endothelial Cells,16.6,-1.11,0.569,-1.95,0.0516,0.457,0.359,PD
7254,LINC01266,Endothelial Cells,23.4,0.453,0.493,0.919,0.358,0.734,0.781,PD
7255,AC026188.1,Endothelial Cells,19.4,-0.39,0.52,-0.749,0.454,0.778,0.833,PD
7256,AC018816.3,Endothelial Cells,81.8,-0.0388,0.529,-0.0734,0.941,0.988,0.989,PD
7257,LMCD1-AS1,Endothelial Cells,24.4,-1.03,0.393,-2.63,0.00864,0.449,0.144,PD
7258,THUMPD3-AS1,Endothelial Cells,28.2,0.278,0.271,1.03,0.304,0.717,0.738,PD
7259,FGD5-AS1,Endothelial Cells,24.1,0.123,0.3,0.41,0.682,0.911,0.929,PD
7260,RBMS3-AS3,Endothelial Cells,40.6,0.691,0.406,1.7,0.0886,0.512,0.453,PD
7261,RP4-613B23.1,Endothelial Cells,13.6,0.0794,0.543,0.146,0.884,0.983,0.98,PD
7262,ADAMTS9-AS2,Endothelial Cells,183,0.228,0.319,0.714,0.475,0.797,0.847,PD
7263,SUCLG2-AS1,Endothelial Cells,13.8,0.328,0.51,0.644,0.52,0.836,0.87,PD
7264,GATA2-AS1,Endothelial Cells,43.5,0.0567,0.28,0.203,0.839,0.97,0.97,PD
7265,RP11-319G6.1,Endothelial Cells,14.6,-0.371,0.466,-0.797,0.425,0.746,0.821,PD
7266,RP11-649A16.1,Endothelial Cells,63.9,-0.754,0.747,-1.01,0.313,0.717,0.744,PD
7267,LINC00969,Endothelial Cells,86.1,-0.0924,0.222,-0.416,0.678,0.911,0.927,PD
7268,RP11-440L14.1,Endothelial Cells,34.6,-0.193,0.311,-0.619,0.536,0.836,0.875,PD
7269,TAPT1-AS1,Endothelial Cells,19.3,0.415,0.369,1.12,0.261,0.686,0.699,PD
7270,RP11-608O21.1,Endothelial Cells,16.6,0.304,0.633,0.48,0.631,0.887,0.913,PD
7271,RP11-663P9.1,Endothelial Cells,10.1,0.923,0.575,1.61,0.108,0.527,0.49,PD
7272,RP11-584P21.2,Endothelial Cells,14.1,0.399,0.359,1.11,0.266,0.686,0.706,PD
7273,UBA6-AS1,Endothelial Cells,23.2,0.26,0.306,0.85,0.395,0.734,0.8,PD
7274,RP11-745L13.2,Endothelial Cells,21.1,-0.251,0.393,-0.638,0.523,0.836,0.872,PD
7275,RP11-427M20.1,Endothelial Cells,17.9,0.226,0.41,0.55,0.582,0.873,0.895,PD
7276,RP11-371F15.3,Endothelial Cells,15,0.26,0.464,0.56,0.575,0.871,0.892,PD
7277,RP11-83A24.2,Endothelial Cells,31,0.0405,0.347,0.116,0.907,0.983,0.983,PD
7278,OSMR-AS1,Endothelial Cells,39.7,0.4,0.321,1.25,0.213,0.686,0.657,PD
7279,CKMT2-AS1,Endothelial Cells,13.2,0.0546,0.415,0.132,0.895,0.983,0.981,PD
7280,TMEM161B-AS1,Endothelial Cells,28.1,0.103,0.278,0.369,0.712,0.918,0.936,PD
7281,MEF2C-AS1,Endothelial Cells,81.1,0.000112,0.332,0.000337,1,1,1,PD
7282,CTD-2337A12.1,Endothelial Cells,23,0.321,0.332,0.965,0.335,0.734,0.761,PD
7283,CTD-2007H13.3,Endothelial Cells,12.7,-0.193,0.391,-0.494,0.622,0.887,0.91,PD
7284,CTD-3179P9.1,Endothelial Cells,287,-0.192,0.435,-0.441,0.659,0.911,0.92,PD
7285,LINC01184,Endothelial Cells,35.1,-1.02,0.456,-2.24,0.0254,0.457,0.255,PD
7286,GMDS-AS1,Endothelial Cells,112,-0.633,0.348,-1.82,0.0685,0.484,0.403,PD
7287,RP3-510L9.1,Endothelial Cells,14.5,-0.25,0.61,-0.409,0.682,0.911,0.929,PD
7288,HCG17,Endothelial Cells,26.9,-0.0294,0.354,-0.0829,0.934,0.988,0.987,PD
7289,RP3-331H24.5,Endothelial Cells,49.4,0.258,0.388,0.663,0.507,0.833,0.864,PD
7290,TRAF3IP2-AS1,Endothelial Cells,38.3,-0.16,0.268,-0.595,0.552,0.853,0.88,PD
7291,STXBP5-AS1,Endothelial Cells,23.4,-0.0942,0.328,-0.287,0.774,0.952,0.953,PD
7292,RP11-302L19.3,Endothelial Cells,21.1,0.0534,0.469,0.114,0.909,0.983,0.984,PD
7293,PSMB1,Endothelial Cells,39.6,-0.0223,0.302,-0.0739,0.941,0.988,0.989,PD
7294,CTB-107G13.1,Endothelial Cells,12.3,-0.605,0.731,-0.828,0.408,0.739,0.808,PD
7295,LINC01004,Endothelial Cells,42.6,0.304,0.275,1.11,0.269,0.686,0.709,PD
7296,RP4-545C24.1,Endothelial Cells,12.8,0.529,0.447,1.18,0.237,0.686,0.679,PD
7297,MIR222HG,Endothelial Cells,47.7,0.088,0.283,0.311,0.756,0.944,0.948,PD
7298,KANTR,Endothelial Cells,19.1,0.00309,0.31,0.00996,0.992,1,0.998,PD
7299,JPX,Endothelial Cells,79,-0.0686,0.207,-0.331,0.741,0.941,0.944,PD
7300,FTX,Endothelial Cells,402,-0.404,0.197,-2.05,0.0408,0.457,0.326,PD
7301,MIR325HG,Endothelial Cells,23.9,-1.96,0.716,-2.74,0.00622,0.449,0.119,PD
7302,LINC00630,Endothelial Cells,15.5,-0.709,0.321,-2.21,0.0273,0.457,0.266,PD
7303,RP11-158M9.1,Endothelial Cells,25.1,-0.522,0.394,-1.32,0.186,0.644,0.62,PD
7304,LINC00894,Endothelial Cells,21.8,-0.00349,0.4,-0.00871,0.993,1,0.998,PD
7305,FAM85B,Endothelial Cells,14.6,-0.699,0.426,-1.64,0.101,0.525,0.475,PD
7306,RP11-463D19.1,Endothelial Cells,15.6,0.4,0.642,0.623,0.533,0.836,0.874,PD
7307,RP11-37B2.1,Endothelial Cells,30.3,0.606,0.353,1.72,0.0858,0.512,0.448,PD
7308,BAALC-AS1,Endothelial Cells,13.4,-0.292,0.387,-0.754,0.451,0.778,0.832,PD
7309,SAMD12-AS1,Endothelial Cells,17.2,-0.72,0.507,-1.42,0.155,0.592,0.574,PD
7310,PCAT1,Endothelial Cells,48.7,0.169,0.345,0.491,0.624,0.887,0.911,PD
7311,RFX3-AS1,Endothelial Cells,17.3,-0.982,0.478,-2.06,0.0398,0.457,0.323,PD
7312,EBLN3P,Endothelial Cells,13.3,-0.465,0.552,-0.842,0.4,0.734,0.806,PD
7313,BMS1P14,Endothelial Cells,20.7,-0.761,0.61,-1.25,0.212,0.686,0.656,PD
7314,RP11-2B6.3,Endothelial Cells,24.6,0.594,0.312,1.9,0.0573,0.457,0.371,PD
7315,SNHG7,Endothelial Cells,16.1,0.166,0.428,0.387,0.699,0.911,0.933,PD
7316,KCNQ1OT1,Endothelial Cells,15.2,-0.0929,0.552,-0.168,0.866,0.972,0.977,PD
7317,AC015691.13,Endothelial Cells,27.1,0.661,0.457,1.44,0.148,0.592,0.562,PD
7318,BDNF-AS,Endothelial Cells,28.9,-0.0876,0.266,-0.329,0.742,0.941,0.944,PD
7319,NEAT1,Endothelial Cells,1660,0.644,0.275,2.34,0.0191,0.457,0.219,PD
7320,MALAT1,Endothelial Cells,12500,0.229,0.285,0.803,0.422,0.746,0.817,PD
7321,RAB30-AS1,Endothelial Cells,23.5,-0.259,0.295,-0.876,0.381,0.734,0.794,PD
7322,RP11-736K20.5,Endothelial Cells,18.6,-0.178,0.463,-0.385,0.7,0.911,0.933,PD
7323,RP11-712B9.2,Endothelial Cells,17.9,0.678,0.409,1.66,0.0973,0.525,0.468,PD
7324,RP11-499P20.2,Endothelial Cells,13.7,-0.00298,0.389,-0.00765,0.994,1,0.998,PD
7325,LINC01515,Endothelial Cells,21.4,-0.584,0.518,-1.13,0.259,0.686,0.699,PD
7326,NUTM2B-AS1,Endothelial Cells,62,-0.215,0.231,-0.929,0.353,0.734,0.775,PD
7327,NUTM2A-AS1,Endothelial Cells,83.3,-0.358,0.31,-1.15,0.248,0.686,0.69,PD
7328,ENTPD1-AS1,Endothelial Cells,27.4,0.251,0.315,0.797,0.425,0.746,0.821,PD
7329,A2ML1-AS1,Endothelial Cells,27.1,0.214,0.896,0.239,0.811,0.959,0.963,PD
7330,RP11-630C16.2,Endothelial Cells,12.5,-0.772,0.82,-0.941,0.347,0.734,0.769,PD
7331,RP11-96H19.1,Endothelial Cells,34.4,0.0531,0.487,0.109,0.913,0.983,0.984,PD
7332,RP4-605O3.4,Endothelial Cells,15.3,0.15,0.484,0.31,0.757,0.944,0.948,PD
7333,RP11-631N16.2,Endothelial Cells,12.6,0.0696,0.406,0.171,0.864,0.972,0.977,PD
7334,RP11-768F21.1,Endothelial Cells,61.9,-0.537,0.315,-1.71,0.0878,0.512,0.452,PD
7335,RP11-141M1.3,Endothelial Cells,27.1,-0.687,0.402,-1.71,0.088,0.512,0.452,PD
7336,DLEU2,Endothelial Cells,167,0.0999,0.207,0.482,0.63,0.887,0.913,PD
7337,RP11-902B17.1,Endothelial Cells,28.1,-0.425,0.276,-1.54,0.123,0.558,0.519,PD
7338,HIF1A-AS2,Endothelial Cells,399,-0.683,0.504,-1.36,0.175,0.622,0.606,PD
7339,RP11-187O7.3,Endothelial Cells,22.5,1.35,0.712,1.89,0.0587,0.457,0.375,PD
7340,RP11-1000B6.3,Endothelial Cells,19.1,0.143,0.371,0.385,0.7,0.911,0.933,PD
7341,GABPB1-AS1,Endothelial Cells,14.2,0.0293,0.515,0.0569,0.955,0.988,0.991,PD
7342,IQCH-AS1,Endothelial Cells,12.3,0.0117,0.522,0.0223,0.982,1,0.995,PD
7343,THSD4-AS1,Endothelial Cells,41.1,0.251,0.295,0.851,0.395,0.734,0.8,PD
7344,CTD-2054N24.2,Endothelial Cells,18.7,0.317,0.35,0.906,0.365,0.734,0.786,PD
7345,LINC01290,Endothelial Cells,14.8,0.412,0.376,1.1,0.273,0.686,0.71,PD
7346,CTD-2135D7.5,Endothelial Cells,14.1,0.997,0.402,2.48,0.0132,0.457,0.182,PD
7347,CTA-276F8.2,Endothelial Cells,16.2,0.599,0.515,1.16,0.245,0.686,0.687,PD
7348,FENDRR,Endothelial Cells,52.5,-0.367,0.37,-0.99,0.322,0.717,0.753,PD
7349,MAP3K14,Endothelial Cells,18.8,0.404,0.397,1.02,0.309,0.717,0.741,PD
7350,RP11-78F17.1,Endothelial Cells,9.87,0.521,0.739,0.704,0.481,0.799,0.851,PD
7351,RP11-35G9.5,Endothelial Cells,13.9,0.481,0.354,1.36,0.175,0.622,0.605,PD
7352,SDCBP2-AS1,Endothelial Cells,12.4,0.98,0.513,1.91,0.0559,0.457,0.368,PD
7353,RP11-103J8.1,Endothelial Cells,18.8,0.745,0.413,1.8,0.0713,0.484,0.411,PD
7354,RP1-122P22.2,Endothelial Cells,26.8,-0.0261,0.476,-0.0549,0.956,0.988,0.991,PD
7355,NORAD,Endothelial Cells,61.6,-0.622,0.281,-2.21,0.0268,0.457,0.263,PD
7356,ZFAS1,Endothelial Cells,12.4,-0.101,0.463,-0.218,0.828,0.97,0.968,PD
7357,RP4-678D15.1,Endothelial Cells,14.7,0.559,0.563,0.992,0.321,0.717,0.752,PD
7358,LINC00662,Endothelial Cells,21.7,-0.0513,0.287,-0.179,0.858,0.972,0.977,PD
7359,PCAT19,Endothelial Cells,92.6,0.888,0.368,2.41,0.0159,0.457,0.203,PD
7360,LIPE-AS1,Endothelial Cells,15.3,-0.65,0.4,-1.62,0.104,0.525,0.483,PD
7361,CTB-171A8.1,Endothelial Cells,12,0.414,0.484,0.856,0.392,0.734,0.799,PD
7362,CTC-444N24.11,Endothelial Cells,21.2,0.324,0.298,1.09,0.277,0.686,0.715,PD
7363,LINC00278,Endothelial Cells,14.9,-1.44,0.739,-1.94,0.0521,0.457,0.36,PD
7364,TTTY14,Endothelial Cells,75.6,-0.359,0.864,-0.415,0.678,0.911,0.927,PD
7365,CABIN1,Endothelial Cells,33.1,0.304,0.29,1.05,0.295,0.71,0.732,PD
7366,MIATNB,Endothelial Cells,14.4,-0.423,0.384,-1.1,0.27,0.686,0.71,PD
7367,CTA-292E10.6,Endothelial Cells,11.8,-0.414,0.439,-0.943,0.346,0.734,0.769,PD
7368,NUP50-AS1,Endothelial Cells,17.6,0.454,0.323,1.41,0.159,0.592,0.58,PD
7369,MIRLET7BHG,Endothelial Cells,46,-0.0887,0.341,-0.26,0.795,0.954,0.959,PD
7370,C22orf34,Endothelial Cells,110,0.591,0.481,1.23,0.219,0.686,0.666,PD
7371,CH507-513H4.1,Endothelial Cells,198,-0.15,0.538,-0.278,0.781,0.952,0.955,PD
7372,CH507-528H12.1,Endothelial Cells,146,-0.583,0.557,-1.05,0.296,0.71,0.732,PD
7373,MIR155HG,Endothelial Cells,15.8,0.509,0.576,0.884,0.377,0.734,0.792,PD
7374,AF131217.1,Endothelial Cells,18.2,0.71,0.648,1.1,0.273,0.686,0.71,PD
7375,RP11-54O7.17,Pericytes,33.8,-0.861,0.671,-1.28,0.199,0.764,0.64,PD
7376,RP5-864K19.4,Pericytes,12,0.298,0.37,0.805,0.421,0.89,0.816,PD
7377,SLC16A1-AS1,Pericytes,32.6,-0.306,0.357,-0.855,0.392,0.876,0.799,PD
7378,RP11-418J17.1,Pericytes,18.7,0.821,0.382,2.15,0.0318,0.576,0.291,PD
7379,LINC00623,Pericytes,28.5,0.135,0.318,0.426,0.67,0.946,0.924,PD
7380,CH17-189H20.1,Pericytes,57.2,0.287,0.321,0.894,0.371,0.876,0.79,PD
7381,FLG-AS1,Pericytes,24.5,0.185,0.439,0.422,0.673,0.946,0.925,PD
7382,RGS5,Pericytes,548,-0.0492,0.271,-0.181,0.856,0.975,0.976,PD
7383,MIR181A1HG,Pericytes,34,-0.384,0.314,-1.22,0.222,0.764,0.669,PD
7384,C1orf132,Pericytes,47.7,0.547,0.357,1.53,0.126,0.76,0.527,PD
7385,LINC01376,Pericytes,16.4,-0.77,0.443,-1.74,0.082,0.649,0.44,PD
7386,LINC00486,Pericytes,640,-0.25,0.273,-0.915,0.36,0.876,0.782,PD
7387,CYP1B1-AS1,Pericytes,10.6,0.724,0.485,1.49,0.135,0.76,0.54,PD
7388,AC007246.3,Pericytes,35.4,-0.469,0.307,-1.53,0.126,0.76,0.527,PD
7389,LINC00152,Pericytes,53.2,-0.222,0.406,-0.545,0.586,0.943,0.896,PD
7390,AC159540.1,Pericytes,16.5,-1.18,0.387,-3.04,0.00239,0.153,0.0688,PD
7391,MIR4435-2HG,Pericytes,296,0.0182,0.438,0.0416,0.967,0.997,0.991,PD
7392,AC097721.2,Pericytes,10.2,0.282,0.411,0.686,0.493,0.919,0.858,PD
7393,AC105402.4,Pericytes,155,0.163,0.498,0.328,0.743,0.946,0.944,PD
7394,AC144449.1,Pericytes,19.4,-0.537,0.505,-1.06,0.288,0.833,0.726,PD
7395,AC013463.2,Pericytes,46.9,-0.316,0.407,-0.776,0.438,0.907,0.826,PD
7396,AC074363.1,Pericytes,19.2,0.786,0.398,1.97,0.0484,0.607,0.35,PD
7397,AC018890.6,Pericytes,42.5,0.476,0.423,1.12,0.261,0.79,0.699,PD
7398,AC009948.5,Pericytes,11.2,0.382,0.438,0.873,0.383,0.876,0.794,PD
7399,TTN-AS1,Pericytes,55.9,0.0466,0.369,0.126,0.9,0.978,0.982,PD
7400,AC007319.1,Pericytes,60.1,0.538,0.31,1.74,0.0826,0.649,0.442,PD
7401,LINC01266,Pericytes,9.4,-0.528,0.554,-0.954,0.34,0.876,0.765,PD
7402,AC026188.1,Pericytes,17.1,-0.959,0.358,-2.68,0.00741,0.202,0.132,PD
7403,AC018816.3,Pericytes,27,-0.0732,0.451,-0.162,0.871,0.975,0.977,PD
7404,LMCD1-AS1,Pericytes,22.8,-0.697,0.423,-1.65,0.0994,0.705,0.472,PD
7405,THUMPD3-AS1,Pericytes,21.8,0.385,0.3,1.28,0.199,0.764,0.64,PD
7406,SLC6A1-AS1,Pericytes,81.5,-0.524,0.771,-0.68,0.496,0.919,0.86,PD
7407,FGD5-AS1,Pericytes,26.6,-0.411,0.334,-1.23,0.218,0.764,0.666,PD
7408,RBMS3-AS3,Pericytes,46.3,0.502,0.533,0.942,0.346,0.876,0.769,PD
7409,RBMS3-AS2,Pericytes,10.5,0.82,0.578,1.42,0.156,0.764,0.574,PD
7410,KIF9-AS1,Pericytes,14.9,-0.109,0.37,-0.294,0.768,0.947,0.952,PD
7411,ADAMTS9-AS2,Pericytes,362,0.0499,0.443,0.113,0.91,0.983,0.984,PD
7412,SUCLG2-AS1,Pericytes,21.7,-0.139,0.392,-0.355,0.723,0.946,0.939,PD
7413,LINC00882,Pericytes,56.3,1.45,0.474,3.06,0.00224,0.153,0.0659,PD
7414,DUBR,Pericytes,41.1,0.0846,0.293,0.289,0.773,0.947,0.953,PD
7415,RP11-319G6.1,Pericytes,12.8,0.00379,0.413,0.00919,0.993,0.997,0.998,PD
7416,RP11-649A16.1,Pericytes,238,-0.263,0.294,-0.894,0.371,0.876,0.79,PD
7417,RP11-71N10.1,Pericytes,12.6,-0.256,0.499,-0.514,0.607,0.946,0.905,PD
7418,KCNMB2-AS1,Pericytes,13.6,0.372,0.451,0.825,0.409,0.89,0.809,PD
7419,LINC00969,Pericytes,114,-0.105,0.246,-0.426,0.67,0.946,0.924,PD
7420,RP11-440L14.1,Pericytes,32.3,-0.103,0.303,-0.342,0.733,0.946,0.943,PD
7421,RP11-665G4.1,Pericytes,42.7,-0.249,0.274,-0.908,0.364,0.876,0.785,PD
7422,TAPT1-AS1,Pericytes,21.2,0.369,0.294,1.26,0.209,0.764,0.651,PD
7423,RP11-584P21.2,Pericytes,11.7,0.613,0.408,1.5,0.133,0.76,0.537,PD
7424,UBA6-AS1,Pericytes,25.3,-0.106,0.361,-0.294,0.769,0.947,0.952,PD
7425,RP11-692D12.1,Pericytes,11.5,-1.18,0.47,-2.52,0.0118,0.243,0.173,PD
7426,LINC01088,Pericytes,45.4,0.702,0.612,1.15,0.251,0.788,0.693,PD
7427,RP11-679C8.2,Pericytes,15.5,-0.672,0.419,-1.6,0.109,0.74,0.491,PD
7428,RP11-745L13.2,Pericytes,11.2,-0.0346,0.486,-0.0712,0.943,0.997,0.99,PD
7429,RP11-714L20.1,Pericytes,35.7,1.61,0.572,2.82,0.00479,0.195,0.101,PD
7430,RP11-83A24.2,Pericytes,24.6,-0.253,0.362,-0.701,0.483,0.919,0.851,PD
7431,RP11-714G18.1,Pericytes,10.3,1.29,0.514,2.51,0.0119,0.243,0.173,PD
7432,OSMR-AS1,Pericytes,35.7,0.392,0.371,1.06,0.291,0.833,0.729,PD
7433,NNT-AS1,Pericytes,14.4,-0.234,0.352,-0.665,0.506,0.919,0.864,PD
7434,CKMT2-AS1,Pericytes,18.4,-0.484,0.333,-1.46,0.145,0.764,0.556,PD
7435,TMEM161B-AS1,Pericytes,46.5,-0.138,0.287,-0.482,0.63,0.946,0.913,PD
7436,MEF2C-AS1,Pericytes,32.1,-0.199,0.363,-0.548,0.583,0.943,0.895,PD
7437,RP11-133F8.2,Pericytes,12.6,-0.561,0.421,-1.33,0.182,0.764,0.616,PD
7438,NR2F1-AS1,Pericytes,101,0.124,0.215,0.577,0.564,0.938,0.887,PD
7439,CTD-2337A12.1,Pericytes,28.8,-0.309,0.407,-0.76,0.447,0.911,0.83,PD
7440,CTD-2007H13.3,Pericytes,12.2,0.376,0.37,1.02,0.309,0.858,0.741,PD
7441,CTD-3179P9.1,Pericytes,274,-0.00768,0.294,-0.0262,0.979,0.997,0.994,PD
7442,LINC01184,Pericytes,46.6,-0.019,0.322,-0.059,0.953,0.997,0.991,PD
7443,AC005592.2,Pericytes,23.5,-0.165,0.4,-0.412,0.68,0.946,0.928,PD
7444,CARMN,Pericytes,142,-0.208,0.386,-0.539,0.59,0.943,0.899,PD
7445,GMDS-AS1,Pericytes,77.4,-0.575,0.329,-1.75,0.0799,0.649,0.435,PD
7446,CASC15,Pericytes,172,-0.0853,0.256,-0.334,0.739,0.946,0.944,PD
7447,ZSCAN16-AS1,Pericytes,10.9,-0.0878,0.528,-0.166,0.868,0.975,0.977,PD
7448,HCG17,Pericytes,26.4,-0.00273,0.34,-0.00803,0.994,0.997,0.998,PD
7449,XXbac-BPG154L12.4,Pericytes,15,0.2,0.64,0.313,0.754,0.946,0.948,PD
7450,PHF1,Pericytes,16.3,0.0776,0.535,0.145,0.885,0.975,0.98,PD
7451,XXbac-BPG55C20.7,Pericytes,24.7,-0.573,0.436,-1.32,0.188,0.764,0.624,PD
7452,RP3-331H24.5,Pericytes,41.3,0.781,0.465,1.68,0.0928,0.688,0.461,PD
7453,TRAF3IP2-AS1,Pericytes,90.1,-0.0741,0.237,-0.313,0.755,0.946,0.948,PD
7454,RP13-143G15.4,Pericytes,60.8,0.239,0.551,0.433,0.665,0.946,0.923,PD
7455,RP11-307P5.1,Pericytes,11.1,0.672,0.433,1.55,0.121,0.76,0.515,PD
7456,PSMB1,Pericytes,39.8,0.0548,0.34,0.161,0.872,0.975,0.978,PD
7457,LINC01004,Pericytes,28.4,0.209,0.311,0.674,0.5,0.919,0.862,PD
7458,AC002066.1,Pericytes,14,0.0152,0.53,0.0287,0.977,0.997,0.994,PD
7459,AC016831.7,Pericytes,15.4,0.824,0.645,1.28,0.201,0.764,0.642,PD
7460,RP4-545C24.1,Pericytes,12.5,0.108,0.52,0.208,0.835,0.975,0.969,PD
7461,KANTR,Pericytes,22.1,0.359,0.293,1.22,0.221,0.764,0.668,PD
7462,RP13-188A5.1,Pericytes,27,0.159,0.416,0.384,0.701,0.946,0.933,PD
7463,JPX,Pericytes,66.5,-0.265,0.225,-1.18,0.239,0.779,0.682,PD
7464,FTX,Pericytes,441,-0.16,0.162,-0.99,0.322,0.875,0.753,PD
7465,LINC00630,Pericytes,12.4,0.312,0.403,0.773,0.439,0.907,0.827,PD
7466,DANT2,Pericytes,26.2,-0.515,0.485,-1.06,0.288,0.833,0.726,PD
7467,RAP2C-AS1,Pericytes,10.4,-1.39,0.682,-2.04,0.0415,0.607,0.326,PD
7468,LINC00894,Pericytes,38.1,0.00223,0.258,0.00865,0.993,0.997,0.998,PD
7469,FAM85B,Pericytes,20.5,-0.201,0.359,-0.56,0.575,0.943,0.892,PD
7470,MSC-AS1,Pericytes,76.8,0.221,0.36,0.613,0.54,0.919,0.877,PD
7471,RP11-37B2.1,Pericytes,21.4,0.127,0.343,0.37,0.711,0.946,0.936,PD
7472,PCAT1,Pericytes,10.5,-0.663,0.547,-1.21,0.225,0.764,0.671,PD
7473,RFX3-AS1,Pericytes,10.2,-1.23,0.412,-2.99,0.00282,0.153,0.075,PD
7474,EBLN3P,Pericytes,15.1,-0.127,0.5,-0.254,0.799,0.958,0.96,PD
7475,RP11-2B6.3,Pericytes,26.1,0.434,0.321,1.35,0.176,0.764,0.606,PD
7476,LINC00476,Pericytes,17.5,-0.413,0.408,-1.01,0.311,0.858,0.742,PD
7477,LINC01505,Pericytes,22.5,0.78,0.607,1.29,0.199,0.764,0.639,PD
7478,KCNQ1OT1,Pericytes,22.1,0.313,0.449,0.697,0.486,0.919,0.852,PD
7479,AC015691.13,Pericytes,26.7,0.843,0.425,1.98,0.0472,0.607,0.347,PD
7480,BDNF-AS,Pericytes,23.6,-0.688,0.354,-1.94,0.0522,0.608,0.36,PD
7481,NEAT1,Pericytes,1500,0.346,0.277,1.25,0.211,0.764,0.653,PD
7482,MALAT1,Pericytes,16200,-0.137,0.366,-0.374,0.708,0.946,0.935,PD
7483,RAB30-AS1,Pericytes,28.4,0.0448,0.298,0.151,0.88,0.975,0.979,PD
7484,RP11-712B9.2,Pericytes,11.8,0.543,0.389,1.4,0.163,0.764,0.587,PD
7485,RP11-192P3.4,Pericytes,36.1,0.211,0.546,0.385,0.7,0.946,0.933,PD
7486,ZEB1-AS1,Pericytes,27.4,-0.263,0.376,-0.698,0.485,0.919,0.852,PD
7487,NUTM2B-AS1,Pericytes,63,-0.0996,0.318,-0.314,0.754,0.946,0.948,PD
7488,NUTM2A-AS1,Pericytes,82.8,-0.212,0.317,-0.668,0.504,0.919,0.863,PD
7489,ENTPD1-AS1,Pericytes,37.8,-0.00995,0.274,-0.0364,0.971,0.997,0.992,PD
7490,EMX2OS,Pericytes,13.7,-0.242,0.506,-0.477,0.633,0.946,0.913,PD
7491,RP11-96H19.1,Pericytes,90.6,0.299,0.315,0.946,0.344,0.876,0.768,PD
7492,RP4-605O3.4,Pericytes,17.5,0.0537,0.372,0.144,0.885,0.975,0.98,PD
7493,RP1-78O14.1,Pericytes,13.6,0.737,0.407,1.81,0.0701,0.649,0.408,PD
7494,RP11-141M1.3,Pericytes,20.3,-0.246,0.397,-0.621,0.535,0.919,0.875,PD
7495,DLEU2,Pericytes,183,0.0871,0.215,0.406,0.685,0.946,0.929,PD
7496,HIF1A-AS2,Pericytes,166,-0.271,0.531,-0.51,0.61,0.946,0.906,PD
7497,RP11-486O13.4,Pericytes,12.2,0.265,0.433,0.611,0.541,0.919,0.877,PD
7498,DIO3OS,Pericytes,23.1,-0.332,0.565,-0.588,0.557,0.936,0.884,PD
7499,PWAR6,Pericytes,10.8,-0.188,0.447,-0.422,0.673,0.946,0.925,PD
7500,RP11-1000B6.3,Pericytes,25.7,-0.00114,0.332,-0.00344,0.997,0.997,0.999,PD
7501,DPH6-AS1,Pericytes,17.1,0.802,0.421,1.91,0.0566,0.615,0.369,PD
7502,GABPB1-AS1,Pericytes,14.2,-0.334,0.495,-0.675,0.5,0.919,0.862,PD
7503,RORA-AS1,Pericytes,8.98,0.137,0.709,0.193,0.847,0.975,0.972,PD
7504,RP11-39M21.1,Pericytes,15.7,0.235,0.589,0.399,0.69,0.946,0.931,PD
7505,THSD4-AS1,Pericytes,27.8,-0.128,0.363,-0.354,0.723,0.946,0.939,PD
7506,LINC01197,Pericytes,34.8,0.206,0.316,0.651,0.515,0.919,0.87,PD
7507,LINC00924,Pericytes,11.8,-0.71,0.596,-1.19,0.234,0.777,0.678,PD
7508,RP11-759A24.3,Pericytes,110,0.203,0.248,0.819,0.413,0.89,0.811,PD
7509,NR2F2-AS1,Pericytes,270,0.127,0.201,0.633,0.527,0.919,0.873,PD
7510,CTD-2054N24.2,Pericytes,21.3,0.092,0.345,0.267,0.79,0.953,0.958,PD
7511,RP11-166B2.8,Pericytes,10.5,0.343,0.391,0.878,0.38,0.876,0.793,PD
7512,FENDRR,Pericytes,11.3,-1,0.477,-2.1,0.0355,0.579,0.305,PD
7513,CTD-3193K9.4,Pericytes,9.15,0.718,0.415,1.73,0.0836,0.649,0.444,PD
7514,AC002117.1,Pericytes,8.13,-1.31,0.49,-2.68,0.00745,0.202,0.132,PD
7515,MAP3K14,Pericytes,11.6,-0.178,0.397,-0.448,0.654,0.946,0.919,PD
7516,RP1-193H18.3,Pericytes,34.3,0.32,0.368,0.869,0.385,0.876,0.794,PD
7517,RP11-35G9.5,Pericytes,16.1,0.027,0.397,0.0681,0.946,0.997,0.991,PD
7518,NRSN2-AS1,Pericytes,9.91,0.579,0.436,1.33,0.184,0.764,0.618,PD
7519,RP11-103J8.1,Pericytes,14.6,0.266,0.413,0.643,0.52,0.919,0.87,PD
7520,RP4-568F9.6,Pericytes,13,-0.561,0.697,-0.805,0.421,0.89,0.816,PD
7521,NORAD,Pericytes,49,-0.384,0.28,-1.37,0.171,0.764,0.6,PD
7522,MIR646HG,Pericytes,20.2,0.249,0.551,0.452,0.652,0.946,0.919,PD
7523,LINC00662,Pericytes,21.3,-0.417,0.361,-1.15,0.248,0.788,0.69,PD
7524,PCAT19,Pericytes,19.3,0.623,0.463,1.34,0.179,0.764,0.611,PD
7525,ZNF667-AS1,Pericytes,11.3,-0.0844,0.439,-0.192,0.848,0.975,0.972,PD
7526,CTC-444N24.11,Pericytes,20.1,0.565,0.311,1.82,0.0693,0.649,0.406,PD
7527,LINC00278,Pericytes,14.5,-0.466,0.753,-0.618,0.536,0.919,0.875,PD
7528,TTTY14,Pericytes,57.6,-0.0659,1.04,-0.0632,0.95,0.997,0.991,PD
7529,CABIN1,Pericytes,26.5,0.121,0.278,0.435,0.663,0.946,0.923,PD
7530,MIATNB,Pericytes,10.9,-0.0601,0.428,-0.14,0.888,0.975,0.98,PD
7531,CTA-292E10.6,Pericytes,9.92,-0.148,0.538,-0.274,0.784,0.953,0.956,PD
7532,NUP50-AS1,Pericytes,9.96,-0.0509,0.374,-0.136,0.892,0.975,0.98,PD
7533,MIRLET7BHG,Pericytes,39,-0.128,0.368,-0.349,0.727,0.946,0.94,PD
7534,C22orf34,Pericytes,21.7,0.575,0.645,0.891,0.373,0.876,0.791,PD
7535,CH507-513H4.1,Pericytes,128,-0.526,0.609,-0.863,0.388,0.876,0.796,PD
7536,CH507-528H12.1,Pericytes,100,-0.582,0.519,-1.12,0.262,0.79,0.7,PD
7537,MIR99AHG,Pericytes,347,0.0296,0.215,0.137,0.891,0.975,0.98,PD
7538,RP11-206L10.9,Inhibitory Neurons,24.3,-0.364,0.342,-1.06,0.287,0.749,0.724,PD
7539,RP11-154H17.1,Inhibitory Neurons,19.1,0.11,0.552,0.199,0.842,0.976,0.971,PD
7540,RP5-864K19.4,Inhibitory Neurons,64,0.246,0.302,0.814,0.415,0.821,0.813,PD
7541,CYP4A22-AS1,Inhibitory Neurons,14.2,-0.344,0.605,-0.569,0.57,0.869,0.89,PD
7542,LINC01135,Inhibitory Neurons,9.16,1.49,0.578,2.58,0.00974,0.142,0.154,PD
7543,GNG12-AS1,Inhibitory Neurons,19.3,-0.224,0.474,-0.474,0.636,0.888,0.913,PD
7544,PKN2-AS1,Inhibitory Neurons,11.9,-1.94,0.613,-3.17,0.00153,0.0449,0.0535,PD
7545,RP5-1074L1.1,Inhibitory Neurons,37.3,0.37,0.313,1.18,0.237,0.736,0.679,PD
7546,RP3-522D1.1,Inhibitory Neurons,25.2,-0.125,0.388,-0.322,0.748,0.95,0.946,PD
7547,SLC16A1-AS1,Inhibitory Neurons,92.4,0.0224,0.248,0.0905,0.928,0.984,0.986,PD
7548,RP11-418J17.1,Inhibitory Neurons,22.9,-0.0746,0.378,-0.197,0.844,0.976,0.971,PD
7549,LINC00623,Inhibitory Neurons,64.7,-0.504,0.241,-2.09,0.0362,0.315,0.307,PD
7550,CH17-437K3.1,Inhibitory Neurons,61.1,0.0192,0.342,0.0562,0.955,0.984,0.991,PD
7551,RP11-289H16.1,Inhibitory Neurons,73.4,0.1,0.414,0.242,0.809,0.974,0.963,PD
7552,RP11-337C18.8,Inhibitory Neurons,36.2,0.365,0.298,1.22,0.221,0.736,0.669,PD
7553,RP4-565E6.1,Inhibitory Neurons,12.3,-0.651,0.477,-1.37,0.172,0.695,0.602,PD
7554,CH17-189H20.1,Inhibitory Neurons,135,0.0212,0.237,0.0895,0.929,0.984,0.986,PD
7555,FLG-AS1,Inhibitory Neurons,27.7,-0.0111,0.436,-0.0255,0.98,0.988,0.994,PD
7556,LINC00970,Inhibitory Neurons,47.1,-1.03,0.33,-3.13,0.00172,0.0465,0.0582,PD
7557,RP11-296O14.3,Inhibitory Neurons,28.6,-0.321,0.347,-0.926,0.355,0.813,0.777,PD
7558,RP11-318C24.2,Inhibitory Neurons,12.4,0.474,0.431,1.1,0.272,0.746,0.71,PD
7559,RP11-295K2.3,Inhibitory Neurons,28.5,-0.448,0.295,-1.52,0.128,0.628,0.529,PD
7560,MIR181A1HG,Inhibitory Neurons,136,0.163,0.223,0.733,0.464,0.859,0.84,PD
7561,C1orf132,Inhibitory Neurons,76.1,0.25,0.308,0.811,0.417,0.821,0.813,PD
7562,LINC01250,Inhibitory Neurons,24.4,0.354,0.339,1.04,0.296,0.749,0.732,PD
7563,LINC00276,Inhibitory Neurons,16.8,0.442,0.48,0.922,0.357,0.813,0.779,PD
7564,AC016768.1,Inhibitory Neurons,27,-0.321,0.484,-0.663,0.508,0.861,0.864,PD
7565,DNAJC27-AS1,Inhibitory Neurons,12.9,-0.0243,0.445,-0.0547,0.956,0.984,0.991,PD
7566,LINC00486,Inhibitory Neurons,842,-0.0717,0.146,-0.491,0.623,0.888,0.911,PD
7567,AC007246.3,Inhibitory Neurons,80.1,-0.516,0.232,-2.22,0.0263,0.243,0.26,PD
7568,SLC8A1-AS1,Inhibitory Neurons,20.1,-0.11,0.577,-0.19,0.849,0.976,0.973,PD
7569,LINC01122,Inhibitory Neurons,202,0.718,0.383,1.87,0.0611,0.447,0.382,PD
7570,AC159540.1,Inhibitory Neurons,150,-0.0464,0.268,-0.173,0.863,0.98,0.977,PD
7571,LINC01102,Inhibitory Neurons,27.6,0.16,0.337,0.475,0.635,0.888,0.913,PD
7572,NIFK-AS1,Inhibitory Neurons,13.7,0.266,0.402,0.661,0.509,0.861,0.865,PD
7573,CCNT2-AS1,Inhibitory Neurons,19.7,1.32,0.446,2.95,0.00313,0.0687,0.0791,PD
7574,AC105402.4,Inhibitory Neurons,213,0.431,0.491,0.879,0.38,0.817,0.793,PD
7575,AC144449.1,Inhibitory Neurons,16.1,0.37,0.487,0.759,0.448,0.845,0.83,PD
7576,AC009961.3,Inhibitory Neurons,16.8,0.0666,0.346,0.193,0.847,0.976,0.972,PD
7577,AC010127.3,Inhibitory Neurons,22.2,0.5,0.829,0.603,0.546,0.864,0.879,PD
7578,AC074363.1,Inhibitory Neurons,64.1,0.631,0.348,1.81,0.0698,0.49,0.407,PD
7579,AC007277.3,Inhibitory Neurons,11.9,-0.293,0.432,-0.679,0.497,0.861,0.861,PD
7580,AC079305.11,Inhibitory Neurons,10.9,-0.384,0.663,-0.579,0.562,0.869,0.887,PD
7581,AC009948.5,Inhibitory Neurons,12,0.165,0.612,0.27,0.787,0.965,0.957,PD
7582,TTN-AS1,Inhibitory Neurons,65.7,0.198,0.291,0.681,0.496,0.861,0.86,PD
7583,AC093388.3,Inhibitory Neurons,11.2,0.335,0.41,0.817,0.414,0.821,0.812,PD
7584,AC007038.7,Inhibitory Neurons,20.5,-1.05,0.369,-2.83,0.00459,0.0896,0.0981,PD
7585,AC007563.5,Inhibitory Neurons,47.7,1.81,0.425,4.26,2.05E-05,0.0024,0.00386,PD
7586,RP11-314B1.2,Inhibitory Neurons,55.4,0.184,0.385,0.477,0.633,0.888,0.913,PD
7587,LINC01266,Inhibitory Neurons,22.8,0.344,0.476,0.723,0.47,0.859,0.843,PD
7588,AC026188.1,Inhibitory Neurons,22.7,-0.329,0.365,-0.903,0.366,0.815,0.786,PD
7589,AC018816.3,Inhibitory Neurons,10.3,0.302,0.477,0.634,0.526,0.861,0.873,PD
7590,LMCD1-AS1,Inhibitory Neurons,85,-0.307,0.316,-0.973,0.331,0.792,0.758,PD
7591,THUMPD3-AS1,Inhibitory Neurons,23.9,0.208,0.335,0.621,0.535,0.861,0.875,PD
7592,SLC6A1-AS1,Inhibitory Neurons,15.5,-0.612,0.696,-0.879,0.379,0.817,0.793,PD
7593,FGD5-AS1,Inhibitory Neurons,17.6,-0.191,0.494,-0.388,0.698,0.929,0.933,PD
7594,RBMS3-AS3,Inhibitory Neurons,9.63,-0.0548,0.586,-0.0936,0.925,0.984,0.986,PD
7595,RP4-555D20.2,Inhibitory Neurons,14,0.235,0.429,0.548,0.584,0.879,0.896,PD
7596,RP11-944L7.4,Inhibitory Neurons,15.8,0.0836,0.389,0.215,0.83,0.974,0.968,PD
7597,KIF9-AS1,Inhibitory Neurons,122,-0.205,0.212,-0.964,0.335,0.792,0.762,PD
7598,LINC00877,Inhibitory Neurons,21.6,0.0602,0.435,0.138,0.89,0.984,0.98,PD
7599,LINC00506,Inhibitory Neurons,9.96,-0.138,0.537,-0.257,0.797,0.966,0.96,PD
7600,LINC00882,Inhibitory Neurons,98.3,0.0268,0.201,0.133,0.894,0.984,0.981,PD
7601,DUBR,Inhibitory Neurons,29.7,0.613,0.321,1.91,0.0557,0.425,0.368,PD
7602,RP11-572M11.4,Inhibitory Neurons,15.6,0.282,0.419,0.672,0.502,0.861,0.862,PD
7603,RP11-384F7.2,Inhibitory Neurons,706,0.0664,0.24,0.277,0.782,0.964,0.956,PD
7604,GATA2-AS1,Inhibitory Neurons,12.8,0.208,0.445,0.468,0.64,0.888,0.915,PD
7605,LINC01210,Inhibitory Neurons,117,0.132,0.25,0.53,0.596,0.879,0.901,PD
7606,RP11-2A4.4,Inhibitory Neurons,18.5,0.936,0.535,1.75,0.0801,0.551,0.435,PD
7607,RP11-319G6.1,Inhibitory Neurons,38.7,-0.642,0.28,-2.29,0.0221,0.222,0.238,PD
7608,LINC01322,Inhibitory Neurons,47.7,2.02,0.342,5.91,3.50E-09,1.23E-06,5.93E-06,PD
7609,RP11-368I23.2,Inhibitory Neurons,16.2,0.0265,0.451,0.0589,0.953,0.984,0.991,PD
7610,RP11-33A14.1,Inhibitory Neurons,38.6,1.38,0.59,2.34,0.0191,0.197,0.219,PD
7611,KCNMB2-AS1,Inhibitory Neurons,10.4,-0.809,0.627,-1.29,0.197,0.736,0.638,PD
7612,LINC00884,Inhibitory Neurons,24,0.0115,0.339,0.034,0.973,0.984,0.993,PD
7613,LINC00969,Inhibitory Neurons,138,0.158,0.297,0.532,0.594,0.879,0.9,PD
7614,RP11-1263C18.2,Inhibitory Neurons,11,-0.226,0.48,-0.472,0.637,0.888,0.914,PD
7615,RP11-440L14.1,Inhibitory Neurons,50.7,-0.0275,0.277,-0.099,0.921,0.984,0.986,PD
7616,STX18-AS1,Inhibitory Neurons,52.3,-0.421,0.267,-1.57,0.116,0.615,0.504,PD
7617,LINC00504,Inhibitory Neurons,11.4,-0.676,0.482,-1.4,0.161,0.679,0.582,PD
7618,CPEB2-AS1,Inhibitory Neurons,15,-0.183,0.461,-0.397,0.691,0.924,0.931,PD
7619,RP11-665G4.1,Inhibitory Neurons,36.5,-0.266,0.56,-0.475,0.635,0.888,0.913,PD
7620,TAPT1-AS1,Inhibitory Neurons,43,0.315,0.294,1.07,0.284,0.749,0.72,PD
7621,RP11-584P21.2,Inhibitory Neurons,51.3,0.303,0.276,1.1,0.272,0.746,0.71,PD
7622,UBA6-AS1,Inhibitory Neurons,113,0.117,0.259,0.452,0.651,0.899,0.919,PD
7623,RP11-692D12.1,Inhibitory Neurons,25.7,-1.16,0.322,-3.61,0.000312,0.0137,0.0186,PD
7624,FAM13A-AS1,Inhibitory Neurons,13.5,-0.878,0.39,-2.25,0.0245,0.239,0.253,PD
7625,AC004053.1,Inhibitory Neurons,14.3,-0.744,0.509,-1.46,0.144,0.663,0.552,PD
7626,SEC24B-AS1,Inhibitory Neurons,9.77,-0.359,0.493,-0.728,0.466,0.859,0.841,PD
7627,RP11-679C8.2,Inhibitory Neurons,14.3,0.253,0.572,0.442,0.659,0.903,0.92,PD
7628,RP11-745L13.2,Inhibitory Neurons,95.9,-0.335,0.274,-1.22,0.222,0.736,0.669,PD
7629,RP11-9G1.3,Inhibitory Neurons,23.1,-0.399,0.335,-1.19,0.234,0.736,0.679,PD
7630,RP11-83A24.2,Inhibitory Neurons,27.8,0.356,0.36,0.989,0.323,0.788,0.753,PD
7631,RP11-284M14.1,Inhibitory Neurons,16.2,0.0203,0.5,0.0405,0.968,0.984,0.991,PD
7632,RP11-10K16.1,Inhibitory Neurons,9.57,1.25,0.513,2.45,0.0144,0.197,0.191,PD
7633,RP11-367N14.2,Inhibitory Neurons,10.8,0.571,0.484,1.18,0.238,0.736,0.68,PD
7634,AF146191.4,Inhibitory Neurons,29.1,0.743,0.286,2.59,0.00946,0.142,0.152,PD
7635,CTD-2143L24.1,Inhibitory Neurons,18.4,-0.802,0.48,-1.67,0.095,0.57,0.462,PD
7636,AC091878.1,Inhibitory Neurons,49.4,1.17,0.442,2.65,0.00805,0.134,0.136,PD
7637,RP11-454P21.1,Inhibitory Neurons,19,1.53,0.589,2.59,0.00957,0.142,0.153,PD
7638,RP11-774D14.1,Inhibitory Neurons,23.8,-0.183,0.357,-0.514,0.607,0.888,0.905,PD
7639,RP11-804N13.1,Inhibitory Neurons,10.6,-0.874,0.459,-1.9,0.0572,0.427,0.371,PD
7640,NNT-AS1,Inhibitory Neurons,29.3,0.177,0.366,0.483,0.629,0.888,0.913,PD
7641,RP11-53O19.1,Inhibitory Neurons,18.5,-0.295,0.367,-0.804,0.421,0.821,0.816,PD
7642,CTC-340D7.1,Inhibitory Neurons,27.2,0.32,0.542,0.591,0.555,0.869,0.882,PD
7643,CKMT2-AS1,Inhibitory Neurons,29.7,-0.0575,0.353,-0.163,0.871,0.983,0.977,PD
7644,CTD-2269F5.1,Inhibitory Neurons,18.3,0.302,0.511,0.592,0.554,0.869,0.881,PD
7645,TMEM161B-AS1,Inhibitory Neurons,293,0.442,0.188,2.36,0.0185,0.197,0.219,PD
7646,LINC00461,Inhibitory Neurons,100,-0.253,0.233,-1.09,0.277,0.749,0.715,PD
7647,CTC-467M3.1,Inhibitory Neurons,13.1,-1.73,0.487,-3.56,0.00037,0.0144,0.0205,PD
7648,MEF2C-AS1,Inhibitory Neurons,27.8,0.56,0.497,1.13,0.26,0.736,0.699,PD
7649,NR2F1-AS1,Inhibitory Neurons,93.3,0.378,0.276,1.37,0.17,0.695,0.6,PD
7650,CTD-2337A12.1,Inhibitory Neurons,40.9,0.427,0.377,1.13,0.258,0.736,0.698,PD
7651,CTD-2260A17.2,Inhibitory Neurons,35.5,0.0172,0.265,0.0648,0.948,0.984,0.991,PD
7652,CTD-2007H13.3,Inhibitory Neurons,28.4,-0.107,0.269,-0.396,0.692,0.924,0.931,PD
7653,CTC-254B4.1,Inhibitory Neurons,20.3,-0.29,0.481,-0.603,0.546,0.864,0.879,PD
7654,STARD4-AS1,Inhibitory Neurons,10.1,-0.133,0.436,-0.305,0.76,0.95,0.95,PD
7655,LINC01170,Inhibitory Neurons,60.9,0.19,0.51,0.372,0.71,0.939,0.936,PD
7656,LINC01184,Inhibitory Neurons,79.1,-0.48,0.227,-2.12,0.0344,0.31,0.304,PD
7657,RP11-381K20.2,Inhibitory Neurons,16.7,0.345,0.441,0.782,0.434,0.833,0.824,PD
7658,AC005592.2,Inhibitory Neurons,67.9,-0.583,0.508,-1.15,0.251,0.736,0.693,PD
7659,RP11-373N22.3,Inhibitory Neurons,21.8,0.387,0.434,0.892,0.373,0.817,0.791,PD
7660,CTB-12O2.1,Inhibitory Neurons,10.6,0.29,0.618,0.468,0.64,0.888,0.915,PD
7661,LINC01411,Inhibitory Neurons,11.1,-1.22,0.86,-1.42,0.156,0.679,0.574,PD
7662,GMDS-AS1,Inhibitory Neurons,47.4,-0.552,0.369,-1.49,0.135,0.632,0.54,PD
7663,RP3-510L9.1,Inhibitory Neurons,12.5,0.472,0.412,1.14,0.253,0.736,0.694,PD
7664,RP11-686D16.1,Inhibitory Neurons,10.4,-1.02,0.488,-2.09,0.0368,0.315,0.308,PD
7665,RP4-625H18.2,Inhibitory Neurons,100,-1.36,0.282,-4.83,1.35E-06,0.000237,0.000773,PD
7666,CASC15,Inhibitory Neurons,118,0.00904,0.247,0.0366,0.971,0.984,0.992,PD
7667,HCG17,Inhibitory Neurons,85.8,0.134,0.268,0.5,0.617,0.888,0.907,PD
7668,XXbac-BPG154L12.4,Inhibitory Neurons,15.5,1.34,0.604,2.22,0.0261,0.243,0.259,PD
7669,RP1-179N16.6,Inhibitory Neurons,10,1.06,0.542,1.96,0.0502,0.4,0.354,PD
7670,RP3-475N16.1,Inhibitory Neurons,14,-0.124,0.567,-0.218,0.827,0.974,0.968,PD
7671,XXbac-BPG55C20.7,Inhibitory Neurons,31.6,0.6,0.466,1.29,0.198,0.736,0.639,PD
7672,RP3-525N10.2,Inhibitory Neurons,14.9,-0.233,0.432,-0.539,0.59,0.879,0.899,PD
7673,RP11-398K22.12,Inhibitory Neurons,26.7,-0.127,0.293,-0.435,0.664,0.903,0.923,PD
7674,RP11-436D23.1,Inhibitory Neurons,457,-0.333,0.254,-1.31,0.19,0.736,0.626,PD
7675,TRAF3IP2-AS1,Inhibitory Neurons,150,0.0731,0.249,0.293,0.769,0.956,0.952,PD
7676,RP11-527F13.1,Inhibitory Neurons,11,0.301,0.439,0.686,0.493,0.861,0.858,PD
7677,RP11-545I5.3,Inhibitory Neurons,11.7,-0.293,0.512,-0.572,0.568,0.869,0.888,PD
7678,STXBP5-AS1,Inhibitory Neurons,202,0.406,0.247,1.65,0.1,0.575,0.473,PD
7679,RP11-307P5.1,Inhibitory Neurons,188,0.00992,0.274,0.0361,0.971,0.984,0.992,PD
7680,RP1-111C20.4,Inhibitory Neurons,29.5,-0.0333,0.301,-0.111,0.912,0.984,0.984,PD
7681,PSMB1,Inhibitory Neurons,17.1,0.295,0.351,0.839,0.402,0.821,0.806,PD
7682,AC003075.4,Inhibitory Neurons,19,-1.28,0.532,-2.4,0.0162,0.197,0.205,PD
7683,AC004540.5,Inhibitory Neurons,9.08,-0.548,0.632,-0.866,0.387,0.818,0.795,PD
7684,CTB-113D17.1,Inhibitory Neurons,9.36,1.05,0.775,1.35,0.177,0.699,0.608,PD
7685,INHBA-AS1,Inhibitory Neurons,13.3,0.118,0.533,0.221,0.825,0.974,0.968,PD
7686,APTR,Inhibitory Neurons,27.5,0.23,0.354,0.648,0.517,0.861,0.87,PD
7687,RP11-142A5.1,Inhibitory Neurons,11.7,-0.755,0.492,-1.53,0.125,0.626,0.524,PD
7688,AC007566.10,Inhibitory Neurons,17.4,0.527,0.338,1.56,0.12,0.618,0.514,PD
7689,LINC01004,Inhibitory Neurons,45.6,0.665,0.278,2.39,0.0167,0.197,0.207,PD
7690,RP5-921G16.1,Inhibitory Neurons,441,0.0782,0.192,0.407,0.684,0.923,0.929,PD
7691,POT1-AS1,Inhibitory Neurons,28.8,0.327,0.478,0.684,0.494,0.861,0.858,PD
7692,RP11-3B12.2,Inhibitory Neurons,24,0.472,0.398,1.19,0.236,0.736,0.679,PD
7693,AC016831.7,Inhibitory Neurons,13.8,-0.0021,0.581,-0.00362,0.997,1,0.999,PD
7694,AC009264.1,Inhibitory Neurons,17.3,-0.129,0.665,-0.193,0.847,0.976,0.972,PD
7695,AC009403.2,Inhibitory Neurons,9.97,-0.276,0.477,-0.579,0.562,0.869,0.887,PD
7696,PTCHD1-AS,Inhibitory Neurons,207,0.571,0.451,1.27,0.206,0.736,0.647,PD
7697,LINC01284,Inhibitory Neurons,13.1,0.657,0.382,1.72,0.0852,0.568,0.447,PD
7698,KANTR,Inhibitory Neurons,73.1,0.269,0.254,1.06,0.289,0.749,0.726,PD
7699,JPX,Inhibitory Neurons,88.7,-0.0512,0.306,-0.168,0.867,0.982,0.977,PD
7700,FTX,Inhibitory Neurons,753,-0.0938,0.151,-0.623,0.533,0.861,0.874,PD
7701,MIR325HG,Inhibitory Neurons,57,-0.198,0.418,-0.474,0.636,0.888,0.913,PD
7702,LINC00630,Inhibitory Neurons,25.6,-0.192,0.303,-0.633,0.527,0.861,0.873,PD
7703,DANT2,Inhibitory Neurons,218,-0.332,0.236,-1.41,0.159,0.679,0.58,PD
7704,RHOXF1-AS1,Inhibitory Neurons,30.9,0.26,0.393,0.661,0.508,0.861,0.865,PD
7705,RP11-1114A5.4,Inhibitory Neurons,21.1,0.305,0.321,0.949,0.343,0.802,0.768,PD
7706,LINC00632,Inhibitory Neurons,148,0.175,0.215,0.811,0.418,0.821,0.813,PD
7707,CDR1-AS,Inhibitory Neurons,50.2,-0.0906,0.51,-0.178,0.859,0.979,0.977,PD
7708,LINC00894,Inhibitory Neurons,31.4,-0.448,0.314,-1.43,0.153,0.679,0.57,PD
7709,RP11-378A12.1,Inhibitory Neurons,11.7,-0.539,0.704,-0.766,0.444,0.842,0.828,PD
7710,RP11-134O21.1,Inhibitory Neurons,28.1,0.433,0.313,1.38,0.167,0.689,0.594,PD
7711,MCPH1-AS1,Inhibitory Neurons,14.1,-0.258,0.361,-0.715,0.475,0.861,0.846,PD
7712,FAM85B,Inhibitory Neurons,82.1,-0.427,0.379,-1.13,0.26,0.736,0.699,PD
7713,LINC00599,Inhibitory Neurons,94.5,-0.353,0.3,-1.18,0.24,0.736,0.682,PD
7714,LINCR-0001,Inhibitory Neurons,11.9,0.354,0.452,0.784,0.433,0.833,0.824,PD
7715,FAM66D,Inhibitory Neurons,67.5,-0.546,0.379,-1.44,0.15,0.679,0.563,PD
7716,FAM66A,Inhibitory Neurons,7.77,0.188,0.702,0.268,0.789,0.965,0.958,PD
7717,RP11-624C23.1,Inhibitory Neurons,67.1,0.883,0.721,1.22,0.221,0.736,0.669,PD
7718,RP11-317N12.1,Inhibitory Neurons,19.6,0.564,0.438,1.29,0.198,0.736,0.639,PD
7719,RP11-32K4.1,Inhibitory Neurons,403,0.321,0.192,1.67,0.0949,0.57,0.462,PD
7720,MIR124-2HG,Inhibitory Neurons,150,-0.275,0.249,-1.1,0.27,0.746,0.71,PD
7721,MIR2052HG,Inhibitory Neurons,54.5,0.59,0.419,1.41,0.16,0.679,0.581,PD
7722,RP11-586K2.1,Inhibitory Neurons,22.1,0.439,0.379,1.16,0.247,0.736,0.689,PD
7723,RP11-37B2.1,Inhibitory Neurons,31.9,-0.0574,0.439,-0.131,0.896,0.984,0.982,PD
7724,RP11-410L14.2,Inhibitory Neurons,11.4,-0.283,0.428,-0.663,0.508,0.861,0.864,PD
7725,KB-1460A1.5,Inhibitory Neurons,11.8,0.82,0.528,1.55,0.12,0.618,0.515,PD
7726,AZIN1-AS1,Inhibitory Neurons,18.5,-0.968,0.412,-2.35,0.0186,0.197,0.219,PD
7727,PCAT1,Inhibitory Neurons,22.5,-0.332,0.45,-0.738,0.46,0.859,0.838,PD
7728,PVT1,Inhibitory Neurons,54.1,-0.319,0.339,-0.938,0.348,0.809,0.771,PD
7729,CCDC26,Inhibitory Neurons,9.58,-0.782,0.744,-1.05,0.294,0.749,0.73,PD
7730,RP11-30J20.1,Inhibitory Neurons,421,1.36,0.369,3.68,0.000234,0.012,0.0155,PD
7731,RP11-238K6.1,Inhibitory Neurons,19.1,-1.48,0.439,-3.38,0.000721,0.023,0.0313,PD
7732,VLDLR-AS1,Inhibitory Neurons,104,-9.96E-06,0.257,-3.87E-05,1,1,1,PD
7733,RFX3-AS1,Inhibitory Neurons,12.4,-1.62,0.569,-2.85,0.00442,0.0896,0.0957,PD
7734,GLIDR,Inhibitory Neurons,33.5,-0.676,0.369,-1.83,0.067,0.48,0.401,PD
7735,BMS1P14,Inhibitory Neurons,17.8,-0.488,0.488,-1,0.317,0.783,0.748,PD
7736,MAMDC2-AS1,Inhibitory Neurons,10,0.463,0.472,0.981,0.327,0.791,0.757,PD
7737,RORB-AS1,Inhibitory Neurons,11.1,0.176,0.533,0.331,0.741,0.95,0.944,PD
7738,LINC01508,Inhibitory Neurons,22.7,0.325,0.606,0.536,0.592,0.879,0.899,PD
7739,RP11-2B6.3,Inhibitory Neurons,16.9,-0.111,0.348,-0.319,0.75,0.95,0.947,PD
7740,LINC00476,Inhibitory Neurons,44.1,0.0896,0.255,0.352,0.725,0.948,0.939,PD
7741,RP11-535M15.1,Inhibitory Neurons,12.4,-0.167,0.414,-0.402,0.687,0.924,0.93,PD
7742,RP11-498P14.5,Inhibitory Neurons,18.1,-0.404,0.388,-1.04,0.299,0.749,0.734,PD
7743,RP11-554F20.1,Inhibitory Neurons,19.5,-0.303,0.39,-0.777,0.437,0.833,0.825,PD
7744,LINC01505,Inhibitory Neurons,28.3,0.556,0.4,1.39,0.164,0.687,0.589,PD
7745,C9orf147,Inhibitory Neurons,27.4,0.9,0.466,1.93,0.0531,0.414,0.361,PD
7746,MIR181A2HG,Inhibitory Neurons,18.2,0.611,0.365,1.67,0.0945,0.57,0.462,PD
7747,KRTAP5-AS1,Inhibitory Neurons,20.9,0.338,0.407,0.831,0.406,0.821,0.808,PD
7748,KCNQ1OT1,Inhibitory Neurons,206,-1.07,0.269,-3.97,7.21E-05,0.00506,0.00826,PD
7749,RP11-413N10.3,Inhibitory Neurons,73,-0.405,0.358,-1.13,0.258,0.736,0.698,PD
7750,RP11-467K18.2,Inhibitory Neurons,17.8,0.407,0.453,0.898,0.369,0.815,0.789,PD
7751,BDNF-AS,Inhibitory Neurons,16.7,-0.546,0.429,-1.27,0.203,0.736,0.643,PD
7752,NEAT1,Inhibitory Neurons,15.7,1.94,0.716,2.71,0.00676,0.124,0.125,PD
7753,MALAT1,Inhibitory Neurons,7560,-0.266,0.259,-1.03,0.305,0.759,0.739,PD
7754,AP000487.5,Inhibitory Neurons,11.8,0.258,0.397,0.65,0.516,0.861,0.87,PD
7755,RAB30-AS1,Inhibitory Neurons,22.6,-0.0579,0.388,-0.149,0.882,0.984,0.979,PD
7756,RP11-736K20.5,Inhibitory Neurons,13.7,-0.0648,0.41,-0.158,0.874,0.984,0.979,PD
7757,RP11-886D15.1,Inhibitory Neurons,50.1,-0.877,0.611,-1.44,0.151,0.679,0.565,PD
7758,AP000462.2,Inhibitory Neurons,10.2,0.45,0.724,0.622,0.534,0.861,0.874,PD
7759,IDI2-AS1,Inhibitory Neurons,18.8,-0.317,0.348,-0.911,0.362,0.815,0.783,PD
7760,RP11-499P20.2,Inhibitory Neurons,16.6,0.659,0.395,1.67,0.0958,0.57,0.464,PD
7761,WAC-AS1,Inhibitory Neurons,16.2,-0.271,0.443,-0.613,0.54,0.864,0.877,PD
7762,RP11-192P3.4,Inhibitory Neurons,26.5,-0.328,0.497,-0.66,0.509,0.861,0.865,PD
7763,ZEB1-AS1,Inhibitory Neurons,94,0.414,0.262,1.58,0.113,0.615,0.499,PD
7764,RP11-324I22.4,Inhibitory Neurons,18.9,0.253,0.406,0.623,0.533,0.861,0.874,PD
7765,TMEM72-AS1,Inhibitory Neurons,17.6,-0.379,0.417,-0.908,0.364,0.815,0.785,PD
7766,RP11-38L15.3,Inhibitory Neurons,27.2,0.0992,0.386,0.257,0.797,0.966,0.96,PD
7767,LINC00843,Inhibitory Neurons,12.8,-0.699,0.443,-1.58,0.114,0.615,0.502,PD
7768,ZMIZ1-AS1,Inhibitory Neurons,9.74,-1,0.49,-2.04,0.041,0.343,0.326,PD
7769,NUTM2B-AS1,Inhibitory Neurons,49.8,-0.308,0.277,-1.11,0.266,0.746,0.706,PD
7770,NUTM2A-AS1,Inhibitory Neurons,55.3,0.0138,0.302,0.0456,0.964,0.984,0.991,PD
7771,ENTPD1-AS1,Inhibitory Neurons,79.8,-0.0344,0.229,-0.15,0.881,0.984,0.979,PD
7772,OLMALINC,Inhibitory Neurons,15.6,0.624,0.494,1.26,0.206,0.736,0.648,PD
7773,WDR11-AS1,Inhibitory Neurons,25.8,0.0706,0.324,0.218,0.827,0.974,0.968,PD
7774,FAM66C,Inhibitory Neurons,27,-0.388,0.33,-1.17,0.24,0.736,0.683,PD
7775,LINC00937,Inhibitory Neurons,11.2,0.228,0.427,0.535,0.593,0.879,0.899,PD
7776,RP11-259O18.5,Inhibitory Neurons,15,-0.456,0.39,-1.17,0.242,0.736,0.685,PD
7777,LINC01252,Inhibitory Neurons,11.2,-0.865,0.504,-1.72,0.0858,0.568,0.448,PD
7778,RP11-405A12.2,Inhibitory Neurons,63.9,-0.612,0.361,-1.7,0.0897,0.57,0.455,PD
7779,RP11-664H17.1,Inhibitory Neurons,54.5,-0.529,0.429,-1.23,0.217,0.736,0.665,PD
7780,RASSF8-AS1,Inhibitory Neurons,10.6,-0.304,0.54,-0.562,0.574,0.872,0.892,PD
7781,RP11-96H19.1,Inhibitory Neurons,21.2,-0.386,0.429,-0.9,0.368,0.815,0.788,PD
7782,RP4-605O3.4,Inhibitory Neurons,23.2,0.048,0.422,0.114,0.909,0.984,0.984,PD
7783,RP11-766N7.3,Inhibitory Neurons,35.3,0.08,0.333,0.241,0.81,0.974,0.963,PD
7784,LINC01481,Inhibitory Neurons,108,-0.942,0.35,-2.69,0.00706,0.124,0.129,PD
7785,RP11-390N6.1,Inhibitory Neurons,11.8,0.522,0.861,0.606,0.545,0.864,0.879,PD
7786,RP1-78O14.1,Inhibitory Neurons,13.4,0.0566,0.917,0.0617,0.951,0.984,0.991,PD
7787,RP11-144F15.1,Inhibitory Neurons,23.7,0.267,0.386,0.692,0.489,0.861,0.855,PD
7788,RP11-768F21.1,Inhibitory Neurons,9.92,-0.0714,0.603,-0.118,0.906,0.984,0.983,PD
7789,LINC00598,Inhibitory Neurons,17.7,-0.194,0.454,-0.429,0.668,0.905,0.924,PD
7790,MIR4500HG,Inhibitory Neurons,13.7,0.36,0.531,0.677,0.498,0.861,0.861,PD
7791,LINC00609,Inhibitory Neurons,12,0.298,0.472,0.63,0.529,0.861,0.873,PD
7792,RP11-214N1.1,Inhibitory Neurons,11.9,0.341,0.387,0.88,0.379,0.817,0.792,PD
7793,RP11-596C23.6,Inhibitory Neurons,11.5,0.15,0.647,0.231,0.817,0.974,0.965,PD
7794,KTN1-AS1,Inhibitory Neurons,10.6,-0.115,0.45,-0.256,0.798,0.966,0.96,PD
7795,OTX2-AS1,Inhibitory Neurons,738,0.0265,0.235,0.112,0.911,0.984,0.984,PD
7796,RP11-1085N6.5,Inhibitory Neurons,14.8,0.735,0.489,1.5,0.133,0.631,0.537,PD
7797,RP11-72M17.1,Inhibitory Neurons,23,-0.646,0.417,-1.55,0.121,0.618,0.515,PD
7798,RP11-486O13.4,Inhibitory Neurons,46.5,-0.0155,0.28,-0.0553,0.956,0.984,0.991,PD
7799,RP3-414A15.10,Inhibitory Neurons,10.4,0.611,0.541,1.13,0.259,0.736,0.698,PD
7800,RP5-1021I20.5,Inhibitory Neurons,10.2,2.24,0.559,4.01,6.11E-05,0.00506,0.00751,PD
7801,MEG3,Inhibitory Neurons,20.9,-0.447,0.396,-1.13,0.259,0.736,0.698,PD
7802,RP11-123M6.2,Inhibitory Neurons,12.9,0.54,0.668,0.809,0.419,0.821,0.814,PD
7803,SNHG23,Inhibitory Neurons,96.3,-0.168,0.328,-0.514,0.608,0.888,0.905,PD
7804,RP11-260M19.2,Inhibitory Neurons,13.8,-0.501,0.478,-1.05,0.295,0.749,0.731,PD
7805,RP11-173D3.1,Inhibitory Neurons,14.5,0.15,0.489,0.306,0.759,0.95,0.949,PD
7806,RP11-484P15.1,Inhibitory Neurons,18.9,0.532,0.466,1.14,0.253,0.736,0.694,PD
7807,PWRN4,Inhibitory Neurons,10.1,0.753,0.45,1.67,0.0941,0.57,0.462,PD
7808,PWRN1,Inhibitory Neurons,72.5,0.349,0.326,1.07,0.284,0.749,0.72,PD
7809,PWAR6,Inhibitory Neurons,149,0.0644,0.363,0.177,0.859,0.979,0.977,PD
7810,RP11-1000B6.3,Inhibitory Neurons,21.9,0.105,0.36,0.291,0.771,0.956,0.953,PD
7811,RP11-323I15.5,Inhibitory Neurons,18.4,-1.51,0.412,-3.67,0.000239,0.012,0.0157,PD
7812,DPH6-AS1,Inhibitory Neurons,31.6,0.711,0.438,1.63,0.104,0.59,0.482,PD
7813,RP11-720L8.1,Inhibitory Neurons,16.4,0.461,0.577,0.8,0.424,0.822,0.819,PD
7814,RP11-624L4.1,Inhibitory Neurons,18.3,-0.994,0.422,-2.35,0.0187,0.197,0.219,PD
7815,GABPB1-AS1,Inhibitory Neurons,37.4,-0.518,0.423,-1.22,0.221,0.736,0.668,PD
7816,CTD-2378E12.1,Inhibitory Neurons,11.6,0.0212,0.434,0.0489,0.961,0.984,0.991,PD
7817,RP11-1129I3.1,Inhibitory Neurons,13,1.33,0.437,3.05,0.00231,0.0579,0.0675,PD
7818,RP11-39M21.1,Inhibitory Neurons,15.8,0.716,0.77,0.929,0.353,0.813,0.775,PD
7819,DRAIC,Inhibitory Neurons,17.4,0.115,0.417,0.276,0.783,0.964,0.956,PD
7820,THSD4-AS1,Inhibitory Neurons,13.9,0.461,0.479,0.962,0.336,0.792,0.762,PD
7821,ANKRD34C-AS1,Inhibitory Neurons,119,0.0765,0.224,0.341,0.733,0.95,0.943,PD
7822,RP11-382A20.4,Inhibitory Neurons,10.9,-0.507,0.514,-0.988,0.323,0.788,0.753,PD
7823,LINC01197,Inhibitory Neurons,49.2,0.0336,0.297,0.113,0.91,0.984,0.984,PD
7824,RP11-759A24.3,Inhibitory Neurons,37.4,0.0784,0.636,0.123,NA,NA,NA,PD
7825,NR2F2-AS1,Inhibitory Neurons,571,-0.208,0.199,-1.05,0.294,0.749,0.731,PD
7826,CTD-2147F2.1,Inhibitory Neurons,78.3,-0.0933,0.29,-0.322,0.747,0.95,0.946,PD
7827,LINC00923,Inhibitory Neurons,23.8,-0.261,0.479,-0.545,0.586,0.879,0.896,PD
7828,RP11-654A16.3,Inhibitory Neurons,11.6,-0.797,0.498,-1.6,0.109,0.607,0.491,PD
7829,RP11-166B2.8,Inhibitory Neurons,10.7,0.506,0.477,1.06,0.289,0.749,0.726,PD
7830,U91319.1,Inhibitory Neurons,16.6,0.307,0.423,0.727,0.467,0.859,0.841,PD
7831,RP11-426C22.5,Inhibitory Neurons,58.9,0.354,0.406,0.871,0.384,0.818,0.794,PD
7832,CRNDE,Inhibitory Neurons,51.7,-0.676,0.345,-1.96,0.0502,0.4,0.354,PD
7833,RP11-461O7.1,Inhibitory Neurons,19.9,0.00755,0.351,0.0215,0.983,0.988,0.995,PD
7834,RP11-410D17.2,Inhibitory Neurons,27.7,0.124,0.378,0.327,0.744,0.95,0.944,PD
7835,RP11-297D21.4,Inhibitory Neurons,15.9,-0.295,0.39,-0.755,0.45,0.846,0.832,PD
7836,LINC01572,Inhibitory Neurons,14.8,0.251,0.402,0.625,0.532,0.861,0.874,PD
7837,AC004158.3,Inhibitory Neurons,35,0.784,0.33,2.38,0.0175,0.197,0.213,PD
7838,AC140912.1,Inhibitory Neurons,10.4,0.27,0.467,0.577,0.564,0.869,0.887,PD
7839,RP11-510J16.5,Inhibitory Neurons,11.1,-0.294,0.467,-0.629,0.529,0.861,0.873,PD
7840,FAM157C,Inhibitory Neurons,28.6,-0.312,0.324,-0.965,0.334,0.792,0.761,PD
7841,RP11-333E1.1,Inhibitory Neurons,23.2,0.283,0.325,0.869,0.385,0.818,0.794,PD
7842,ALOX12-AS1,Inhibitory Neurons,47.2,0.183,0.288,0.636,0.525,0.861,0.872,PD
7843,CTD-2020K17.1,Inhibitory Neurons,11.8,-0.176,0.481,-0.366,0.714,0.939,0.937,PD
7844,CRHR1,Inhibitory Neurons,35.3,-0.066,0.295,-0.224,0.823,0.974,0.967,PD
7845,MAPT-AS1,Inhibitory Neurons,13.8,-1.04,0.69,-1.51,0.131,0.628,0.532,PD
7846,RP11-580I16.2,Inhibitory Neurons,13,0.0186,0.387,0.0481,0.962,0.984,0.991,PD
7847,CTD-2047H16.4,Inhibitory Neurons,32.5,-0.271,0.323,-0.84,0.401,0.821,0.806,PD
7848,RP11-172F10.1,Inhibitory Neurons,10.5,0.176,0.562,0.312,0.755,0.95,0.948,PD
7849,RP11-945C19.4,Inhibitory Neurons,19.7,0.478,0.377,1.27,0.205,0.736,0.645,PD
7850,AQP4-AS1,Inhibitory Neurons,64.4,0.0773,0.4,0.193,0.847,0.976,0.972,PD
7851,RP11-636O21.2,Inhibitory Neurons,20.2,0.202,0.465,0.434,0.664,0.903,0.923,PD
7852,LINC00907,Inhibitory Neurons,15,-0.153,0.438,-0.35,0.726,0.948,0.94,PD
7853,SNHG22,Inhibitory Neurons,14.8,-0.513,0.419,-1.22,0.221,0.736,0.668,PD
7854,MAPK4,Inhibitory Neurons,76.7,0.0818,0.268,0.305,0.76,0.95,0.95,PD
7855,CTD-2008L17.2,Inhibitory Neurons,24,-0.308,0.685,-0.449,0.653,0.899,0.919,PD
7856,RP11-35G9.5,Inhibitory Neurons,10.5,0.414,0.505,0.82,0.412,0.821,0.81,PD
7857,RP11-638L3.1,Inhibitory Neurons,37.7,0.598,0.493,1.21,0.225,0.736,0.671,PD
7858,SNAP25-AS1,Inhibitory Neurons,38,-0.14,0.451,-0.31,0.756,0.95,0.948,PD
7859,RP11-103J8.1,Inhibitory Neurons,39.2,-0.161,0.33,-0.488,0.625,0.888,0.912,PD
7860,NORAD,Inhibitory Neurons,77.1,0.356,0.419,0.85,0.396,0.821,0.8,PD
7861,LINC01260,Inhibitory Neurons,18.7,-0.0322,0.37,-0.087,0.931,0.984,0.987,PD
7862,MIR646HG,Inhibitory Neurons,26.1,-0.052,0.692,-0.0751,0.94,0.984,0.989,PD
7863,ILF3-AS1,Inhibitory Neurons,10.3,-0.53,0.509,-1.04,0.298,0.749,0.734,PD
7864,CTD-3131K8.2,Inhibitory Neurons,10.8,0.0409,0.47,0.0869,0.931,0.984,0.987,PD
7865,CTC-260E6.6,Inhibitory Neurons,12.1,0.0525,0.394,0.133,0.894,0.984,0.981,PD
7866,LINC00662,Inhibitory Neurons,44.5,0.421,0.256,1.65,0.0999,0.575,0.473,PD
7867,CTC-459F4.3,Inhibitory Neurons,12.1,-1.07,0.44,-2.44,0.0148,0.197,0.195,PD
7868,LINC00665,Inhibitory Neurons,13.1,-0.231,0.485,-0.476,0.634,0.888,0.913,PD
7869,ZNF790-AS1,Inhibitory Neurons,16.6,0.152,0.412,0.368,0.713,0.939,0.936,PD
7870,LIPE-AS1,Inhibitory Neurons,40.6,-0.473,0.312,-1.52,0.129,0.628,0.531,PD
7871,CTC-490G23.6,Inhibitory Neurons,35.3,-0.341,0.404,-0.843,0.399,0.821,0.805,PD
7872,AC007193.6,Inhibitory Neurons,18.8,0.0949,0.506,0.188,0.851,0.976,0.974,PD
7873,CTC-444N24.11,Inhibitory Neurons,11.6,0.595,0.46,1.29,0.196,0.736,0.637,PD
7874,TTTY15,Inhibitory Neurons,14,-0.201,0.918,-0.219,0.826,0.974,0.968,PD
7875,TTTY14,Inhibitory Neurons,145,-0.0928,1.59,-0.0582,0.954,0.984,0.991,PD
7876,TTTY10,Inhibitory Neurons,22.4,-0.142,1.28,-0.11,0.912,0.984,0.984,PD
7877,LL22NC03-2H8.5,Inhibitory Neurons,37.6,-0.298,0.518,-0.576,0.565,0.869,0.887,PD
7878,CABIN1,Inhibitory Neurons,30.7,-0.237,0.291,-0.815,0.415,0.821,0.813,PD
7879,MIAT,Inhibitory Neurons,129,-0.376,0.326,-1.15,0.248,0.736,0.69,PD
7880,RP1-90G24.10,Inhibitory Neurons,26.2,0.0269,0.523,0.0515,0.959,0.984,0.991,PD
7881,NUP50-AS1,Inhibitory Neurons,38.7,-0.302,0.367,-0.823,0.41,0.821,0.809,PD
7882,MIRLET7BHG,Inhibitory Neurons,12.6,0.612,0.521,1.18,0.24,0.736,0.682,PD
7883,CH507-513H4.1,Inhibitory Neurons,258,0.0706,0.96,0.0736,0.941,0.984,0.989,PD
7884,CH507-528H12.1,Inhibitory Neurons,130,0.243,0.768,0.317,0.752,0.95,0.947,PD
7885,AP001347.6,Inhibitory Neurons,96.4,1.07,0.355,3.01,0.00264,0.0617,0.0719,PD
7886,MIR99AHG,Inhibitory Neurons,287,0.136,0.199,0.685,0.493,0.861,0.858,PD
7887,LINC00320,Inhibitory Neurons,9.42,2.02,0.578,3.49,0.000489,0.0172,0.0244,PD
7888,AF131217.1,Inhibitory Neurons,23,-0.613,0.451,-1.36,0.174,0.695,0.605,PD
7889,LINC00159,Inhibitory Neurons,13.8,1.16,0.496,2.34,0.0191,0.197,0.219,PD
7890,RP11-206L10.9,Ependymal Cells,15.2,0.233,0.668,0.349,0.727,0.972,0.94,PD
7891,RP3-510D11.2,Ependymal Cells,4.89,-0.653,1.15,-0.566,0.572,0.962,0.892,PD
7892,RP4-680D5.2,Ependymal Cells,4.81,2.6,1.31,1.98,0.0473,0.568,0.347,PD
7893,FLJ37453,Ependymal Cells,7.61,0.407,0.882,0.462,0.644,0.966,0.917,PD
7894,RP1-43E13.2,Ependymal Cells,12.7,1.09,0.745,1.47,0.142,0.775,0.55,PD
7895,TCEB3-AS1,Ependymal Cells,8.38,-0.113,0.86,-0.132,0.895,0.99,0.981,PD
7896,RP1-187B23.1,Ependymal Cells,10.3,-0.311,0.964,-0.322,0.747,0.972,0.946,PD
7897,RP5-864K19.4,Ependymal Cells,29.5,0.842,0.667,1.26,0.207,0.846,0.649,PD
7898,RP11-141A19.1,Ependymal Cells,5.19,0.905,1.16,0.783,0.434,0.936,0.824,PD
7899,RP11-90C4.1,Ependymal Cells,34.8,1.81,0.664,2.72,0.00646,0.316,0.121,PD
7900,LINC01135,Ependymal Cells,36.2,0.188,0.561,0.335,0.738,0.972,0.944,PD
7901,RP11-776H12.1,Ependymal Cells,11.5,2.49,0.99,2.51,0.0119,0.371,0.173,PD
7902,RP11-436K8.1,Ependymal Cells,12.5,2.4,0.966,2.49,0.0129,0.371,0.18,PD
7903,RP11-230B22.1,Ependymal Cells,12.8,0.579,0.741,0.782,0.434,0.936,0.824,PD
7904,GNG12-AS1,Ependymal Cells,26.8,0.431,0.625,0.69,0.49,0.945,0.856,PD
7905,RP11-475O6.1,Ependymal Cells,13,-1.5,0.866,-1.73,0.0838,0.673,0.444,PD
7906,RP11-131L23.1,Ependymal Cells,13.6,0.234,0.734,0.319,0.75,0.972,0.947,PD
7907,RP4-651E10.4,Ependymal Cells,18,-0.241,0.694,-0.347,0.729,0.972,0.941,PD
7908,PKN2-AS1,Ependymal Cells,6.46,0.0725,0.98,0.074,0.941,0.99,0.989,PD
7909,FLJ27354,Ependymal Cells,17.2,-0.0569,0.742,-0.0766,0.939,0.99,0.989,PD
7910,RP11-57H12.3,Ependymal Cells,35.7,0.65,0.573,1.13,0.257,0.874,0.697,PD
7911,RP5-1070A16.1,Ependymal Cells,10.8,-0.466,0.831,-0.56,0.576,0.962,0.892,PD
7912,RP11-413P11.1,Ependymal Cells,48.6,-0.00766,0.609,-0.0126,0.99,0.999,0.998,PD
7913,RP11-421L21.3,Ependymal Cells,9.17,1.32,0.968,1.36,0.173,0.823,0.605,PD
7914,SLC16A1-AS1,Ependymal Cells,79.8,-0.791,0.484,-1.63,0.102,0.694,0.478,PD
7915,RP11-31F15.2,Ependymal Cells,15.3,-0.582,0.711,-0.819,0.413,0.936,0.811,PD
7916,RP4-666F24.3,Ependymal Cells,9.98,0.754,0.893,0.844,0.399,0.933,0.804,PD
7917,RP11-418J17.1,Ependymal Cells,36.2,0.36,0.55,0.654,0.513,0.949,0.868,PD
7918,LINC00623,Ependymal Cells,28.4,1.21,0.598,2.03,0.0423,0.556,0.328,PD
7919,RP11-289H16.1,Ependymal Cells,25.8,0.452,0.63,0.717,0.473,0.944,0.845,PD
7920,RP11-337C18.8,Ependymal Cells,12.5,0.327,0.731,0.448,0.654,0.966,0.919,PD
7921,RP4-565E6.1,Ependymal Cells,26.6,-0.257,0.629,-0.409,0.682,0.972,0.929,PD
7922,CH17-189H20.1,Ependymal Cells,210,0.965,0.457,2.11,0.0346,0.554,0.304,PD
7923,FLG-AS1,Ependymal Cells,15.8,-0.262,0.729,-0.359,0.72,0.972,0.938,PD
7924,MIR92B,Ependymal Cells,49,-0.833,0.566,-1.47,0.141,0.773,0.548,PD
7925,RP11-296O14.3,Ependymal Cells,26.4,0.546,0.635,0.859,0.39,0.928,0.798,PD
7926,RP3-436N22.3,Ependymal Cells,13.5,-1.23,0.765,-1.61,0.107,0.721,0.487,PD
7927,RP11-295K2.3,Ependymal Cells,6.51,1.29,1.1,1.17,0.243,0.868,0.685,PD
7928,ERVMER61-1,Ependymal Cells,12.5,-0.35,0.785,-0.447,0.655,0.966,0.919,PD
7929,LINC00862,Ependymal Cells,8.04,2.71,1.15,2.36,0.0185,0.447,0.219,PD
7930,C1orf132,Ependymal Cells,32,-0.36,0.712,-0.505,0.614,0.966,0.907,PD
7931,LINC00467,Ependymal Cells,20.2,-0.413,0.714,-0.578,0.563,0.962,0.887,PD
7932,RP11-122M14.1,Ependymal Cells,24.2,-0.191,0.631,-0.303,0.762,0.975,0.95,PD
7933,RP11-400N13.1,Ependymal Cells,6.45,0.793,1.01,0.785,0.433,0.936,0.824,PD
7934,RP11-378J18.9,Ependymal Cells,8.29,-0.158,0.85,-0.187,0.852,0.99,0.974,PD
7935,RP11-455P21.3,Ependymal Cells,6.87,3.15,1.21,2.6,0.00928,0.316,0.151,PD
7936,RP11-285F7.2,Ependymal Cells,7.27,-0.00613,0.933,-0.00657,0.995,0.999,0.998,PD
7937,RP5-827C21.4,Ependymal Cells,11.7,-0.608,0.87,-0.699,0.485,0.945,0.852,PD
7938,LINC01354,Ependymal Cells,23.8,-1.39,0.608,-2.28,0.0224,0.482,0.239,PD
7939,RP11-561I11.4,Ependymal Cells,17.8,-0.0658,0.827,-0.0795,0.937,0.99,0.988,PD
7940,RP11-518L10.5,Ependymal Cells,5.35,3.67,1.47,2.49,0.0129,0.371,0.18,PD
7941,RP11-62I21.1,Ependymal Cells,5.1,-0.397,1.09,-0.363,0.716,0.972,0.938,PD
7942,NRIR,Ependymal Cells,10.4,-0.912,0.767,-1.19,0.235,0.868,0.679,PD
7943,LINC00299,Ependymal Cells,12.7,-1.01,0.786,-1.29,0.198,0.837,0.639,PD
7944,LINC01376,Ependymal Cells,67.7,-0.399,0.502,-0.795,0.427,0.936,0.822,PD
7945,AC068490.2,Ependymal Cells,36.4,3.68,1.59,2.32,0.0204,0.473,0.226,PD
7946,AC016768.1,Ependymal Cells,27.3,-1.62,0.895,-1.81,0.0708,0.624,0.41,PD
7947,DNAJC27-AS1,Ependymal Cells,18.5,-0.0602,0.709,-0.0849,0.932,0.99,0.987,PD
7948,AC074117.10,Ependymal Cells,7.08,-0.526,0.896,-0.587,0.557,0.962,0.884,PD
7949,AC016907.3,Ependymal Cells,23.8,-0.25,0.591,-0.424,0.672,0.968,0.925,PD
7950,LINC00486,Ependymal Cells,1040,0.00171,0.424,0.00403,0.997,0.999,0.999,PD
7951,AC007246.3,Ependymal Cells,29,0.00517,0.571,0.00907,0.993,0.999,0.998,PD
7952,AC073283.4,Ependymal Cells,10.9,-0.407,0.757,-0.538,0.59,0.965,0.899,PD
7953,RP11-460M2.1,Ependymal Cells,9.2,1.62,1.09,1.49,0.136,0.773,0.542,PD
7954,AC007682.1,Ependymal Cells,51.9,-0.7,0.805,-0.869,0.385,0.924,0.794,PD
7955,AC012358.8,Ependymal Cells,8.11,0.0983,0.863,0.114,0.909,0.99,0.984,PD
7956,LINC01122,Ependymal Cells,13.4,-0.257,0.709,-0.363,0.717,0.972,0.938,PD
7957,AC159540.1,Ependymal Cells,73.1,0.0202,0.472,0.0428,0.966,0.997,0.991,PD
7958,LINC01102,Ependymal Cells,4.22,2.89,1.43,2.01,0.0442,0.556,0.334,PD
7959,LINC01114,Ependymal Cells,9.34,-0.678,0.781,-0.868,0.385,0.924,0.794,PD
7960,GCC2-AS1,Ependymal Cells,13.7,-0.518,0.672,-0.771,0.441,0.936,0.828,PD
7961,DPP10-AS3,Ependymal Cells,12.5,0.76,0.808,0.94,0.347,0.92,0.77,PD
7962,NIFK-AS1,Ependymal Cells,30.4,0.665,0.597,1.11,0.265,0.878,0.705,PD
7963,AC097721.2,Ependymal Cells,12,0.531,0.833,0.637,0.524,0.949,0.872,PD
7964,TEX41,Ependymal Cells,26.3,-1.48,0.692,-2.14,0.0322,0.554,0.294,PD
7965,AC105402.4,Ependymal Cells,109,-0.281,0.543,-0.517,0.605,0.966,0.904,PD
7966,AC093375.1,Ependymal Cells,88.9,-0.912,1.89,-0.483,0.629,0.966,0.913,PD
7967,AC009495.4,Ependymal Cells,9.27,0.0399,0.902,0.0442,0.965,0.997,0.991,PD
7968,AC010127.3,Ependymal Cells,38.6,0.543,0.623,0.871,0.384,0.924,0.794,PD
7969,AC074363.1,Ependymal Cells,55.2,0.491,0.503,0.976,0.329,0.92,0.758,PD
7970,AC007405.4,Ependymal Cells,15.1,-0.0489,0.699,-0.07,0.944,0.99,0.99,PD
7971,AC018890.6,Ependymal Cells,24.2,0.553,0.642,0.86,0.39,0.928,0.797,PD
7972,AC079305.8,Ependymal Cells,8.91,-0.0444,0.788,-0.0564,0.955,0.993,0.991,PD
7973,TTN-AS1,Ependymal Cells,33.3,0.205,0.584,0.352,0.725,0.972,0.939,PD
7974,LINC01473,Ependymal Cells,16,0.195,0.683,0.286,0.775,0.975,0.954,PD
7975,AC011997.1,Ependymal Cells,7.26,2.86,1.17,2.45,0.0142,0.372,0.189,PD
7976,AC019330.1,Ependymal Cells,107,0.0901,1.57,0.0574,NA,NA,NA,PD
7977,AC018717.1,Ependymal Cells,179,0.684,1.36,0.503,NA,NA,NA,PD
7978,AC007879.5,Ependymal Cells,5.26,0.835,1.2,0.697,0.486,0.945,0.852,PD
7979,AC007038.7,Ependymal Cells,15.8,0.309,0.668,0.463,0.643,0.966,0.917,PD
7980,AC107218.3,Ependymal Cells,14.6,0.507,0.751,0.675,0.5,0.945,0.862,PD
7981,AC072062.1,Ependymal Cells,9.08,0.189,0.918,0.206,0.837,0.984,0.97,PD
7982,AC007563.5,Ependymal Cells,31.9,0.316,0.678,0.466,0.641,0.966,0.916,PD
7983,AC097662.2,Ependymal Cells,13.8,-0.0957,0.69,-0.139,0.89,0.99,0.98,PD
7984,AC009950.2,Ependymal Cells,9.21,-0.612,0.854,-0.717,0.473,0.944,0.845,PD
7985,AC097713.3,Ependymal Cells,24.1,0.41,0.659,0.622,0.534,0.96,0.874,PD
7986,AC079135.1,Ependymal Cells,23.6,-1,0.759,-1.32,0.186,0.837,0.62,PD
7987,AC105760.2,Ependymal Cells,6.2,1.29,0.985,1.31,0.19,0.837,0.626,PD
7988,LINC01266,Ependymal Cells,13.8,-0.389,0.78,-0.499,0.618,0.966,0.908,PD
7989,AC026188.1,Ependymal Cells,27.7,0.715,0.771,0.927,0.354,0.922,0.776,PD
7990,AC026202.3,Ependymal Cells,6.59,0.969,1.01,0.962,0.336,0.92,0.762,PD
7991,LMCD1-AS1,Ependymal Cells,186,-0.531,0.434,-1.22,0.222,0.868,0.669,PD
7992,THUMPD3-AS1,Ependymal Cells,32.3,1.25,0.671,1.87,0.0617,0.622,0.384,PD
7993,FGD5-AS1,Ependymal Cells,13.9,1.35,0.789,1.71,0.0877,0.673,0.452,PD
7994,ENTPD3-AS1,Ependymal Cells,25.1,-0.66,0.586,-1.13,0.26,0.874,0.699,PD
7995,RP4-613B23.1,Ependymal Cells,24.5,0.554,0.686,0.807,0.419,0.936,0.815,PD
7996,RP11-944L7.4,Ependymal Cells,60.2,-0.756,0.485,-1.56,0.119,0.733,0.512,PD
7997,KIF9-AS1,Ependymal Cells,45.4,-0.206,0.521,-0.395,0.693,0.972,0.932,PD
7998,CTD-2185K10.1,Ependymal Cells,8.61,-0.394,0.928,-0.425,0.671,0.968,0.925,PD
7999,ADAMTS9-AS2,Ependymal Cells,54,0.146,0.662,0.22,0.826,0.984,0.968,PD
8000,SUCLG2-AS1,Ependymal Cells,33.7,-0.0508,0.551,-0.0922,0.927,0.99,0.986,PD
8001,RP11-201E8.1,Ependymal Cells,7.25,-0.32,0.981,-0.326,0.745,0.972,0.944,PD
8002,LINC00882,Ependymal Cells,197,0.102,0.417,0.246,0.806,0.978,0.962,PD
8003,DUBR,Ependymal Cells,43,1.12,0.573,1.95,0.0508,0.568,0.356,PD
8004,RP11-446H18.5,Ependymal Cells,20.3,-0.0322,0.683,-0.047,0.962,0.997,0.991,PD
8005,CFAP44-AS1,Ependymal Cells,13.9,0.504,0.747,0.675,0.5,0.945,0.862,PD
8006,RP11-197K3.1,Ependymal Cells,17.1,0.796,0.725,1.1,0.273,0.89,0.71,PD
8007,RP11-18H7.1,Ependymal Cells,8.84,1.71,0.9,1.9,0.0578,0.602,0.373,PD
8008,RP11-299J3.8,Ependymal Cells,11.7,-0.448,0.734,-0.611,0.541,0.961,0.877,PD
8009,MYLK-AS1,Ependymal Cells,29.2,-0.231,0.604,-0.382,0.703,0.972,0.933,PD
8010,RP11-379B18.6,Ependymal Cells,16.8,0.907,0.669,1.36,0.175,0.823,0.606,PD
8011,RP11-319G6.1,Ependymal Cells,134,-0.128,0.453,-0.283,0.777,0.975,0.954,PD
8012,RP11-274H2.2,Ependymal Cells,9.1,1.1,0.91,1.21,0.226,0.868,0.672,PD
8013,RP11-274H2.3,Ependymal Cells,8.47,0.777,0.869,0.894,0.371,0.923,0.79,PD
8014,RP11-649A16.1,Ependymal Cells,92.3,-0.062,0.694,-0.0893,0.929,0.99,0.986,PD
8015,ERICH6-AS1,Ependymal Cells,39.4,-0.765,0.531,-1.44,0.149,0.788,0.563,PD
8016,AADACL2-AS1,Ependymal Cells,8.62,-0.665,0.88,-0.756,0.449,0.943,0.831,PD
8017,RP11-362A9.3,Ependymal Cells,9.36,-0.654,0.899,-0.727,0.467,0.944,0.841,PD
8018,LINC00886,Ependymal Cells,51.2,0.0498,0.528,0.0942,0.925,0.99,0.986,PD
8019,LINC00880,Ependymal Cells,49,-0.524,0.548,-0.955,0.339,0.92,0.764,PD
8020,LINC01322,Ependymal Cells,13.7,0.341,0.767,0.444,0.657,0.966,0.92,PD
8021,KCNMB2-AS1,Ependymal Cells,36.9,0.104,0.599,0.173,0.863,0.99,0.977,PD
8022,RP11-4B14.3,Ependymal Cells,11,-1.71,0.766,-2.23,0.0259,0.502,0.258,PD
8023,LINC00969,Ependymal Cells,266,-0.164,0.479,-0.341,0.733,0.972,0.943,PD
8024,MFI2-AS1,Ependymal Cells,15.1,-1.19,0.667,-1.79,0.0736,0.626,0.415,PD
8025,RP11-1191J2.2,Ependymal Cells,9.44,-0.717,0.807,-0.888,0.374,0.923,0.791,PD
8026,RP11-440L14.1,Ependymal Cells,49.7,-0.524,0.632,-0.829,0.407,0.934,0.808,PD
8027,CTBP1-AS,Ependymal Cells,7.91,1.23,0.918,1.34,0.18,0.831,0.614,PD
8028,STX18-AS1,Ependymal Cells,24.5,0.32,0.64,0.5,0.617,0.966,0.907,PD
8029,RP11-689P11.2,Ependymal Cells,7.91,-2.27,0.956,-2.37,0.0177,0.446,0.214,PD
8030,LINC01182,Ependymal Cells,9.61,-0.569,0.777,-0.732,0.464,0.944,0.84,PD
8031,TAPT1-AS1,Ependymal Cells,135,0.137,0.47,0.291,0.771,0.975,0.953,PD
8032,RP11-446J8.1,Ependymal Cells,53.8,-0.198,0.627,-0.315,0.753,0.972,0.947,PD
8033,RP11-725M22.1,Ependymal Cells,52.3,-0.166,0.583,-0.285,0.776,0.975,0.954,PD
8034,RP11-431M7.2,Ependymal Cells,34,0.415,0.711,0.583,0.56,0.962,0.885,PD
8035,UGDH-AS1,Ependymal Cells,23.8,0.298,0.606,0.491,0.623,0.966,0.911,PD
8036,IGFBP7-AS1,Ependymal Cells,13.4,-0.225,0.702,-0.32,0.749,0.972,0.947,PD
8037,RP11-584P21.2,Ependymal Cells,16.4,0.801,0.769,1.04,0.298,0.911,0.733,PD
8038,UBA6-AS1,Ependymal Cells,15.6,0.727,0.69,1.05,0.292,0.91,0.729,PD
8039,RP11-692D12.1,Ependymal Cells,52.9,-0.391,0.495,-0.791,0.429,0.936,0.823,PD
8040,LINC01094,Ependymal Cells,8.04,0.925,0.931,0.993,0.321,0.92,0.752,PD
8041,LINC01088,Ependymal Cells,992,0.269,0.482,0.559,0.576,0.962,0.892,PD
8042,RP11-778J15.1,Ependymal Cells,19,-0.362,0.716,-0.505,0.614,0.966,0.907,PD
8043,RP11-696N14.1,Ependymal Cells,33.7,0.0539,0.561,0.0961,0.923,0.99,0.986,PD
8044,RP11-10L12.4,Ependymal Cells,8.19,0.756,0.869,0.87,0.384,0.924,0.794,PD
8045,RP11-729M20.1,Ependymal Cells,17.1,-2.48,1.83,-1.36,0.174,0.823,0.605,PD
8046,SEC24B-AS1,Ependymal Cells,10,0.071,0.774,0.0918,0.927,0.99,0.986,PD
8047,RP11-650J17.1,Ependymal Cells,8.71,-0.536,1.06,-0.505,0.613,0.966,0.907,PD
8048,RP11-679C8.2,Ependymal Cells,37,-0.112,0.611,-0.184,0.854,0.99,0.975,PD
8049,LINC01091,Ependymal Cells,13.6,0.851,0.807,1.05,0.292,0.91,0.729,PD
8050,RP11-420A23.1,Ependymal Cells,50.1,0.0147,0.543,0.0271,0.978,0.999,0.994,PD
8051,RP11-745L13.2,Ependymal Cells,38.1,0.858,0.587,1.46,0.144,0.778,0.554,PD
8052,RP11-404I7.2,Ependymal Cells,20.7,0.311,0.717,0.434,0.664,0.966,0.923,PD
8053,RP11-9G1.3,Ependymal Cells,16.2,0.498,0.702,0.709,0.478,0.945,0.849,PD
8054,RP11-371F15.3,Ependymal Cells,13.9,0.351,0.709,0.495,0.62,0.966,0.91,PD
8055,RP11-83A24.2,Ependymal Cells,31.8,0.711,0.595,1.19,0.232,0.868,0.676,PD
8056,RP11-284M14.1,Ependymal Cells,55.6,-0.593,0.496,-1.2,0.232,0.868,0.676,PD
8057,RP11-597D13.9,Ependymal Cells,38.3,2.26,0.675,3.34,0.000824,0.124,0.0344,PD
8058,RP11-10K16.1,Ependymal Cells,8.58,1.41,0.953,1.48,0.138,0.773,0.544,PD
8059,RP11-130F10.1,Ependymal Cells,25.6,0.315,0.599,0.526,0.599,0.966,0.902,PD
8060,RP11-367N14.2,Ependymal Cells,7.58,0.384,0.876,0.438,0.661,0.966,0.922,PD
8061,RP11-714G18.1,Ependymal Cells,8.46,1.01,0.894,1.13,0.257,0.874,0.697,PD
8062,AF146191.4,Ependymal Cells,17.2,1.18,0.689,1.71,0.0867,0.673,0.45,PD
8063,LINC01513,Ependymal Cells,22.6,0.354,0.657,0.539,0.59,0.965,0.899,PD
8064,CTB-51A17.1,Ependymal Cells,6.79,-0.521,0.93,-0.56,0.575,0.962,0.892,PD
8065,AC091878.1,Ependymal Cells,38,0.939,0.588,1.6,0.11,0.722,0.493,PD
8066,RP11-454P21.1,Ependymal Cells,23.3,1.87,2.81,0.667,0.505,0.945,0.863,PD
8067,RP11-774D14.1,Ependymal Cells,13.9,0.521,0.751,0.693,0.488,0.945,0.855,PD
8068,CTD-2113L7.1,Ependymal Cells,21.6,-0.366,0.692,-0.528,0.597,0.966,0.901,PD
8069,CTD-2282P23.2,Ependymal Cells,13.1,-1.03,0.798,-1.29,0.197,0.837,0.638,PD
8070,LIFR-AS1,Ependymal Cells,17.6,-0.0163,0.66,-0.0247,0.98,0.999,0.994,PD
8071,OSMR-AS1,Ependymal Cells,59.6,-0.36,0.515,-0.699,0.485,0.945,0.852,PD
8072,NNT-AS1,Ependymal Cells,12.8,-0.0866,0.779,-0.111,0.911,0.99,0.984,PD
8073,RP11-53O19.1,Ependymal Cells,16.6,-0.289,0.705,-0.409,0.682,0.972,0.929,PD
8074,RP11-506H20.1,Ependymal Cells,45.5,-0.731,0.525,-1.39,0.164,0.821,0.589,PD
8075,RP11-434D9.1,Ependymal Cells,5.5,-1.38,1.13,-1.22,0.224,0.868,0.67,PD
8076,CTC-340D7.1,Ependymal Cells,14.6,-0.502,0.824,-0.609,0.543,0.961,0.877,PD
8077,RP11-141O11.2,Ependymal Cells,14.6,0.141,0.736,0.191,0.848,0.987,0.972,PD
8078,CTC-347C20.2,Ependymal Cells,19.1,1.04,0.669,1.55,0.121,0.733,0.515,PD
8079,CTC-347C20.1,Ependymal Cells,65,-0.422,0.474,-0.89,0.373,0.923,0.791,PD
8080,CTD-2631K10.1,Ependymal Cells,6.82,0.813,0.957,0.85,0.396,0.933,0.8,PD
8081,CTD-2015H6.3,Ependymal Cells,7.27,-0.285,0.904,-0.316,0.752,0.972,0.947,PD
8082,CKMT2-AS1,Ependymal Cells,28,-0.405,0.621,-0.653,0.514,0.949,0.869,PD
8083,TMEM161B-AS1,Ependymal Cells,290,0.571,0.569,1,0.316,0.92,0.747,PD
8084,LINC00461,Ependymal Cells,72.8,-0.26,0.553,-0.47,0.639,0.966,0.914,PD
8085,MEF2C-AS1,Ependymal Cells,21.6,-0.0701,0.667,-0.105,0.916,0.99,0.984,PD
8086,ARRDC3-AS1,Ependymal Cells,17.6,0.226,0.648,0.348,0.728,0.972,0.941,PD
8087,NR2F1-AS1,Ependymal Cells,98.8,0.424,0.473,0.898,0.369,0.923,0.789,PD
8088,CTD-2337A12.1,Ependymal Cells,15.3,0.444,0.733,0.605,0.545,0.961,0.879,PD
8089,CTD-2260A17.2,Ependymal Cells,9.32,0.221,0.8,0.276,0.783,0.977,0.956,PD
8090,CTD-2215E18.1,Ependymal Cells,29.7,0.806,0.606,1.33,0.184,0.836,0.618,PD
8091,CTD-2007H13.3,Ependymal Cells,30.5,-0.901,0.576,-1.57,0.117,0.733,0.509,PD
8092,SEMA6A-AS1,Ependymal Cells,14.7,0.591,0.707,0.835,0.404,0.934,0.806,PD
8093,CTB-161M19.4,Ependymal Cells,12.7,0.447,0.716,0.625,0.532,0.96,0.874,PD
8094,RP11-517I3.1,Ependymal Cells,11.3,0.342,0.752,0.455,0.649,0.966,0.919,PD
8095,LINC01184,Ependymal Cells,47.6,0.039,0.506,0.077,0.939,0.99,0.989,PD
8096,AC004237.1,Ependymal Cells,6.25,0.884,1.1,0.8,0.423,0.936,0.818,PD
8097,RP11-381K20.2,Ependymal Cells,21.1,0.129,0.63,0.205,0.837,0.984,0.97,PD
8098,CTB-35F21.1,Ependymal Cells,16.9,-0.504,0.714,-0.706,0.48,0.945,0.85,PD
8099,AC005592.2,Ependymal Cells,8.65,-0.72,0.965,-0.746,0.456,0.944,0.835,PD
8100,CTC-255N20.1,Ependymal Cells,16.6,0.661,0.67,0.986,0.324,0.92,0.754,PD
8101,JAKMIP2-AS1,Ependymal Cells,10.1,0.545,0.848,0.642,0.521,0.949,0.87,PD
8102,RP11-373N22.3,Ependymal Cells,10.9,1.92,0.942,2.04,0.0414,0.556,0.326,PD
8103,RP11-167P20.1,Ependymal Cells,59.2,0.306,0.524,0.583,0.56,0.962,0.885,PD
8104,GMDS-AS1,Ependymal Cells,113,-0.15,0.442,-0.339,0.735,0.972,0.943,PD
8105,RP11-686D16.1,Ependymal Cells,8.64,1.09,0.939,1.16,0.244,0.868,0.686,PD
8106,RP4-625H18.2,Ependymal Cells,302,-0.796,0.422,-1.89,0.0593,0.607,0.377,PD
8107,CASC15,Ependymal Cells,347,-0.124,0.425,-0.29,0.771,0.975,0.953,PD
8108,RP1-209A6.1,Ependymal Cells,5.24,-0.386,1.06,-0.363,0.716,0.972,0.938,PD
8109,LINC00240,Ependymal Cells,9.37,0.342,0.93,0.368,0.713,0.972,0.936,PD
8110,RP1-313I6.12,Ependymal Cells,9.22,-1.36,0.808,-1.68,0.0937,0.687,0.462,PD
8111,ZSCAN16-AS1,Ependymal Cells,10.7,0.981,0.821,1.19,0.232,0.868,0.676,PD
8112,XXbac-BCX196D17.5,Ependymal Cells,51.6,-0.534,0.644,-0.83,0.407,0.934,0.808,PD
8113,OR5V1,Ependymal Cells,10.5,-0.392,0.905,-0.433,0.665,0.966,0.923,PD
8114,HCG17,Ependymal Cells,79.6,0.657,0.535,1.23,0.22,0.868,0.667,PD
8115,PHF1,Ependymal Cells,13.2,0.139,0.711,0.196,0.845,0.987,0.972,PD
8116,XXbac-BPG294E21.9,Ependymal Cells,11.5,0.827,0.859,0.963,0.336,0.92,0.762,PD
8117,RP1-8B1.4,Ependymal Cells,12.1,2.36,0.906,2.6,0.00937,0.316,0.151,PD
8118,RP11-203B9.4,Ependymal Cells,6.49,1.54,1.09,1.42,0.156,0.803,0.574,PD
8119,XXbac-BPG55C20.7,Ependymal Cells,36.6,1.25,0.608,2.05,0.0402,0.556,0.324,PD
8120,RP3-331H24.5,Ependymal Cells,10.3,1.07,0.835,1.28,0.201,0.841,0.641,PD
8121,RP11-398K22.12,Ependymal Cells,7.99,-0.287,0.898,-0.32,0.749,0.972,0.947,PD
8122,UFL1-AS1,Ependymal Cells,13.4,-1.25,0.686,-1.82,0.0692,0.624,0.405,PD
8123,RP11-436D23.1,Ependymal Cells,36,0.499,0.629,0.793,0.427,0.936,0.822,PD
8124,RP11-98I9.4,Ependymal Cells,9.23,0.0666,0.852,0.0782,0.938,0.99,0.988,PD
8125,TRAF3IP2-AS1,Ependymal Cells,85.5,-0.124,0.473,-0.262,0.793,0.977,0.959,PD
8126,RP3-399L15.3,Ependymal Cells,8.98,0.999,0.914,1.09,0.274,0.89,0.711,PD
8127,RP11-351A11.1,Ependymal Cells,6.49,0.713,1.06,0.675,0.5,0.945,0.862,PD
8128,RP11-624M8.1,Ependymal Cells,15.8,-0.0221,0.748,-0.0296,0.976,0.999,0.994,PD
8129,RP11-69I8.3,Ependymal Cells,13.2,0.357,0.75,0.475,0.635,0.966,0.913,PD
8130,LINC00271,Ependymal Cells,78,-0.0923,0.572,-0.161,0.872,0.99,0.978,PD
8131,LINC01277,Ependymal Cells,5.61,0.895,1.08,0.827,0.408,0.934,0.808,PD
8132,RP11-545I5.3,Ependymal Cells,37.4,-0.266,0.519,-0.512,0.608,0.966,0.905,PD
8133,RP1-111C20.4,Ependymal Cells,29,-0.468,0.585,-0.8,0.424,0.936,0.819,PD
8134,PACRG-AS3,Ependymal Cells,9.91,0.301,0.787,0.383,0.702,0.972,0.933,PD
8135,RP1-167A14.2,Ependymal Cells,16.6,-0.59,0.651,-0.906,0.365,0.923,0.786,PD
8136,PSMB1,Ependymal Cells,8.59,0.553,0.854,0.648,0.517,0.949,0.87,PD
8137,AC073343.13,Ependymal Cells,8.67,-0.452,0.814,-0.556,0.578,0.962,0.893,PD
8138,CTD-2060L22.1,Ependymal Cells,188,0.24,0.616,0.39,0.697,0.972,0.932,PD
8139,AC007091.1,Ependymal Cells,16.6,1.04,0.857,1.21,0.227,0.868,0.672,PD
8140,AC003090.1,Ependymal Cells,6.55,-0.39,1.03,-0.377,0.706,0.972,0.934,PD
8141,AC004540.5,Ependymal Cells,18.2,0.053,0.692,0.0766,0.939,0.99,0.989,PD
8142,CTB-113D17.1,Ependymal Cells,36,0.931,0.649,1.43,0.151,0.788,0.565,PD
8143,SEPT7-AS1,Ependymal Cells,6.86,0.693,0.943,0.735,0.462,0.944,0.839,PD
8144,LINC00265,Ependymal Cells,9.56,-0.335,0.896,-0.374,0.708,0.972,0.935,PD
8145,RP4-718N17.2,Ependymal Cells,12.6,-1.53,0.963,-1.59,0.112,0.73,0.497,PD
8146,APTR,Ependymal Cells,9.74,-0.442,0.777,-0.569,0.569,0.962,0.89,PD
8147,AC003991.3,Ependymal Cells,16,0.0881,0.658,0.134,0.893,0.99,0.981,PD
8148,AC002064.5,Ependymal Cells,10.3,1.46,0.881,1.66,0.0972,0.687,0.468,PD
8149,RP11-142A5.1,Ependymal Cells,9.87,0.308,0.965,0.32,0.749,0.972,0.947,PD
8150,AC007566.10,Ependymal Cells,21.4,0.982,0.715,1.37,0.17,0.823,0.599,PD
8151,LINC01004,Ependymal Cells,60.4,0.945,0.51,1.85,0.0636,0.624,0.392,PD
8152,RP5-921G16.1,Ependymal Cells,33.7,1.71,0.643,2.66,0.00792,0.316,0.136,PD
8153,POT1-AS1,Ependymal Cells,14,0.52,0.78,0.667,0.505,0.945,0.863,PD
8154,AC016831.7,Ependymal Cells,33.9,-0.446,0.767,-0.581,0.561,0.962,0.886,PD
8155,RP11-138A9.2,Ependymal Cells,8.74,1.35,0.957,1.41,0.158,0.804,0.579,PD
8156,WEE2-AS1,Ependymal Cells,10.1,-0.8,0.763,-1.05,0.294,0.911,0.731,PD
8157,RP11-545G3.1,Ependymal Cells,5.89,-0.418,1,-0.417,0.677,0.971,0.926,PD
8158,AC009403.2,Ependymal Cells,28.6,-0.343,0.577,-0.594,0.553,0.962,0.88,PD
8159,LINC01006,Ependymal Cells,20.2,-1.15,0.7,-1.64,0.1,0.687,0.473,PD
8160,LINC00685,Ependymal Cells,9.16,0.667,0.956,0.698,0.485,0.945,0.852,PD
8161,LINC00106,Ependymal Cells,20,-0.976,0.702,-1.39,0.165,0.821,0.589,PD
8162,ASMTL-AS1,Ependymal Cells,6.33,-1.34,1.03,-1.31,0.191,0.837,0.628,PD
8163,RP11-120D5.1,Ependymal Cells,9.91,0.49,0.809,0.606,0.545,0.961,0.879,PD
8164,PTCHD1-AS,Ependymal Cells,109,0.563,0.473,1.19,0.234,0.868,0.679,PD
8165,KANTR,Ependymal Cells,36.5,0.553,0.591,0.935,0.35,0.922,0.773,PD
8166,RP13-188A5.1,Ependymal Cells,24,-0.417,0.7,-0.595,0.552,0.962,0.88,PD
8167,JPX,Ependymal Cells,80.1,0.113,0.503,0.224,0.822,0.984,0.967,PD
8168,FTX,Ependymal Cells,396,0.228,0.428,0.533,0.594,0.965,0.9,PD
8169,MIR325HG,Ependymal Cells,34.6,1.38,0.6,2.29,0.0219,0.482,0.237,PD
8170,LINC00630,Ependymal Cells,24.4,-0.203,0.578,-0.351,0.726,0.972,0.939,PD
8171,XACT,Ependymal Cells,4.77,0.362,1.36,0.266,0.79,0.977,0.958,PD
8172,DANT2,Ependymal Cells,161,-0.58,0.512,-1.13,0.257,0.874,0.698,PD
8173,RHOXF1-AS1,Ependymal Cells,52.7,0.493,0.521,0.946,0.344,0.92,0.768,PD
8174,RAP2C-AS1,Ependymal Cells,12.1,-0.246,0.782,-0.314,0.753,0.972,0.948,PD
8175,RP11-1114A5.4,Ependymal Cells,16,-0.0968,0.673,-0.144,0.886,0.99,0.98,PD
8176,RP11-158M9.1,Ependymal Cells,8.12,-1.6,0.885,-1.8,0.0712,0.624,0.411,PD
8177,LINC00632,Ependymal Cells,78.9,-0.039,0.496,-0.0787,0.937,0.99,0.988,PD
8178,CDR1-AS,Ependymal Cells,26.1,1.95,0.752,2.6,0.00942,0.316,0.152,PD
8179,LINC00894,Ependymal Cells,143,-0.191,0.437,-0.438,0.661,0.966,0.922,PD
8180,MCPH1-AS1,Ependymal Cells,21.9,0.464,0.642,0.723,0.469,0.944,0.842,PD
8181,FAM85B,Ependymal Cells,83.7,-0.12,0.477,-0.252,0.801,0.977,0.96,PD
8182,FAM167A-AS1,Ependymal Cells,47.8,-1.56,0.586,-2.66,0.00773,0.316,0.134,PD
8183,FAM66D,Ependymal Cells,37,0.459,0.596,0.769,0.442,0.936,0.828,PD
8184,AC145124.2,Ependymal Cells,7.04,-0.159,1.07,-0.149,0.882,0.99,0.979,PD
8185,FAM66A,Ependymal Cells,7.46,-0.865,0.863,-1,0.316,0.92,0.747,PD
8186,RP11-156K13.1,Ependymal Cells,76.9,0.884,0.517,1.71,0.0871,0.673,0.45,PD
8187,RP11-489E7.4,Ependymal Cells,8.63,-2.76,0.898,-3.07,0.00213,0.161,0.0645,PD
8188,RP11-11N9.4,Ependymal Cells,8.87,-0.268,0.899,-0.298,0.766,0.975,0.951,PD
8189,RP11-770E5.1,Ependymal Cells,9.75,-2.88,0.922,-3.13,0.00176,0.161,0.0587,PD
8190,LINC01301,Ependymal Cells,15.8,-0.474,0.711,-0.668,0.504,0.945,0.863,PD
8191,AC022182.1,Ependymal Cells,5.3,-1.43,1.22,-1.17,0.241,0.868,0.683,PD
8192,C8orf34-AS1,Ependymal Cells,26.5,0.577,0.595,0.969,0.333,0.92,0.76,PD
8193,MIR2052HG,Ependymal Cells,13.8,3.04,1.09,2.8,0.00504,0.277,0.104,PD
8194,RP11-26J3.1,Ependymal Cells,8.63,0.623,0.897,0.695,0.487,0.945,0.853,PD
8195,RP11-586K2.1,Ependymal Cells,29.4,1.19,0.668,1.78,0.0757,0.635,0.422,PD
8196,RP11-37B2.1,Ependymal Cells,63.1,-0.000583,0.504,-0.00116,0.999,0.999,0.999,PD
8197,LINC00534,Ependymal Cells,9.9,0.14,0.977,0.143,0.886,0.99,0.98,PD
8198,OTUD6B-AS1,Ependymal Cells,8.48,0.93,0.905,1.03,0.304,0.914,0.739,PD
8199,LINC00535,Ependymal Cells,44.7,0.925,0.592,1.56,0.118,0.733,0.51,PD
8200,C8orf37-AS1,Ependymal Cells,184,-0.682,0.458,-1.49,0.136,0.773,0.541,PD
8201,RP11-410L14.2,Ependymal Cells,14.6,0.34,0.714,0.476,0.634,0.966,0.913,PD
8202,UBR5-AS1,Ependymal Cells,7.55,-0.762,0.843,-0.904,0.366,0.923,0.786,PD
8203,AZIN1-AS1,Ependymal Cells,66.6,-0.278,0.504,-0.552,0.581,0.963,0.894,PD
8204,KB-1507C5.4,Ependymal Cells,15.9,-0.35,0.696,-0.503,0.615,0.966,0.907,PD
8205,BAALC-AS1,Ependymal Cells,22.4,0.407,0.602,0.676,0.499,0.945,0.862,PD
8206,PCAT1,Ependymal Cells,189,-0.183,0.462,-0.395,0.693,0.972,0.932,PD
8207,KB-1568E2.1,Ependymal Cells,9.01,-0.238,1.04,-0.229,0.819,0.984,0.965,PD
8208,RP11-431D12.1,Ependymal Cells,21,0.737,0.657,1.12,0.262,0.874,0.7,PD
8209,RP11-30J20.1,Ependymal Cells,338,0.154,0.49,0.314,0.753,0.972,0.948,PD
8210,RP11-273G15.2,Ependymal Cells,6.27,-0.765,0.987,-0.775,0.438,0.936,0.826,PD
8211,FAM83H-AS1,Ependymal Cells,28.3,-0.848,0.575,-1.48,0.14,0.773,0.547,PD
8212,RFX3-AS1,Ependymal Cells,133,0.0951,0.472,0.201,0.84,0.986,0.97,PD
8213,RP11-120J1.1,Ependymal Cells,16.2,0.737,0.713,1.03,0.302,0.911,0.736,PD
8214,RP11-112J3.16,Ependymal Cells,12.8,-0.537,0.698,-0.77,0.441,0.936,0.828,PD
8215,EBLN3P,Ependymal Cells,12.6,0.847,0.894,0.948,0.343,0.92,0.768,PD
8216,GLIDR,Ependymal Cells,18.3,-0.34,0.638,-0.533,0.594,0.965,0.9,PD
8217,BMS1P14,Ependymal Cells,14.4,-0.126,0.764,-0.164,0.87,0.99,0.977,PD
8218,RP11-374M1.4,Ependymal Cells,10.7,0.442,0.827,0.534,0.593,0.965,0.899,PD
8219,LINC01410,Ependymal Cells,7.6,0.851,0.913,0.932,0.351,0.922,0.774,PD
8220,MAMDC2-AS1,Ependymal Cells,23.6,0.443,0.612,0.724,0.469,0.944,0.842,PD
8221,SMC5-AS1,Ependymal Cells,26.2,-0.153,0.568,-0.27,0.787,0.977,0.957,PD
8222,RP11-305L7.3,Ependymal Cells,9.72,1.6,0.864,1.85,0.0641,0.624,0.393,PD
8223,RP11-2B6.3,Ependymal Cells,12.4,-0.194,0.756,-0.256,0.798,0.977,0.96,PD
8224,LINC00476,Ependymal Cells,26.3,0.759,0.748,1.01,0.31,0.914,0.741,PD
8225,RP11-569G13.3,Ependymal Cells,12.7,-1.6,0.721,-2.22,0.0266,0.502,0.263,PD
8226,RP11-498P14.5,Ependymal Cells,14.1,-0.652,0.704,-0.926,0.354,0.922,0.776,PD
8227,RP11-554F20.1,Ependymal Cells,18,-0.0816,0.688,-0.119,0.906,0.99,0.983,PD
8228,LINC01505,Ependymal Cells,10.4,-0.742,0.753,-0.985,0.324,0.92,0.754,PD
8229,C9orf147,Ependymal Cells,10.6,-0.132,0.774,-0.171,0.864,0.99,0.977,PD
8230,RP11-162D16.2,Ependymal Cells,6.31,0.476,0.999,0.476,0.634,0.966,0.913,PD
8231,LINC01503,Ependymal Cells,10.3,-1.59,0.762,-2.09,0.037,0.556,0.309,PD
8232,AP006621.5,Ependymal Cells,15.9,-0.403,0.666,-0.605,0.545,0.961,0.879,PD
8233,CD81-AS1,Ependymal Cells,13,-1.13,0.704,-1.6,0.109,0.722,0.491,PD
8234,KCNQ1OT1,Ependymal Cells,33,-0.78,0.572,-1.36,0.172,0.823,0.602,PD
8235,RP13-726E6.1,Ependymal Cells,22.9,0.208,0.624,0.333,0.739,0.972,0.944,PD
8236,AC015691.13,Ependymal Cells,16.1,0.353,0.769,0.46,0.646,0.966,0.917,PD
8237,RP11-413N10.3,Ependymal Cells,45,0.00569,0.549,0.0104,0.992,0.999,0.998,PD
8238,CTD-2516F10.2,Ependymal Cells,13,0.892,0.728,1.22,0.221,0.868,0.668,PD
8239,TMEM9B-AS1,Ependymal Cells,25.1,-0.0997,0.666,-0.15,0.881,0.99,0.979,PD
8240,SBF2-AS1,Ependymal Cells,6.89,0.00919,0.934,0.00984,0.992,0.999,0.998,PD
8241,RP11-1H15.2,Ependymal Cells,8.25,0.243,0.93,0.261,0.794,0.977,0.959,PD
8242,MRVI1-AS1,Ependymal Cells,22.2,0.139,0.65,0.213,0.831,0.984,0.968,PD
8243,ZBED5-AS1,Ependymal Cells,17.7,0.417,0.736,0.567,0.57,0.962,0.891,PD
8244,BDNF-AS,Ependymal Cells,51.3,-0.00202,0.545,-0.00371,0.997,0.999,0.999,PD
8245,RP11-466I1.1,Ependymal Cells,8.83,0.284,0.858,0.331,0.741,0.972,0.944,PD
8246,RP11-472I20.3,Ependymal Cells,28.5,0.327,0.577,0.566,0.571,0.962,0.892,PD
8247,NEAT1,Ependymal Cells,1400,0.224,0.57,0.392,0.695,0.972,0.932,PD
8248,MALAT1,Ependymal Cells,16500,-0.573,0.52,-1.1,0.271,0.889,0.71,PD
8249,RP11-119D9.1,Ependymal Cells,20.7,-1.28,0.712,-1.79,0.0727,0.626,0.414,PD
8250,AP000487.6,Ependymal Cells,15.6,0.509,0.707,0.721,0.471,0.944,0.844,PD
8251,AP000487.5,Ependymal Cells,8.51,0.412,0.849,0.485,0.627,0.966,0.913,PD
8252,RP11-91P24.7,Ependymal Cells,7.9,-0.842,0.877,-0.96,0.337,0.92,0.763,PD
8253,RP11-452H21.1,Ependymal Cells,8.37,0.171,1.08,0.159,0.874,0.99,0.979,PD
8254,MIR4300HG,Ependymal Cells,228,0.565,0.648,0.872,0.383,0.924,0.794,PD
8255,RAB30-AS1,Ependymal Cells,41.8,-0.404,0.515,-0.784,0.433,0.936,0.824,PD
8256,RP11-727A23.10,Ependymal Cells,17.2,0.157,0.64,0.246,0.806,0.978,0.962,PD
8257,RP11-317J19.1,Ependymal Cells,122,0.554,0.483,1.15,0.252,0.874,0.693,PD
8258,RP11-867G2.8,Ependymal Cells,23.7,-0.75,0.692,-1.08,0.279,0.89,0.716,PD
8259,RP11-315O6.1,Ependymal Cells,6.89,-0.258,0.921,-0.28,0.779,0.975,0.955,PD
8260,COLCA1,Ependymal Cells,12.1,0.107,0.767,0.139,0.889,0.99,0.98,PD
8261,RP11-356J5.12,Ependymal Cells,12,-0.895,0.861,-1.04,0.298,0.911,0.734,PD
8262,AP000462.2,Ependymal Cells,10.3,-0.249,0.879,-0.284,0.777,0.975,0.954,PD
8263,AP000797.3,Ependymal Cells,12.8,-2.95,0.743,-3.97,7.18E-05,0.0434,0.00826,PD
8264,USP2-AS1,Ependymal Cells,113,0.157,0.534,0.295,0.768,0.975,0.952,PD
8265,RP11-196E1.3,Ependymal Cells,12.8,0.655,0.808,0.811,0.417,0.936,0.813,PD
8266,RP11-121M22.1,Ependymal Cells,6.94,-0.466,1.03,-0.452,0.651,0.966,0.919,PD
8267,RP11-563J2.2,Ependymal Cells,15.7,-1.56,0.794,-1.97,0.0487,0.568,0.352,PD
8268,RP11-499P20.2,Ependymal Cells,18.8,-0.0622,0.622,-0.1,0.92,0.99,0.985,PD
8269,WAC-AS1,Ependymal Cells,10.5,0.168,0.763,0.22,0.826,0.984,0.968,PD
8270,ZEB1-AS1,Ependymal Cells,9.66,0.24,0.791,0.304,0.761,0.975,0.95,PD
8271,RP11-324I22.4,Ependymal Cells,17.1,0.509,0.672,0.758,0.448,0.943,0.83,PD
8272,TMEM72-AS1,Ependymal Cells,6.02,-1.01,1.04,-0.973,0.33,0.92,0.758,PD
8273,LINC00843,Ependymal Cells,12.4,-0.745,0.718,-1.04,0.299,0.911,0.734,PD
8274,LINC00844,Ependymal Cells,10.3,1.21,0.97,1.24,0.213,0.86,0.659,PD
8275,LINC01515,Ependymal Cells,25.8,0.0324,0.619,0.0523,0.958,0.995,0.991,PD
8276,ZMIZ1-AS1,Ependymal Cells,7.97,-0.471,0.962,-0.489,0.625,0.966,0.912,PD
8277,NUTM2B-AS1,Ependymal Cells,48.1,0.806,0.621,1.3,0.194,0.837,0.633,PD
8278,TMEM254-AS1,Ependymal Cells,11.8,-0.0224,0.722,-0.031,0.975,0.999,0.993,PD
8279,NUTM2A-AS1,Ependymal Cells,48.6,0.608,0.52,1.17,0.243,0.868,0.685,PD
8280,ENTPD1-AS1,Ependymal Cells,33,0.543,0.611,0.888,0.374,0.923,0.791,PD
8281,RP11-441O15.3,Ependymal Cells,18.2,1.08,0.727,1.49,0.137,0.773,0.543,PD
8282,OLMALINC,Ependymal Cells,72.7,0.926,0.502,1.84,0.065,0.624,0.397,PD
8283,RP11-525A16.4,Ependymal Cells,8.95,-0.933,0.829,-1.13,0.26,0.874,0.699,PD
8284,EMX2OS,Ependymal Cells,33.7,-0.135,0.607,-0.222,0.825,0.984,0.968,PD
8285,CASC2,Ependymal Cells,331,-0.23,0.408,-0.563,0.573,0.962,0.892,PD
8286,WDR11-AS1,Ependymal Cells,28.2,0.0186,0.605,0.0308,0.975,0.999,0.993,PD
8287,RP11-109A6.5,Ependymal Cells,9.17,-0.153,0.853,-0.18,0.857,0.99,0.976,PD
8288,FAM66C,Ependymal Cells,16.7,-0.613,0.673,-0.911,0.362,0.923,0.784,PD
8289,LINC00937,Ependymal Cells,19.4,-0.527,0.687,-0.767,0.443,0.936,0.828,PD
8290,A2ML1-AS1,Ependymal Cells,14.7,0.294,0.703,0.418,0.676,0.971,0.926,PD
8291,RP11-711K1.8,Ependymal Cells,14.8,-0.265,0.775,-0.341,0.733,0.972,0.943,PD
8292,LINC01252,Ependymal Cells,8.04,1.27,1.09,1.17,0.243,0.868,0.685,PD
8293,RP11-174G6.1,Ependymal Cells,9.29,0.644,0.825,0.78,0.435,0.936,0.824,PD
8294,RP11-405A12.2,Ependymal Cells,12.1,1.85,0.943,1.96,0.0502,0.568,0.354,PD
8295,RASSF8-AS1,Ependymal Cells,39.7,-0.124,0.569,-0.217,0.828,0.984,0.968,PD
8296,RP11-967K21.1,Ependymal Cells,5.48,1.2,1.08,1.11,0.266,0.878,0.706,PD
8297,RP11-352M15.2,Ependymal Cells,7.72,1.64,0.988,1.66,0.0963,0.687,0.466,PD
8298,RP11-96H19.1,Ependymal Cells,59.3,0.593,0.512,1.16,0.247,0.872,0.689,PD
8299,RP11-370I10.6,Ependymal Cells,16.6,-0.947,0.656,-1.44,0.149,0.788,0.563,PD
8300,RP4-605O3.4,Ependymal Cells,20.8,-0.098,0.646,-0.152,0.879,0.99,0.979,PD
8301,RP11-983P16.4,Ependymal Cells,12.2,-0.756,0.707,-1.07,0.285,0.897,0.722,PD
8302,RP11-620J15.3,Ependymal Cells,24.3,0.00656,0.611,0.0107,0.991,0.999,0.998,PD
8303,RP11-150C16.1,Ependymal Cells,17.4,1.94,0.864,2.24,0.0251,0.502,0.254,PD
8304,LINC01481,Ependymal Cells,44.2,-0.503,0.58,-0.868,0.386,0.924,0.794,PD
8305,RP1-78O14.1,Ependymal Cells,13,1.72,0.896,1.92,0.0552,0.6,0.368,PD
8306,RP11-530C5.1,Ependymal Cells,31.1,0.139,0.567,0.246,0.806,0.978,0.962,PD
8307,RP11-193M21.1,Ependymal Cells,5.42,0.688,1.15,0.599,0.549,0.962,0.879,PD
8308,RP11-734K2.4,Ependymal Cells,9.9,0.000961,0.763,0.00126,0.999,0.999,0.999,PD
8309,RP11-981P6.1,Ependymal Cells,8.14,-0.113,0.921,-0.122,0.903,0.99,0.983,PD
8310,RP11-511B23.2,Ependymal Cells,49,0.551,0.665,0.829,0.407,0.934,0.808,PD
8311,RP11-486A14.2,Ependymal Cells,10.7,-0.336,0.768,-0.437,0.662,0.966,0.922,PD
8312,RP11-536G4.2,Ependymal Cells,34.7,-0.69,0.549,-1.26,0.209,0.846,0.651,PD
8313,RP11-541G9.1,Ependymal Cells,9.29,1.08,0.937,1.15,0.25,0.873,0.691,PD
8314,RP11-144F15.1,Ependymal Cells,24.9,-0.12,0.736,-0.163,0.871,0.99,0.977,PD
8315,RP11-768F21.1,Ependymal Cells,19.9,0.29,0.671,0.432,0.665,0.966,0.923,PD
8316,NRAV,Ependymal Cells,13.7,0.066,0.705,0.0935,0.925,0.99,0.986,PD
8317,RP13-941N14.1,Ependymal Cells,14.6,-1.24,0.728,-1.71,0.088,0.673,0.452,PD
8318,RP11-338K17.8,Ependymal Cells,13.6,0.702,0.773,0.907,0.364,0.923,0.785,PD
8319,RP11-428O18.6,Ependymal Cells,56.2,-0.684,0.609,-1.12,0.261,0.874,0.7,PD
8320,SPG20-AS1,Ependymal Cells,8.46,0.822,0.925,0.889,0.374,0.923,0.791,PD
8321,LINC00598,Ependymal Cells,20.4,-0.766,0.639,-1.2,0.231,0.868,0.675,PD
8322,RP11-74J13.8,Ependymal Cells,18.8,1.2,0.658,1.82,0.0683,0.624,0.403,PD
8323,DLEU2,Ependymal Cells,42.7,-0.236,0.553,-0.427,0.669,0.968,0.924,PD
8324,INTS6-AS1,Ependymal Cells,19.3,0.569,0.727,0.783,0.434,0.936,0.824,PD
8325,PCDH9-AS2,Ependymal Cells,4.7,2.59,1.35,1.91,0.0557,0.6,0.368,PD
8326,RNF219-AS1,Ependymal Cells,53.4,2.22,0.642,3.45,0.000551,0.111,0.0258,PD
8327,RP11-40E6.1,Ependymal Cells,5.07,1.25,1.33,0.941,0.347,0.92,0.77,PD
8328,DHRS4-AS1,Ependymal Cells,8.55,0.17,0.865,0.196,0.845,0.987,0.972,PD
8329,NOVA1-AS1,Ependymal Cells,15,0.644,0.765,0.841,0.4,0.933,0.806,PD
8330,LINC00609,Ependymal Cells,102,-1.08,0.627,-1.72,0.0854,0.673,0.447,PD
8331,RP11-259K15.2,Ependymal Cells,7.03,0.115,1.05,0.109,0.913,0.99,0.984,PD
8332,OTX2-AS1,Ependymal Cells,17.4,2.46,0.818,3.01,0.00263,0.176,0.0719,PD
8333,RP11-16B13.1,Ependymal Cells,39.7,0.594,0.61,0.973,0.331,0.92,0.758,PD
8334,RP11-355I22.2,Ependymal Cells,12.9,-1.58,0.759,-2.08,0.0373,0.556,0.311,PD
8335,RP11-72M17.1,Ependymal Cells,19.6,-0.0497,0.696,-0.0715,0.943,0.99,0.99,PD
8336,RP11-486O13.4,Ependymal Cells,24.9,0.798,0.634,1.26,0.208,0.846,0.651,PD
8337,RP3-414A15.2,Ependymal Cells,8.61,0.0958,0.835,0.115,0.909,0.99,0.984,PD
8338,RP3-414A15.10,Ependymal Cells,6.89,0.922,1.09,0.849,0.396,0.933,0.8,PD
8339,RP5-1021I20.5,Ependymal Cells,22.1,-0.0151,0.63,-0.024,0.981,0.999,0.994,PD
8340,RP11-270M14.4,Ependymal Cells,8.53,-0.697,0.961,-0.725,0.468,0.944,0.842,PD
8341,RP11-356K23.1,Ependymal Cells,161,0.685,0.46,1.49,0.136,0.773,0.541,PD
8342,FAM181A-AS1,Ependymal Cells,4.75,-0.857,1.1,-0.776,0.438,0.936,0.825,PD
8343,DICER1-AS1,Ependymal Cells,27.3,-0.338,0.582,-0.581,0.562,0.962,0.886,PD
8344,SNHG10,Ependymal Cells,8.9,-0.08,0.88,-0.091,0.928,0.99,0.986,PD
8345,LINC01550,Ependymal Cells,5.74,1.75,1.11,1.57,0.117,0.733,0.507,PD
8346,PWAR6,Ependymal Cells,14,0.959,0.754,1.27,0.204,0.846,0.644,PD
8347,RP11-1000B6.3,Ependymal Cells,19.1,0.313,0.675,0.464,0.642,0.966,0.916,PD
8348,RP11-1000B6.8,Ependymal Cells,5.73,-0.46,0.997,-0.461,0.645,0.966,0.917,PD
8349,RP11-323I15.5,Ependymal Cells,24.4,-1.06,0.761,-1.39,0.166,0.821,0.591,PD
8350,DPH6-AS1,Ependymal Cells,104,0.552,0.453,1.22,0.223,0.868,0.67,PD
8351,RP11-1008C21.1,Ependymal Cells,8.16,1.71,0.986,1.74,0.0822,0.673,0.441,PD
8352,RP11-624L4.1,Ependymal Cells,29.7,0.253,0.769,0.329,0.742,0.972,0.944,PD
8353,SRP14-AS1,Ependymal Cells,13.4,0.479,0.778,0.616,0.538,0.961,0.877,PD
8354,EIF3J-AS1,Ependymal Cells,8.15,0.24,0.858,0.28,0.779,0.975,0.955,PD
8355,PATL2,Ependymal Cells,6.34,-0.194,1,-0.194,0.846,0.987,0.972,PD
8356,CTD-2651B20.3,Ependymal Cells,5.31,-3.48,1.18,-2.96,0.00308,0.186,0.079,PD
8357,RP11-627D16.1,Ependymal Cells,24.3,0.21,0.805,0.261,0.794,0.977,0.959,PD
8358,GABPB1-AS1,Ependymal Cells,84.6,-0.327,0.515,-0.636,0.525,0.949,0.872,PD
8359,CTD-2378E12.1,Ependymal Cells,8.48,0.911,0.847,1.08,0.282,0.892,0.718,PD
8360,RORA-AS1,Ependymal Cells,54,0.176,0.53,0.332,0.74,0.972,0.944,PD
8361,RP11-39M21.1,Ependymal Cells,15.9,1,0.856,1.17,0.242,0.868,0.685,PD
8362,RP11-507B12.2,Ependymal Cells,6.91,0.362,1.2,0.3,0.764,0.975,0.951,PD
8363,RP11-16B9.1,Ependymal Cells,8.28,-0.47,0.937,-0.502,0.616,0.966,0.907,PD
8364,USP3-AS1,Ependymal Cells,15,-1.27,0.817,-1.55,0.12,0.733,0.515,PD
8365,RP11-653J6.1,Ependymal Cells,7.11,-0.162,0.923,-0.176,0.86,0.99,0.977,PD
8366,IQCH-AS1,Ependymal Cells,18.5,-0.298,0.658,-0.453,0.651,0.966,0.919,PD
8367,RP11-253M7.1,Ependymal Cells,21.9,0.16,0.626,0.256,0.798,0.977,0.96,PD
8368,DRAIC,Ependymal Cells,17.1,0.865,0.74,1.17,0.243,0.868,0.685,PD
8369,THSD4-AS1,Ependymal Cells,17.2,1.28,0.773,1.66,0.0972,0.687,0.468,PD
8370,RP11-1007O24.3,Ependymal Cells,25.5,0.312,0.64,0.487,0.626,0.966,0.912,PD
8371,RP11-210M15.2,Ependymal Cells,67.6,0.109,0.505,0.215,0.829,0.984,0.968,PD
8372,CPEB1-AS1,Ependymal Cells,17.2,0.162,0.64,0.253,0.8,0.977,0.96,PD
8373,CTD-2315E11.1,Ependymal Cells,7.74,-1.24,0.905,-1.37,0.171,0.823,0.601,PD
8374,CRTC3-AS1,Ependymal Cells,12.2,-1.29,0.842,-1.53,0.127,0.758,0.528,PD
8375,RP11-266O8.1,Ependymal Cells,116,-0.938,0.444,-2.11,0.0348,0.554,0.305,PD
8376,RP11-739G5.1,Ependymal Cells,122,-0.714,0.562,-1.27,0.204,0.846,0.645,PD
8377,NR2F2-AS1,Ependymal Cells,29.7,0.286,2.01,0.142,0.887,0.99,0.98,PD
8378,RP11-522B15.3,Ependymal Cells,10.6,-2.58,0.828,-3.12,0.00181,0.161,0.0594,PD
8379,RP11-654A16.3,Ependymal Cells,7.18,-0.471,0.907,-0.52,0.603,0.966,0.904,PD
8380,CTD-2054N24.2,Ependymal Cells,28.2,0.942,0.696,1.35,0.176,0.823,0.607,PD
8381,CERS3-AS1,Ependymal Cells,8.53,2.48,1.01,2.46,0.014,0.372,0.189,PD
8382,RP11-10K17.6,Ependymal Cells,8.52,0.46,0.843,0.546,0.585,0.965,0.896,PD
8383,RP11-243A14.1,Ependymal Cells,13.6,-0.186,0.697,-0.267,0.79,0.977,0.958,PD
8384,RP11-418I22.2,Ependymal Cells,17.9,-0.684,0.66,-1.04,0.3,0.911,0.734,PD
8385,RP11-418I22.3,Ependymal Cells,20.2,-0.746,0.688,-1.08,0.278,0.89,0.716,PD
8386,RP11-166B2.8,Ependymal Cells,11.8,1.26,0.813,1.55,0.12,0.733,0.515,PD
8387,U91319.1,Ependymal Cells,9.25,0.811,0.861,0.942,0.346,0.92,0.769,PD
8388,CTD-2270L9.4,Ependymal Cells,5.62,-1.31,1.01,-1.3,0.194,0.837,0.633,PD
8389,FLJ21408,Ependymal Cells,6.85,-0.101,0.911,-0.111,0.911,0.99,0.984,PD
8390,RP11-426C22.5,Ependymal Cells,6.68,-0.992,0.976,-1.02,0.309,0.914,0.741,PD
8391,AC009133.12,Ependymal Cells,12,-0.203,0.741,-0.274,0.784,0.977,0.956,PD
8392,RP11-452L6.1,Ependymal Cells,8.14,-0.168,0.936,-0.18,0.857,0.99,0.976,PD
8393,CRNDE,Ependymal Cells,70.4,0.714,0.479,1.49,0.136,0.773,0.541,PD
8394,RP11-461O7.1,Ependymal Cells,11.5,-0.174,0.788,-0.221,0.825,0.984,0.968,PD
8395,RP11-297D21.4,Ependymal Cells,17.7,-0.554,0.658,-0.841,0.4,0.933,0.806,PD
8396,RP11-424M24.5,Ependymal Cells,7.83,0.604,0.878,0.688,0.491,0.945,0.857,PD
8397,LINC01572,Ependymal Cells,36.4,0.0735,0.55,0.134,0.894,0.99,0.981,PD
8398,AC004158.3,Ependymal Cells,26.5,0.0693,0.71,0.0976,0.922,0.99,0.986,PD
8399,RP5-991G20.1,Ependymal Cells,17.9,0.245,0.7,0.35,0.727,0.972,0.94,PD
8400,AC009120.4,Ependymal Cells,34.1,-0.732,0.543,-1.35,0.177,0.823,0.608,PD
8401,RP11-77K12.4,Ependymal Cells,16.3,-0.249,0.774,-0.322,0.748,0.972,0.946,PD
8402,RP11-525K10.3,Ependymal Cells,15.6,-0.644,0.786,-0.819,0.413,0.936,0.811,PD
8403,RP11-368I7.4,Ependymal Cells,14.5,-1.46,0.687,-2.12,0.034,0.554,0.302,PD
8404,FAM157C,Ependymal Cells,16.5,-0.164,0.711,-0.23,0.818,0.984,0.965,PD
8405,RP11-667K14.3,Ependymal Cells,11,-0.688,0.718,-0.959,0.338,0.92,0.763,PD
8406,RP11-333E1.1,Ependymal Cells,49.9,-0.729,0.517,-1.41,0.158,0.804,0.579,PD
8407,ALOX12-AS1,Ependymal Cells,34.7,0.824,0.618,1.33,0.183,0.835,0.616,PD
8408,RP11-1096G20.5,Ependymal Cells,16.6,-0.161,0.771,-0.209,0.835,0.984,0.969,PD
8409,CCDC144NL-AS1,Ependymal Cells,8.64,-0.268,0.812,-0.33,0.742,0.972,0.944,PD
8410,CTD-3193K9.4,Ependymal Cells,15.3,-0.408,0.719,-0.567,0.57,0.962,0.891,PD
8411,RAMP2-AS1,Ependymal Cells,6.43,0.0886,0.984,0.0901,0.928,0.99,0.986,PD
8412,AC002117.1,Ependymal Cells,28.3,-1.2,0.608,-1.97,0.0494,0.568,0.353,PD
8413,MAP3K14,Ependymal Cells,34.4,-0.588,0.576,-1.02,0.307,0.914,0.74,PD
8414,CRHR1,Ependymal Cells,12.3,0.671,0.772,0.868,0.385,0.924,0.794,PD
8415,RP11-580I16.2,Ependymal Cells,18.5,0.0039,0.653,0.00597,0.995,0.999,0.999,PD
8416,RP11-481C4.1,Ependymal Cells,8.5,-0.103,0.959,-0.108,0.914,0.99,0.984,PD
8417,TSPOAP1-AS1,Ependymal Cells,10.5,0.0493,0.769,0.0641,0.949,0.992,0.991,PD
8418,PRKCA-AS1,Ependymal Cells,7.16,-0.645,0.979,-0.659,0.51,0.949,0.866,PD
8419,RP11-147L13.15,Ependymal Cells,15.6,-0.34,0.714,-0.476,0.634,0.966,0.913,PD
8420,LINC00511,Ependymal Cells,93.4,-1.06,0.514,-2.06,0.0389,0.556,0.32,PD
8421,CTD-2047H16.4,Ependymal Cells,181,-0.466,0.474,-0.982,0.326,0.92,0.756,PD
8422,BAIAP2-AS1,Ependymal Cells,10,0.163,0.786,0.208,0.835,0.984,0.969,PD
8423,DLGAP1-AS1,Ependymal Cells,9.52,-1.42,0.782,-1.82,0.0686,0.624,0.403,PD
8424,DLGAP1-AS2,Ependymal Cells,7.2,-0.976,0.903,-1.08,0.28,0.89,0.717,PD
8425,LINC00667,Ependymal Cells,8.96,1.76,0.971,1.81,0.0697,0.624,0.407,PD
8426,RP11-945C19.4,Ependymal Cells,32,0.42,0.559,0.751,0.453,0.944,0.833,PD
8427,RP11-793A3.1,Ependymal Cells,4.05,1.76,1.36,1.3,0.195,0.837,0.634,PD
8428,RP11-739L10.1,Ependymal Cells,5.99,0.411,0.997,0.412,0.68,0.972,0.929,PD
8429,RP11-403A21.1,Ependymal Cells,6.71,-2.26,1.05,-2.16,0.0306,0.554,0.285,PD
8430,AQP4-AS1,Ependymal Cells,50.7,-0.406,0.512,-0.794,0.427,0.936,0.822,PD
8431,RP11-636O21.2,Ependymal Cells,10.5,-1.36,0.81,-1.68,0.0935,0.687,0.462,PD
8432,LINC00907,Ependymal Cells,181,1.52,0.491,3.1,0.00193,0.161,0.061,PD
8433,SNHG22,Ependymal Cells,12,-0.22,0.718,-0.306,0.76,0.975,0.949,PD
8434,MAPK4,Ependymal Cells,103,-0.815,0.493,-1.65,0.0984,0.687,0.471,PD
8435,RP11-35G9.5,Ependymal Cells,6.83,1.8,1.06,1.69,0.091,0.687,0.458,PD
8436,RP11-849I19.1,Ependymal Cells,12.3,0.0469,0.808,0.0581,0.954,0.993,0.991,PD
8437,RP11-154H12.3,Ependymal Cells,14.1,-2.75,0.741,-3.71,0.00021,0.0634,0.0152,PD
8438,PARD6G-AS1,Ependymal Cells,42.9,2.04,0.781,2.62,0.00889,0.316,0.146,PD
8439,NRSN2-AS1,Ependymal Cells,25.1,0.202,0.655,0.309,0.758,0.975,0.948,PD
8440,SDCBP2-AS1,Ependymal Cells,27.4,0.0388,0.609,0.0637,0.949,0.992,0.991,PD
8441,RP5-968J1.1,Ependymal Cells,5.82,-0.334,0.951,-0.351,0.726,0.972,0.939,PD
8442,RP5-858L17.1,Ependymal Cells,8,-0.588,0.883,-0.666,0.506,0.945,0.864,PD
8443,RP11-128M1.1,Ependymal Cells,14.6,0.285,0.727,0.392,0.695,0.972,0.932,PD
8444,RP1-122P22.2,Ependymal Cells,16.4,-0.0391,0.671,-0.0583,0.954,0.993,0.991,PD
8445,ZNF337-AS1,Ependymal Cells,17.7,-0.633,0.664,-0.952,0.341,0.92,0.765,PD
8446,NORAD,Ependymal Cells,24.8,0.585,0.658,0.889,0.374,0.923,0.791,PD
8447,DLGAP4-AS1,Ependymal Cells,11.8,-0.459,0.834,-0.551,0.582,0.963,0.895,PD
8448,ZFAS1,Ependymal Cells,12.8,0.109,0.747,0.146,0.884,0.99,0.98,PD
8449,MIR646HG,Ependymal Cells,18.3,0.189,0.847,0.223,0.824,0.984,0.968,PD
8450,CTD-3184A7.4,Ependymal Cells,4.94,-0.177,1.11,-0.158,0.874,0.99,0.979,PD
8451,CTC-232P5.1,Ependymal Cells,12.5,0.368,0.753,0.489,0.625,0.966,0.912,PD
8452,ILF3-AS1,Ependymal Cells,10.5,-0.139,0.787,-0.177,0.859,0.99,0.977,PD
8453,CTC-425F1.4,Ependymal Cells,7.82,0.306,0.955,0.32,0.749,0.972,0.947,PD
8454,CTD-2562J15.6,Ependymal Cells,33.7,-1.12,0.554,-2.02,0.0434,0.556,0.331,PD
8455,CTD-3131K8.2,Ependymal Cells,8.9,-0.437,0.819,-0.534,0.593,0.965,0.899,PD
8456,CTC-260E6.6,Ependymal Cells,7.92,0.672,0.922,0.729,0.466,0.944,0.841,PD
8457,CTC-513N18.7,Ependymal Cells,6.68,-0.0978,0.962,-0.102,0.919,0.99,0.985,PD
8458,LINC00662,Ependymal Cells,19.7,0.624,0.645,0.967,0.334,0.92,0.76,PD
8459,AC007796.1,Ependymal Cells,11.7,0.158,0.743,0.213,0.831,0.984,0.968,PD
8460,LINC00665,Ependymal Cells,7.55,0.659,0.965,0.682,0.495,0.945,0.859,PD
8461,ZNF529-AS1,Ependymal Cells,9.81,1.08,0.833,1.3,0.193,0.837,0.631,PD
8462,ZNF790-AS1,Ependymal Cells,7.59,2.16,1.06,2.04,0.0411,0.556,0.326,PD
8463,LINC01535,Ependymal Cells,8.5,0.096,0.893,0.108,0.914,0.99,0.984,PD
8464,LIPE-AS1,Ependymal Cells,29.2,0.373,0.649,0.574,0.566,0.962,0.888,PD
8465,CTB-179K24.3,Ependymal Cells,26.5,0.642,0.594,1.08,0.28,0.89,0.717,PD
8466,AC074212.6,Ependymal Cells,11.8,-1.59,0.716,-2.23,0.026,0.502,0.258,PD
8467,PTOV1-AS1,Ependymal Cells,7.11,0.00273,0.897,0.00304,0.998,0.999,0.999,PD
8468,CTD-2126E3.3,Ependymal Cells,14.9,-0.259,0.679,-0.381,0.703,0.972,0.933,PD
8469,ZNF350-AS1,Ependymal Cells,12.6,1.68,0.854,1.96,0.0498,0.568,0.354,PD
8470,ZNF667-AS1,Ependymal Cells,10.3,0.586,0.793,0.739,0.46,0.944,0.837,PD
8471,CTC-444N24.6,Ependymal Cells,10.8,-1.49,0.739,-2.02,0.0433,0.556,0.331,PD
8472,CTC-444N24.11,Ependymal Cells,18.2,0.736,0.72,1.02,0.307,0.914,0.74,PD
8473,CTD-3138B18.5,Ependymal Cells,7.42,0.629,0.898,0.701,0.483,0.945,0.851,PD
8474,CTD-2619J13.3,Ependymal Cells,16.4,-0.801,0.695,-1.15,0.249,0.873,0.69,PD
8475,MZF1-AS1,Ependymal Cells,14.6,0.458,0.715,0.641,0.521,0.949,0.871,PD
8476,TTTY15,Ependymal Cells,9.54,-0.548,0.908,-0.604,0.546,0.961,0.879,PD
8477,TTTY14,Ependymal Cells,77.5,0.0059,1.38,0.00426,0.997,0.999,0.999,PD
8478,TTTY10,Ependymal Cells,9.94,-1.85,0.872,-2.12,0.0341,0.554,0.303,PD
8479,LL22NC03-2H8.5,Ependymal Cells,10.8,0.841,0.921,0.913,0.361,0.923,0.783,PD
8480,CABIN1,Ependymal Cells,71.3,-0.304,0.469,-0.648,0.517,0.949,0.87,PD
8481,CTA-243E7.1,Ependymal Cells,8.91,-1.18,0.818,-1.44,0.15,0.788,0.563,PD
8482,MIAT,Ependymal Cells,25.7,-1.18,0.619,-1.9,0.0572,0.602,0.371,PD
8483,MIATNB,Ependymal Cells,10.4,-0.509,0.799,-0.637,0.524,0.949,0.872,PD
8484,CTA-292E10.6,Ependymal Cells,17.5,-0.468,0.634,-0.737,0.461,0.944,0.838,PD
8485,NUP50-AS1,Ependymal Cells,38.9,0.224,0.57,0.393,0.695,0.972,0.932,PD
8486,MIRLET7BHG,Ependymal Cells,32.9,0.322,0.659,0.488,0.626,0.966,0.912,PD
8487,CH507-513H4.1,Ependymal Cells,48.7,-0.444,0.613,-0.724,0.469,0.944,0.842,PD
8488,CH507-528H12.1,Ependymal Cells,43.5,-0.612,0.638,-0.96,0.337,0.92,0.763,PD
8489,bP-21264C1.2,Ependymal Cells,11.8,-0.091,0.759,-0.12,0.905,0.99,0.983,PD
8490,MIR99AHG,Ependymal Cells,940,0.545,0.423,1.29,0.198,0.837,0.639,PD
8491,AL035610.2,Ependymal Cells,7.55,1.78,1.17,1.52,0.129,0.762,0.53,PD
8492,AF131217.1,Ependymal Cells,71.6,0.404,0.62,0.652,0.515,0.949,0.869,PD
8493,PAXBP1-AS1,Ependymal Cells,6.54,-1.44,0.874,-1.65,0.0998,0.687,0.473,PD
8494,C21orf62-AS1,Ependymal Cells,33.8,0.533,0.584,0.911,0.362,0.923,0.783,PD
8495,MCM3AP-AS1,Ependymal Cells,8.35,0.38,0.872,0.436,0.663,0.966,0.922,PD
