"","p_val","avg_log2FC","pct.1","pct.2","p_val_adj"
"DLX6-AS1",2.61940086383144e-17,-0.90341650667156,0.6,1,7.00349208962613e-13
"RP11-556E13.1",3.27451010573978e-11,1.98360882265633,1,1,8.75505766971646e-07
"LUCAT1",2.2873942843424e-09,0.846415960564044,1,1,6.11580609804628e-05
"LINC01099",1.75075290952674e-08,-0.80280013718672,1,1,0.000468098805420166
"RP11-96O20.2",3.04640507514402e-08,0.220739284359804,0,1,0.000814517324941256
"LINC01010",5.20375290667404e-08,-0.324136702895687,1,1,0.00139132741465744
"RP11-693J15.5",5.53718918782211e-08,0.492719199326526,1,0.833,0.001480478273148
"RP11-66B24.4",8.0625137647472e-08,0.410282219817305,1,1,0.00215567430528046
"RP5-1039K5.18",2.06335915253422e-07,0.100114414954648,0.6,1,0.00551680336613074
"RP11-326I11.4",2.13138953770933e-07,-0.203892812006064,1,1,0.00569869620697342
"RP11-707A18.1",3.29615697865753e-07,1.20840302517341,1,1,0.00881293491383663
"GDNF-AS1",3.61643753108613e-07,-0.426121075355225,1,1,0.00966926902686499
"AC017074.2",4.78239702265717e-07,0.51304908507663,1,1,0.0127866949194785
"LINC01094",5.38827119201649e-07,1.03628029044334,1,1,0.0144066206860945
"RP11-306O13.1",6.5433463814661e-07,-0.0072463919927741,1,1,0.0174949452201259
"RP11-475O6.1",8.28461744067508e-07,-0.497256801868839,1,1,0.022150581651133
"RP11-946L16.1",8.37330861726546e-07,0.498641719342111,1,1,0.0223877152499827
"MIR503HG",9.59020277251375e-07,0.431885042314962,1,1,0.02564132515287
"RP11-804N13.1",1.30350393825314e-06,-0.17814483968788,1,1,0.0348517847970742
"IFNG-AS1",2.11876438419196e-06,-0.152287090367463,1,1,0.0566494033401405
"RP11-552D4.1",4.23402125129422e-06,0.625814971493946,1,1,0.113205026195854
"LINC01551",4.46898550028141e-06,-0.25141326990213,0.2,1,0.119487265321024
"MIR3142HG",5.43361710819216e-06,0.332600239340443,1,1,0.145278620621734
"LINC01068",5.83668929878579e-06,0.390120790093494,0.8,1,0.156055561781636
"ADAMTS9-AS2",7.36145015900302e-06,0.675754872066195,1,1,0.196823092901264
"RP11-483P21.2",8.37737139275308e-06,0.335484400012805,1,1,0.223985778928039
"RP11-407G23.7",8.56673415709069e-06,0.123534035628941,1,1,0.229048771158134
"AC008060.7",8.86419445429732e-06,0.506597206800715,1,1,0.237001967124548
"AF127936.5",9.16627596010181e-06,0.325260323869762,1,0.5,0.245078720345242
"RP11-71E19.2",1.11024008193903e-05,0.148039033054508,0.8,1,0.296844890708037
"RP11-305L7.3",1.23378787261846e-05,0.81234161673318,1,1,0.329877863501999
"AC000032.2",1.26588131597768e-05,0.291455579214227,0.8,0,0.338458687452951
"CTC-467M3.1",1.41565601730867e-05,-0.125218350740959,1,1,0.378503949347819
"RP11-12M5.4",1.48862185101636e-05,0.326781618294464,1,1,0.398012824306245
"NEAT1",1.56127231596607e-05,1.23280291196025,1,1,0.417437379119849
"AF127936.3",1.83186318123046e-05,0.354657511627194,1,1,0.489785258765588
"DLEU7-AS1",1.9897603256485e-05,0.715632056083194,1,1,0.532002218268639
"FBXL19-AS1",2.03066589043947e-05,0.398669147850027,1,1,0.5429391391268
"RP11-554F20.1",2.29329725396825e-05,-0.344516726787574,1,1,0.61315888679349
"RP11-197K6.1",3.33676327807499e-05,0.0324791194573475,1,1,0.892150397658909
"PANCR",3.92496924020605e-05,0.193992841622792,0.4,0.833,1
"RP11-205M3.3",4.33416214603659e-05,0.18390111036346,1,1,1
"C20orf197",4.33820475609337e-05,0.352333361758087,1,1,1
"PKN2-AS1",4.65830241825726e-05,-0.474149242433483,1,1,1
"MIR223",5.32572977883415e-05,0.622408573131025,1,1,1
"LINC01091",5.89313184650654e-05,0.567145317376733,1,1,1
"RP11-232L2.2",6.3818865366558e-05,0.287935227838336,0.8,0,1
"AC109826.1",6.41387766886642e-05,0.379792332693745,1,0.833,1
"RP11-72M17.1",6.92014519508546e-05,-0.467853035216531,1,1,1
"RP11-6I2.3",7.03450630624829e-05,0.452159978756943,1,1,1
"LINC01219",7.87969960577327e-05,0.23185535513816,0,0.833,1
"RP3-453C12.15",8.11017757539824e-05,0.394353013930477,1,1,1
"LINC01305",8.53668121477939e-05,0.214442941045581,0.4,1,1
"RP11-278H7.1",8.68158030523151e-05,-0.00670330430158428,1,1,1
"RP11-1129I3.1",8.94948450231058e-05,0.779223202090987,1,1,1
"RP4-684O24.5",9.30820980203994e-05,0.316003918973638,1,1,1
"LINC00923",0.000103633938812979,-0.399545780181498,1,1,1
"RP11-557H15.4",0.000106534690953098,-0.762569458196345,1,1,1
"RP11-364P22.2",0.000106596236812549,0.293452415720264,0.8,0,1
"RP11-403A3.3",0.000118922957666046,0.691523264198575,1,1,1
"LINC01376",0.000119257020279947,-0.548202245819187,1,1,1
"LINC00683",0.000121829091492047,0.175375483474018,1,1,1
"PAXBP1-AS1",0.000127294264331294,-0.179024222825221,1,1,1
"SPANXA2-OT1",0.00012887457331034,-0.384722978286038,1,1,1
"RP11-90C1.1",0.000167366488524832,0.229345215853782,0,0.667,1
"RP11-834C11.4",0.000178629687494128,0.356262739783586,1,1,1
"RP11-398G24.2",0.000196683842025188,0.521949753667992,1,1,1
"FOXG1-AS1",0.000203314795854516,0.137186982469753,0.4,1,1
"LINC01239",0.000204248642834501,-0.0394478886207841,1,1,1
"C9orf139",0.000222349161488775,0.173431211034493,1,1,1
"LINC01006",0.000241436581102085,-0.396506839071221,1,1,1
"AC079807.4",0.000247664800423577,0.00632401780228165,1,1,1
"LINC00885",0.00025468924251911,0.243453870046518,0,0.833,1
"LINC01410",0.00027190084747951,0.489302619723158,1,1,1
"RP11-536K7.3",0.000301861333857834,0.353407322348455,1,1,1
"PVRL3-AS1",0.00030290152095074,-0.304448733463978,1,1,1
"MIR7-3HG",0.000335631623621975,-0.186208491472113,1,1,1
"RP11-428O18.6",0.000354425677747725,-0.512862925479265,1,1,1
"RP11-321E2.3",0.000360730986233819,0.191072900538623,0.6,0.833,1
"CTC-242N15.1",0.000383779012992506,0.207369672681197,1,1,1
"RP11-230B22.1",0.000391944546338905,0.450920859579025,1,1,1
"LINC01088",0.000464071012070137,0.790155973286385,1,1,1
"RP11-282O18.3",0.000464152470065924,0.368130353795769,1,1,1
"DKFZP434L187",0.000468065967846695,0.357241744106333,1,0.833,1
"RP3-467D16.3",0.000474993347496755,0.354949436028805,1,1,1
"RP4-735C1.6",0.000485064752306057,0.307342933910445,1,1,1
"AC008060.8",0.000505461315820587,0.346466937113886,1,0.833,1
"RP11-569G13.2",0.000512819742305527,0.208483152382048,0.6,1,1
"CTC-459F4.3",0.000517211735652726,-0.35124511083881,1,1,1
"RP11-522B15.3",0.000520429069371026,-0.0524362412582495,1,1,1
"RP11-109G23.3",0.00052117698154376,0.309574334791039,1,1,1
"CTD-2544M6.1",0.000593489011519199,-0.079706226544114,1,1,1
"RP11-60I3.4",0.00066635986991032,0.390415872370258,1,1,1
"LINC00640",0.000715782612179905,0.354562701633585,1,1,1
"RP4-613B23.1",0.000719198815785749,-0.779333334680796,1,1,1
"RP1-156L9.1",0.000730908831078505,0.127498057698889,0.8,1,1
"RP5-1021I20.5",0.000750206914825411,0.441716070623801,1,1,1
"RP11-56I23.1",0.000798098089944235,0.302320525025275,1,0.667,1
"LINC01630",0.000799306263562135,-0.723146201295701,1,1,1
"RP11-30J20.1",0.00081310104820242,0.976093100361577,1,1,1
"RP11-6O2.3",0.000851639998554769,0.426786652077897,1,1,1
"AC079776.3",0.000880208840318615,0.18807668090533,1,1,1
"RP11-304F15.4",0.000890007634881639,0.17992128352935,0.8,1,1
"CH17-360D5.2",0.000915271660401524,0.417435452945786,1,1,1
"LINC01141",0.000916698852667301,0.482118572165219,1,1,1
"RP11-142A5.1",0.000923005919073099,-0.302272853588193,1,1,1
"AF127936.9",0.000940959826174472,0.485670715805262,1,1,1
"AC022182.1",0.000975005682937044,-0.180649131921018,1,1,1
"RP11-1080G15.1",0.00100184786380966,0.361407586268345,1,1,1
"GATA3-AS1",0.00102229429844594,0.310460953434811,1,0.667,1
"F11-AS1",0.00102234491328149,-0.0263363472311831,1,1,1
"AC005082.12",0.0010385436967284,0.290956899056075,1,1,1
"RP11-168K9.2",0.00111851028801377,0.201063781001907,0.8,1,1
"LINC01481",0.00114999498278035,-0.668581906328602,1,1,1
"AC005780.1",0.00116163086405237,0.228159952729815,0.6,1,1
"TARID",0.00117926057251315,-0.184521238845881,1,1,1
"AC007163.3",0.00119028281144332,-0.611266482447214,1,1,1
"AC008697.1",0.00120353102938969,0.743769133083177,1,1,1
"RP11-174G6.1",0.00124040548612648,0.399787814186852,1,1,1
"RP11-430C7.4",0.00124279009749091,0.353763055274202,1,1,1
"LINC00492",0.00127763613246616,0.280605495997944,0.8,0,1
"RP11-946L16.2",0.00129587218103775,0.316934184715052,1,1,1
"CTD-2130F23.1",0.00129639390776782,0.187641843294137,0.8,1,1
"AC144835.1",0.00131701642578008,0.386727108018084,1,1,1
"AC004112.4",0.00133868240306568,0.0845292242710185,1,1,1
"RP11-4O3.1",0.00134266468324206,0.214608887020043,0.8,1,1
"AC008060.5",0.00140357434767112,0.283095304594939,0.8,0,1
"RP11-256I23.2",0.0014615879935018,0.316836352764525,0.8,0.667,1
"RP11-469J4.3",0.00148603974191407,0.294322943996806,1,0.5,1
"RBM26-AS1",0.00149775184888645,-0.0491293971003111,1,1,1
"RP1-80N2.2",0.00154305970801239,0.295467044822002,0.8,0.333,1
"RP11-317J19.1",0.00156296507420546,0.570084593786046,1,1,1
"SMIM2-AS1",0.00157352817178913,0.0123989905275956,1,1,1
"LINC00517",0.00163485671944127,0.301993221180188,1,0.833,1
"AP000476.1",0.0016449144379785,0.595610431448565,1,1,1
"RP11-153M7.5",0.00170489656237453,0.296876433350824,1,1,1
"FAM66C",0.00174750720598304,-0.26797592995905,1,1,1
"AC093673.5",0.00176034121070179,0.348636579234216,1,1,1
"AP000696.2",0.00179696388621916,0.24446758078437,0,0.833,1
"CTB-47B11.3",0.00181231245932215,0.125496083335592,1,1,1
"RP11-626G11.3",0.00182102867388775,0.323131020082229,1,0.667,1
"LINC01098",0.00185559277807121,-0.134448989837707,1,1,1
"Z83844.1",0.00185876838924848,0.360764942467706,1,1,1
"RP11-804H8.6",0.00186477159396746,0.308433534046331,1,1,1
"RP11-41O4.1",0.00194539100270998,0.463618381560153,1,1,1
"RP11-162J8.3",0.00201713455771738,0.307079623722496,1,0.833,1
"RP11-121M22.1",0.00206056682715815,-0.0121167920484213,1,1,1
"CTC-232P5.1",0.00211638115464478,0.329602746204781,1,1,1
"LINC00211",0.00219090540336985,0.24197209196163,0.2,0.833,1
"RP11-399E6.1",0.00223313433655156,0.430333551219317,1,1,1
"AJ239322.1",0.00225982444758744,0.169675980012365,0.8,1,1
"RP11-59H7.4",0.00229124380240985,0.207772895780048,0.6,1,1
"AC010967.2",0.00238806975362693,0.0476621882234074,1,1,1
"LINC01299",0.00239325383249352,-0.108071839141268,1,1,1
"RP11-453O5.1",0.00240590414316401,0.231531642282576,0.4,1,1
"LINC00504",0.0024310468128642,-0.11317449489145,1,1,1
"RP11-122F24.1",0.00243951405693999,0.078374332376407,1,1,1
"RP11-319G6.1",0.00250025131668239,-0.241501673766923,1,1,1
"AC002310.12",0.00250031707022126,0.352984737519653,1,1,1
"RP11-180P8.1",0.00251090551134758,0.144627821332054,1,1,1
"CTB-147C13.1",0.0025475748418363,0.297915837791418,0.8,0.333,1
"RP11-15K3.1",0.00255916395105924,-0.0678586548650411,1,1,1
"AC003075.4",0.00258179645010318,-0.30618005829801,1,1,1
"CTC-425F1.4",0.00264479233670635,0.587717813074952,1,1,1
"RP11-1055B8.3",0.00278086605323317,-0.579815913641359,1,1,1
"RP11-399K21.11",0.00282577913648289,0.0469995490214692,1,1,1
"RP11-94A24.1",0.0028863290899089,0.316370563736647,1,1,1
"RP11-700H6.1",0.0028964451594153,0.143994765319195,1,1,1
"AC004053.1",0.00290223814024473,-0.258227215409156,1,1,1
"RP11-553K8.5",0.00292743948963586,0.308300082007379,1,0.667,1
"RP11-60A24.3",0.0029367584064815,0.448268071577624,1,1,1
"CTD-2533K21.4",0.00293801077928933,0.220420737032212,0.8,1,1
"LINC01374",0.00294270590958549,0.343685140103405,1,1,1
"AC005487.2",0.0029849982749899,0.303616761349393,1,1,1
"LINC00930",0.00307281254797521,0.288228225283437,1,0.833,1
"AC068286.1",0.0030744137698921,0.176840681853415,1,1,1
"RP1-167O22.1",0.00315420896270292,0.19894515527343,1,1,1
"RP11-1084I9.1",0.00323415336509885,0.169980759260073,1,1,1
"RP11-368L12.1",0.003238740424196,-0.437698257488868,1,1,1
"RP1-223B1.1",0.00325370386946902,-0.725013488273379,1,1,1
"C9orf173-AS1",0.00328167132029689,0.244687373730124,0.2,0.833,1
"LINC00251",0.00332427768678996,0.223554087643151,0.8,1,1
"CTC-575N7.1",0.00333176164482481,-0.233840872543986,1,1,1
"RP11-431D12.1",0.00336270440856893,0.345587339825471,1,0.833,1
"RP1-209A6.1",0.003420081419267,0.0331300500946079,1,1,1
"AC007040.8",0.00343854929724033,0.335811013435097,1,1,1
"RP5-1086K13.1",0.0035264038133145,0.341965425959751,1,0.833,1
"AC104532.4",0.00355267378583885,0.392550089492947,1,1,1
"GS1-590J6.3",0.00362067096772137,0.191229301302057,1,1,1
"SGMS1-AS1",0.00362140402423982,0.0938806734499158,1,1,1
"CTC-498M16.4",0.00364308167543855,-0.371103331189061,1,1,1
"AC002456.2",0.00364852752936627,0.310480067633541,1,1,1
"AC097724.3",0.00366723125294362,-0.0464536745833057,1,1,1
"CTD-2116N24.1",0.0038391334169862,0.116793139174024,1,1,1
"RP11-70F11.8",0.0038538721283211,0.219008850189394,0.8,1,1
"RP4-655J12.4",0.00387426220066554,0.356601335312041,1,1,1
"BCDIN3D-AS1",0.00392383696031662,0.176030153324659,1,1,1
"RP11-124N2.1",0.00394794577507059,0.153549634848865,1,1,1
"RP4-553F17.1",0.00395617974834809,0.154562089986223,1,1,1
"CD81-AS1",0.00404568768753268,0.0529023379916498,1,1,1
"RP11-521D12.2",0.0040687607634622,0.0289464284091059,1,1,1
"LINC00410",0.00409029939593718,0.163858192232644,0,0.667,1
"RP11-679B19.1",0.00412594578558722,0.386829800717819,1,1,1
"LIFR-AS1",0.00422708330836895,-0.183147891584758,1,1,1
"RP11-140M13.1",0.00433963635876055,0.23940770089791,0.4,1,1
"CITF22-49D8.1",0.00436044548647484,0.24974371229404,0,0.833,1
"RP11-20E24.1",0.00437357939526233,-0.0781945427701218,1,1,1
"RP11-63M22.2",0.00445665227580688,0.363149457861856,1,1,1
"LINC00596",0.00451808340349265,0.208876196821115,0.8,0.833,1
"CTC-501O10.1",0.00459519693321988,0.237156959108337,0.4,1,1
"AC007392.3",0.00463119015090355,0.377775718235849,1,1,1
"RP11-108E14.1",0.00466821833761896,0.143451355307838,1,1,1
"RP11-589B3.6",0.00466931837075976,0.218393526897937,0.8,1,1
"RP5-1029F21.3",0.00467374544521849,0.313911318433694,0.8,0.667,1
"RP5-1180C18.1",0.00473053441951107,0.368500393550393,1,1,1
"RP11-167H9.4",0.00476417577743889,0.0641675204846264,1,1,1
"CTC-228N24.2",0.0048403791819269,0.144085362179109,0.8,1,1
"GLIDR",0.00489344910171151,-0.340872945978358,1,1,1
"RP3-477O4.14",0.00500988236459213,0.379205241230921,1,1,1
"RP1-28O10.1",0.00502823779888662,-0.0828140560218733,1,1,1
"AC011899.9",0.00505187315177123,0.294312484174467,1,0.667,1
"LINC01146",0.00508567861375921,0.550014830127397,1,1,1
"RP11-1143G9.4",0.00511785258212778,0.304591946498724,0.8,0.667,1
"RP1-41C23.1",0.00517922956448766,0.337554855606061,1,1,1
"RP11-405A12.2",0.00526015243591148,-0.584026077799752,1,1,1
"RP11-658F2.8",0.00529986902820874,0.0309467486246082,1,1,1
"CTD-2130O13.1",0.00542982885067996,0.814207413921782,1,1,1
"AC010729.2",0.00545214019868909,0.248973974574243,0,0.833,1
"CTD-2621I17.6",0.00552668626167103,0.22580323712657,0.4,1,1
"RP11-714L20.1",0.00567183325711089,0.464202051084951,1,1,1
"RP11-323I15.5",0.00569339406394982,-0.425592352090813,1,1,1
"LINC00871",0.00581215331164536,-0.0412995915516392,1,1,1
"LINC00463",0.00584027559465081,0.0725707709385741,1,1,1
"RP11-72L22.1",0.00584165115261647,-0.156622017337896,1,1,1
"RP11-526P5.2",0.00584336641773902,0.197493604434992,0.6,0.833,1
"AC009120.4",0.0058639125458807,-0.486202581196171,1,1,1
"RP11-580I1.2",0.00595928886142168,0.591661799829716,1,1,1
"AC002117.1",0.00600769752871287,-0.186358872211214,1,1,1
"LINC01480",0.00614874815595564,0.36816749273666,1,1,1
"RNF217-AS1",0.00615299803524927,-0.172421752207617,1,1,1
"RP11-53O19.1",0.00616024347307238,-0.163128266463519,1,1,1
"RP11-798K3.4",0.00633425568524575,0.20897871419711,1,1,1
"CTD-2196P11.2",0.0063709389270336,0.238419937106424,0.2,1,1
"RP11-439A17.10",0.00647910506260694,0.368270474734297,1,1,1
"ZMIZ1-AS1",0.00652624068867126,-0.109836606430086,1,1,1
"CTD-3064M3.7",0.00663899304130171,0.224158212179172,0.6,1,1
"RP6-91H8.3",0.00667554037067663,0.296428061034487,0.8,0.5,1
"RP11-461O7.1",0.00668155109305774,-0.0925032767401747,1,1,1
"LINC01468",0.00669401562101812,0.329943416941559,1,1,1
"RP11-802E16.3",0.00669637250427959,0.29506602451008,1,1,1
"RP11-653B10.1",0.00673041246905064,0.30570905480101,1,1,1
"RP11-351M16.3",0.00673783494097426,0.102097765222999,1,1,1
"RP11-231C18.1",0.00674955903608719,-0.0436997329500364,1,1,1
"RP11-252E2.2",0.006938179026822,0.205178571645531,1,1,1
"RP11-742B18.1",0.00693881016805501,0.469842536447237,1,1,1
"RP11-1029J19.5",0.00697330903758623,0.117793179161586,1,1,1
"LINC01608",0.00699520285880282,-0.875152873291686,1,1,1
"RP5-1116H23.5",0.00702907393448642,0.231447497570147,1,1,1
"AC004381.7",0.00706314923142608,0.181530127201659,1,1,1
"RP11-664H17.1",0.00714500402486653,-0.379185909645386,1,1,1
"RP11-704J17.5",0.00715915272013975,0.282434377771878,0.8,0.5,1
"MIR325HG",0.00717514520961297,-0.420799091922196,1,1,1
"CCDC26",0.00722872968055139,0.921514066282956,1,1,1
"RP11-545P6.2",0.00734340427977077,0.241931688386651,0.4,1,1
"SAMD12-AS1",0.00737550053489927,-0.0497947800940099,1,1,1
"AC079154.1",0.00747840075802024,0.345023209717973,1,1,1
"RP11-314P15.2",0.00747958366302127,0.589048679899353,1,1,1
"RP11-477D19.2",0.00762649929964239,0.140594579784022,1,1,1
"RP11-692D12.1",0.00770729140971809,-0.511376759322705,1,1,1
"CTA-363E6.2",0.0077772881808413,0.217724925596214,0.8,1,1
"RAP2C-AS1",0.00778435369617213,-0.25819519136484,1,1,1
"RP11-863P13.5",0.00784268693573211,0.13466426195203,1,1,1
"RP11-305L7.1",0.00790409088365835,0.288770645986874,1,1,1
"RP11-142C4.6",0.00804427490776253,0.431722497718042,1,1,1
"LINC01119",0.00804809978969166,0.163783449096026,1,1,1
"NDUFB2-AS1",0.00808425868018219,0.212516922484624,1,1,1
"AC105053.3",0.00809423755621969,0.203267322103141,1,1,1
"RP11-258F1.1",0.00818031793593527,0.183001487865771,1,1,1
"RP11-430C1.1",0.00826401650719351,0.111681840300138,1,1,1
"RP11-554D14.6",0.00856322737369723,0.328853340031348,1,1,1
"RP11-747D18.1",0.00862892754134717,0.236003648036951,0.4,0.833,1
"RP11-24F11.2",0.00864624397881972,0.317953678055542,1,1,1
"RP11-10L12.4",0.00870013200067643,0.55675734682455,1,1,1
"LINC00538",0.00870553069083729,0.240332732333977,0.6,0.833,1
"CTD-2314G24.2",0.00871682827557699,0.0609039549104078,0,0.5,1
"LINC01431",0.00872155718554493,0.198525431350904,1,1,1
"RP3-460G2.2",0.00901338571239599,0.350377531768614,1,0.5,1
"RP11-661A12.4",0.00905033933470198,0.248521808413199,0,0.667,1
"RP5-1158E12.3",0.00911601352254385,0.216219040330406,0.4,0.833,1
"RP11-227G15.9",0.00915797061287657,0.137112125964409,1,1,1
"RP11-418J17.1",0.00917501492380843,0.483220311910658,1,1,1
"RP11-103C3.1",0.00921480069499941,0.287699236425762,1,0.5,1
"MIR4496",0.00930130929148018,0.324696706013173,1,1,1
"RP11-12J10.4",0.00935041010864098,0.2018293013442,1,1,1
"RP11-404F10.2",0.00935185310026537,0.145305473571336,1,1,1
"AC023469.1",0.00935643893754392,0.239474577090872,0.2,1,1
"RP11-259K5.1",0.00955170095404224,0.30944730799251,1,1,1
"RP11-665G4.1",0.00962924600710997,-0.503670252724902,1,1,1
"RP11-519G16.2",0.00968410980867863,0.131145739159961,1,1,1
"RP11-307B6.3",0.0096958239121464,0.0338915499724646,1,1,1
"AZIN1-AS1",0.00974720436119302,-0.344848651724336,1,1,1
"LINC00845",0.00976881239242181,0.136538638790664,1,1,1
"RP11-355F16.1",0.00989594908058429,0.000809904639211156,1,1,1
"RP11-556O9.2",0.0099476806018377,0.12092204962598,1,1,1
"HOXB-AS1",0.00996671912494898,0.306344655836895,1,0.667,1
"RP11-9G1.3",0.00999947313813984,-0.398782585002351,1,1,1
"TRG-AS1",0.0100373755682098,0.32411336854996,1,1,1
"LINC00448",0.0100388090904773,0.247076708037993,0,0.667,1
"ST3GAL5-AS1",0.0100443717630064,0.0094137662567122,1,1,1
"CTD-2152M20.2",0.0102305441141317,0.367559827604143,1,1,1
"HOTAIRM1",0.0103236472220213,0.310119145817235,1,1,1
"RP11-433J8.2",0.0103481596069695,0.231717355406977,0.6,1,1
"AC016700.2",0.0103702272710514,0.294111644897106,1,0.667,1
"AC107081.5",0.0104107006279901,0.315230241053666,1,1,1
"LINC00922",0.0107587006125094,0.0166698473475773,1,1,1
"RP11-96C21.2",0.0107648800797174,0.324165747531793,1,1,1
"LINC00658",0.0108595906117249,0.117227175287043,1,1,1
"LINC00390",0.0108750490290416,0.218129198686489,0.8,1,1
"OVCH1-AS1",0.0109409607705052,0.469239215292338,1,1,1
"RP11-33O4.1",0.0109640907227458,0.286298921568475,1,1,1
"LINC00393",0.0109941364838726,0.152391865146065,1,1,1
"AF127577.11",0.0110764504064105,0.30839964147249,1,0.833,1
"KB-1460A1.5",0.0111176082115824,0.482680395447717,1,1,1
"HCCAT5",0.0111464172504436,0.288804332445502,0.8,0.833,1
"RP11-567N4.2",0.0111545306140144,0.155239139458395,1,1,1
"AC004862.6",0.0114714539966104,0.208531782013364,0.8,0.833,1
"RP11-277K23.1",0.0115144967304418,0.311243838872696,1,0.833,1
"LINC01134",0.0115340430657145,0.352430944444865,1,0.833,1
"CTC-436P18.1",0.0118531618925147,0.0475873395517403,1,1,1
"RP5-1065P14.3",0.0119746706769691,0.223868552279853,1,1,1
"LINC00461",0.0121529105323868,-0.321971096885213,1,1,1
"AC144449.1",0.0121653673653517,-0.456976301888578,1,1,1
"RP11-32B5.7",0.0121679671566487,0.509366458625814,1,1,1
"RP11-125O18.1",0.0122404879715535,0.313759609472807,1,1,1
"RP5-858B6.1",0.0123297881435933,0.247264653615153,0,0.667,1
"RP3-523C21.2",0.0124026516634044,0.122002032096051,1,1,1
"RP11-847H18.3",0.0124135530778721,0.306417520043005,1,1,1
"RP11-4B14.3",0.0124790224983111,-0.293435867759806,1,1,1
"LINC00498",0.0125264818463702,0.309663985088431,0.8,0.667,1
"RP11-277A4.4",0.0125903788069266,0.325883261961678,1,1,1
"RP11-16E12.1",0.0125955875063411,0.0100441366688702,1,1,1
"RP11-863P13.3",0.0126474720766926,0.328981462616589,1,1,1
"RP11-360L9.4",0.0126944034957682,0.114769089118268,1,1,1
"RP11-88E10.5",0.0127805187457972,0.228782345936727,1,1,1
"RP11-820I16.4",0.012815510954077,0.18489620164631,1,1,1
"ZNF32-AS3",0.0128712622588413,0.144221364893879,1,1,1
"INHBA-AS1",0.0128739008792269,-0.0891655766666883,1,1,1
"RP11-461F11.3",0.012987877045371,0.216687590063414,0.8,1,1
"RP11-392O17.2",0.0129922936303381,0.35660054967054,1,1,1
"NOP14-AS1",0.0130690888376379,0.0496166304120149,1,1,1
"LINC01524",0.0132053991999724,0.138035998136872,1,1,1
"RP11-756G20.1",0.013225973012661,0.410246793740934,1,1,1
"RP11-20B7.1",0.0133038345112634,0.242787730459777,0.4,1,1
"AP001462.6",0.0135082993536472,0.0794880051004623,1,1,1
"FEZF1-AS1",0.0135795448217762,0.175172607601633,1,1,1
"AC007038.7",0.0136083919796225,-0.168245606709756,1,1,1
"RP11-7F17.8",0.0136470153611206,0.157237683828737,1,1,1
"RP11-89C3.4",0.0138110301192999,0.302220813758451,1,0.833,1
"DSCAS",0.0140992382987917,0.144154257987794,1,1,1
"UFL1-AS1",0.0141376833378767,-0.224013888782093,1,1,1
"RP11-297A16.2",0.0142028066532786,0.310100037446631,1,1,1
"RP11-550H2.1",0.0142083044007375,0.388965205033044,1,1,1
"EXTL3-AS1",0.0142552429576366,0.175731159139185,1,1,1
"MAP3K14",0.0142918728892146,0.543688389750627,1,1,1
"RP11-394O4.3",0.0144266616563063,0.279323267955887,0.8,0.333,1
"RP5-1091N2.9",0.0144396346271167,0.326457793887655,1,1,1
"RP1-267D11.6",0.0144625484129282,0.14011287800872,1,1,1
"RP11-701P16.2",0.0146462199712479,0.359327753572844,1,1,1
"RP11-548P2.2",0.0146584773970303,0.168470885413504,1,1,1
"SCHLAP1",0.0147167835546002,0.139734241057388,1,1,1
"RP4-651E10.4",0.0147626218227607,0.363811791996862,1,1,1
"RP11-576N17.5",0.014821383380067,0.323416844791861,1,1,1
"RP11-227G15.10",0.014825259693628,0.16359355681034,1,1,1
"RP11-530C5.1",0.0148331644860297,0.37394193617988,1,1,1
"CTD-2049O4.1",0.0149315650562656,-0.357769956237769,1,1,1
"RP11-875H7.5",0.0149755568430343,0.291969226715641,1,1,1
"RP11-252A24.5",0.0149760231263491,0.299763763973848,1,1,1
"RP11-500B12.1",0.0149937665725678,0.247493627948612,0.2,0.667,1
"LINC00324",0.015051851155054,0.289183296974278,1,0.833,1
"CTD-2060L22.1",0.015072597351184,0.616695173687893,1,1,1
"CTD-2292P10.4",0.0150953395017239,0.12502810179629,1,1,1
"RP11-159L20.2",0.0151763557534644,0.173490806912109,1,1,1
"CTD-2007H13.3",0.0152010678264308,-0.226265284804753,1,1,1
"LINC01310",0.0153021186617604,0.0338194343597973,1,1,1
"RP11-431M7.3",0.0153439886181871,0.148555919311367,1,1,1
"RP11-519G16.3",0.0154083600911711,0.312218356467032,1,1,1
"CTB-31N19.5",0.0155469709668872,0.289135466838298,1,0.667,1
"RP11-346C20.3",0.0156111283142957,0.333918467217652,1,1,1
"LINC00501",0.0156519427722142,0.212865227222503,1,1,1
"LINC00500",0.0159357583189976,0.442001657495385,1,1,1
"AC007386.4",0.0159724866303016,0.348193277737474,1,1,1
"RP11-958F21.1",0.0159745462928064,0.311572837245597,1,0.833,1
"LINC01249",0.0159849274638945,0.239561677140725,0.2,0.833,1
"RP11-65N13.8",0.0160263545062565,0.300675871921112,1,1,1
"AC114765.1",0.0161618290306698,0.00190304040044165,1,1,1
"HRAT92",0.0162046832264539,0.325306043466761,1,1,1
"PTGER4P2-CDK2AP2P2",0.0162463952917185,0.315739246642543,1,1,1
"RP11-367F23.1",0.0162994038653683,0.289655447857979,1,0.667,1
"THCAT158",0.0164751917331892,0.32211053654481,1,1,1
"AC061961.2",0.0165169172734587,0.237137389664981,0.2,1,1
"RP11-1085N6.5",0.0166321720985203,0.345694550797105,1,1,1
"AC009133.12",0.0166500239307764,0.356370327651025,1,1,1
"RP11-49K24.8",0.0167177188780049,0.284842187448694,1,0.667,1
"RP11-731N10.1",0.0167266600600996,0.218096127061228,1,1,1
"FLJ16779",0.0167385251143358,0.186576483756195,1,1,1
"RP4-604G5.1",0.016765953592819,0.143797044076802,1,1,1
"RP11-404I7.2",0.0167906253043231,-0.189840758158715,1,1,1
"CH17-437K3.1",0.0167964480485097,0.531360129028484,1,1,1
"AC124944.5",0.0170232327322674,0.34043161814375,1,1,1
"RP11-380P13.1",0.0170340469389773,0.00555466750542166,1,1,1
"LINC00698",0.017223603380963,0.226291103582599,0.6,0.833,1
"RP5-1116H23.3",0.0173279743235792,0.217314135804012,1,1,1
"RP11-472N13.3",0.0173607223514899,0.317511962446945,1,1,1
"RP11-430L16.1",0.0174698853107529,0.286965361042199,1,0.833,1
"AC024084.1",0.0175454455203166,0.336691907060653,1,1,1
"SRRM2-AS1",0.0177251353765595,0.146390845288069,1,1,1
"SEC24B-AS1",0.0177920230460901,-0.0683284508894357,1,1,1
"RP11-473J6.1",0.0177965018299303,0.217311037154119,1,1,1
"RP5-1198O20.4",0.0181033180224969,-0.0591585817292062,1,1,1
"RP5-942I16.1",0.0182187426440548,0.224724057576071,1,1,1
"LINC01277",0.0182297607002235,-0.0508169097579705,1,1,1
"RP11-569G13.3",0.0182367003759716,-0.0343597647108662,1,1,1
"RP11-404I7.1",0.0182438534999856,0.193541326609557,1,1,1
"RP11-1082L8.3",0.0183301822923451,0.301757062866141,1,1,1
"RP11-546K22.1",0.0183761495520163,0.205757527229341,1,1,1
"AC009505.2",0.0183878640805502,0.374918886650081,1,0.833,1
"AP001059.7",0.0183890670157496,0.309328797953059,1,1,1
"AC007193.8",0.0184396235501592,0.297227069740964,1,1,1
"SPATA42",0.0184838040318241,0.247649108707916,0.2,1,1
"RP11-25C19.3",0.0186528984311081,0.287574524968314,0.8,0.333,1
"AL132709.1",0.018706577279944,0.25076577383636,0,0.667,1
"LINC00706",0.018852284200608,0.133441037667576,1,1,1
"LINC00907",0.0189971113336976,0.500060024001155,1,1,1
"MIR219A2",0.0190874943623041,-1.27604357957138,1,1,1
"LINC00159",0.0191639318034289,0.464834180157798,1,1,1
"RP11-146I2.1",0.0193911101889554,0.454979950856264,1,1,1
"RP11-779O18.3",0.0194414590748931,0.311823696122018,1,1,1
"ELOVL2-AS1",0.0194463884531715,0.205344501194173,1,1,1
"CTD-2201I18.1",0.0194608041547611,0.401754969796014,1,1,1
"AC097467.2",0.0194834943025116,0.166886158036648,1,1,1
"RP11-436F23.1",0.0195300302887067,0.191688274216785,0.8,1,1
"RP11-709A23.1",0.0199311415771984,0.288635555328663,0.8,0.5,1
"RP11-16D22.2",0.0199852642821558,0.733010542315368,1,1,1
"AC091814.2",0.020121737985965,0.316217579051976,1,1,1
"RP11-429O1.1",0.0201684710867115,0.16609914543793,1,1,1
"AC005753.1",0.020195235040237,0.250643370410399,0,0.667,1
"RP11-525K10.1",0.0202097733600354,0.235391772265243,0.4,1,1
"AP000345.1",0.0203108405038009,0.226888325889362,0,0.667,1
"AC104820.2",0.0205210625777106,0.121846865288895,1,1,1
"LEMD1-AS1",0.0207581312800737,0.246005877687548,0.4,0.667,1
"RP11-82L7.4",0.0207677762610888,0.378588474237507,1,1,1
"C9orf170",0.0208441608968205,0.0964697997547979,1,1,1
"CTD-2091N23.1",0.0208518179918316,0.306405792971181,1,0.667,1
"RP11-317N12.1",0.0208674848527324,-0.233121704493472,1,1,1
"RP5-1085F17.4",0.0208910511977709,0.38668494830561,1,1,1
"RP11-359D14.3",0.0209095133219829,0.171622711834877,1,1,1
"MIR24-2",0.0209494483646865,0.347833403516972,1,1,1
"RP11-159F24.5",0.0209746638412199,0.289426107088921,1,1,1
"RP11-849N15.4",0.0210033972538798,0.1252091900429,1,1,1
"LINC01338",0.0211520030252505,0.341933227794077,1,1,1
"RP11-227G15.11",0.0214474905191925,0.116053384649973,1,1,1
"NAALADL2-AS2",0.0216027131326812,0.216055826140403,1,1,1
"LINC00920",0.0216155254201152,0.204085308953899,1,1,1
"RP11-84A19.4",0.0216684208606299,0.343837933403267,1,1,1
"RP11-96B2.1",0.021736606727299,0.292400664321415,1,1,1
"AC005740.5",0.0217505428375618,0.30524383354516,1,1,1
"RP11-416I2.1",0.0217556663211041,0.230872932133839,0.4,0.833,1
"RP11-1055B8.4",0.0219342286437913,-0.161767863259062,1,1,1
"LINC00870",0.0220023567406891,0.0457107242791426,1,1,1
"FAM66D",0.0222503622884184,-0.366963691910981,1,1,1
"CTD-2562J17.4",0.022276232996254,0.102086978095447,1,1,1
"RP11-545I5.3",0.0224497420085305,-0.272753557261431,1,1,1
"RP11-347E10.1",0.0225226711899909,0.284490490859167,1,1,1
"AC100830.4",0.0225882070628287,0.23909180335345,0.6,1,1
"RP11-573D15.3",0.0227893607885987,0.193892308232672,1,1,1
"CTA-228A9.3",0.0232527882060274,0.0366190682094061,1,1,1
"RP11-14N9.2",0.0234978692026958,0.291628726802005,1,0.833,1
"RP4-622L5.7",0.0237542243714893,0.220674305367417,1,1,1
"RP11-314D7.2",0.0238030305535581,0.287503058846886,1,1,1
"AP001257.1",0.0238044968109322,0.27565584064535,0.6,0,1
"RP11-588H23.3",0.0239281066985662,0.426075100675376,1,1,1
"RP4-655C5.9",0.0239696264810208,0.184831809625201,1,1,1
"PARD6G-AS1",0.0242702126863984,0.549549452233676,1,1,1
"AC133633.2",0.0245956902157895,0.209341374154156,1,0.833,1
"RP1-45N11.1",0.0246216669212958,0.219339438012147,1,1,1
"RP11-96B5.3",0.0248825636551245,0.234050195572082,0.6,0.833,1
"AC007292.4",0.0250578364106242,0.325688459068137,1,1,1
"CTD-2540B15.9",0.0251704310485884,0.281774808670803,1,1,1
"RP11-572M11.4",0.0251944253174549,-0.0786539530837194,1,1,1
"RP11-446H18.5",0.0252390748589581,-0.271210801818671,1,1,1
"ITGB2-AS1",0.0253876156565528,0.359031059419313,1,1,1
"RP4-789D17.5",0.0253974542209379,0.229416133367052,0.4,1,1
"AC034228.3",0.0255436584428693,0.218820053475564,1,1,1
"AC006129.1",0.0255588392589899,0.274715962705228,0.6,0,1
"MIR4500HG",0.0258702572312465,-0.137258457925778,1,1,1
"RP4-800F24.1",0.0260909970958821,0.297675388284799,1,1,1
"SRP14-AS1",0.0264833485536513,0.428055878129418,1,1,1
"CTB-179K24.3",0.0264996031440035,0.342199160808933,1,1,1
"CTD-2574D22.2",0.0266881647525585,0.287052260054964,1,1,1
"RP11-208N14.5",0.0267579279721188,0.307374011439927,1,1,1
"RP11-476H16.1",0.0269043769333714,0.324742759681679,1,1,1
"RP11-404L6.2",0.0271203171468498,0.246396773103091,0,0.5,1
"MYLK-AS1",0.0272079205423168,0.347587153708191,1,1,1
"RP4-591N18.2",0.0274045605063992,0.296136398117911,1,0.833,1
"RP11-290D2.3",0.0274865045276167,0.162902729599742,1,1,1
"HCG22",0.0274921509941784,0.343056962481303,1,1,1
"AC010145.4",0.0276413653927322,0.0465935875430694,1,1,1
"RP11-393I2.4",0.0277159726617507,0.300398818192194,1,1,1
"RP11-236L14.2",0.0281361548963154,0.212846312107785,1,1,1
"LINC01344",0.0281858940868126,0.0693007629686138,1,1,1
"LINC00351",0.0282302262385679,0.0999024310069299,1,1,1
"CTB-31O20.3",0.0282559207558409,0.283545219594304,1,0.833,1
"CTD-2319I12.2",0.0283159667502431,0.117564327536464,1,1,1
"RP11-143J12.3",0.0283329298659142,0.337240743189278,1,1,1
"CTD-2651B20.3",0.0283354599369973,-0.180599219286555,1,1,1
"RP11-725P16.2",0.0283565583068872,0.33532502075303,1,1,1
"RP11-750H9.5",0.0284895755101813,0.30382456679681,1,1,1
"RP11-395G23.3",0.0285295265092199,0.371081578441878,1,1,1
"RP11-351I21.11",0.0286369172270244,0.233329370032123,0.4,0.667,1
"RP11-491H19.1",0.0286495501831281,0.245051602633644,0.6,1,1
"RP11-542B15.1",0.0286624718160887,0.234327322439584,0.8,1,1
"GAS6-AS1",0.0286710539404733,0.357109589239698,1,1,1
"RP11-261N11.8",0.0289212946488368,0.223916642348554,1,1,1
"RP11-398M15.1",0.0291658385828797,0.251051436970834,0,0.667,1
"AC079776.1",0.0292716636914018,0.190211434758483,1,1,1
"RP11-903H12.3",0.0292980409083246,0.23416326642418,0.8,0.833,1
"CTD-2256P15.1",0.0294191612685324,0.287989715984036,1,0.667,1
"RP11-265E18.1",0.029536027579822,0.216525291366854,1,1,1
"RP11-154D17.1",0.0296057665219974,-0.127721153751376,1,1,1
"PRR7-AS1",0.0297414669146228,0.134658064033143,1,1,1
"OSMR-AS1",0.0297593462692695,0.451349379233979,1,1,1
"CTD-2008L17.1",0.0298781038489794,0.154753922485888,1,1,1
"AC004067.5",0.0299733082575044,0.251388404155972,0.2,0.667,1
"LINC00891",0.0300422594929219,0.0076084207661018,1,1,1
"RP11-521O16.1",0.0300583781375951,0.237490250798668,0.8,1,1
"RP11-499F3.2",0.0302175786390974,-0.0367364053272328,1,1,1
"RP11-146G7.2",0.0302277278308133,0.277780509651637,0.4,0.167,1
"RP11-342K6.4",0.0302573588060081,0.215257281341016,0.8,1,1
"RP11-563J2.2",0.0302956777097802,-0.365771052927171,1,1,1
"AC005592.2",0.0303285230993813,-0.272880092324057,1,1,1
"RP11-707P17.1",0.0303848546833126,0.642705929466414,1,1,1
"LINC00616",0.0304437779519,0.1812208028435,1,1,1
"RP5-1057I20.4",0.0304539434967514,-0.022848810077039,1,1,1
"RP11-644N4.1",0.0304927196286183,0.280910510038833,1,0.667,1
"CTD-2349P21.9",0.0305445241887804,0.153477967896173,1,1,1
"RP11-12K11.2",0.0305766378152311,0.27586302555508,0.8,0.167,1
"AC007106.1",0.0306163365119333,0.37698840057098,1,1,1
"CTD-2288O8.1",0.0307161120207719,0.200980969599925,1,1,1
"CH17-189H20.1",0.0307342969107184,0.408233696826682,1,1,1
"CTD-2572N17.1",0.0307901354612097,0.193556883182885,1,1,1
"CTB-66B24.1",0.0308776418390305,0.304864706130323,1,1,1
"LINC00240",0.0310626248207655,-0.17256753927592,1,1,1
"RP11-797H7.5",0.0310807913118324,0.281703194118168,1,1,1
"RP11-24I21.1",0.0312138086068649,0.0781880399198909,1,1,1
"RP11-354P17.15",0.0313252740561655,0.209308354518909,1,1,1
"RP11-405K6.1",0.0313744750600619,0.236919736052054,0.6,1,1
"RP11-408H1.3",0.0314273577305805,0.285971396580783,1,1,1
"RP1-45I4.3",0.0315872204538858,0.187810368843461,1,1,1
"LINC00323",0.0316420106633512,0.585254330733039,1,1,1
"RP11-679C8.2",0.0316676562475557,-0.214285441778436,1,1,1
"RP1-90J20.8",0.0317805469607976,0.286805928157091,1,0.667,1
"LINC01482",0.0317895454039734,-0.0526999676957276,1,1,1
"PAXIP1-AS2",0.0317930122134096,0.346624863236975,1,1,1
"RP11-744I24.2",0.0318191157691972,0.025985598082976,1,1,1
"C8orf34-AS1",0.0318437379635637,0.334033754751828,1,1,1
"RP11-84C13.2",0.0319136889586392,0.277657572264223,1,1,1
"AC002467.7",0.0321025461052087,0.305972807929455,1,1,1
"AC007682.1",0.0323440028284647,-0.0940079255685489,1,1,1
"RP11-446F17.3",0.0323663116572217,0.328674931118004,1,1,1
"CTD-2009A10.1",0.0324104402923736,0.453775672188583,1,1,1
"AC097721.2",0.0324587242864682,0.349801445833401,1,1,1
"RP11-76E17.3",0.0324772811912934,0.307973508875008,1,1,1
"RP11-286B14.1",0.0325154149502509,0.161165602329432,0.8,1,1
"RP11-166P13.3",0.0326586175740336,0.174539628981607,1,1,1
"SLC2A1-AS1",0.0326689029163117,0.0222003179324854,1,1,1
"CTB-61M7.2",0.0327692434154139,0.276047482685544,0.6,0,1
"CTD-2353F22.1",0.0328458356758205,0.358084152316501,1,1,1
"RP11-489O18.1",0.0330916645291877,0.469479680807379,1,1,1
"RFX3-AS1",0.0331498339705522,-0.47452224350132,1,1,1
"SPACA6P-AS",0.0332310724912724,0.292928680149831,1,1,1
"RP6-109B7.5",0.0335968546750777,0.280403742158948,1,0.667,1
"LINC00271",0.0336538756966932,-0.211532173858053,1,1,1
"RP1-261D10.2",0.0336732564805562,0.103428365212038,1,1,1
"RP11-416N4.4",0.0336792989909901,0.380990217752596,1,1,1
"CTD-2600O9.2",0.0337282801119184,0.29764298818999,1,1,1
"RP11-10H3.1",0.0337292416258531,0.286841710732215,1,1,1
"CTD-2516F10.2",0.0337489599114764,0.385704040327496,1,1,1
"RP11-1348G14.8",0.0338567418143559,0.203152113012413,1,1,1
"LINC01479",0.0339642636832341,0.236329078056294,0.8,1,1
"LINC00879",0.0340376156573254,0.233314456593406,0.6,1,1
"LINC01204",0.0340516019294002,0.224437228611632,0.6,1,1
"LINC00862",0.0340536454198808,0.556094477108859,1,1,1
"CTB-186G2.1",0.0340948485132697,0.286775599465794,1,1,1
"LINC01411",0.0341021360652318,-0.331142586857666,1,1,1
"RP11-204L24.2",0.034319138212476,0.378107631261249,1,1,1
"RP11-386I8.6",0.0344060596922951,0.289593509421178,1,0.667,1
"CTD-2023N9.1",0.0344499606934362,0.197804799094495,0.8,1,1
"RP11-699L21.1",0.0345250514672577,0.228117957345087,0.6,1,1
"CTD-3149D2.4",0.0345739284536305,0.33257996099123,1,1,1
"RP11-274B18.4",0.0345817366363901,0.303258932748838,1,1,1
"RP11-297B17.3",0.0346017537896491,0.288118315158599,0.6,0,1
"AC004014.3",0.0346179604149363,0.27908535301878,1,0.833,1
"CTD-2034I4.1",0.0347099719433136,0.145717113076355,1,1,1
"PSMD6-AS2",0.0347995418842328,0.329487888681284,1,1,1
"RP5-1042K10.10",0.0348451946093089,0.378544967448627,1,1,1
"RP3-507I15.2",0.0349348630873674,0.250653112840359,0.4,0.833,1
"RP11-121A8.1",0.034988939042049,0.280112725509964,0.6,0.333,1
"TMEM92-AS1",0.0350550106307513,0.201930491128965,0.8,1,1
"RP11-501O2.5",0.035096842955005,0.210554621687738,1,1,1
"RP11-98J9.1",0.0354214080299552,0.226704408422233,0.6,1,1
"LINC00968",0.0356630674922262,0.315399922126214,1,1,1
"RP11-61O1.1",0.0356679134991266,0.237422472186176,0.4,0.667,1
"RP13-476E20.1",0.0358335099134398,0.290241773815026,1,1,1
"RP11-158H5.8",0.0359163668803581,0.33102377428643,1,1,1
"CTD-2521M24.6",0.0359651199446103,0.292649551416988,1,1,1
"RP11-501O2.1",0.0361611567391879,0.274069927617918,0.6,0,1
"RP11-15B17.1",0.0363028799806369,0.0354842243353248,1,1,1
"ST7-AS1",0.0363233659323067,0.200540146951092,1,1,1
"CITF22-92A6.1",0.0364440055277599,0.237550622086165,0.6,1,1
"RP11-69I8.3",0.0366067000251658,-0.171470379918341,1,1,1
"RP13-131K19.6",0.0366761876408663,0.282774337199603,1,0.833,1
"RP11-779O18.1",0.0368394340841538,0.252719004547717,0,0.667,1
"GS1-259H13.2",0.0369349799225808,0.212858742757966,1,1,1
"RP11-686O6.1",0.0370580499973321,0.246572294982139,0.4,0.667,1
"RP1-187B23.1",0.0374093075567381,0.404721240278364,1,1,1
"RP11-479G22.8",0.0374723864058567,0.298919513119827,1,1,1
"RP11-535A19.2",0.0375378096317384,0.280431100389186,1,1,1
"MCM3AP-AS1",0.0375610937072725,0.344744503343954,1,1,1
"RP11-265N6.1",0.0380746162712647,0.293469853395098,1,1,1
"RP11-469A15.2",0.0381074318570179,0.4715325611655,1,1,1
"LINC00638",0.0381804537606122,0.315190593285559,1,0.833,1
"RP11-10N16.3",0.0381924928082263,0.290955093850063,1,0.833,1
"RP11-350N15.4",0.0382398231991104,0.318429820282122,1,1,1
"AC007131.1",0.0383070829389703,0.116587325361721,1,1,1
"RP11-368I23.2",0.0383098563104953,-0.0535723928225205,1,1,1
"RP11-367G18.1",0.0389562822408815,0.245042362557269,0.4,0.833,1
"SLCO4A1-AS1",0.0393186563289169,0.284745829758847,1,1,1
"SLC8A1-AS1",0.0394026013926382,0.440622326681261,1,1,1
"AC093642.6",0.0396243962932301,0.234362882238013,1,1,1
"RP11-332H14.1",0.0397610816764631,0.279788494567261,0.8,0.5,1
"CTD-2537I9.12",0.0397760446262252,0.362549923901604,1,1,1
"AC079586.1",0.0399114743164584,0.293831424386502,0.8,1,1
"RP11-42I10.1",0.0399564222348665,0.306010991777182,1,1,1
"TMCC1-AS1",0.0401667340129458,0.309527336690554,1,1,1
"AC009495.2",0.0403009834287035,0.290710764934051,1,0.833,1
"AC147651.1",0.0403864455698699,0.247510447692331,0.2,0.667,1
"AC096649.3",0.0407102891230722,0.221065290495659,1,1,1
"AP001605.4",0.0407154318330556,0.235791437986856,1,1,1
"MAN1B1-AS1",0.0408117448123951,0.147612043174454,1,1,1
"CTB-161M19.4",0.0408390180875402,-0.0680710069440928,1,1,1
"RP11-242O24.3",0.0409064131527208,0.283179417255225,1,0.667,1
"RP11-662G23.1",0.0409195360729019,0.0576435581228565,1,1,1
"RP11-344B5.2",0.0409244684265575,0.28138964930998,1,0.667,1
"LINC01127",0.0409288279254451,0.277901517415412,0.8,0.333,1
"RP11-370I10.6",0.0409302400583226,-0.134286113938708,1,1,1
"RP11-247A12.8",0.0409440621230735,0.284282563090547,1,0.833,1
"RP11-353N14.4",0.0412315745321982,0.144870595146823,1,1,1
"RP11-861E21.1",0.0413821467828569,0.206252745939644,1,1,1
"RP11-813I20.2",0.0413993770583296,0.375688335561587,1,1,1
"AC005616.1",0.0414216185596932,0.129665532044106,1,1,1
"LINC01429",0.0414840313006412,0.209999629276768,1,1,1
"AP001601.2",0.041514521391762,0.193968613586124,1,1,1
"DANT2",0.0415519917345349,-0.300262377690195,1,1,1
"RP11-281P23.1",0.0416036079790258,0.298350482657764,1,1,1
"RP11-95H11.1",0.0416740901810972,0.251531749839443,0,0.667,1
"LINC01588",0.0416759989705751,0.477227517695887,1,1,1
"AC100802.3",0.0419450893575933,0.242321497103034,0.4,0.833,1
"AC008746.12",0.0419870791852208,0.188075377202193,1,1,1
"TMEM51-AS1",0.042165077913317,0.302157343955321,1,1,1
"RP11-532F12.5",0.042284220831909,0.282216600712638,0.8,0.333,1
"RP13-270P17.2",0.0423010901136494,0.338772856522274,1,1,1
"DPH6-AS1",0.0423842379020879,0.413790297900358,1,1,1
"LINC00664",0.0425189122569279,0.248120065464491,0.4,0.833,1
"RP11-654A16.3",0.0428014819135356,-0.037980673332209,1,1,1
"RP11-523L20.2",0.0428058177722702,-0.0678398180234219,1,1,1
"AC007796.1",0.042898732085058,0.0227729183748431,1,1,1
"RP11-283I3.2",0.0430818107790486,0.214118645355243,1,1,1
"RP11-379F4.9",0.0430826363856867,0.233356796993282,0.8,1,1
"RP11-313P22.1",0.0431442658694885,0.273378793350777,0.6,0,1
"AC009892.10",0.0432229374859722,0.275307642514389,0.6,0,1
"RP5-896L10.1",0.0432420174957537,-0.184341182077837,1,1,1
"RP4-778K6.3",0.0434281854523424,0.200230379839384,1,1,1
"AP000230.1",0.0436178167959006,0.352662663203767,1,1,1
"RP11-245J9.4",0.0436287876822336,0.293435104810037,1,1,1
"RP13-270P17.3",0.0440477042763889,0.291988490252017,1,0.833,1
"SLC14A2-AS1",0.0442136700493983,0.186053747534246,1,1,1
"CTC-429P9.2",0.0442624810641517,0.288893435205791,1,1,1
"RP11-92A5.2",0.0443376551673976,0.19990739877016,0.4,0.667,1
"AC135050.5",0.0443757075937111,0.28969506823592,1,1,1
"LINC00649",0.0444227218468174,0.317228509120498,1,1,1
"RP11-734K23.9",0.0445405386668219,0.21675522933572,1,1,1
"RP11-415C15.2",0.0445642700386035,0.294199178841521,1,1,1
"RP11-504A18.1",0.0446068521232082,0.290167239568869,1,1,1
"CTB-111F10.1",0.0446278581518523,0.234056747779027,1,1,1
"RP1-292B18.4",0.0446554844275811,0.330910718640712,1,1,1
"RP5-1086L22.1",0.0447335399564869,0.201865344835982,1,1,1
"RP11-753A21.1",0.0447514099488827,0.236241363757752,0.6,0.833,1
"AP001595.1",0.0447850058084434,0.273503780023409,0.8,0.167,1
"RP11-81K2.1",0.0450500372077127,0.378438826295074,1,1,1
"OTUD6B-AS1",0.045059491134883,0.374609990293371,1,1,1
"RP11-677M14.3",0.0451466837560014,0.29912251080901,1,0.833,1
"RP11-666A8.8",0.0452479175745239,0.289098778142375,1,1,1
"MIR3663HG",0.0456285071869283,0.206116891929782,0,0.5,1
"LINC00992",0.0457384660005261,0.189327690277102,1,1,1
"AC062028.1",0.0458982628649515,0.219146318409888,0.8,1,1
"RP11-63G10.4",0.0459307918921833,0.181242533382298,0.8,1,1
"RP11-983P16.4",0.0459869176263394,-0.106265809760718,1,1,1
"RP11-152D8.1",0.0460157434569727,0.206830081176617,1,1,1
"RP11-408O19.5",0.0460580799357522,0.237768735284302,0.6,1,1
"RP11-736K20.5",0.0462547984725079,0.00698479107418093,1,1,1
"RP4-564F22.5",0.0463266502857335,0.20735253043216,1,1,1
"LINC01285",0.0464694804281385,-0.157591016646597,1,1,1
"LINC00540",0.0464983577128558,0.0483068970658214,1,1,1
"RP13-631K18.2",0.0465359016209738,0.246657852700959,0.2,0.833,1
"RP11-1277A3.1",0.0466017586261089,0.29626591002327,1,1,1
"CTB-58E17.1",0.0466340586133412,0.290916874338952,1,1,1
"PLBD1-AS1",0.0466518873967954,0.301067542194788,1,1,1
"RP1-221C16.8",0.0468931627585828,0.298419229746429,1,1,1
"RP11-397A16.1",0.0469092781339169,0.223878903398204,1,1,1
"LINC00571",0.046959184718995,0.102081858450347,1,1,1
"LINC01352",0.0470054663436423,0.282433223302857,1,0.5,1
"DIAPH2-AS1",0.0471115374749498,0.375151463608603,1,1,1
"AC002454.1",0.0473537205946499,0.226237894307596,1,1,1
"RP11-9B6.1",0.0474662172051325,0.276346758599495,0.6,0.167,1
"RP3-476K8.3",0.0475606848487351,0.307446817995356,1,1,1
"TMEM72-AS1",0.0475872626959842,-0.195978416164546,1,1,1
"RP4-728D4.2",0.0477169749378607,0.310078280464253,1,1,1
"AC104135.2",0.0478960808215508,0.12594907596555,0.6,0.833,1
"C8orf87",0.0480501242477444,0.201468209748423,0.8,1,1
"RP11-689P11.2",0.0481894880425356,0.10242392847381,1,1,1
"RP11-5C23.2",0.0482396461983353,0.276725034132022,1,1,1
"MORF4L2-AS1",0.0485030849950449,0.147664079681826,1,1,1
"RP11-540A21.2",0.0485895634442992,0.281326327682264,1,0.5,1
"CTC-232P5.3",0.0486621861302519,0.306929177224436,0.8,0.667,1
"RP11-464F9.21",0.0487105327189277,0.0265944503658762,1,1,1
"RP11-617F23.1",0.0487784569007584,-0.0705090585886918,1,1,1
"RP11-178L8.7",0.0488278736784374,0.213731969263109,1,1,1
"RP11-517P14.2",0.0490958618030672,0.309620184723691,1,0.833,1
"RP11-665C16.5",0.0491075603107291,0.349457981136243,1,1,1
"AF146191.4",0.0492061851942366,0.388974649881658,1,1,1
"RP11-575A19.2",0.0493426832832108,0.312100742201206,1,0.667,1
"RP11-56B16.5",0.0494782907196498,0.3233740050764,1,1,1
"CTD-2396E7.11",0.0495082721670409,0.272267087994254,0.6,0,1
"HIPK1-AS1",0.0495890768758625,0.155751419954551,1,1,1
"AC093063.3",0.0495944371723384,0.290926800152918,1,0.833,1
"SRGAP2-AS1",0.0496226907643633,0.343564579685409,1,1,1
"RP1-79C4.1",0.0496474622614846,0.240624873691731,0.6,1,1
"C9orf106",0.0496700200506723,0.239163339511915,0.6,0.833,1
"RP4-607I7.1",0.0498730876887561,0.279720531958692,0.6,0.5,1
"RP5-1021I20.1",0.0499065148574878,0.059763045356747,1,1,1
"LACTB2-AS1",0.0500487942909976,0.312701203922925,1,1,1
"THUMPD3-AS1",0.0500875857488141,0.381800076646018,1,1,1
"DCTN1-AS1",0.0502225688460119,0.0883287895670573,1,1,1
"RP1-111D6.4",0.0502537922087368,0.28527760730952,1,0.833,1
"RP11-713N11.6",0.0503579493639161,0.28173976685426,0.8,0.667,1
"LINC00964",0.0504322264036866,0.183321111628389,1,1,1
"RP4-736H5.3",0.0504885219605739,0.273475569188689,0.6,0,1
"RP11-725M22.1",0.0505993322970023,0.384771726162178,1,0.833,1
"CTC-525D6.2",0.0506030749028786,0.0740686159990041,1,1,1
"RP11-495P10.6",0.0506131369506923,0.247516693883591,0.2,0.833,1
"RP4-798A10.7",0.0506875243227581,0.184290398052637,1,1,1
"LINC00407",0.0507267451727298,-0.0190928690482814,1,1,1
"RP11-95O2.1",0.0509484546815279,0.224971345295289,0.6,1,1
"AF064858.8",0.0509713723756828,0.335498423252753,1,1,1
"RP11-567M16.3",0.0510726372624598,0.131291722297624,1,1,1
"RP11-418J17.3",0.0510770154631337,0.132732198758117,1,1,1
"RP11-469N6.1",0.0513152331223402,0.254493123187724,0,0.667,1
"RP11-1007O24.3",0.0517229440324372,0.334604337633,1,1,1
"FLJ33360",0.0518751216107972,0.107862267236882,1,1,1
"AP000302.58",0.05223957967631,0.296449450821426,0.8,0.833,1
"RP5-1159O4.1",0.0523217685132243,0.0851798624204818,1,1,1
"RP11-84A19.2",0.0527960283214708,0.285268089847487,0.8,0.667,1
"BAALC-AS1",0.0528409612357263,0.4639246450022,1,1,1
"CTB-1I21.1",0.0529372996169058,0.210191510999157,1,1,1
"RP11-286H15.1",0.0530123675218573,0.181434577933021,0.8,0.833,1
"AP000343.2",0.0530540013627126,0.318670477486855,1,0.833,1
"RP11-120D5.1",0.0532530025616126,-0.0980019951872941,1,1,1
"LINC00484",0.0532538048550194,0.316946951690133,1,1,1
"RAET1E-AS1",0.0533302212942824,0.0934626266176664,1,1,1
"RP11-440L14.4",0.0533720988337317,0.229441005034853,0.6,1,1
"RP11-299J3.8",0.0534606005929858,-0.0541543560590658,1,1,1
"RP11-679B19.2",0.0536197963673736,0.305751161833239,1,1,1
"RP11-13N12.2",0.0538338507919215,0.279623344776964,1,0.833,1
"RP11-380N8.7",0.0540366657315805,0.224818760811972,1,1,1
"RP11-217C7.1",0.0540921386274708,0.148506098965623,0.8,1,1
"RP11-467I17.1",0.0542136951127749,0.279998639242756,0.8,0.167,1
"RP11-3G21.1",0.0543041899404816,0.274174881259439,0.6,0.167,1
"RP11-557H15.3",0.0543939973320359,-0.139644060980179,1,1,1
"RP11-23P13.6",0.0544723012474646,0.273006569607641,0.6,0,1
"RP11-20A20.2",0.0545308593133221,0.224705076041432,0.6,1,1
"LINC01498",0.0547782872417846,0.236048333129905,0.6,1,1
"RP11-50C13.1",0.0549235216400612,0.287700342586489,0.8,0.5,1
"AF064858.7",0.0550978300389705,0.290336060557259,1,0.833,1
"LGALS8-AS1",0.0551328299071989,0.251724304231822,0,0.5,1
"LINC01349",0.0553731120501935,0.235189072553089,1,1,1
"AC104654.2",0.0556312430111521,0.277553066146568,0.4,0,1
"RP11-977B10.2",0.0557203925568076,0.296346520997988,1,1,1
"KCNK15-AS1",0.0557557391215398,0.0251197171485307,1,1,1
"B3GALT5-AS1",0.0561272061458734,0.296107115679577,1,1,1
"RP3-467L1.4",0.0562982802875457,0.318284680748455,1,1,1
"RP11-1437A8.6",0.0563189442150197,0.307451997977195,0.8,1,1
"RP11-115J16.1",0.0564553670017281,0.296422332664531,1,1,1
"RP11-145G20.1",0.0566058632700048,0.130313266177189,1,1,1
"RP1-153G14.4",0.0566981562334916,0.238556817879471,0.8,1,1
"AC007773.2",0.0570332397326352,0.299272403685051,1,1,1
"CH507-145C22.1",0.057241070773199,0.284676540343136,0.8,0.667,1
"RP11-428F8.2",0.057383309581778,0.288692518669212,1,0.833,1
"AC061992.2",0.0573875891299713,0.236464387347775,1,1,1
"AC002383.2",0.0574269113703341,0.153861015264557,1,1,1
"RP11-13P5.1",0.0574951391445711,0.274070871323183,0.6,0.167,1
"RP11-542G1.1",0.0575341043354743,0.162625266439486,1,1,1
"BOLA3-AS1",0.0576626651833591,0.311397723281919,1,1,1
"RP11-621L6.3",0.0576702350395843,0.316014436139605,1,1,1
"RP11-753H16.3",0.0576884454659948,0.233132840948295,0.8,1,1
"ITGB5-AS1",0.0577136011993248,0.304336474533841,1,1,1
"RP11-379C10.1",0.0577232670917027,0.243565734892874,0.4,1,1
"RP11-295K2.3",0.0579398151332384,-0.132161804085062,1,1,1
"RP11-956E11.1",0.0579615175518858,0.288766292034374,1,1,1
"CTC-490G23.6",0.0579832554437527,-0.0802588159030031,1,1,1
"RP11-295G20.2",0.0580319899298596,0.293919802688485,1,1,1
"RP11-276E17.2",0.0581934552427611,0.273740894524589,0.6,0.167,1
"RP11-377G16.2",0.0583441772167185,0.193223136806291,1,1,1
"RP13-650J16.1",0.0583712459526329,0.285339695066741,1,1,1
"AC016995.3",0.0584445433691605,0.154144153191372,1,1,1
"PSMG3-AS1",0.0584882621213792,0.100570015642286,1,1,1
"CTD-3023L14.1",0.0585098607131536,0.285510187686465,1,1,1
"CTD-2002J20.1",0.0585435470187675,0.251355552487128,0,0.5,1
"RP11-238K6.1",0.059157411551928,0.0467806390518579,1,1,1
"CTB-118N6.2",0.0591620188000806,0.17842960674333,1,1,1
"AC079779.6",0.0593443839182025,0.2936043197601,1,1,1
"RP11-83A24.2",0.0593548900058447,0.41704512760121,1,1,1
"CTD-2014B16.3",0.0594510563055308,0.196219492571986,1,1,1
"RP11-17E3.1",0.0596658108726612,0.238005979576104,0.6,0.833,1
"RP11-134L10.1",0.0596712497993075,0.332433609201037,1,1,1
"RP11-429P3.5",0.0596959696733449,0.285028574006374,1,1,1
"RP11-410D17.2",0.0598168165337475,-0.235679552947661,1,1,1
"RP11-424N24.2",0.05984972984585,0.223138183489695,0.8,1,1
"LINC00402",0.0599475946749138,0.290727490819899,1,1,1
"RP11-351M8.2",0.0600240270673695,-0.0929440076531238,1,1,1
"KIF25-AS1",0.060157503722451,0.287741467795903,0.8,0.667,1
"RP11-325B23.2",0.0601784408187049,0.213547321593293,1,1,1
"NAPA-AS1",0.0603378698354876,0.301302809645599,1,1,1
"AC005237.4",0.0603507730026096,-0.0219065889339087,1,1,1
"RP5-965G21.3",0.0604296298988522,0.291098483888593,1,1,1
"LINC00365",0.0604943108230267,0.248718205391774,0.2,0.667,1
"CTB-58E17.3",0.0607272585203511,0.281524698542897,0.8,0.5,1
"AC004160.4",0.061522172853923,0.212683239311416,0.8,0.833,1
"AC005786.7",0.0615418244008522,0.0895981374574664,1,1,1
"LINC00868",0.0615555271055797,0.232320249288147,1,1,1
"AC142119.1",0.0619046676024574,0.244552817563839,0.8,1,1
"CTC-347C20.2",0.0621397890535162,0.319523706964516,1,1,1
"RP11-15E18.4",0.06237075714239,0.246480709001955,0.6,0.833,1
"AP000697.6",0.0624694848318152,0.252504285301409,0,0.5,1
"LINC00299",0.062640210783158,-0.291394577906665,1,1,1
"RP11-117D22.2",0.0626835536821983,0.282607307147499,1,0.667,1
"RP11-126L15.4",0.0627874758231219,0.196891844128897,1,1,1
"RP11-518L10.5",0.0628605337341651,0.368061875886975,1,1,1
"LINC01117",0.0629055539973799,0.232583142146632,1,0.833,1
"AP000233.4",0.0631181403892943,0.328334408516506,1,1,1
"RP11-282I1.2",0.0631766032287743,0.247724830357066,0.2,0.5,1
"RP1-249F5.3",0.0633066908218685,0.24769175580807,0,0.333,1
"MBNL1-AS1",0.0634510633415646,0.236592009294582,1,1,1
"CTD-2210P24.6",0.0634866516797081,0.233204492747195,0.6,1,1
"LINC00519",0.0635579354757689,0.281864037488144,1,1,1
"XXbac-B444P24.14",0.0635791557218835,0.235613854062918,1,1,1
"RP11-693J15.6",0.0635815638239077,0.275783398482421,0.4,0,1
"RP5-1068E13.7",0.0638374878242407,0.167081706857346,1,1,1
"AC093609.1",0.0638401791794265,0.245916950767618,0.2,0.667,1
"AC005224.2",0.0639051827571386,0.301725899236162,1,1,1
"RP11-783K16.14",0.0642195724186305,0.332634503801023,1,1,1
"RP11-807H7.2",0.0645785212005903,0.244407085001886,0.4,0.833,1
"RP11-202G18.1",0.064629516828136,0.352647689706943,1,1,1
"RP3-393E18.2",0.0648960207727574,0.283748952811726,0.6,0.5,1
"RAMP2-AS1",0.0651193029721472,0.319722805440381,1,1,1
"bP-2171C21.3",0.0653008460625598,0.240597612782255,0.6,1,1
"RP11-33H15.1",0.0653194437090641,0.228342721536645,0.6,0.833,1
"LVCAT5",0.065433095670864,0.280600096034409,1,1,1
"TEX41",0.0661608648568691,0.0535456962789043,1,1,1
"GACAT3",0.0663175297756776,0.101546555871362,1,1,1
"RP11-487E13.1",0.0663195001070437,0.235321776274045,0.6,0.833,1
"RP11-131L12.3",0.0664907165564518,0.289202483768603,1,1,1
"CTB-147C22.8",0.0665250189659963,0.293796031006072,0.8,1,1
"SCOC-AS1",0.066654175083346,0.0139609889367733,1,1,1
"CTD-2015G9.2",0.066674896859858,0.235329136943323,0.8,0.833,1
"AC138035.2",0.0667877547722693,0.0718424233019264,1,1,1
"RRS1-AS1",0.0668459935057513,0.210357577595418,1,1,1
"WASIR2",0.066873497639158,0.285804948931216,0.8,0.667,1
"LINC01272",0.0669672085167606,0.299225103399322,0.6,0.167,1
"RP11-16C1.3",0.0671051590661185,0.465432902907274,1,1,1
"RP13-616I3.1",0.0671086150123932,0.224101626816253,1,1,1
"RP11-395N3.2",0.0671548780433723,0.308147317560125,1,1,1
"EWSAT1",0.0673628743680444,0.232292615333724,1,1,1
"RP11-402J6.1",0.0674669595554689,0.207671113223012,1,1,1
"NUTM2B-AS1",0.0676024753393362,-0.20197598483438,1,1,1
"AF131216.5",0.0676562141735762,0.276214876671367,1,0.833,1
"AC017060.1",0.0677272064450589,0.32727027414226,1,1,1
"RP11-445F6.2",0.0678428457384516,0.283280504886323,1,0.833,1
"RP11-59C5.3",0.0679917466389913,0.280348310941097,1,0.833,1
"CTD-2023N9.2",0.0682787637560311,0.236424206716234,0.8,1,1
"AP003068.23",0.0683791638247578,0.294867078021507,1,1,1
"SERTAD4-AS1",0.0683971091910476,0.363452304391698,1,1,1
"LINC01268",0.0684462206925308,0.333217505183854,1,1,1
"RP11-730G20.1",0.0685105730256855,0.283960604616177,0.8,0.5,1
"IL21R-AS1",0.0685293960466992,0.174246118670418,1,1,1
"CTD-2227I18.1",0.0685939525155632,0.325985046803927,1,1,1
"RP11-872J21.3",0.0687528346852753,0.287276533281811,1,1,1
"RP11-38L15.2",0.068766121953132,0.0425562632148382,1,1,1
"RP5-1070A16.1",0.0688428380617942,-0.134825812657186,1,1,1
"RP11-458K10.1",0.0688488605921963,0.303684161464913,1,0.667,1
"RP11-624C23.1",0.0690216231414317,0.689758663611819,1,1,1
"CTD-2616J11.9",0.0690932722065287,0.242071564690577,0.6,1,1
"LINC01297",0.0691698222717339,0.233920455972772,0.4,0.667,1
"MIR3976HG",0.0694073718075508,0.243488345591617,0.4,1,1
"AC005754.8",0.0694458374421533,0.20979242925096,1,1,1
"AC012354.6",0.0694749005013241,0.235888401919718,0.4,0.5,1
"TMEM147-AS1",0.0698096998689416,0.128038051973755,1,1,1
"AC023137.2",0.0699546030900466,0.240553473044442,0.4,0.833,1
"RP11-154H17.1",0.069976450481425,0.0914961893479425,1,1,1
"AC008079.10",0.0700247751570995,0.288761987146712,1,1,1
"PCAT19",0.0700743351568637,0.450612204979746,1,1,1
"CTD-2269F5.1",0.0703803893102138,-0.12017150748813,1,1,1
"RP5-1057I20.2",0.0705531453096719,0.275782065767022,0.8,0.333,1
"RP11-275H4.1",0.0706232610716657,0.099558566027599,1,1,1
"RP1-124C6.1",0.0707730447009188,0.249938206845451,0.2,0.667,1
"RP11-260M2.1",0.0714597830456283,0.0841689820130374,1,1,1
"CTD-2083E4.6",0.0714827070101893,0.280941399631359,1,0.667,1
"RP11-521D12.5",0.0718695146255948,0.281003819145729,0.6,0.5,1
"ENTPD1-AS1",0.0720065884758675,-0.174452561309241,1,1,1
"AC079610.2",0.0720067643653741,0.212856088776759,1,1,1
"CA3-AS1",0.0720291990620214,0.312096305115226,1,1,1
"RP11-13N13.6",0.0720386847070067,0.283315153152093,1,0.833,1
"RP11-115J16.2",0.0722091509600914,0.290393883813386,1,1,1
"RP4-781K5.4",0.0722217580475889,0.212296487731013,1,1,1
"RP11-99L13.1",0.0723927073677922,0.291115497629346,1,1,1
"DNAJC27-AS1",0.0724095492169722,-0.156384337447445,1,1,1
"RP11-573G6.10",0.0727578130489419,0.251408410646983,0,0.5,1
"AL450992.2",0.0728932054305854,0.196227110526173,1,1,1
"AC098872.3",0.0729605971861096,0.241477971172203,0.4,0.667,1
"AC002310.7",0.0730311129793119,0.308642097808663,1,1,1
"RP11-94I2.4",0.0730378989318517,0.224790982079562,1,1,1
"ZNF337-AS1",0.0730383287046022,-0.0574953609473261,1,1,1
"AC015691.13",0.0732618868432381,0.455214555992522,1,1,1
"RP11-538I12.2",0.073287518463316,0.284563860877256,1,1,1
"RP11-461M2.2",0.0734262193639525,0.279687148204072,0.6,0.333,1
"RP11-263K4.3",0.0735934767604149,0.24658267695716,0.4,0.833,1
"CTD-3131K8.2",0.0736749164192163,0.371075666771955,1,1,1
"HAND2-AS1",0.07382666472008,0.292810672851643,1,1,1
"RP3-510D11.2",0.0739050721372852,0.31416170812504,1,1,1
"RP11-180I4.2",0.0739497869460526,0.214939077459871,1,1,1
"CTB-41I6.2",0.0739929867518422,0.280329848345003,0.8,1,1
"RP11-354A14.1",0.0740360080184794,0.226034204354738,1,1,1
"AC009410.1",0.0740592046131527,0.22363735849815,0.8,1,1
"CTD-3220F14.3",0.0741160470789873,0.283654922283278,1,1,1
"MIR646HG",0.0743862465649858,0.686234310626071,1,1,1
"LINC01600",0.0745413882437114,0.327012363919983,1,1,1
"CTD-3105H18.7",0.0745904844682633,0.285756169564824,1,1,1
"RP11-260G13.1",0.0747083938238492,0.215057271182018,0.2,0.5,1
"NCK1-AS1",0.0748082299764417,0.333562002445002,1,1,1
"RP11-166D18.1",0.0748648439781538,0.291613171625188,1,1,1
"RP11-779P15.2",0.0751656740226147,0.292743794645941,1,0.667,1
"RP11-883G14.1",0.0753189706769867,0.293897783256242,1,1,1
"AC098823.3",0.0754669708234566,0.279946298571287,0.8,0.5,1
"CARD8-AS1",0.0757262913603827,0.291023407450039,1,1,1
"RP11-127L20.3",0.0758699780962772,0.24634296965864,0.4,0.667,1
"AC010127.3",0.0758818847531584,0.616367846300028,1,1,1
"RP11-431M7.2",0.0760386374628297,0.318813995673249,1,1,1
"CTC-367J11.1",0.0761191347570158,0.174974737891911,1,1,1
"RP11-363J20.1",0.0763303604893774,0.360947129706956,1,1,1
"RP1-28O17.1",0.0766292466784228,0.278369233218098,1,0.833,1
"RP11-88H10.2",0.0768519719009886,0.271292100312681,0.6,0,1
"AP000640.10",0.0768729175447777,0.24473353364964,0.4,0.833,1
"RP11-540E16.2",0.0768850914956642,0.249339580684305,0.2,0.667,1
"RP5-1116H23.6",0.0769433116358607,0.236094430644237,0.8,1,1
"LINC01354",0.0770258677636562,0.332549042220504,1,1,1
"MYCNUT",0.0771515720034377,0.249244792582194,0.4,1,1
"RP11-253M7.4",0.0771809811695034,0.288468627098235,1,0.833,1
"RP11-308D13.3",0.0772729720536485,0.236425594711157,0.6,0.833,1
"RP11-356K23.1",0.0773467619931445,0.624046748909633,1,0.833,1
"LINC01185",0.0774579886620885,0.122330989772123,1,1,1
"LINC01501",0.0774668419677291,0.229718940601045,1,1,1
"ADAMTS9-AS1",0.0775118659939194,0.345861373787929,1,1,1
"RP3-525N10.2",0.0775472888344434,-0.237685681815441,1,1,1
"RP11-439A17.4",0.0775589856063722,0.203408712156135,1,1,1
"DNAJC3-AS1",0.0775841346713589,0.377637853228609,1,1,1
"LINC01011",0.0776848210278155,0.306574010985841,1,0.833,1
"RP11-230G5.2",0.077797002787184,0.287346685962495,1,1,1
"RP5-945I17.2",0.0778770815893895,0.2498959988655,0,0.333,1
"RP11-268P4.5",0.0779561985187455,0.172064433868103,1,1,1
"CH17-408M7.1",0.0780561758270924,0.222998640801127,0.8,1,1
"RDH10-AS1",0.0781474459101166,0.292433005614706,1,1,1
"LINC00944",0.0781793664878997,0.273921988502719,1,0.833,1
"RP11-384F7.1",0.0782177513908789,0.317095342075506,1,1,1
"RP11-179A10.1",0.0782346137372741,0.238058090672832,0.6,1,1
"RP11-597D13.8",0.0782764843107138,0.284009231688583,1,1,1
"RP11-594C13.1",0.0784825256385945,0.13998645743037,1,1,1
"RP11-587H10.2",0.0787520806097393,0.289758745336835,1,0.667,1
"NRAV",0.0789557329209043,0.309026442422589,1,1,1
"AC018717.1",0.079010836532097,0.645072127569185,1,1,1
"RP5-1031D4.2",0.0790917334651071,0.325774227552186,1,1,1
"RP11-329N22.1",0.0792351146900665,0.241401449898765,0.4,0.833,1
"LINC01221",0.079337489392939,0.198875030973075,1,1,1
"MIR22HG",0.0795885575791702,0.145291940988197,1,1,1
"AC007403.2",0.0796285802379535,0.276721638874498,0.6,0.167,1
"AC002398.11",0.079785244193138,0.273955780550709,1,1,1
"AC093627.12",0.0798859163599243,0.297407107544418,1,1,1
"MIR137HG",0.0800390956675319,-0.466894324223192,1,1,1
"RP3-380B8.4",0.0800867669587646,0.180678980554256,1,1,1
"LINC01184",0.0801514652247576,-0.21687519591089,1,1,1
"RP11-190P13.2",0.0801748788161152,0.106867985399869,1,1,1
"AC006547.8",0.0801806896009428,0.290324779374826,1,1,1
"RP11-501O2.4",0.0802143671608858,0.229796166928236,0.8,0.833,1
"RP11-218E20.2",0.0802326983957729,0.239412897122489,0.6,1,1
"RP11-10C24.3",0.0802404118952845,0.216808057295395,0.8,1,1
"LA16c-329F2.1",0.0804074659954658,0.271830102300748,0.8,0.167,1
"RP11-434D9.1",0.0804699034786188,-0.1317510699753,1,1,1
"PART1",0.0804970311858992,0.122544546266806,1,1,1
"AC097468.7",0.0808141476649576,0.195238961405281,1,1,1
"RP1-166H1.2",0.0811504250586898,0.274424989572922,1,0.5,1
"RP4-647C14.2",0.0812172944373512,0.278563582566407,0.8,0.667,1
"LINC01266",0.0812650575584944,-0.162186999647178,1,1,1
"RP11-923I11.4",0.0812764769896474,0.217095036741624,1,1,1
"ZBED5-AS1",0.0812804864598448,-0.0384680641911486,1,1,1
"RP11-505K9.1",0.0814428033155015,0.199647035767172,1,1,1
"AC012593.1",0.0817820497735292,-0.531364469455025,1,1,1
"AC004702.2",0.0818666167831664,0.349418447094212,1,1,1
"RP11-861E21.2",0.0821830953263659,0.14188452632396,1,1,1
"RP11-203L2.4",0.0823111368768683,0.280615016684103,0.8,0.833,1
"RP11-354I13.1",0.0824376651961191,0.250869717584416,0,0.333,1
"RP11-378A12.1",0.0825648933132011,0.135975435141773,1,1,1
"CTA-929C8.6",0.0826217251044439,0.275785960307048,0.4,0,1
"LINC01151",0.0826825784280231,0.274531191440965,0.8,0.333,1
"RP11-148B18.1",0.0827355560608423,0.244247870718651,1,1,1
"CTB-33O18.1",0.0829090571264396,0.255668738746381,0,0.667,1
"CH17-302M23.1",0.0829281128664326,0.27219619642987,0.6,0.167,1
"RP11-266K4.14",0.0831736731119071,0.0949494833441153,1,1,1
"RP4-597N16.4",0.0833242861962386,0.281272421005012,1,1,1
"RP11-499O7.7",0.0833949475245638,0.27430652655215,0.6,0.333,1
"RP11-362F19.1",0.0834261487688967,0.336758964952268,1,1,1
"RP11-94C24.6",0.0834941715463836,0.287065187507782,1,0.667,1
"RP5-944M2.3",0.0835881593623059,0.185340716044162,1,1,1
"RP11-809C18.3",0.0835914649475173,-0.0568000547733898,1,1,1
"RP11-152C17.1",0.083710409128757,0.250563993729711,0.2,0.5,1
"SLC26A4-AS1",0.0839654648429173,0.224402682819634,0.6,0.833,1
"RP11-365N19.2",0.0842863070170185,0.327241017690107,1,1,1
"TMEM26-AS1",0.084323519314819,0.230940343256547,0.8,1,1
"RP11-390P2.4",0.0844115899959047,0.339209052000299,1,1,1
"RP11-66B24.2",0.0845960628669612,0.322544906632932,1,1,1
"LINC00620",0.084611942661877,0.141642045152127,1,1,1
"AC073635.5",0.0846206107338887,0.292566370189602,1,1,1
"MIR181A2HG",0.08465818737145,-0.0875065353632661,1,1,1
"AC097713.3",0.0847264504352353,0.30740620711387,1,0.833,1
"RP11-45F15.2",0.0851254768692561,0.298602882708106,1,1,1
"SATB2-AS1",0.0853107547238848,0.297425200163241,1,1,1
"RP11-471L13.2",0.0853748955120848,0.272060393712388,0.6,0.167,1
"RP11-276M12.1",0.0854446915571784,0.236099096990446,1,0.833,1
"AC093326.3",0.0857173561165994,0.270656200861537,0.6,0.167,1
"LINC01160",0.0857661557641595,0.281797938034834,1,0.5,1
"RP11-214N9.1",0.0858641948682986,0.176040424993102,1,1,1
"RP11-936I5.1",0.0861679231325965,0.279476712350189,1,0.5,1
"AC073283.4",0.0864006380161942,0.407543577697478,1,1,1
"LINC01235",0.0865696146195682,0.287360028676606,1,0.833,1
"RP11-375I20.6",0.0869074444846281,0.235403827251364,0.6,1,1
"AC007192.6",0.0870072444977825,0.404299938061051,1,1,1
"NUTM2A-AS1",0.087009664806701,-0.231963044316852,1,1,1
"RP11-507K2.2",0.0872521336294214,0.198608924938213,1,1,1
"AC005355.1",0.0873001987182203,0.128128820440321,1,1,1
"CRAT37",0.0874989760042391,0.311685449332936,1,1,1
"RORA-AS1",0.0875267405434222,0.309417267589481,1,1,1
"C1orf140",0.0877099890435132,0.19871938090775,1,1,1
"AC073133.1",0.0877346946137935,0.23912565659607,0.6,0.833,1
"RP1-278C19.8",0.0877535652243298,0.246625376118623,0.6,1,1
"RP11-245J9.6",0.0877558910032173,0.28446825379874,0.8,0.833,1
"AP000439.1",0.0880447026762583,0.277291802025938,0.8,1,1
"RP11-102M11.2",0.0881144676145441,0.235299189753775,1,1,1
"RP11-181B18.1",0.0884067300074902,0.0731668760269497,1,1,1
"LINC01123",0.0884802465752442,0.228419017370773,0.4,1,1
"CTD-3065J16.9",0.0885399961430504,0.280942423966803,1,1,1
"RP11-430G17.3",0.0885655242611241,0.0812565767846616,1,1,1
"CNTN4-AS2",0.0887430785590588,0.303929688627399,0.8,0.833,1
"CCDC13-AS1",0.0887860207540811,0.10305365963642,1,1,1
"GRM7-AS3",0.0891696360575406,0.146610130720016,1,1,1
"RP11-415D17.3",0.089245972423836,0.249433281093268,0.2,0.833,1
"RP11-430C7.5",0.0893208282269134,0.271871940357383,0.6,0.167,1
"LINC01562",0.089332635327811,0.169579728729461,1,1,1
"CTD-3193O13.13",0.0893658904134586,0.27403509594733,0.8,0.333,1
"RP11-157I4.4",0.0896455789726361,0.154658617475564,1,1,1
"CTC-498M16.2",0.0898143731490338,0.0536567215001287,1,1,1
"RP11-352D13.5",0.09004318419278,0.285416866159515,1,1,1
"RP11-265O12.1",0.0900457094285779,0.24167583406219,0.8,1,1
"RP11-488I20.8",0.0901185496358591,0.299155756977964,1,0.833,1
"RP11-1038A11.3",0.0902735538471232,0.244464351287146,0.8,0.833,1
"LINC00937",0.09029692978936,-0.238616835641896,1,1,1
"RP11-2A4.4",0.0904832688662047,0.344995218822573,1,0.833,1
"RP11-982M15.8",0.0904896981147336,0.252562475671175,0.4,0.833,1
"RP11-517O13.3",0.090570665593586,0.292300980168772,1,1,1
"LINC01435",0.0906833564642863,0.0383032307397821,1,1,1
"CTD-2591A6.2",0.0907156220696525,0.206482535141571,1,1,1
"RP11-26L20.3",0.0907236075914764,0.243114795282565,0.4,0.833,1
"RP11-598F7.4",0.0907987338839424,0.279713005669999,1,0.5,1
"AC103563.8",0.0908019642405493,0.239430513891694,0.6,0.833,1
"RP11-342D14.1",0.0909791018522544,0.0994145576623344,1,1,1
"RP11-201E8.1",0.0910521147746273,0.27726148679109,1,1,1
"RP3-412A9.16",0.0912727754470544,0.236124628940704,1,1,1
"RP5-1102E8.3",0.0915120165963502,0.294288675205934,1,1,1
"RP11-196G18.23",0.0918305478236349,0.195270205037058,1,1,1
"AC026188.1",0.0918509715084748,-0.19348883254265,1,1,1
"ADARB2-AS1",0.0920388291977928,0.486672348679569,1,1,1
"RP11-707G18.1",0.0921081373278374,0.152567941831405,1,1,1
"RP11-294N21.3",0.0922338313845586,0.285860143643632,1,1,1
"NBAT1",0.0924932987761697,0.336309001720507,1,1,1
"CTD-3032J10.2",0.0925295507692918,0.310493547645363,1,1,1
"CTC-297N7.9",0.09256024464737,0.295675570924364,1,0.833,1
"RP11-624D11.2",0.092690327468577,0.317476500025766,1,1,1
"RP11-572B2.1",0.0927661961399722,0.271113384639011,0.6,0,1
"RP11-81H3.2",0.0934804416074183,-0.50092907967376,1,1,1
"RP11-142M10.2",0.0934927114755296,0.436724290834045,1,1,1
"RP3-325F22.5",0.0935057258466842,0.29235853619846,1,1,1
"RP11-80I15.4",0.0935884994727339,0.246604447447937,0.2,0.667,1
"NFIA-AS2",0.0939327646113418,0.291737966011229,1,1,1
"RP11-171L9.1",0.0941131468688659,0.237525707219317,1,1,1
"RP11-3G20.2",0.0947222493121219,0.277502722538554,1,1,1
"RP1-153P14.8",0.0949953483422051,0.178818727322429,1,1,1
"CTD-2545M3.8",0.095073355983278,-0.191947238525787,1,1,1
"RP11-521B24.5",0.0951230922165595,0.248559529250707,0.4,0.667,1
"RP11-110G21.1",0.0953415188888327,0.00735322260064275,1,1,1
"LINC01004",0.0953997628455103,0.301235074019077,1,1,1
"RP11-4K16.2",0.0954085001182655,0.28998385070721,1,0.833,1
"CH17-140K24.3",0.0954110334945809,0.273094102659933,0.8,0.667,1
"LINC00904",0.0955017099613337,0.238279201214433,0.6,1,1
"UNQ6494",0.0955281036320224,0.146768508883433,1,1,1
"CTD-2134P3.1",0.0956784036616038,0.274927865107707,0.6,0.333,1
"RP11-626G11.4",0.0959020340820469,0.276039419580113,1,1,1
"RP11-83M16.5",0.0959238084799506,0.255767879717915,0,0.667,1
"RP11-464F9.22",0.0960152191198711,0.240800321811165,1,1,1
"CTD-2523D13.2",0.0960758669368631,0.22414066555387,0.8,1,1
"RP3-388M5.9",0.0961306423369543,0.193424842998899,1,1,1
"RP11-611O2.5",0.0962154286686501,0.231417688642042,0.8,1,1
"RP4-686C3.7",0.0962232239912216,0.284177076149323,1,0.667,1
"RP11-764K9.1",0.0964837836851384,0.282393289177959,0.8,0.667,1
"CTD-3193K9.3",0.0965837769552657,0.299947860572491,1,1,1
"AC000111.6",0.0967714538219393,0.244335109391844,0.6,1,1
"RP11-191G24.1",0.0968049479537353,0.0830578253021075,1,1,1
"RP11-419C19.2",0.0968411189891184,0.239464557361983,1,1,1
"RP11-242J7.1",0.096875501559709,0.280012845226662,1,1,1
"AC068831.6",0.0969240687902332,0.276408834007978,0.8,0.5,1
"HHIP-AS1",0.0970850681773387,0.0638821567016221,1,1,1
"PATL2",0.097180728030629,0.310444211712489,1,1,1
"RP3-428L16.2",0.0973463241934068,0.214199545168809,1,1,1
"AC144652.1",0.0973780060413157,0.302521487115471,1,1,1
"SNHG12",0.0973875727156617,0.345184130471153,1,1,1
"AP000282.2",0.0974040969314293,-0.274594248036726,1,1,1
"RP4-530I15.6",0.0976060266618521,0.281323356502977,1,0.833,1
"AC007277.3",0.0977347530841816,0.161937218028897,1,1,1
"RP11-67C2.2",0.0977484315822007,0.278397556863543,1,1,1
"RP11-296E23.1",0.0978228247009049,0.107391602824801,1,1,1
"RP5-1057I20.5",0.0978479265150037,0.249827285522164,0.2,0.667,1
"RP11-465L10.10",0.0978877578230567,0.286145975809387,1,0.833,1
"RP11-274H2.2",0.0979542417075917,0.35805517191433,1,1,1
"CTD-2147F2.2",0.097977185271619,0.179225430009032,1,1,1
"RP11-15F12.1",0.0980299838336797,0.279179555585507,1,0.5,1
"RP11-403A3.1",0.0983035169162016,0.270754187222431,0.6,0,1
"RP11-73E17.2",0.0983660433931631,0.280469281283608,1,1,1
"CH507-42P11.7",0.0984489769937603,0.24346851575573,0.8,1,1
"RP4-569M23.2",0.0987133363397185,0.282416065468573,1,1,1
"RP11-23P13.4",0.0987659275442516,0.278967876428644,1,1,1
"RP11-161M6.3",0.0988574524770835,0.24558261120342,0.4,0.5,1
"RP11-329B9.3",0.0988588034219525,0.277318115211824,0.8,0.667,1
"RP11-78A19.3",0.0989466626488857,0.270956564350399,0.6,0,1
"RBPMS-AS1",0.0989661388332635,0.28400321626368,1,0.667,1
"MIR34A",0.0990653654903882,0.537788714889265,1,1,1
"RP11-313P13.5",0.0991295626319478,0.224041986595722,1,1,1
"RP5-821D11.7",0.0992317055624643,0.287288733685734,1,1,1
"RP11-574O7.1",0.0993690660458038,0.246052702700701,0.4,0.833,1
"SMCR5",0.0993882483468065,0.307759779616452,1,1,1
"RP5-958B11.2",0.0994007482452963,0.229825732563619,0.8,1,1
"RP11-379K17.4",0.0996035524434856,0.283470945925779,1,1,1
"RP13-580F15.2",0.0998287152392357,0.237236373305437,1,1,1
"CYP4F26P",0.099938697924237,0.318290126107916,1,1,1
"RP11-637O11.2",0.0999688123818066,0.236600198382273,0.6,0.833,1
"RP11-531F16.4",0.100008612819778,0.274491761010074,0.8,0.833,1
"RP11-102L12.2",0.100533921392757,0.274631062695811,1,1,1
"RP11-307C12.13",0.100594397975325,0.27992523354584,0.6,0.5,1
"LINC00382",0.100953623994623,0.284323626620784,0.6,0.667,1
"RP5-1157M23.2",0.101279610625102,0.276244398781723,0.8,0.667,1
"RP11-430H10.2",0.101435465476067,0.24292977700977,0.6,0.833,1
"CTD-2503O16.4",0.1014843546549,0.221876830239699,1,1,1
"RP11-294J22.6",0.101507337205687,0.357184593582451,1,1,1
"CTC-236F12.4",0.101513503029408,0.317183787589488,1,1,1
"RP11-147L13.15",0.101589570350045,0.313346396109596,1,1,1
"SBF2-AS1",0.101626565890631,0.31767574694456,1,1,1
"RP11-413P11.1",0.101721997917291,0.337946731293686,1,1,1
"CTD-2270L9.4",0.101815117578989,0.287348840352021,1,1,1
"RP5-971N18.3",0.101898410061689,0.303754864736074,1,1,1
"AC079150.3",0.10196223019928,0.247714528751267,0.6,0.833,1
"RP11-193M21.1",0.102352431567321,0.285430736225156,1,0.5,1
"LINC00491",0.102361588064964,0.29602966729998,1,1,1
"RP11-576D8.4",0.10236530229307,0.233320582397879,0.8,0.833,1
"RP11-44M6.1",0.102633265634632,0.275512408320556,1,1,1
"RP11-667K14.4",0.102755460682794,0.275047048792412,0.6,0.333,1
"RP11-424M24.5",0.102868459628185,0.289749270915068,1,0.833,1
"TSPEAR-AS2",0.103037252832427,0.288763331546779,1,0.833,1
"RP11-6N13.1",0.103052986925475,0.168515980632225,1,1,1
"AC004019.13",0.103287060494928,0.286075319980238,1,1,1
"RP11-118B22.4",0.103296452677185,0.333514748006919,1,1,1
"LINC01568",0.103484572588598,0.370606157170859,1,1,1
"AC016735.2",0.103820419046226,0.203378635470596,1,1,1
"RP11-506H21.5",0.104083418143917,0.237306264063787,1,1,1
"RP11-392O17.1",0.104126288733098,0.301012011861988,1,1,1
"RP11-360P21.2",0.104387884181342,0.0969822557640669,1,1,1
"PIK3CD-AS2",0.104645764423133,0.293883878879444,0.8,0.833,1
"RP11-326C3.12",0.104668290968081,0.23968651871314,1,0.833,1
"RP11-131K5.1",0.104852703945293,0.159085322920042,1,1,1
"CSTF3-AS1",0.104872529733513,0.122379125075919,1,1,1
"RP11-629G13.1",0.105115308716487,0.219346369411443,1,1,1
"RP11-625L16.1",0.105142446989942,0.244195980908682,0.6,0.833,1
"LINC00115",0.105227170967258,0.214630329962073,1,1,1
"CTD-2145A24.5",0.105364518475261,0.276257806150191,0.8,0.833,1
"CEBPB-AS1",0.10537838079718,0.230561448206139,1,1,1
"RP11-480D4.1",0.105489809447374,-0.113879059966939,1,1,1
"RP11-575F12.3",0.105608883980108,0.223703810664359,1,1,1
"RP11-474P2.2",0.10567254025505,0.274904511137306,0.6,0.333,1
"RP11-739N20.2",0.105694410194833,0.327399691831282,1,1,1
"CTA-992D9.7",0.105738416270022,0.33189187772881,1,0.5,1
"CTC-367F4.1",0.105925085399795,0.276416571995231,1,1,1
"RP11-234K24.3",0.105935990086636,0.127901249027358,1,1,1
"LINC01315",0.10602817134581,0.355456995799344,1,1,1
"RP11-462G2.2",0.106158240494696,0.231825457386777,1,1,1
"CTD-2033A16.1",0.106162648804451,0.277057802545596,0.6,0.5,1
"RP11-538P18.2",0.106238235148654,0.303027757781068,1,1,1
"RP11-377D9.3",0.106357422427347,0.0994132170260587,1,1,1
"AP001347.6",0.106631517321226,0.445741892106686,1,1,1
"RP11-276E15.4",0.106752300682703,0.225734803751085,1,1,1
"RP11-1079H9.1",0.106796623486073,0.289666480950109,1,1,1
"CH507-236L23.1",0.106931245404822,0.270780112637812,0.6,0,1
"RP11-153K16.2",0.106932655551507,0.247233680839992,0.4,0.833,1
"AC062029.1",0.106934346688173,0.226749618397986,0.8,1,1
"RP11-343J18.1",0.10701323495452,0.166586010388621,1,1,1
"RP1-84O15.2",0.107019636817324,0.104381193373445,1,1,1
"CTD-2525I3.5",0.107394736773869,0.296838314001291,1,1,1
"RP11-245D16.4",0.10762067341938,0.295371832022495,1,1,1
"XXbac-BPG154L12.4",0.107634372235308,0.371383472146047,1,1,1
"RP11-430H10.1",0.107838464024437,0.166090459251881,1,1,1
"LINC00637",0.107870868706517,0.200789324734282,1,1,1
"LENG8-AS1",0.10798797561709,0.0685277308327124,1,1,1
"RP11-973N13.4",0.107999327440566,0.385003818756738,1,1,1
"RP5-1074L1.1",0.108092211291379,0.37019620077913,1,1,1
"RP11-138H8.2",0.108191515922533,0.289330468804599,1,0.833,1
"RP11-666A20.4",0.108200204245796,0.193941759642313,1,1,1
"AP001437.1",0.10844253745589,0.225706206186748,0.8,1,1
"RP11-344J7.3",0.108483810857649,0.249458985616617,0.4,0.833,1
"RP11-44N21.1",0.108541873928707,0.23349805110574,1,1,1
"RP11-505P4.7",0.108625426783678,0.218138722107392,1,1,1
"LINC00997",0.108724549706758,0.302239592887693,1,1,1
"CTD-2325M2.1",0.108741507395018,0.162433418547726,1,1,1
"LINC01572",0.108769153394827,-0.137671503646768,1,1,1
"AC002066.1",0.108773948074974,0.348066602360863,1,1,1
"ISPD-AS1",0.108896766476357,0.214516355334579,1,1,1
"AC067956.1",0.109127501201981,0.112538859353275,1,1,1
"RP11-6I2.4",0.109130311691697,0.272844607632936,0.4,0,1
"LINC01222",0.109327749315181,0.104639971789507,1,1,1
"CTD-2168K21.2",0.109424463556262,0.221473473192349,1,1,1
"GS1-256O22.5",0.109455663789691,0.201746292126838,1,1,1
"RP11-368I23.4",0.109538518114359,0.23297536045388,0.6,0.667,1
"CH17-353B19.1",0.109743334954764,0.244048712527792,0.8,1,1
"RP11-528G1.2",0.109934715013631,0.278236803778576,0.8,0.333,1
"RP11-737O24.1",0.11048516190473,0.298016021413718,1,0.5,1
"RP11-1275H24.3",0.110601372856446,0.229766884648403,0.8,1,1
"RP11-445O3.2",0.110669849166852,0.19765077541683,1,1,1
"RP1-244F24.1",0.110743527131777,0.2858556447202,1,1,1
"RP13-870H17.3",0.110944455735556,0.244585440214573,0,0.5,1
"RP11-771K4.1",0.11106028570193,0.246539567607559,0.4,0.833,1
"RP11-262A12.1",0.111280591393613,0.284468928685738,1,1,1
"RP11-430H10.4",0.111447695542239,0.355121465692936,1,1,1
"SNHG22",0.111531641985861,-0.0645747707532617,1,1,1
"RP3-414A15.10",0.111553772459527,0.406826433781685,1,1,1
"RP11-378J18.8",0.111556454377123,0.285487719243557,1,1,1
"CTD-2015H3.2",0.111731775147745,0.22995392691885,1,1,1
"RP13-465B17.4",0.112193401350954,0.158067906138038,1,1,1
"CH17-174L20.1",0.112234135827532,0.154134175691303,1,1,1
"LINC00987",0.112326538577815,0.333791960207865,1,1,1
"AC104134.2",0.112359555184428,0.28350973533842,1,1,1
"RP11-518I13.1",0.112553013661769,0.249611335390977,0.6,0.833,1
"AC003984.1",0.112686370796049,0.253787228746745,0,0.5,1
"RP3-454B23.1",0.112770044745112,0.230604514104766,1,1,1
"CTD-3076O17.1",0.113135093332685,0.281551003059387,1,0.667,1
"MIR222HG",0.11344036725588,-0.0453743157480779,1,1,1
"LINC01471",0.113461642724867,0.217791387372818,0.8,1,1
"RP3-514A23.2",0.113463194798699,0.182585644384217,1,1,1
"RP11-87F15.2",0.113767185878845,0.306705372229961,1,1,1
"LINC01580",0.113931275198059,0.314382766699229,1,1,1
"RP11-184I16.4",0.113999813997686,0.309952320678308,1,1,1
"RP11-89K21.1",0.114125996930834,0.113376789875033,1,1,1
"RP11-7F17.4",0.11414025452531,0.216405760297458,1,1,1
"RP11-677I18.4",0.114141246019171,0.248562429470447,0.2,0.5,1
"RP11-10C24.1",0.114378486951425,0.248301014594924,0.2,0.667,1
"CTC-453G23.8",0.1144234580549,0.291440769791764,1,1,1
"RP11-2C24.7",0.114481378105864,0.226694944839439,1,1,1
"RP11-160H22.5",0.114648319574351,0.214074217810261,1,1,1
"HPN-AS1",0.114719180817758,-0.142234963527971,1,1,1
"RP11-354K1.1",0.114830057963533,0.181920655685498,1,1,1
"CH507-39O4.2",0.115110379309208,0.284334708579024,1,1,1
"B4GALT4-AS1",0.115234980920858,0.301200442591293,1,1,1
"RP11-18H21.2",0.115263607869342,0.251873967950553,0.4,0.667,1
"PROSER2-AS1",0.115292236969874,0.198371126429627,1,1,1
"RP11-158D2.2",0.115387537867462,0.233834774412072,1,1,1
"MGC32805",0.115707084617879,0.306891325703996,0.8,0.833,1
"PITPNA-AS1",0.116168699244233,0.298758355533444,1,1,1
"RP1-199J3.7",0.116173222963018,0.275538285110768,0.8,0.833,1
"RP11-864I4.4",0.116305063962323,0.247799696818424,0.4,0.667,1
"CTA-212A2.3",0.116343975211878,0.249821538478543,0.2,0.833,1
"CPB2-AS1",0.116388661411733,-0.301269264654781,1,1,1
"RP11-433J20.1",0.11654963443933,0.28027143485818,1,0.5,1
"RP11-323I1.1",0.116925685072054,0.235495341469068,0.6,0.667,1
"RHOXF1-AS1",0.116998665994358,0.347672018045567,1,1,1
"OLMALINC",0.117072273995402,0.503457097788778,1,1,1
"RP4-537K23.4",0.117088792693327,-0.157512229472143,1,1,1
"AF038458.3",0.117172376041333,0.301442063697167,1,1,1
"RP11-902B17.1",0.117361978085254,0.1205704020051,1,1,1
"LINC01510",0.117531604719734,0.250335253953162,0.2,0.667,1
"RP11-706O15.3",0.117559981098711,0.140268526358363,0.4,0.5,1
"RP1-18D14.7",0.117693544551826,0.272713866113362,0.4,0,1
"BDNF-AS",0.117793490045138,-0.232509866485338,1,1,1
"RP11-50D16.4",0.117876154157872,-0.397379870117476,1,1,1
"RP11-415J8.3",0.118042696357112,0.413535843155478,1,1,1
"RP11-723O4.2",0.11809761799442,0.282800449543709,1,1,1
"AC012507.3",0.118256250719234,0.221637665212636,1,1,1
"RP11-76I14.1",0.118353474504166,0.325077799984403,1,1,1
"SH3BP5-AS1",0.118590236325517,0.114061775423008,1,1,1
"RP11-70D24.3",0.118607056202523,0.243911423387019,0.8,1,1
"RP11-31K23.2",0.118659463125383,0.240330097853818,0.4,1,1
"RP11-630D6.5",0.118801621806889,0.285982499518509,1,1,1
"RP11-390F4.6",0.119278517867115,0.29833482624014,1,1,1
"RP11-554L12.1",0.119388659357116,0.248046668459334,0.4,0.667,1
"LDLRAD4-AS1",0.119742550851331,0.281988348078395,0.8,0.833,1
"RP11-575L7.4",0.119993214015333,0.274877521867593,1,1,1
"DENND5B-AS1",0.120022609583886,0.282150212098753,1,1,1
"RP11-443B7.1",0.120239364998868,0.27978941749143,0.8,0.667,1
"RP11-221N13.4",0.120249419785714,0.25472416893445,0,0.5,1
"LVCAT1",0.120269092669158,0.244190597792878,0.2,0.667,1
"CTC-529P8.1",0.120296086603609,-0.353918571209326,1,1,1
"RP11-1152H15.1",0.120305638953665,0.229595249894565,1,1,1
"RP11-644F5.11",0.120495652014825,0.308516463528107,1,1,1
"RP11-1263C18.1",0.120570673155772,0.123453351177826,1,1,1
"RP11-215P8.4",0.120645467489898,0.247650519324914,0.6,0.833,1
"RP11-478C1.7",0.120903323824069,0.317627839927766,1,1,1
"RP11-525K10.3",0.120919918803254,-0.0377303889829981,1,1,1
"LINC01424",0.121012651641328,0.241615838318127,1,1,1
"AC016735.1",0.121250014626521,0.225934054368486,1,1,1
"PLA2G4E-AS1",0.121577505773135,0.247221821955303,0.6,0.833,1
"CTC-552D5.1",0.121634032703204,-0.114807299888608,1,1,1
"OSTM1-AS1",0.121702771353707,0.237362585525228,0.6,1,1
"CTD-2015H6.3",0.121702993048065,0.140940892357225,1,1,1
"RP11-644C3.1",0.121792848364655,0.181813596960044,1,1,1
"LINC00320",0.122088383691421,-0.367353058581588,1,1,1
"RP11-463O12.3",0.12216026086616,0.192123502036076,1,1,1
"RP11-387H17.4",0.122345453259778,0.342498638443592,1,1,1
"PPP4R1-AS1",0.122609840465642,0.232077308676003,1,1,1
"RP4-816N1.6",0.122614213936242,0.292786229511823,1,1,1
"LINC00836",0.122719864454946,0.409963919473086,1,1,1
"RP11-169E6.1",0.122792557905862,0.196286418209881,1,1,1
"RP11-458J1.1",0.123094257139698,0.231495132586285,1,1,1
"RP11-140K17.3",0.123305057211523,0.314553328009622,1,1,1
"CTC-239J10.1",0.123320942862898,0.228823972336031,0.8,1,1
"RP5-1116H23.4",0.123354391948523,0.224217013273088,1,1,1
"RP3-402G11.26",0.123376771164858,0.130106462888108,1,1,1
"LINC00342",0.123473882112238,-0.0177070392018224,1,1,1
"SEPT7-AS1",0.123516738826086,0.00222322321972346,1,1,1
"UBXN7-AS1",0.123782928466591,0.254088389925612,0.4,0.667,1
"LINC00298",0.123917393100365,0.328630870712652,1,1,1
"RP4-676J13.2",0.124193383286811,0.343448842326508,1,1,1
"RP11-640L9.1",0.124242277748239,0.236113784555143,0.8,0.833,1
"KB-1458E12.1",0.124299268442541,0.290029202469816,1,1,1
"RP11-382E9.1",0.124306728401317,0.229884058324375,1,1,1
"RP11-768F21.1",0.124563489829978,-0.0323554755135604,1,1,1
"RP11-2I17.4",0.124565357723361,0.22558457072504,1,0.833,1
"RP11-255M2.2",0.124833282561916,0.246543685517658,0.6,1,1
"AC010761.6",0.124896529612148,0.220038027040038,1,1,1
"RP1-239B22.5",0.12507656152038,0.161340503218357,1,1,1
"RP11-218F10.3",0.12530460926099,0.226735013733725,1,1,1
"CTC-559E9.8",0.125468983545009,0.248337448283539,0.4,0.833,1
"LINC00536",0.125494903132745,0.299196585455781,1,1,1
"KB-1208A12.3",0.125507409498439,0.280277600380237,1,1,1
"LINC00926",0.125667956469012,0.293152804946962,1,1,1
"AC008069.1",0.125855931941638,0.25450672162332,0,0.5,1
"RP11-815J21.4",0.125919839698944,0.343052677654272,1,1,1
"RP11-147L13.13",0.125956175935538,0.291952823403284,1,1,1
"RP11-446H18.6",0.126070387439067,0.31900452359968,1,1,1
"RP11-1078H9.5",0.126147211919971,0.271988755399884,0.8,0.667,1
"CTC-497E21.3",0.126153200737388,0.277802030811907,1,0.5,1
"RP11-114G22.1",0.126235992230891,0.153593592193102,1,1,1
"RP11-92F20.1",0.126311448682854,0.280063632970744,1,0.667,1
"MAPK4",0.126395799090335,0.323177553446784,1,1,1
"RP11-1275H24.2",0.126402131350639,0.136304028576137,1,1,1
"RP11-981P6.1",0.126567667583918,-0.00948358916646619,1,1,1
"RP11-325N19.3",0.126591548169009,0.276254567892684,0.8,0.667,1
"AC068196.1",0.126892873788087,0.273010190897895,1,0.667,1
"RP11-356J5.12",0.126966614376576,-0.00782982065741522,1,1,1
"RP11-147L13.8",0.127106951412704,0.20929612257273,1,1,1
"RP11-778D9.12",0.127127406299068,0.281076710344743,0.8,0.667,1
"RP11-677M14.2",0.127147844239241,0.248679481553442,0.4,0.667,1
"RP11-1096G20.5",0.127199145863548,0.136616143477275,1,1,1
"LA16c-OS12.2",0.127249660560219,0.208007737992293,1,1,1
"LINC01607",0.127270191942734,0.186226303333996,1,1,1
"MAPKAPK5-AS1",0.127438818465178,0.299976294582623,1,1,1
"RP11-602N24.3",0.127959131019262,0.227938689615412,0.8,1,1
"MIR181A1HG",0.128080229278278,-0.290494293642445,1,1,1
"AP006621.9",0.128460587285694,0.287573606376613,1,0.833,1
"RP11-51J9.6",0.128622326312951,0.275040313082756,1,1,1
"LINC00426",0.12870571569649,0.23154515910497,1,1,1
"RP11-523H20.3",0.128884103782927,0.272456110260852,0.6,0.5,1
"RP11-802D6.1",0.128961248883454,0.0929084189598934,1,1,1
"RP3-333A15.1",0.129030665796505,0.283380483874691,0.2,0,1
"CTD-2151A2.1",0.129222781270033,0.241073920001724,0.6,0.833,1
"RP11-122M14.3",0.129264381857284,0.233554211552001,1,1,1
"TAF1A-AS1",0.129386512779618,0.278982050242885,1,1,1
"LINC00908",0.129677088856468,0.293246818712092,1,1,1
"RP11-553A10.1",0.129872325200983,0.243942758490605,1,0.833,1
"AF038458.5",0.130137056126987,0.277618709049117,1,1,1
"RP11-313A24.1",0.130304402264839,0.275966645740044,1,0.667,1
"RP13-884E18.4",0.130472632895415,0.279512566430311,1,0.833,1
"CTD-2035E11.3",0.130615835612368,0.275014975029144,1,1,1
"RP11-425D10.10",0.130813847717475,0.238968272617861,0.8,1,1
"RP11-3P17.4",0.131355909813289,0.240236731115499,0.8,0.833,1
"RP11-337C18.8",0.131391580570967,0.282530642274555,1,1,1
"CTD-2246P4.1",0.131691400859897,0.327796326737,1,1,1
"CTD-2140G10.2",0.131952903470679,0.34672638879174,1,1,1
"AC006946.16",0.131967496049078,0.188229804317152,1,1,1
"RP11-342M1.3",0.132035096986757,0.226827082425744,1,1,1
"RP11-296K13.4",0.132293066182038,-0.0760788946089124,1,1,1
"RP11-286O1.1",0.132344835256776,0.186938303789506,1,1,1
"RP11-563J2.3",0.132366820211785,0.167338565633345,1,1,1
"RP11-221J22.1",0.132392759067855,0.272138639977102,0.4,0,1
"RP11-563M4.1",0.13244727659092,0.246656612619301,0.4,1,1
"RP4-683M8.2",0.132518230200013,0.232400069305229,0.8,1,1
"CTB-32O4.3",0.132585713067927,0.245910516773375,0.8,1,1
"LINC01229",0.132809438234672,0.277635154680234,1,1,1
"RP11-57A19.2",0.133000140667441,0.280351481746878,1,0.833,1
"LINC00384",0.13309737529733,0.245955453763145,0.6,0.833,1
"AP000769.7",0.133237686574455,0.270656300578559,0.6,0.167,1
"RP6-201G10.2",0.133279793806622,0.19955322092523,1,1,1
"RP11-729M20.1",0.133458710276195,0.159907867341239,1,1,1
"RP1-309F20.3",0.133539391763914,0.292090230570234,1,1,1
"RP11-716H6.1",0.133545298471024,0.181130097152624,1,1,1
"XXbac-BPG55C20.7",0.133995830858077,0.366965517547848,1,1,1
"RP11-545M8.4",0.134396276802431,0.229950538119587,1,1,1
"RP11-778D9.13",0.134491095735417,0.274798380958756,0.8,0.667,1
"RP11-210L7.3",0.134784033524537,0.300159547011501,1,1,1
"RP3-331H24.5",0.134832301394298,0.435489760539511,1,1,1
"RP11-422J15.1",0.134985597031871,0.178051084535464,1,1,1
"AF001548.5",0.135173728835857,0.0943660441554743,1,1,1
"RP11-707M3.3",0.135192825727327,0.214134687310274,1,1,1
"RP11-471B22.2",0.135379763981546,0.282294846779359,1,0.667,1
"ADPGK-AS1",0.135385074796864,0.225016462412868,1,1,1
"RP11-101C11.1",0.135396334988978,0.206636946259763,1,1,1
"SMC5-AS1",0.13548174786538,0.283125545446847,1,1,1
"AF196972.9",0.135506146010803,0.278318929352669,1,0.667,1
"CTC-448D22.1",0.135524324662865,0.307667262624147,1,1,1
"RP11-48B3.5",0.13555510508008,0.144505996683169,1,1,1
"AC015849.2",0.136221291441752,0.298584467798844,1,1,1
"RNASEH1-AS1",0.13626613248763,0.309397113162662,1,1,1
"RP11-204E9.1",0.136564629538207,0.283867551624116,1,1,1
"RP11-462L8.1",0.136645184999117,0.27588340553229,1,1,1
"SERPINB9P1",0.136841882446332,0.322767979068115,1,1,1
"RP11-177B4.2",0.136899322186252,0.252324612419458,0.4,0.833,1
"RP11-739G5.1",0.13702736466788,0.364906226661865,1,1,1
"AP001255.2",0.137091782456314,0.251626700051103,0.4,0.667,1
"LINC00304",0.137620179866625,0.276816950377992,0.8,0.667,1
"RP11-169E6.4",0.13790480720503,0.280581149977517,1,1,1
"AC009299.2",0.137939720854072,0.14010935081278,1,1,1
"RP11-202K23.1",0.138249355404757,1.0530805173395,1,1,1
"AC093590.1",0.138295182498876,-0.359315386076609,1,1,1
"RP4-745E8.2",0.138731826780068,0.277232176764369,0.8,0.667,1
"RP11-5P4.1",0.138808531667442,0.234887490470366,1,1,1
"KB-1980E6.3",0.138995558029017,0.231536844386866,0.8,1,1
"CTC-529L17.1",0.138997168631003,0.244502984193904,0,0.333,1
"CTD-2033A16.3",0.139542364226834,0.347452807198692,1,1,1
"RP1-30M3.6",0.139608305899511,0.272035183123786,0.6,0.5,1
"RP11-196G18.24",0.139615290570281,0.284272743107676,1,1,1
"U91328.21",0.139713190259136,0.297286293245123,1,1,1
"RP11-272B17.1",0.139806853700063,0.184189856500397,1,1,1
"C17orf82",0.139807025741567,0.247986819438473,0.6,0.833,1
"RP11-482M8.1",0.14004567986747,0.209020183255013,1,1,1
"RP11-706O15.7",0.140320950565905,0.245479202598095,0,0.333,1
"RP4-601P9.2",0.140588755029657,0.233361434371721,1,1,1
"LA16c-60D12.2",0.140630430597594,0.253117578641628,0.2,0.5,1
"RP11-973F15.2",0.140989939656235,0.275610353176585,0.4,0.167,1
"RP5-1024G6.2",0.141023011268603,0.309838204177542,1,1,1
"RP11-324J3.1",0.141132676044646,0.256855710461279,0,0.667,1
"GS1-304P7.3",0.14132528670966,0.271604257383805,1,1,1
"LINC00642",0.141510315848807,0.240672826116241,0.4,0.833,1
"UBE2R2-AS1",0.141589150452226,0.200694759839455,1,1,1
"RP11-146N18.1",0.141646389338902,0.197375931036427,1,1,1
"RP11-532M24.1",0.141649903038875,0.253237884205026,0.2,0.833,1
"LMCD1-AS1",0.141822322681517,-0.438463658646894,1,1,1
"AC133633.1",0.141890793860925,0.227739259301946,0.8,0.667,1
"RP11-90C4.1",0.141990266317822,0.32976172165909,1,1,1
"AP000959.2",0.142238517296201,0.254856754248995,0,0.5,1
"RP11-393J16.4",0.142290187217211,0.245309805757099,0.6,1,1
"RP11-307C19.2",0.142569104295126,0.207199297246955,1,1,1
"RP11-631M21.1",0.142694054900446,0.275072805277385,0.6,0.5,1
"AC006960.7",0.142740313885332,0.273069989487472,1,0.667,1
"RP11-418H16.1",0.143211321705174,0.220494896806726,1,1,1
"CTD-2012J19.3",0.143245213012807,0.227113164817502,1,1,1
"RP11-252C15.1",0.143596615557454,0.253107312902579,0.2,0.667,1
"RP11-247L20.4",0.143823160027269,0.28222804298393,1,1,1
"RP11-285F7.2",0.143999311074654,-0.244424772876785,1,1,1
"RP11-1085N6.3",0.144315696548422,0.282667872012531,1,1,1
"MEIOB",0.144514499166885,0.18700005935164,1,1,1
"RP11-1081L13.4",0.144590036543874,0.308412355409464,1,1,1
"RP11-537H15.3",0.144640294725023,0.284259466499731,1,1,1
"RP11-284G10.1",0.14464553836533,0.186888472735129,1,1,1
"MIR1539",0.14466434511043,0.273453000013309,1,1,1
"RP11-285E9.6",0.144987621670694,0.273568070812937,0.6,0.333,1
"CTA-246H3.12",0.145046550838893,0.232935480788075,0.8,1,1
"RP11-344E13.4",0.145118829424052,0.234415572879449,0.8,0.833,1
"RP11-37B2.1",0.145203274656606,0.23705214210324,1,1,1
"SACS-AS1",0.145205250279058,0.283487614397647,0.6,0.667,1
"RP11-154H12.3",0.145275840482262,0.174835234437214,1,1,1
"C4B",0.145307827141781,0.271854045763027,0.8,0.167,1
"AC004549.6",0.14535350675237,0.221493283274218,1,1,1
"RP11-1060J15.9",0.145510209214637,0.276702692719717,0.8,0.667,1
"RP11-356I2.1",0.145549188937138,0.248976114974313,0.4,0.667,1
"TFAP2A-AS1",0.145577999455724,0.273203912188065,0.6,0.167,1
"LRRC3-AS1",0.145624755733477,0.24901094335331,0.4,0.667,1
"AP000695.4",0.145750225063619,0.165733088312254,1,0.833,1
"AP006621.8",0.145833443361683,0.244265644675687,0.8,0.833,1
"RP1-137K24.1",0.145852864313288,0.238994154946754,0.8,1,1
"LINC00222",0.146139308094891,0.317213959028513,1,1,1
"STX18-AS1",0.146179392847582,-0.130990040405331,1,1,1
"AC006196.1",0.146394746523375,0.272882358174765,1,0.5,1
"RP11-653J6.1",0.146409448986088,0.28718683721782,1,1,1
"CTD-2008A1.3",0.146443349117128,0.269701353931813,0.6,0,1
"RP11-562A8.5",0.146540592311392,0.234331424367868,1,1,1
"RP5-1065P14.2",0.146757229845186,0.255571965138118,0,0.5,1
"RP13-638C3.4",0.146853327544027,0.307926904377784,1,1,1
"MGC45922",0.146875313152184,0.231679460642817,0.8,0.833,1
"RP5-1039K5.16",0.1468895350201,0.220088478226435,1,0.833,1
"RP11-539L10.2",0.147636887373868,0.281637858933376,1,0.833,1
"AC067960.1",0.14773761019899,0.25523369134025,0,0.5,1
"RP11-6F2.5",0.147796590524519,0.245755036107503,0.4,0.833,1
"RP11-357K6.3",0.147824349836051,0.252368719695346,0.2,0.5,1
"GMDS-AS1",0.147892634937149,-0.18862358514036,1,1,1
"RP13-753N3.1",0.14795280147515,0.284381292403292,1,0.833,1
"AC026202.3",0.148258649116332,0.315772092685326,1,1,1
"RP1-7G5.6",0.14833077388038,0.247563212249935,0.8,1,1
"RP11-321G12.1",0.1485042863344,0.226714069049047,1,1,1
"RP11-473O4.4",0.148559496328574,0.301972108989195,1,0.833,1
"RP11-115F18.1",0.148642413735043,0.247546475230549,0.6,0.833,1
"RP11-375B1.1",0.148681058179633,0.255820743802221,0,0.5,1
"CTD-2215E18.1",0.148692361451146,-0.113814904528874,1,1,1
"CTD-3096M3.2",0.148861071866316,0.169696133004951,1,1,1
"RP11-15I11.3",0.1490827021826,0.246943636006128,0.4,0.667,1
"RP11-94B19.5",0.149639114555035,0.250402054682287,0.4,0.667,1
"CTC-344H19.4",0.14973087446645,0.182235136651491,1,1,1
"RP1-122K4.3",0.149833028413129,0.23741359036201,0.8,1,1
"RP11-468H14.2",0.150054006389758,0.288100962002825,1,1,1
"FGF13-AS1",0.150482637587292,0.233953769561224,0.4,0.833,1
"CTB-171A8.1",0.150493436799043,0.359119065972926,1,1,1
"RP11-666O2.2",0.150561544066582,0.28108410469754,1,1,1
"CTC-455F18.1",0.150568701329457,0.253940091259536,0,0.333,1
"RP11-529K1.4",0.150590370966218,0.28247215572104,1,1,1
"FAM66B",0.150673604035953,-0.105559721122866,1,1,1
"RP11-626G11.5",0.150927864353906,0.293228821665808,1,1,1
"RP11-367H1.1",0.151143612536895,0.283577598264841,0.8,1,1
"RP11-286N22.10",0.151595588597615,0.278078030815268,0.8,0.667,1
"LINC01273",0.151672836559011,0.279081335072783,1,1,1
"RP11-642M2.1",0.15168050436136,0.246516540301123,0.6,0.667,1
"LINC01470",0.151757923060329,-0.104444855107227,1,1,1
"RP11-335O4.3",0.151825846735276,0.286250449471963,1,0.833,1
"AC004158.3",0.151929527072352,-0.210126283151271,1,1,1
"RP11-84C10.4",0.151936104320623,0.275025499334433,0.8,0.5,1
"RP11-401O9.3",0.152248501396992,0.24909737004301,0.8,1,1
"RP11-115J23.1",0.152255844857658,0.356061010156555,1,1,1
"RP11-385F7.1",0.152429837014047,0.225741880471093,0.8,1,1
"RP11-478B9.1",0.152574018758664,0.0912709928118662,1,1,1
"LINC01440",0.15267987084266,0.243065574570993,0.4,0.833,1
"EPHA5-AS1",0.152917275924125,-0.0461089928934488,1,1,1
"AP000692.10",0.153222544303478,0.273990060199697,1,0.5,1
"RP11-182J23.1",0.153269526662876,0.27542953934462,1,0.833,1
"AC012322.1",0.153460388161058,0.242352520037311,0.8,1,1
"LINC00276",0.153520241976174,-0.0235108214153412,1,1,1
"KIZ-AS1",0.153527538823632,0.382034654191865,1,1,1
"CTB-33G10.11",0.15378073373619,0.272355699675801,0.8,0.333,1
"RP11-172H24.4",0.153829369582327,0.363552388000862,1,1,1
"AC017101.10",0.153943703872168,0.362846769010544,1,1,1
"RP11-44B19.1",0.153983648123156,0.271920235655313,0.8,0.333,1
"CTC-255N20.1",0.154261826880131,0.303769578742472,1,1,1
"RAB30-AS1",0.154265777970864,-0.122160096622394,1,1,1
"CTD-2600O9.1",0.154473829496744,0.2732633596401,1,1,1
"RP11-505E24.2",0.15458778002925,0.339792364058123,1,1,1
"FSIP2-AS1",0.154819381183074,0.0104953144838278,1,1,1
"AC012123.1",0.155059891100366,0.271942292349619,0.6,0.167,1
"RP11-290F5.1",0.155186584774456,0.13165168170858,1,1,1
"RP11-6C14.1",0.155230199978387,0.225412663065526,1,1,1
"RP13-516M14.2",0.15530438778056,0.24757140052015,0.4,0.833,1
"RP11-315D16.4",0.155411189809686,0.189280898027677,1,1,1
"FAM157C",0.155419494911437,-0.18134245776418,1,1,1
"AC019330.1",0.155526007931687,0.418598155211134,1,1,1
"RP11-412D9.4",0.155679086339645,0.296237723813028,1,1,1
"RP11-10K16.1",0.155686569474329,0.331682394949512,1,1,1
"RP11-44F21.2",0.155961210750228,0.273966160445598,0.8,0.333,1
"FLJ31356",0.156051926852593,0.306592090584517,0.8,0.667,1
"AC004540.4",0.156099053180835,0.289130264642258,1,1,1
"RP11-449H15.2",0.156229378389267,0.198021297518189,1,1,1
"TIPARP-AS1",0.15634369173125,0.276462082454394,1,0.667,1
"AC003084.2",0.156387807908949,0.202821118223981,1,1,1
"ZNF30-AS1",0.156422567457287,0.228293213791759,0.8,1,1
"KB-1000E4.2",0.157047535549448,0.270251862927555,0.6,0.167,1
"RP11-893F2.13",0.15713296626699,0.279193838380736,1,1,1
"AC006296.2",0.157246880085279,0.274197477161319,0.6,0.167,1
"RP11-128P17.3",0.157292911309616,0.248334589948408,0.4,0.833,1
"RP11-48B3.4",0.15732113007864,0.238959634880254,1,1,1
"RP11-104E19.1",0.15775445706708,0.197034551207342,1,1,1
"RP11-161H23.5",0.157766094246118,0.274550192730181,0.6,0.333,1
"RP11-1018N14.2",0.157782437710261,0.235786833232109,0.8,1,1
"SEPT4-AS1",0.157882791396438,0.295836071431689,1,1,1
"AC016831.7",0.158127184269031,0.571124405705252,1,1,1
"FLJ46066",0.158237404930252,0.208358369057411,1,1,1
"RP11-784B15.1",0.158275503928591,0.27925114702403,0.6,0.333,1
"RP11-401E14.2",0.158322285541952,0.255783617097488,0,0.5,1
"XXbac-B444P24.8",0.158430930141462,0.279539318445651,0.6,0.333,1
"RP11-396J6.1",0.158612205680802,0.276572765935708,0.8,0.833,1
"CTB-55O6.12",0.158858799001181,0.285610755946578,1,1,1
"RP11-195B17.1",0.158870853297287,0.240081847137819,1,1,1
"RP11-53L24.2",0.15908198376257,0.276773352954959,0.8,0.667,1
"RP11-351D16.3",0.159213961584394,0.22259561454855,1,1,1
"CCDC183-AS1",0.159407968702984,0.23599295628424,1,1,1
"PHKA1-AS1",0.159549061024052,0.287571630063336,1,1,1
"ZIM2-AS1",0.159993860718426,0.179342559141704,1,1,1
"RP11-392O1.4",0.16012400109126,0.0291301875881358,1,1,1
"LA16c-385E7.1",0.160133690592098,0.27249913270078,1,1,1
"RP11-188D8.1",0.160378636387288,0.277119032542099,1,1,1
"LINC01350",0.160434432398957,0.256183865003548,0,0.5,1
"AC007463.2",0.160695300004647,0.27246151933784,0.6,0.167,1
"RP11-9M16.2",0.160895441892992,0.276420299317359,0.8,0.667,1
"RP11-266E6.3",0.16121945033433,0.244030891539034,0.8,1,1
"PAN3-AS1",0.161251613784723,0.195886980416777,1,1,1
"RP11-1055B8.9",0.161266499609593,0.138569040610691,1,1,1
"CTB-113P19.1",0.161491168339008,0.335277281951445,1,1,1
"RP4-663N10.1",0.161499019949096,0.224750357551898,1,1,1
"RP11-254F19.3",0.161558650227832,0.286842134846358,1,1,1
"RP11-723G8.2",0.161619861175791,0.24477721734772,1,1,1
"CTD-2506J14.1",0.161772961010979,0.23952106633304,0.6,1,1
"RP11-120E13.1",0.161789053671236,0.254548701046951,0.2,0.5,1
"RP5-1160K1.8",0.1618200390709,0.249602526013667,0.8,1,1
"LINC00901",0.161867047139272,0.278800118604582,1,0.667,1
"CTD-2021H9.3",0.161871960599274,0.272110421012017,1,1,1
"AC092687.4",0.16202111525421,0.245684940029454,0.6,0.833,1
"RP11-269G24.3",0.162146857137761,0.297127288355147,1,0.833,1
"RP11-1379J22.2",0.162446697599701,0.317488484811172,1,1,1
"NDUFV2-AS1",0.162671029775582,0.322142487876897,1,1,1
"RP11-115D19.1",0.162684462879257,0.364077365524179,1,1,1
"LINC01416",0.162695776401994,0.181226998821326,1,1,1
"RP11-498P14.5",0.162723879756842,-0.133788916382527,1,1,1
"RNU11",0.163282985302012,0.273569599711935,0.8,1,1
"AP000438.2",0.163421363425987,0.246519207428241,0.4,0.833,1
"LPP-AS1",0.163445477712969,0.277262157180337,0.8,0.5,1
"LINC00861",0.16349807442981,0.272431032487602,0.6,0.5,1
"RP11-472N13.2",0.163572752864495,0.277040843560329,1,0.833,1
"RP11-357K6.1",0.163634384959151,0.241864785885254,0.4,1,1
"RP11-456D7.1",0.16368193807876,0.236331295352254,0.8,1,1
"AC008440.5",0.163722893426688,0.306963868478627,1,0.833,1
"LINC00467",0.163789764573666,-0.0719669989930531,1,1,1
"RP11-160N1.10",0.164010974075852,0.271792363273258,0.8,0.5,1
"CTC-254B4.1",0.164159153550114,0.16867179735151,1,1,1
"RP11-227G15.8",0.164204349878704,0.140037046043791,1,1,1
"AC006547.13",0.164259992059834,0.32502313688193,1,1,1
"LINC01320",0.164265094979032,0.273597130937153,1,1,1
"CTD-2366F13.1",0.164444981274006,0.302253226997469,1,1,1
"RP11-849F2.5",0.164543927633317,0.28816921035294,1,1,1
"RP11-98O2.1",0.164978337941003,0.281778782053834,1,0.667,1
"CTD-2252P21.1",0.165017445540635,0.278860281290937,1,0.667,1
"RP11-398K22.12",0.165186821997134,-0.0547361529827934,1,1,1
"RP11-73K9.3",0.165241087310199,0.272543642651674,0.6,0.167,1
"TSPEAR-AS1",0.165247786199539,0.275531477954891,0.4,0.167,1
"RP11-159H10.3",0.165305911320621,0.183497659981748,1,1,1
"RP1-225E12.2",0.165317105114433,0.299604899414441,1,1,1
"AC011997.1",0.165347235176148,0.318315774298285,1,1,1
"RP11-158M2.3",0.165484630886836,0.27904556486605,1,1,1
"LINC00310",0.16554625504403,0.34877565263509,1,1,1
"LINC01170",0.165598295623971,-0.405513996732285,1,1,1
"CRTC3-AS1",0.165606162695022,0.0435865004325291,1,1,1
"RAI1-AS1",0.16570093687995,0.278285501451998,1,0.833,1
"NEXN-AS1",0.165764712814895,0.228627477926476,1,1,1
"CTD-2561F5.1",0.166052389130582,0.232654114599205,1,1,1
"CASC6",0.166225875030629,0.190739049794401,1,0.833,1
"RP11-467L24.1",0.166330747220731,0.314747101119221,1,1,1
"RP11-435D7.3",0.166427299900707,0.254522557946065,0.2,0.667,1
"AC012594.1",0.166747265656283,0.230683670169615,1,1,1
"LINC00476",0.167044679636419,-0.0964279570232043,1,1,1
"RP11-379B8.1",0.167292882004615,0.289945196742725,1,1,1
"RP5-1057J7.7",0.16754349665863,0.268892321713333,0.6,0,1
"LINC01363",0.168100874538016,0.247059696256045,0.6,0.667,1
"AC022182.3",0.168147977476297,0.277393557674543,1,0.667,1
"SAPCD1-AS1",0.168306093261011,0.176329949975512,1,1,1
"RP11-563D10.1",0.168366315967278,0.232634805052666,1,1,1
"RP11-417B4.2",0.168549205815737,0.301929620459241,1,0.833,1
"AC072062.1",0.168661337825521,0.448347504479175,1,1,1
"LINC01291",0.168978758788441,0.23197366437737,0.2,0.667,1
"LINC01533",0.169031959343396,0.254896120640171,0.2,0.667,1
"AC062020.1",0.169124824265532,0.280610577890665,0.8,0.667,1
"RP11-573D15.2",0.16941245924595,0.149768269875385,1,1,1
"RP11-129K12.1",0.16959047176646,0.249293689152216,0.6,0.833,1
"RP1-100J12.1",0.169686788311963,0.274840902566916,0.8,0.667,1
"IFT74-AS1",0.170205031860101,0.270202414521576,0.4,0,1
"RP13-465B17.5",0.170499744567552,0.230354340730205,1,1,1
"RP11-53I6.3",0.170579032968378,0.230242153031393,1,1,1
"RP11-276H7.3",0.170654349633039,0.275264674369384,0.8,0.667,1
"AC007078.4",0.170796193517828,0.2765838628984,0.8,0.5,1
"RP3-439F8.1",0.170856849235819,0.27229435045611,0.8,0.5,1
"RP11-74M11.2",0.170889430328767,0.221874758998238,1,1,1
"PHACTR2-AS1",0.170898115493376,0.276234205362872,1,1,1
"RP11-725D20.1",0.171215130426696,0.22955941095273,1,1,1
"RP11-380D23.1",0.171255642983896,0.254371427591495,0,0.333,1
"RP11-67H2.1",0.171519016148079,0.239963020627633,0.8,1,1
"RP11-17A4.2",0.171662087768055,0.291143893884415,1,1,1
"AC142528.1",0.171744805920907,0.286737953561246,1,1,1
"CASC15",0.17180492212718,0.377124387733035,1,1,1
"RP11-186N15.3",0.171805530875229,0.283050189431393,1,0.667,1
"LYPLAL1-AS1",0.17187431196611,0.14972468518717,1,1,1
"CTD-2528A14.1",0.171894795804187,0.276510512012481,0.8,0.5,1
"RP11-577G20.1",0.172209913521715,0.253769233405122,0,0.333,1
"RP11-46A10.5",0.172213444634273,0.297921947646713,1,1,1
"RP11-184D12.1",0.172245581611224,0.298602399236649,1,1,1
"RP11-73G16.3",0.172306124303325,0.251818319519369,0.2,0.5,1
"RP11-452H21.4",0.172311561842548,0.237847748007912,1,1,1
"RP11-80H18.4",0.172443751599634,0.268061890608436,0.6,0.167,1
"LINC01102",0.172801594001232,-0.135107321699982,1,1,1
"TRPM2-AS",0.172993862160306,0.28202411908583,0.6,0.667,1
"CTC-360P9.4",0.173106352311978,0.291546792439998,1,1,1
"AC005307.4",0.173309484726492,0.227627969205891,1,1,1
"RP11-131L23.1",0.173322602147363,0.0526900383872186,1,1,1
"ST20-AS1",0.173365793736287,0.236077529617446,1,1,1
"RP11-55L4.2",0.173366127797679,0.277656761740598,1,0.833,1
"NCRNA00250",0.173868710889986,0.228396680986449,1,1,1
"RP11-617D20.2",0.174038286497597,0.247115109016265,0.8,1,1
"RP11-89N17.4",0.174053730140781,0.268984500838026,0.6,0,1
"AP000265.1",0.174112761432156,0.277654416928124,1,1,1
"RP11-597D13.9",0.174386620222141,0.369034403915542,1,1,1
"RP11-128M1.1",0.174459073346624,0.292049403715325,0.8,0.667,1
"RP11-268G12.3",0.174514930513673,0.324920929030324,1,1,1
"RP11-91A18.4",0.174704151635338,0.273073422872435,1,1,1
"RP11-789C1.2",0.175084455855226,0.245479439786304,0.8,1,1
"RP11-631N16.2",0.175147633795355,0.0411290150000649,1,1,1
"RP11-189B4.7",0.175221038714284,0.361399550161087,1,1,1
"AC084149.2",0.175294758417485,0.279692038850166,1,1,1
"ARHGAP31-AS1",0.175773750695596,0.281963881856979,1,1,1
"RP11-326E22.1",0.175834197731943,0.318192377261576,1,1,1
"RP5-1024N4.4",0.175898850018424,0.273222401167135,0.8,1,1
"RP1-207H1.3",0.17666822611844,0.245604631226665,0.4,0.667,1
"LINC01179",0.176694980844047,0.240315723152367,0.6,0.833,1
"LINC00877",0.176838719858523,-0.24862524705896,1,1,1
"AC009313.1",0.176846090897294,0.221153006674064,1,1,1
"AC091153.4",0.1770010115856,0.299262435254159,1,1,1
"AC092168.3",0.177286238843977,0.252624295633783,0.2,0.5,1
"ZNF582-AS1",0.177290620331884,0.291108935500227,1,1,1
"RP1-234P15.4",0.177467029857658,0.0647316842385379,1,1,1
"RP11-816J8.1",0.177661356559253,0.280016716113271,0.6,0.667,1
"LINC01609",0.177893882715785,0.112595223555259,1,1,1
"C12orf77",0.178088176776384,0.269236698547812,0.6,0,1
"PDCD4-AS1",0.178181474605935,0.273004155271575,0.8,0.5,1
"RP11-165F24.3",0.178579182912523,0.279406839231422,1,1,1
"RN7SL832P",0.178698328173892,0.209197560069299,1,1,1
"KCNIP2-AS1",0.178737618176121,0.297123809763368,1,1,1
"ZNF503-AS1",0.178837915962442,0.216622153862198,1,1,1
"RP11-844P9.1",0.178900564660045,0.274826763281406,0.8,0.667,1
"CTC-479C5.10",0.178950076204922,0.25388593623121,0,0.333,1
"RP5-1139I1.2",0.178961607745492,0.238989945755509,1,1,1
"AC104777.2",0.179155030818894,0.233419524736458,0.4,0.5,1
"LINC00427",0.179592168851155,0.248642719613632,0.4,0.667,1
"RP11-305F18.1",0.179982885739239,0.106941461332163,1,1,1
"FAM66E",0.180102672893158,0.210590515473421,1,1,1
"RP11-173D14.3",0.180206699323485,0.24862267561584,0.8,0.833,1
"CTB-30L5.1",0.180512957012724,0.275512034140152,1,0.833,1
"RP11-723O4.9",0.180517526612254,0.283403996021749,1,1,1
"CTB-40H15.4",0.180579971353038,0.20178746148947,1,1,1
"RP11-431N15.2",0.180624426571733,0.233966549683389,1,1,1
"RP11-1105G2.4",0.180641091705968,0.231432198460834,1,1,1
"CTA-392C11.1",0.180645540981063,0.251507423069325,0.2,0.667,1
"CTD-2192J16.11",0.180933496389145,0.246656080953638,0.8,1,1
"AC140912.1",0.181515853920129,0.362058724312257,1,1,1
"RP5-1132H15.1",0.181549000993995,0.330804020291494,1,1,1
"HCG11",0.181588479904968,0.296026075748624,1,1,1
"RP11-426L16.3",0.18162552111126,0.294624827905527,1,0.667,1
"RP11-1094H24.4",0.181714919634556,0.281588030067798,1,0.667,1
"CTD-2509G16.2",0.182208574342985,0.239281449121566,0.8,0.833,1
"RGMB-AS1",0.182245628217545,0.277462541086069,1,0.833,1
"RP11-930O11.2",0.182273152542678,0.275984993388462,0.6,0.333,1
"RP11-473E2.4",0.182298465819264,0.247542930464152,0.8,1,1
"RARA-AS1",0.182304037955679,0.228211633565092,1,1,1
"RP11-488L18.10",0.182430207686182,0.33014599311744,1,1,1
"RP11-245P10.6",0.182431463194581,0.273462158527346,0.4,0.5,1
"RP5-963E22.4",0.182647480055814,0.269888866411752,0.6,0,1
"SFTA1P",0.182703914109651,0.295606791573441,1,1,1
"AC116609.1",0.182835955081035,0.274438182368961,0.6,0.5,1
"RP11-297H3.3",0.182926599977056,0.244758997660369,0.4,0.833,1
"ZEB1-AS1",0.182934729578008,0.351079181776432,1,1,1
"RP11-449J10.1",0.182976493628952,0.244885625998425,1,1,1
"LINC00691",0.183085055701636,0.272344760359714,0.6,0.333,1
"RP11-108L7.15",0.18318897445313,0.270394002881108,0.6,0.167,1
"AC067969.2",0.183322850553275,0.277179698958944,0.8,0.167,1
"NREP-AS1",0.183413287138893,0.287533759298201,1,0.833,1
"RP11-482M8.3",0.183707124243356,0.243561242277332,0.8,0.833,1
"CTD-2349P21.5",0.183729689703211,0.0398154846957928,1,1,1
"CTD-2005H7.1",0.183962349468593,0.16008665244111,1,1,1
"RP11-159N11.3",0.184016140376368,0.256034793572975,0,0.5,1
"RP11-47P18.1",0.184145311968226,0.248476466928646,0.4,1,1
"RP11-486I11.2",0.184201139291627,0.23381572256594,0.8,0.833,1
"RP11-514P8.2",0.184224376194439,0.278243738242251,0.8,0.667,1
"RP11-6B4.1",0.184443738871416,0.277523676794878,1,0.833,1
"RP11-70C1.1",0.184455473902286,0.281415110469086,0.8,0.667,1
"AC002550.6",0.184544824360763,0.243522891819003,1,1,1
"RP11-273B20.1",0.184545162687017,0.248131379492744,0.4,0.833,1
"CTD-2184D3.6",0.184582143409834,0.294577126520084,1,1,1
"CTD-2006K23.2",0.184643772587954,0.273376215602076,0.8,0.5,1
"CTB-191K22.6",0.184884310786667,0.276223433060886,1,0.833,1
"CTB-91J4.1",0.185023226823527,0.232063117936257,1,1,1
"RP4-697K14.15",0.185466341329352,0.224864900629693,0.6,0.833,1
"CYP17A1-AS1",0.185752864732603,0.21552723407141,1,1,1
"RP11-20G13.5",0.185827500776246,0.271463201282104,0.6,0.333,1
"RP11-53I6.4",0.185948871419466,0.238928181972776,0.8,1,1
"RP11-213H15.1",0.18603569595499,0.274714641852546,0.8,1,1
"LINC01525",0.186075228856722,0.252089340218578,0.4,0.833,1
"RP11-778J15.1",0.186189490702292,0.363364924034479,1,1,1
"LINC01513",0.186241334927299,0.315710653149242,0.8,0.667,1
"KB-68A7.1",0.186373807043165,0.247604659423846,0.4,0.5,1
"ARHGAP26-AS1",0.186373878921869,0.318262587515316,1,1,1
"RP11-44I10.3",0.186412329253053,0.289748714557181,1,0.833,1
"AC022816.2",0.186457582833896,0.276211329186441,0.8,0.833,1
"RP11-129I19.2",0.186566157361246,0.272104538699164,0.6,0.333,1
"AC008592.4",0.187058418537869,0.245052030493386,0.6,1,1
"RP5-1011O1.3",0.187079600144032,0.274707964750229,0.6,0.667,1
"RP11-1148O4.2",0.18723282361662,0.29901547828478,1,1,1
"RP11-634H22.1",0.187324133540046,0.271523137428338,1,1,1
"RP4-756G23.5",0.187349432027625,-0.00891866644171557,1,1,1
"AP000253.1",0.187431006173999,0.294147522565081,1,1,1
"MIMT1",0.187500042499473,0.297684503756676,1,1,1
"RP11-305B6.3",0.187627386165296,0.31739171304617,1,1,1
"RP11-574K11.29",0.187684096042528,0.106541978568339,1,1,1
"LARS2-AS1",0.187934892292396,0.283712871085676,0.8,0.833,1
"A1BG-AS1",0.188058278821148,0.146391245056916,1,1,1
"HEXA-AS1",0.188326774405046,0.282616585381434,1,1,1
"RP11-177G23.2",0.188354934877839,0.274902173697698,1,1,1
"USP27X-AS1",0.188499185232638,0.275313348736167,1,1,1
"RP11-338H14.1",0.18858943610395,0.183565924188739,1,1,1
"RP11-350J20.5",0.188850290480621,0.291532513213156,1,1,1
"LINC00866",0.188917694983055,0.206124436151101,1,1,1
"AC022154.7",0.189042074225889,0.283271280928706,1,1,1
"MYLK-AS2",0.18919742912271,0.250802573902004,1,0.833,1
"AC009158.1",0.189198565858481,0.276132717371256,0.8,0.5,1
"RP11-584P21.2",0.18947870026314,0.381361344946005,1,1,1
"CFAP44-AS1",0.189499595549525,0.286558372762504,1,1,1
"AL035610.2",0.189722489701741,0.377218770710753,1,1,1
"RP11-680F8.1",0.190018645580516,0.228100269104628,1,1,1
"RP11-143P4.2",0.19002585666126,0.243067888437369,1,1,1
"RP1-122P22.4",0.190048843886319,0.247817228636865,0.6,1,1
"DGUOK-AS1",0.19035836288147,0.297753532146886,1,1,1
"KCNMA1-AS3",0.190522162829363,0.279716246320493,0.6,0.5,1
"LINC01288",0.190717794379541,0.254175723489102,0.2,0.667,1
"RP11-284F21.10",0.190749015722379,0.186779217801465,1,1,1
"RP11-353N14.2",0.190805778791129,0.253514141352747,0.2,0.333,1
"AC006378.2",0.191029695206734,0.276539071797574,1,0.667,1
"AC007228.5",0.191131718696682,0.184957791449449,1,1,1
"RP11-386I14.4",0.191221587488673,0.285177243440155,0.8,0.667,1
"LINC01122",0.191290398709583,-0.1288533701896,1,1,1
"LINC01474",0.191555806840986,0.272083068283109,0.6,0.5,1
"RP3-340N1.2",0.191694074860991,0.273923284411529,0.4,0.167,1
"RP11-144G6.4",0.191733543556662,0.297157337665662,1,0.833,1
"RP4-794I6.4",0.191801723731067,0.276778100018854,0.8,0.667,1
"RP11-700E23.2",0.191855043040014,0.271893320511599,0.4,0,1
"RP11-324C10.1",0.192652461853509,0.280074238744262,1,1,1
"RP11-451B8.1",0.193040891182138,0.229228452913815,1,0.833,1
"DDX11-AS1",0.19347201635086,0.315929127240961,1,1,1
"RP11-324O2.3",0.193536472408855,0.298219637171116,1,1,1
"RP11-353M9.1",0.194002604971539,0.313969675482821,1,1,1
"RP11-88I18.2",0.194547057117723,0.0087309406662015,1,1,1
"CTD-2134A5.4",0.194677415802568,0.230914719498621,1,1,1
"RP11-262H14.3",0.19469739247989,-0.162790696865763,1,1,1
"EFCAB14-AS1",0.194705748185699,0.290411509560696,1,0.833,1
"RP4-791M13.3",0.19471898427238,0.288522180934796,1,1,1
"RP11-35G9.5",0.195011820577624,0.351899308124777,1,1,1
"RP11-563E2.2",0.195501120152026,0.274565035177663,0.8,0.667,1
"RP11-176N18.2",0.195514543449726,0.0317174550770556,1,1,1
"RP11-143A12.3",0.195527084304972,-0.00451320940082178,1,1,1
"RP11-77K12.4",0.195680922759007,0.313337445885006,1,1,1
"RP11-629O1.2",0.195732755718572,0.222136197386391,1,1,1
"RP11-77K12.9",0.195813830492117,0.163200898444861,1,1,1
"RP11-161I6.2",0.195853267141594,0.328496195248906,1,1,1
"RP11-843A23.1",0.196059197184031,0.283612380206199,1,1,1
"RP11-18H7.1",0.196252982257225,0.281353811326673,1,1,1
"RP11-158L12.5",0.19631442890794,0.270537293055069,0.4,0.167,1
"RP11-789A21.1",0.196314571549552,0.249709699029817,0.6,0.833,1
"RP11-540N6.1",0.196362808030356,0.214707778390766,1,1,1
"PCSK6-AS1",0.196572638724369,0.280924162020942,1,0.5,1
"AC106869.2",0.19699588651421,0.270353140296315,0.6,0.5,1
"AC002451.3",0.197088551423504,0.122149987606441,1,1,1
"AC012668.2",0.19723170142235,0.225392943707136,1,1,1
"SDCBP2-AS1",0.197299186244682,0.00414793055845286,1,1,1
"LINC01425",0.197315732216795,0.250812526688486,0.4,0.833,1
"RP11-16P6.1",0.19732755483903,0.231230087081006,1,1,1
"RP11-560I19.1",0.197385245654542,0.189484695475948,1,1,1
"RP5-887A10.1",0.197425552717833,0.254624640996119,0.2,0.667,1
"RP11-110L15.1",0.197469121275736,0.24980644613119,0.4,0.667,1
"RP11-545G3.1",0.197525315874552,0.305054623383438,1,1,1
"RP11-416O18.2",0.197626548717322,0.268922025985384,0.8,0.333,1
"RP5-1028L10.1",0.197675162659844,0.270381934240725,0.4,0,1
"AC008074.3",0.197707439008972,0.0339762559029273,1,1,1
"GS1-594A7.3",0.197919877128478,0.248333298678609,0.4,0.833,1
"RP11-293N14.1",0.198115112115428,0.236611764600055,1,1,1
"RP11-613D13.5",0.198143799836278,0.301651723116217,1,1,1
"RP11-136K7.2",0.198340013927767,0.0941266146681476,1,1,1
"RP11-195F19.9",0.198406394879165,0.188505486595465,1,1,1
"RP11-374M1.3",0.19851809222693,0.282493646578746,1,0.5,1
"RP5-908M14.5",0.198559410078666,0.250232278446669,0.2,0.667,1
"MRVI1-AS1",0.198651188913895,0.288557858103451,1,1,1
"AC073072.5",0.198751682053663,0.27539946044361,0.8,0.5,1
"RP11-386D6.2",0.198751999405898,0.235825217457773,1,1,1
"RP11-57A19.7",0.198782130740476,0.30500906403954,1,1,1
"RP11-680B3.2",0.198926484444797,0.245633888528724,1,1,1
"EMX2OS",0.199339400772166,0.330029818589217,1,1,1
"CTB-180A7.3",0.199346242621295,0.231781545581062,1,1,1
"RP5-1065O2.4",0.199377739276995,0.25180502229688,0.2,0.667,1
"CTA-992D9.11",0.199523901197226,0.273646624413872,0.8,0.667,1
"RP11-35J10.5",0.199682268946306,0.219416795048794,1,1,1
"CTD-3193O13.11",0.200047950327534,0.286212890245864,0.6,0.667,1
"RP11-347C12.10",0.20033349620858,0.272239797316488,0.8,0.667,1
"SLC16A12-AS1",0.200499570709049,0.272936866493034,1,0.667,1
"RP11-525G13.2",0.20058926235945,0.271821047906716,0.6,0.5,1
"LINC01201",0.200919821104459,0.239559420725703,0.4,0.833,1
"RP6-74O6.6",0.201050436180448,0.233864637473332,0.8,1,1
"RP11-385M4.1",0.201651139798134,0.24924017399168,0.4,0.833,1
"RP11-218E20.3",0.20186771653536,0.280559850792065,0.8,0.833,1
"RP11-2H3.6",0.201958545993796,0.244011035401307,0.8,1,1
"RP13-188A5.1",0.202097525276401,-0.0228867225291962,1,1,1
"MIR193BHG",0.202125026260994,0.0772814195692779,1,1,1
"RP11-33N14.3",0.202227451882573,0.271782311798422,0.8,0.667,1
"C1orf132",0.202385514819032,0.409221197322352,1,1,1
"CH507-210P18.1",0.202827947858999,0.271971354954416,1,0.833,1
"RP11-1I2.1",0.203297136145577,0.273446482413478,0.8,0.333,1
"RP11-168O16.1",0.203332448779992,0.276125144442526,1,0.833,1
"MIR217HG",0.203499279137743,0.231590588481251,1,1,1
"RP11-576I22.2",0.20358441805275,0.274272279734305,1,1,1
"AC079742.4",0.2037064214151,0.274984554288373,1,0.667,1
"RP11-173M1.4",0.203948096144364,0.170261220300245,1,1,1
"RP11-184M15.2",0.204031602272744,0.279269125416499,1,0.833,1
"RP4-635E18.7",0.204037394483125,0.284221924432171,1,1,1
"RP11-215P8.3",0.204039601309581,0.275327596083293,1,1,1
"RP5-1120P11.1",0.204270431794937,0.0820739280587064,1,1,1
"MIR155HG",0.204282371573873,0.317060711719472,1,1,1
"RP11-672L10.3",0.204662683112106,0.215332535767009,1,1,1
"RP11-271M24.2",0.204672405986538,0.236371496646823,1,1,1
"SUCLA2-AS1",0.204736328601071,0.278334922033249,1,1,1
"RP11-875O11.1",0.204801966579493,0.289268990214816,1,0.667,1
"AJ239322.3",0.204927287232036,0.232552936169217,0.8,1,1
"RP11-265P11.1",0.205045506347434,0.251047714276055,0.4,0.667,1
"RP11-196G11.2",0.205263727201143,0.347677944741134,1,1,1
"RP11-30L8.1",0.205332227013626,0.250181652235065,0.4,0.667,1
"LINC01516",0.205562356573889,0.242478486942469,0.8,0.833,1
"AC012314.8",0.20559022379675,0.270080510354604,0.6,0.167,1
"AC006130.3",0.205768284392734,0.273164572816501,1,1,1
"ZNF213-AS1",0.20582732310721,0.094632472419276,1,1,1
"CTD-2308B18.3",0.20583518018577,0.294971174308273,1,1,1
"RP11-2E11.9",0.206100582441518,0.0350142507961897,1,1,1
"RP1-232P20.1",0.206103802485665,0.243532829972957,0.4,1,1
"LINC01605",0.206174244374514,0.219991749610596,1,1,1
"RP11-345P4.10",0.206278745643009,0.282244613773805,1,1,1
"RP11-421M1.8",0.206534996521296,0.213203335938685,1,1,1
"CTD-2363C16.1",0.206657489529289,0.275100902234424,0.4,0.167,1
"MIR210HG",0.20671520002414,0.168158370917351,1,1,1
"RP11-132E11.2",0.206922764751654,0.155568625340058,1,1,1
"RP11-59O6.3",0.207064251404214,0.293207697712552,0.6,0.333,1
"CTC-526N19.1",0.207101074982517,0.273626132597885,0.8,0.333,1
"RP11-649G15.2",0.207242920526929,0.412906364782534,1,1,1
"CTC-265F19.3",0.207243863752202,0.278241224135451,1,0.5,1
"RP11-810P8.1",0.20728151862495,0.280370058040054,0.8,1,1
"RP11-459O1.2",0.207536614410622,0.27592175697828,0.8,1,1
"RP11-484K9.4",0.20765155678582,0.28570609016591,1,0.667,1
"RP4-657D16.6",0.207908150788333,0.253878588814145,0.2,0.333,1
"RP11-269F21.1",0.208055225085278,0.253868028202269,0.4,0.667,1
"CTD-2631K10.1",0.208195908002719,0.285927497553399,1,1,1
"CTC-260E6.6",0.208227980791944,0.260449076974972,1,1,1
"CTC-218B8.3",0.20828367155499,0.302265524652603,1,0.667,1
"PCAT5",0.208343219793568,0.253165854835867,0.2,0.5,1
"C1orf195",0.208369658703241,0.279271316921178,0.8,0.833,1
"CTC-347C20.1",0.208586687800955,0.312348070259899,1,1,1
"PVT1",0.208739675066276,0.400983622155814,1,1,1
"RP11-538I12.3",0.208748633834431,0.248588736428937,0.8,1,1
"RP11-727F15.11",0.208784191255851,0.27115646525127,1,1,1
"AC008073.7",0.208921931955564,0.248909535422971,0.4,0.667,1
"RP11-85A1.3",0.209036464767077,0.2488806750266,0.4,0.833,1
"AC007383.4",0.209067636436352,0.289093284397236,1,1,1
"AC005592.1",0.209078391665282,0.216747500724039,1,1,1
"BMS1P14",0.209114668217942,-0.0336829356856183,1,1,1
"RP11-87M18.2",0.20911957914512,0.281603555779521,1,1,1
"ENTPD3-AS1",0.20912986516093,-0.193623656031349,1,1,1
"RP11-243J16.7",0.209213193425079,0.347641254826685,1,1,1
"LINC01499",0.209466467933123,0.23825874054304,1,1,1
"RP11-15I11.2",0.20949835235691,0.255240866481588,0.2,0.5,1
"RP11-876N24.2",0.209507737795606,0.290495190095317,1,1,1
"RP11-996F15.2",0.209738322046342,0.103077692800811,1,1,1
"LINC01560",0.209843802745688,0.283537160010762,1,1,1
"RP11-428J1.4",0.209851334841489,0.268924522069373,1,1,1
"CRHR1",0.20998376018915,-0.0449987184158812,1,1,1
"AC005932.1",0.210104333819054,0.271753516895644,1,1,1
"AF213884.2",0.210377241408876,0.233457155564094,1,1,1
"AC005304.1",0.210558056852095,0.225841423712664,1,1,1
"RP4-742C19.13",0.210654911526634,0.347128579605873,1,1,1
"RP11-254F7.2",0.21091646285015,0.201175763781546,1,1,1
"LINC00707",0.210946403581144,0.214996016057624,1,1,1
"RP5-1056L3.1",0.211047011014818,0.232963599303577,1,1,1
"RP11-322E11.2",0.211257955462031,0.269480333967119,0.6,0.167,1
"RP11-111E14.1",0.211372268414212,0.221873319476824,1,1,1
"CTC-436P18.3",0.211613876896747,0.296605201862073,1,1,1
"RP11-258F22.1",0.211750364340456,0.228482520000949,1,1,1
"GCC2-AS1",0.212040428501997,0.275698795597654,1,1,1
"AL133245.2",0.212168954809751,0.216911066164378,1,1,1
"CTD-2007A10.1",0.212389855183953,0.274828245632917,0.6,0.167,1
"RP11-79E3.3",0.212493665612205,0.283005010104953,1,1,1
"AC098820.4",0.212559630682809,0.241643794202139,1,1,1
"AC072062.3",0.21265741824671,0.213653913023573,1,1,1
"CTD-2562J17.2",0.212810218596288,0.249067259077509,0.2,0.833,1
"RP11-758H9.2",0.212855659898826,0.289002207183978,1,1,1
"AC073133.2",0.212967134913418,0.246949362332784,0.8,1,1
"RP11-69E11.8",0.213030097432151,0.272308125627899,0.8,0.333,1
"RP11-400D2.2",0.213070398873029,0.226469370677913,0.8,1,1
"RP11-403A21.1",0.213218817714837,0.301451885936214,1,1,1
"RP11-17A1.3",0.213329811312565,0.0173088525020786,1,1,1
"LINC01561",0.213400802557567,0.299198724767083,1,1,1
"RP11-279O9.4",0.213450994425534,0.243716884957441,0.6,0.833,1
"AC139100.3",0.213523269550117,0.282207319981845,1,1,1
"LINC01115",0.21359079199136,0.30297196648959,1,1,1
"RP11-69M1.8",0.213612837409053,0.210389373209794,1,1,1
"RP11-260O18.1",0.214160590748192,0.306763448257541,1,1,1
"AC010983.1",0.214426158773252,0.269708967175466,0.4,0,1
"AC009227.2",0.214552880736665,0.292594463775093,0.8,0.833,1
"RP5-1085F17.3",0.214559088080218,0.322701958189296,1,1,1
"SCARNA2",0.214639881362426,0.216078811177496,1,1,1
"RP11-746B8.1",0.214750962023668,0.24068049878469,0.8,1,1
"RP11-472M19.2",0.214934570945266,0.315965598784506,1,1,1
"RP11-196H14.2",0.214977391539373,0.334612718655966,1,1,1
"RP11-503L19.1",0.215073219690759,0.23500491822674,1,1,1
"AC079305.11",0.215121587185417,0.0663891978628062,1,1,1
"RP5-1186N24.3",0.215547940472602,0.276252905145066,0.6,0.5,1
"GLTSCR2-AS1",0.215771141092627,0.287301210456617,1,1,1
"RP11-1398P2.1",0.215798215828529,0.272378074041116,1,1,1
"RP11-227F19.5",0.215883907485208,0.271767959098288,0.8,0.5,1
"RP11-464F9.20",0.215961033267903,0.213520271681894,1,1,1
"RP11-553A21.3",0.216045731925796,0.286068344031157,1,0.833,1
"SFTPD-AS1",0.216159591419722,0.290743636847785,1,1,1
"AC010524.4",0.216266914921603,0.282594535219954,0.6,0.167,1
"RP11-1057B8.2",0.216290816295003,0.241484781602008,1,1,1
"RP11-493L12.5",0.216313713714841,0.240588876800804,0.6,0.833,1
"RP11-463I20.3",0.216325496106056,0.238117373553357,0.8,1,1
"CTD-2054N24.2",0.216539078054063,0.334622768908106,1,1,1
"RP11-890B15.2",0.216646893058472,0.216788463457332,1,1,1
"CTC-591M7.1",0.216716602832844,0.282705029800732,1,0.667,1
"RP11-450H6.3",0.216807861429654,0.233850672931075,0.6,0.667,1
"RP4-790G17.7",0.21690964255064,0.248270630831178,0.8,1,1
"AC003090.1",0.217002655863523,0.276657251466667,1,1,1
"RP1-184J9.2",0.217270679107457,0.300711827380424,1,1,1
"RP11-701H24.3",0.217377349529726,0.350405101694286,1,0.833,1
"RP11-354K4.2",0.217411802581129,0.233451722161959,1,0.833,1
"RP11-351A11.1",0.217441571146824,0.342328036825258,1,1,1
"RP11-138E2.1",0.217525959651537,0.251900423552166,0.6,0.833,1
"ZNF350-AS1",0.217583588361539,0.281136530268139,1,1,1
"RP5-965G21.6",0.21767446017854,0.269797953701903,0.8,0.833,1
"LINC01567",0.217736123699206,0.314425095720744,1,1,1
"RP11-620J15.3",0.21774042203354,0.267807007351509,1,1,1
"RP11-570L15.1",0.217864811633275,0.276824847512486,0.8,1,1
"CTC-273B12.10",0.218114720942748,0.29360403587117,1,1,1
"CTA-363E6.7",0.218125141037222,0.269256807236175,0.6,0.333,1
"PACRG-AS1",0.218157533227833,0.11352083970926,1,1,1
"AC010974.3",0.218284748752206,0.273570097742671,0.8,0.5,1
"MIR92B",0.21853387053846,0.283169074595331,1,1,1
"C6orf3",0.218572612889481,0.293843400957649,1,1,1
"RP4-771M4.3",0.218658674975934,0.272984411809574,0.8,0.5,1
"RP11-552F3.9",0.218683922687298,0.268910477729957,1,1,1
"RP4-737E23.2",0.218710578536847,0.254704850721633,0,0.333,1
"RP11-81K13.1",0.218811764808291,0.276507729121525,0.8,0.5,1
"RP11-514P8.8",0.218842233598848,0.00862898512683907,1,1,1
"RP11-50D9.3",0.21889800662729,0.241388126512719,1,1,1
"RP11-705O24.1",0.218927224017402,0.236197389601885,1,1,1
"RP11-563N12.2",0.218938443797807,0.251190661569024,0.2,0.667,1
"TESC-AS1",0.218977240919983,0.216923595843094,1,1,1
"RP11-568A7.3",0.219009396441364,0.245846824569816,0.4,0.667,1
"RP1-118J21.25",0.219409547398949,0.254479083928621,0.2,0.667,1
"RP11-261C10.4",0.219418601893489,0.275788858765412,0.8,0.333,1
"RP11-712L6.5",0.219460397703798,0.326938911651953,1,1,1
"RP11-474P2.4",0.219759060836447,0.244342088304902,0.6,0.833,1
"RP11-459F6.1",0.219988349176912,0.24057405159805,1,1,1
"RP11-719N22.2",0.220165955601107,0.245820643727329,0.4,0.833,1
"RP11-230C9.4",0.220231701263941,0.270808187149358,1,1,1
"RP11-697H9.3",0.22034882946673,0.251822471504633,0.4,0.667,1
"XXbac-BPG157A10.21",0.220438391352088,0.272030705555634,0.8,0.833,1
"AC012456.4",0.220678701534307,0.270450926566218,0.6,0.167,1
"LINC01019",0.220924331891713,0.276142952086782,1,1,1
"AP002954.4",0.221065153802979,0.318687676224637,1,1,1
"RP11-406O23.2",0.221170422403435,0.243651720618653,0.6,0.5,1
"RP11-1030E3.1",0.221196133606761,0.251522268443181,0.4,0.667,1
"RP11-680G24.6",0.221926180598695,0.291954183752336,0.8,1,1
"AC012363.4",0.222122876639963,0.306661521232582,1,1,1
"LINC00539",0.222138466181538,0.459175525379793,1,1,1
"CTD-2187J20.1",0.222392121989479,0.253893204487742,0.4,0.5,1
"RP6-1O2.1",0.22254034092472,0.19628069659033,1,1,1
"RP11-733O18.1",0.222586928434036,0.299355850173704,1,1,1
"BVES-AS1",0.222642703446772,0.297799422336602,1,1,1
"RP5-898J17.1",0.222660271993782,0.249124756889866,0.8,1,1
"AP000679.2",0.222982238932401,0.268732273922268,0.6,0.167,1
"C1orf147",0.22306630586487,0.272833560443225,1,0.833,1
"RP5-998N21.4",0.223124023971092,0.280416422368698,1,0.5,1
"CTD-2288F12.1",0.223271755606626,0.277911869351422,1,1,1
"RP11-179K3.2",0.223483682341322,0.27116889385282,0.8,0.833,1
"ZNF252P-AS1",0.223637919065179,0.273975422259484,1,1,1
"AC012360.6",0.224263693892768,0.27133016163832,1,1,1
"RP11-636O21.1",0.224286005614957,0.230124480041929,0.6,1,1
"AP000254.8",0.224427076523813,0.274183122004099,1,1,1
"RP11-488L18.8",0.224511562592209,0.275620619032619,0.8,1,1
"RP11-1006G14.1",0.224774299197441,0.273068685692964,0.8,0.667,1
"RP1-288L1.4",0.224778698784641,0.235259161658014,0.8,1,1
"RP11-523L20.1",0.224884282897149,0.255710905316504,0,0.333,1
"ELFN2",0.224955879710566,0.0465310253337108,1,1,1
"PLA2G4C-AS1",0.225080415682521,0.280769662252198,1,0.833,1
"RP11-284M14.1",0.225219489537043,-0.23318783612025,1,1,1
"RP11-217B1.2",0.225615038573683,0.270526731675463,0.6,0.167,1
"AF127577.8",0.225846697514684,0.269913024771517,1,1,1
"RP3-333H23.8",0.225849567068347,0.277200667106231,0.8,0.5,1
"CTC-441N14.2",0.226171933298598,0.277716825729401,0.8,0.5,1
"AC004125.3",0.226221082535559,0.271143749644567,0.4,0.167,1
"RP11-269C23.5",0.226268750360665,0.198992214215055,1,1,1
"RP11-835E18.5",0.226332806272762,0.266193145024323,1,1,1
"CTD-2270P14.5",0.226396222919395,0.172608434450168,1,1,1
"ARHGEF7-AS2",0.2264278589518,0.236248753362208,1,0.833,1
"RP11-304M2.6",0.22654514963434,0.237798088577213,1,1,1
"RP11-203E8.1",0.226571159732334,0.284863380843049,1,0.833,1
"RP11-467L13.7",0.226578311504783,0.27988111634729,1,1,1
"AC069363.1",0.226604065344722,0.253367927650393,0.2,0.5,1
"AC096669.2",0.226788093671958,0.185155063471682,1,1,1
"CTC-548K16.1",0.227038940306296,0.250808598716107,0.6,0.833,1
"CTC-490E21.14",0.227098377703044,0.29328696810832,1,1,1
"AC083843.1",0.227166699714165,0.178024728334885,1,1,1
"RP11-211G3.3",0.227206897544903,0.361080936259358,1,0.833,1
"RP11-48G14.2",0.227376896994413,0.238703666722223,0.8,1,1
"RP11-480C22.1",0.227570258047307,0.378187146636863,1,1,1
"ELMO1-AS1",0.227711324077204,0.35559690493228,1,1,1
"GLIS2-AS1",0.227747726306352,0.242736434340692,0.8,0.833,1
"LINC00910",0.227751098071745,0.207988864777319,1,1,1
"CTD-3253I12.1",0.227753845445933,0.285915034147245,0.8,0.667,1
"LINC00882",0.227769451996689,-0.106723954676224,1,1,1
"RP11-147G16.1",0.227854594107631,0.25157938149546,0.4,0.667,1
"RP11-809O17.1",0.22805647644948,0.280884929197595,1,0.667,1
"RP13-631K18.3",0.228098821903843,0.256867582989215,0.2,0.667,1
"AC107399.2",0.228159003250269,0.27205620388212,1,0.667,1
"HTR3E-AS1",0.228368718883283,0.274558531877593,1,1,1
"RP3-508I15.10",0.228391122994197,0.253302512787559,0.6,0.833,1
"AC010745.2",0.228584333935909,0.246058469132774,0.6,1,1
"RP11-280K24.1",0.228712991264854,0.250825358300686,0.6,1,1
"RP11-404O13.5",0.228813300682743,0.272987122773908,0.4,0.333,1
"LINC01598",0.228934309386097,0.274297678875394,1,0.5,1
"THRIL",0.228962894620659,0.282261908381062,1,0.5,1
"PICSAR",0.228966293199153,0.307112357377863,1,0.833,1
"RP11-238I10.1",0.228989472541217,0.244180268439008,0.4,0.667,1
"RP13-143G15.4",0.229022798484786,0.378606841430123,1,1,1
"AC034243.1",0.229231431570473,0.241564140483132,1,1,1
"RP11-731D1.4",0.229290451024623,0.278007036036493,0.8,0.833,1
"CTC-444N24.13",0.229335406154795,0.268315271304998,1,1,1
"RP11-348N5.7",0.229464098733297,0.270474112808277,1,1,1
"RP11-700H13.1",0.229823058575428,0.240443749925208,1,1,1
"CTD-2066L21.3",0.229905261655856,0.192953546065083,1,1,1
"RP11-483F11.7",0.230196935088106,0.221401342482203,1,1,1
"RP11-68L18.1",0.230268214188171,0.233998172430128,1,1,1
"RP11-443N24.2",0.230775365198,0.240375777294447,1,0.833,1
"RP11-650L12.2",0.230791845327792,0.275799961881392,0.6,0.333,1
"OSER1-AS1",0.231433562950811,0.269489964327787,1,1,1
"RP11-236L14.1",0.231598741405425,0.269714326160965,0.4,0,1
"CTD-2215L10.1",0.231598911294615,0.308644518510117,1,1,1
"RP1-101K10.6",0.23204945391975,0.0881247672565311,1,1,1
"CTB-186G2.4",0.232075115845356,0.280727592560623,1,0.667,1
"RP11-386D6.1",0.232098135209351,0.245495993375548,1,0.833,1
"GS1-120K12.4",0.232227544253042,0.203698180996492,1,1,1
"AC007193.9",0.232353828541529,0.279745078695898,1,0.833,1
"RP11-37C7.3",0.232481579609215,0.270160962034248,1,1,1
"CTD-3001H11.2",0.232530121854671,0.176604008928269,1,1,1
"LLNLR-245B6.1",0.232552444248212,0.271392534943793,1,1,1
"CH17-80A12.1",0.232714052503332,0.292859066652404,1,1,1
"AD001527.7",0.232770172692461,0.276064008700265,0.8,0.5,1
"MEG8",0.232779288204007,0.0261237295512053,1,1,1
"RP11-121P12.1",0.232946628748033,0.253853545974366,0.2,0.5,1
"RP11-352D13.6",0.232975050397486,0.243267504560771,0.6,0.667,1
"LINGO1-AS1",0.233178281029221,0.247530732752363,0.4,0.667,1
"RP11-168P13.1",0.233303412392573,0.250702451265768,0.6,1,1
"RP3-467N11.1",0.233411130319766,0.226285148521225,1,1,1
"AC046143.3",0.233421003485436,0.276287762659463,1,1,1
"RP6-65G23.3",0.233423984185106,0.192939722089752,1,1,1
"RP11-728F11.4",0.233457703952717,0.271624568931673,0.8,0.833,1
"CTD-2561B21.11",0.233719072222155,0.277414435528069,0.6,0.833,1
"TMEM161B-AS1",0.233742414182665,0.233574692058433,1,1,1
"MCF2L-AS1",0.233908526735057,0.273530154127321,1,1,1
"RP11-706P11.2",0.234219356106446,0.235372505953762,1,1,1
"RP11-548M13.1",0.234241184975845,0.241112406207027,1,1,1
"DPP10-AS3",0.234541711493395,0.305471513397323,1,1,1
"RP11-1105G2.3",0.234675554015461,0.225564779116543,1,1,1
"CTD-2574D22.7",0.234698268801119,0.257187892466718,0,0.5,1
"RP11-15I20.1",0.234978740061092,0.269005122994295,0.4,0,1
"RP11-457M11.7",0.235044397428558,0.247955373941078,0.6,0.833,1
"RP11-556I14.2",0.235086253516165,0.191167568287563,1,1,1
"RP11-74E22.3",0.235155643831974,0.281802964374583,1,1,1
"RP11-930O11.3",0.235497058182016,0.273922501223746,1,1,1
"RP13-991F5.2",0.235534335544411,0.269931870829662,0.6,0.167,1
"RP11-61K9.3",0.235830766058415,0.182486030393994,1,1,1
"LA16c-444G7.1",0.236026000662847,0.1980389078254,1,1,1
"AC008271.1",0.236142679498782,0.239327260660503,1,1,1
"RP11-649A16.1",0.236283705321461,0.390239714542707,1,1,1
"LMO7-AS1",0.236333204276233,0.296259300485686,1,1,1
"JAZF1-AS1",0.236777735870875,0.0689145987202553,1,1,1
"RP11-1033H12.1",0.236852358025791,0.274352541345229,0.8,0.5,1
"RP11-266O8.1",0.237049466039922,0.258016831652151,1,1,1
"RP11-96D1.5",0.23708255073805,0.274337401766335,1,1,1
"C21orf91-OT1",0.237312071665844,0.317898379879543,1,1,1
"AC016722.4",0.23731954473013,0.279414685314729,1,1,1
"RP11-114J13.1",0.237345067709542,0.215579967882505,1,1,1
"NRSN2-AS1",0.237355579040332,0.319091798062317,1,1,1
"LINC01116",0.237528570678524,0.274254652835864,1,0.5,1
"CTA-268H5.14",0.237648132481639,0.27234351040123,1,0.833,1
"RP11-292E2.1",0.23766407121474,0.269086004873315,1,1,1
"LINC00945",0.237692204447422,0.253388677777378,0.4,0.333,1
"CTD-2260A17.3",0.237717530599294,0.271718050150451,0.8,0.667,1
"CTC-492K19.7",0.238358479134966,0.26964946384875,0.4,0,1
"RP11-46D6.1",0.238377336201789,0.252947752449787,0.2,0.5,1
"AC002480.3",0.238405304742294,0.282312328878394,1,0.833,1
"AC026167.1",0.238506340094725,0.293209657145232,1,1,1
"C18orf65",0.23869685666274,0.268577457770241,0.6,0.167,1
"AC018799.1",0.238719797686122,0.276624411134899,0.6,0.5,1
"CTC-458I2.2",0.238893933279528,0.310871753018707,1,1,1
"RP11-270M14.4",0.239195699171059,0.290073424114207,1,1,1
"AC006946.17",0.239216478222606,0.223109829540881,1,1,1
"RP11-1C8.6",0.239291054470104,0.274965581464219,0.8,1,1
"RP11-433C9.2",0.239559988129545,0.277362095434601,1,1,1
"AC144831.3",0.239594772882901,0.252464298429316,0.2,0.667,1
"AC064871.3",0.239776426432745,0.273940207417563,0.8,1,1
"RP11-53O19.3",0.239786417670611,0.28390772118277,1,1,1
"RP11-392P7.6",0.240113275753078,0.318719827477908,1,1,1
"ARRDC1-AS1",0.240118365432682,0.0868843366383583,1,1,1
"RP11-93K22.6",0.240249559604672,0.231230471706933,1,1,1
"FLVCR1-AS1",0.240374165128071,0.280591679424181,1,1,1
"CTD-2316B1.2",0.240500679077563,0.241546841047999,0.6,1,1
"AP001596.6",0.240691314591847,0.280596568851342,1,1,1
"LINC01443",0.240925699945096,0.28939261243922,1,1,1
"RP11-313F23.4",0.240996124344759,0.227551207750749,1,1,1
"RP5-894A10.2",0.241300385704067,0.303588851389239,1,1,1
"AC128709.3",0.241379044821883,0.251463728328913,0.4,0.833,1
"RP11-638L3.3",0.24142778213835,0.25516340339901,0.2,0.5,1
"USP46-AS1",0.241576794586125,0.225175862971158,1,1,1
"AC099850.1",0.241577149414703,0.116626635692604,1,1,1
"RP11-327P2.5",0.241605487165187,0.183995325023197,1,1,1
"RP11-568N6.1",0.241791731436546,0.271259210660435,1,1,1
"RP11-736G13.1",0.241927539855632,0.238530062090012,1,1,1
"RP11-323F24.3",0.241940997731264,0.231323626036476,0.8,1,1
"CTD-2113L7.1",0.242095899497262,0.286107466207703,1,1,1
"RP11-532F6.5",0.24229930800149,0.175118728288977,1,1,1
"RP11-325F22.2",0.242391995105676,0.271623990876568,1,1,1
"RP4-800J21.3",0.2424701334375,0.238036555931242,1,1,1
"RNF139-AS1",0.242544175250956,0.134855942441674,1,1,1
"AC096669.1",0.242949453017618,0.257612310925993,0,0.5,1
"RP11-332H18.5",0.242957793464535,0.302131062269883,1,1,1
"AC002115.5",0.24296701581677,0.269800225449935,0.4,0.167,1
"AC226118.1",0.243054737154707,0.268863945018796,0.4,0.167,1
"RP11-403P17.6",0.243142182414309,0.249074897936777,0.2,0.667,1
"CTC-338M12.9",0.24330004913461,0.253812981604826,0.2,0.667,1
"RP11-136B18.2",0.243371594524998,0.257510925083146,0.2,0.5,1
"RP11-21B21.4",0.243779364778381,0.138106555233288,1,1,1
"AGAP2-AS1",0.243835123764348,0.2733690495921,1,1,1
"RP11-220I1.2",0.244402273469811,0.2679691373218,0.6,0.5,1
"RP4-680D5.2",0.244591397233335,0.276926614371916,1,1,1
"RP11-351M16.4",0.244764134472072,0.271284386474521,0.4,0.167,1
"CTD-2195M15.3",0.244828427053621,0.267985493342196,0.4,0.167,1
"AC015933.2",0.245137373420535,0.275389005448138,0.8,0.5,1
"RP11-803P9.1",0.2451711098113,0.247595064528883,0.4,0.833,1
"RP11-481J2.3",0.245393065441734,0.27059628316574,0.8,0.667,1
"RPPH1",0.24546065015853,0.323750418821912,1,0.667,1
"RP4-777L9.2",0.245683329263787,0.268412165216322,0.8,1,1
"RP11-492E3.2",0.245873405568736,0.240821891755401,0.6,0.833,1
"AC004257.1",0.245878316042037,0.250260392482418,0.6,0.667,1
"CTD-2532N20.1",0.24596330610823,0.257394732914097,0,0.5,1
"RP11-103J17.1",0.246099530795411,0.249129376600556,0.4,0.833,1
"RP11-624L4.1",0.246119143978278,-0.151876615299949,1,1,1
"LINC00936",0.246266191812092,0.141773561104364,1,1,1
"CTC-498J12.3",0.2463829428988,0.199310439665841,1,1,1
"LINC01256",0.246510874698156,0.277077495723457,1,1,1
"AC015849.16",0.246512679770535,0.274368543572917,0.6,0.667,1
"RP1-149A16.12",0.246540852619934,0.23358614303644,1,0.833,1
"RP11-415J8.5",0.24667181903538,0.285539602939472,1,1,1
"LINC01340",0.247323022136423,0.116270403093752,1,1,1
"CTC-339F2.2",0.247418897596406,0.278161891267772,1,0.833,1
"AC009784.3",0.247543654967118,0.298032251162826,1,1,1
"AC007950.2",0.247594440844134,0.272132961769673,0.8,0.833,1
"RP11-371F15.3",0.247635107262763,0.338129503685231,1,1,1
"CTD-3116E22.7",0.247746253657262,0.270710981427145,0.6,0.167,1
"RP11-378I6.1",0.248428210963536,0.285786879246731,1,1,1
"BX470102.3",0.248482336980738,0.269381379853022,0.4,0,1
"CCDC144NL-AS1",0.248544703809515,-0.0242179996476777,1,1,1
"RP11-478J18.2",0.248600014260427,0.243310146299152,1,1,1
"RP11-165J3.6",0.248818740609407,0.204747913408445,1,1,1
"AC074363.1",0.248873229764267,-0.183646485759883,1,1,1
"RP3-466P17.1",0.248891506385231,0.218337039726757,1,1,1
"RP11-521C20.5",0.24896597543341,0.269482915649812,0.8,0.667,1
"ALKBH3-AS1",0.248973320141935,0.275117452643915,0.8,0.5,1
"AC005498.3",0.249089636709154,0.240306213428726,1,1,1
"RP11-347P5.1",0.249190312624916,0.279331631453089,0.6,0.667,1
"RP11-78F17.1",0.249254269111634,0.000761965673441223,1,1,1
"RP11-379H18.1",0.249455621561502,0.302285635402763,1,1,1
"AC100830.3",0.249559341725448,0.286664468684989,1,1,1
"RP11-455O6.9",0.249563261356336,0.274049041728054,0.8,0.667,1
"AC004076.5",0.249584395260474,0.2841799610085,1,1,1
"AC063976.3",0.249934765583474,0.256259893237435,0,0.333,1
"RP3-337H4.9",0.250190680213761,0.269275921624553,0.6,0.333,1
"RP11-706D8.3",0.250482804376619,0.269863595815242,1,1,1
"MCHR2-AS1",0.250986110128157,0.23966316472289,0.6,1,1
"RP11-395P13.4",0.251250372455954,0.271432017742703,0.8,0.333,1
"RP11-792A8.4",0.251354434927355,0.2815903890835,1,1,1
"RP11-826N14.2",0.251398144171547,0.276885599377491,1,0.667,1
"RP11-387M24.5",0.251446805396162,0.257005978373212,0.2,0.5,1
"RP11-436F21.1",0.251779840647066,0.255769831639127,0.4,0.5,1
"AC068282.3",0.251786593855692,0.274347515895685,1,1,1
"RP11-148B6.2",0.251873958662802,0.247162328367952,0.4,0.833,1
"LINC01252",0.251884909279764,-0.0389542611964016,1,1,1
"RP11-126K1.2",0.252104670860556,0.269363589445894,0.8,0.5,1
"ZNF667-AS1",0.252198668360327,-0.0148941841603494,1,1,1
"RP11-793A3.1",0.252221476756049,0.228271889234163,1,1,1
"RP11-353N14.5",0.252297478318702,0.250910648933282,0.4,0.5,1
"RP11-338N10.2",0.252565487106867,0.250997517625805,0.6,0.833,1
"RP11-346D14.1",0.252884798157099,-0.108429008612771,1,1,1
"RP11-691H4.4",0.253154485386787,0.28752897219405,0.8,1,1
"RP1-12G14.7",0.253364646790518,0.27388003794995,1,0.667,1
"PARD3-AS1",0.253477076752793,0.231238772177858,1,1,1
"RP11-421P23.1",0.253618287983905,0.239994697627409,0.4,0.833,1
"KB-1125A3.12",0.253645617356725,0.276834643543979,0.8,0.5,1
"RP11-138A9.2",0.25424595708721,0.435974758747431,1,1,1
"GPR158-AS1",0.25432336851036,0.185781936508147,1,1,1
"LINC00441",0.25437285740965,0.2229562886747,1,1,1
"STAM-AS1",0.254551705041819,0.279878963633223,1,1,1
"AC145110.1",0.254700453990985,0.269079917621355,0.8,1,1
"RP11-164H13.1",0.25473445169548,0.258865423322699,0.2,0.667,1
"RP11-329B9.5",0.254765301475595,0.272948212641715,1,0.833,1
"OCIAD1-AS1",0.254881154784737,0.281112706656366,1,1,1
"LINC00843",0.254918364050718,0.0282205810161413,1,1,1
"AC093495.4",0.254967454732221,0.282309514646545,0.8,1,1
"RP11-307P5.1",0.255101536096284,-0.251443354536935,1,1,1
"RP11-382A20.5",0.255340134380805,0.294549256383918,1,1,1
"MEG9",0.255392929355936,0.127615096011826,1,1,1
"CTC-543D15.3",0.25545913127818,0.252859947026637,0.2,0.667,1
"RP11-250B2.3",0.255492311714122,0.257670322106927,1,1,1
"AC092171.2",0.255577073565466,0.27129560715196,0.6,0.667,1
"RP11-554K11.2",0.255868518233569,0.237345936198824,0.8,1,1
"CISTR",0.255955314182933,0.275691287402389,0.6,0.667,1
"RP11-217E13.1",0.256038297357229,0.252216974272926,0.4,0.667,1
"LLNLR-268E12.1",0.256214458712044,0.276182687494192,1,1,1
"RP3-406A7.7",0.256302997067756,0.356913174575597,1,1,1
"LINC00929",0.256437753006273,0.253723113949833,0.4,0.667,1
"RP11-1029J19.4",0.256643760145597,0.250830520878081,0.4,0.833,1
"RP1-200K18.1",0.256690053815609,0.248836337137517,0.6,0.833,1
"AC093375.1",0.256873283355193,-0.16762132528319,1,1,1
"RP11-216B9.6",0.257061366976836,0.277660781816336,1,1,1
"RP11-108O10.2",0.257292823775538,0.277645172143152,1,1,1
"AC005609.16",0.257423071785907,0.280004255736674,1,1,1
"RP11-702F3.1",0.25743285188561,0.273322041993815,0.6,0.333,1
"RP11-95I16.2",0.257460479941633,0.233587100958177,1,1,1
"RP11-141M1.3",0.257543686689354,-0.235804974526065,1,1,1
"RP11-269F21.3",0.257742699719914,0.198139752210307,1,1,1
"RP11-227F19.1",0.257757720399411,0.253989784502602,0.2,0.667,1
"RP11-119B16.2",0.258116100939411,0.294095313247386,1,1,1
"RP3-512B11.3",0.258201585722411,0.268976154945013,0.4,0,1
"RP11-107D24.2",0.258265312147891,0.294727080268085,1,1,1
"IQCH-AS1",0.258299865495872,0.23325037850547,1,1,1
"AC079145.4",0.258525662322439,0.215333967733904,1,1,1
"CTD-2135D7.5",0.258677919426418,0.295698077367279,1,1,1
"RP11-424D14.1",0.258837459734016,0.242890371383622,1,1,1
"RP11-539G18.3",0.258909016948703,0.141997992039886,1,1,1
"RP11-605B16.1",0.258921928345841,0.203829801607121,0.4,0.667,1
"RP11-378J18.9",0.259003187891017,0.0591596648071369,1,1,1
"AC069277.2",0.25905777674699,0.324378333540358,1,1,1
"LINC00607",0.259141825964642,0.146161852848235,1,1,1
"LINC01169",0.259190224008247,0.230957471950783,1,1,1
"RP11-815M8.1",0.259231368261132,0.273724555413676,1,0.833,1
"RP11-167J8.3",0.259773359743813,0.22353446984404,1,1,1
"RP11-66N24.3",0.259834784355029,0.276939160007577,1,1,1
"RP11-297K8.2",0.25983975314323,0.269297957119909,0.8,0.833,1
"LINC01477",0.259844014625925,0.250117478907093,0.2,0.5,1
"CTD-2287O16.4",0.26009036449271,0.248956774601449,0.6,0.667,1
"MID1IP1-AS1",0.260172227090353,0.273740005105746,0.8,0.667,1
"RP3-330M21.5",0.260223111464185,0.275049350016034,1,0.667,1
"ST3GAL6-AS1",0.260400229610316,0.13847608595154,1,1,1
"C22orf34",0.26054451817557,0.514676943386399,1,1,1
"CTD-2192J16.26",0.260677141355461,0.216218077614025,1,1,1
"RP11-638I2.8",0.26068297727442,0.319705455094446,1,1,1
"CTB-113I20.2",0.260736141352764,0.216777674711542,1,1,1
"AC018890.6",0.260827135428969,0.279737267146365,1,1,1
"RP11-478K15.6",0.260924341835672,0.254845854432369,0.2,0.5,1
"DLGAP4-AS1",0.26092836083506,0.301859851260674,1,1,1
"ZNF503-AS2",0.261149898797712,0.273955189331117,1,1,1
"RP11-213G21.2",0.261209154604808,0.251303683179532,0.2,0.667,1
"AL133493.2",0.261246282479941,0.254399824272967,0.2,0.5,1
"CTD-2509G16.5",0.261638866838436,0.175492836493857,1,1,1
"RP11-622C24.2",0.261686786393129,0.249488771258709,1,1,1
"LA16c-390E6.5",0.261980204059602,0.273070349106435,0.6,0.667,1
"RP11-818F20.4",0.262266624564987,0.254566415032251,0.2,0.5,1
"AP005530.2",0.262459281923689,0.272268236092161,0.6,0.333,1
"U91319.1",0.262562279729841,-0.0971077459280495,1,1,1
"RP11-354P11.2",0.26305712594409,0.269288691274186,0.4,0.167,1
"RP11-923I11.3",0.26323837175884,0.252203597688884,0.2,0.667,1
"AC005786.5",0.263258852263171,0.271238138950364,0.6,0.5,1
"RP11-338K17.8",0.263328399597553,0.320672095078439,1,1,1
"FAM138B",0.263415480644634,0.269099619191648,0.4,0,1
"RP13-923O23.6",0.263545298761438,0.271680098602328,0.8,1,1
"AC091878.1",0.263705746977804,0.386462438141062,1,1,1
"LINC00865",0.263781149670227,0.289928971219178,1,1,1
"GNA14-AS1",0.264545527819505,0.175297048423288,1,1,1
"LINC00470",0.264598399557495,0.176420551010947,1,1,1
"LINC00847",0.264604545639544,0.286609442974481,1,1,1
"RP11-863K10.2",0.264813494089771,0.274491400788465,1,0.833,1
"CTD-2026K11.5",0.265203125248386,0.249958359252294,0.8,1,1
"USP12-AS1",0.265214432713611,0.286691225066545,1,0.667,1
"RP11-710C12.1",0.265556705858714,0.0936938240246836,1,1,1
"AC003986.5",0.265669258533709,0.275889195226323,0.6,0.333,1
"RP11-315E17.1",0.265703318517234,-0.0611189756404176,1,1,1
"AC007491.1",0.2658259799519,0.254487123163874,0,0.167,1
"LINC01527",0.266007071200841,0.272259443743453,0.8,0.667,1
"SNRK-AS1",0.266536508476538,0.279387346834885,1,0.833,1
"RP11-801F7.1",0.26663900372648,0.24850023640202,0.6,1,1
"RP11-838N2.5",0.266692844854942,0.278412354818936,1,1,1
"RP11-428J1.5",0.266941843406689,0.275519871180544,1,1,1
"CTD-2540F13.2",0.26698391381599,0.278470854446849,0.8,0.667,1
"RP11-780K2.1",0.267155217628521,0.239324896940917,1,1,1
"AC093911.1",0.267498780473301,0.270335026589297,0.4,0.167,1
"AC078842.3",0.267677151793101,0.25181981437614,0.8,0.667,1
"RP11-648K4.2",0.267812954050482,0.267367600457953,1,1,1
"ITPR1-AS1",0.267894259614867,0.273873959515707,1,1,1
"RP11-148I19.1",0.268310377665091,0.208359604815784,1,1,1
"TSC22D1-AS1",0.268627472535042,0.166027050038708,1,1,1
"LINC01494",0.268687649428623,0.221305859589831,1,1,1
"RP11-114H23.1",0.268699530336237,0.267792068071934,1,1,1
"LINC00940",0.268907534074192,0.182505728968677,1,1,1
"RP11-10C24.2",0.268923928911881,0.245579705409162,0.6,1,1
"RP11-433J8.1",0.269231371630105,0.173390382196032,1,1,1
"AC009110.1",0.26946755095546,0.279289406523937,0.6,0.833,1
"RP11-1109F11.5",0.269545466776834,0.269775283718307,1,1,1
"AC005307.1",0.269569844106224,0.251489595607714,0.2,0.333,1
"RP11-109E12.5",0.269805678863116,0.242083453220865,0.6,0.667,1
"RP11-65J21.1",0.269959631218492,0.271869572967693,0.6,0.333,1
"RP11-324E6.10",0.269985410323687,0.27313183102649,1,0.833,1
"AC000099.1",0.270069781725154,0.274926273679515,0.6,0.5,1
"RP11-775B15.2",0.270193457340315,0.239522265844793,1,1,1
"RP11-1079K10.3",0.270207267694475,0.278344507592512,1,1,1
"RP3-325F22.3",0.270237132464437,0.285175622784648,1,0.833,1
"RP11-15A1.7",0.270620473159478,0.269268419678909,1,1,1
"RP11-293A21.1",0.27071844160746,0.24781365239249,0.4,0.667,1
"RP11-531A24.5",0.270806768673414,0.274603809200507,1,1,1
"RP11-461A8.5",0.270807255147744,0.253914694974249,0.4,0.833,1
"KLHL7-AS1",0.271003072294424,0.274734096002842,1,0.833,1
"LINC01075",0.271095599534236,0.251528449598902,0.4,0.833,1
"RP11-120M18.5",0.271112678134765,0.27493390229979,1,0.833,1
"RP11-1260E13.2",0.271226246968426,0.252718384523984,0.4,0.5,1
"AC005394.1",0.2713363842807,0.231959978894023,0.4,0.667,1
"RP11-666F17.1",0.27134945748157,0.311309101381364,1,1,1
"RP11-846C15.2",0.271372523858965,0.25424169184843,0.6,0.833,1
"RP11-407B7.3",0.2714173024891,0.257050045232315,0,0.333,1
"RP11-175P13.2",0.271440175074249,0.250039735903681,0.4,0.833,1
"RP11-17E2.2",0.27144044428586,0.169575301671503,1,1,1
"AC108056.1",0.271591728876858,0.256595464418934,0,0.333,1
"CTA-992D9.6",0.271859294295455,0.27932344451886,0.8,0.5,1
"RP11-417F21.1",0.2719065022324,0.335717769198226,1,1,1
"RP11-543C4.1",0.271922400021203,0.132408627565474,1,1,1
"RP11-886D15.1",0.272005496389595,0.0498402318649058,1,1,1
"CARS-AS1",0.272036604539981,0.276925459315244,0.8,0.333,1
"RBMS3-AS3",0.272068838561298,0.40151074800865,1,1,1
"RP11-1379J22.5",0.272211382957031,0.230511235850395,1,1,1
"ATP6V0E2-AS1",0.272273377540224,0.271535788985245,1,1,1
"CTA-254O6.1",0.272291027563444,0.27352075643577,1,0.667,1
"RP11-353K11.1",0.272351839874288,0.245235339297269,0.8,1,1
"RP11-546K22.2",0.272476853687022,0.256593479460192,0.2,0.833,1
"RP5-947P14.1",0.272612917435236,0.206381180303355,1,1,1
"KB-173C10.2",0.272619695140118,0.251079536401876,0.2,0.833,1
"CAHM",0.272725386912699,-0.0255983584386803,1,1,1
"RP11-102G14.1",0.27308132947439,0.23387718042018,1,1,1
"RP11-239E10.3",0.273097102470329,0.282323871059107,0.6,0.167,1
"PACRG-AS2",0.273365868067399,0.278435366323592,0.6,0.5,1
"RP11-177J6.1",0.273404685969147,0.234043866623003,1,1,1
"CTD-2235C13.3",0.273406748294155,0.272428013071675,0.8,0.833,1
"RP11-165A20.3",0.273492338441443,0.221885299852379,1,1,1
"CTD-2313J17.6",0.273500839670085,0.268588794004707,0.6,0.333,1
"RP11-295G12.1",0.273530888848649,0.2515326520618,0.6,0.667,1
"LINC00853",0.27369789655942,0.271479612928454,0.6,0.833,1
"RP11-1191J2.5",0.273771681556094,0.223334681032721,1,1,1
"LINC00346",0.27408244997251,0.254043629472397,0.2,0.5,1
"AC009878.2",0.274212518173915,0.244812720544893,0.8,1,1
"AC002550.5",0.274251035268416,0.284122362231484,1,1,1
"AP001628.6",0.274522718712,0.305444160680922,1,1,1
"CNTN4-AS1",0.274743127731034,0.280218332843181,0.8,1,1
"SLC44A4",0.274810112999602,0.273552187015444,0.8,0.333,1
"AC007563.5",0.274831282060719,-0.126553973943531,1,1,1
"CTD-2552K11.2",0.27486012885002,0.251442119418338,0.8,0.833,1
"RP11-445F12.1",0.27501254346276,0.136170182203977,1,1,1
"RP4-668E10.4",0.275115511525847,-0.116780487978191,1,1,1
"LINC00927",0.275258745423873,0.270528400174122,1,1,1
"RP11-242D8.1",0.275286738324884,0.272676232458284,0.8,0.5,1
"RP1-151B14.6",0.275472818030904,0.247618854575447,0.8,0.833,1
"RP11-16L14.2",0.275540190113944,0.285669692628855,1,1,1
"RP11-120I21.2",0.2756565804516,0.237846027872162,1,1,1
"RP11-186B7.7",0.275872269553,0.269473910587703,0.8,1,1
"CTD-2515A14.1",0.275882752822861,0.336671387551955,1,1,1
"RP11-33N16.2",0.27611822744545,0.295671884744158,1,1,1
"RP11-342M21.2",0.27626292707639,0.270752357338341,0.4,0.167,1
"RP11-435J9.2",0.276326337733966,0.235402553700564,1,1,1
"RP11-582J16.4",0.276364555423159,0.111183029679845,1,1,1
"RP4-565E6.1",0.276540986386965,-0.13935482717699,1,1,1
"RP11-161D15.1",0.276541086595392,0.249937600916139,0.8,1,1
"AC007740.1",0.276878787555644,0.373179930723689,0.8,1,1
"PABPC5-AS1",0.277204796532428,0.234394193399748,1,1,1
"MAP3K14-AS1",0.277509911764377,0.242355773502465,0.6,0.833,1
"RP11-343J3.2",0.277725106978445,0.269159133485598,0.6,0.333,1
"RP11-16C1.1",0.277830955934928,0.25051918752766,0.4,0.667,1
"CTB-131K11.1",0.278012232833248,0.235307760997336,1,1,1
"RP11-486G15.2",0.278065903111963,0.0792810314411541,1,1,1
"CTD-2540B15.6",0.278091862727213,0.269105629644232,0.4,0,1
"CTD-2297D10.1",0.278832658979561,0.248615008653044,0.6,0.833,1
"RP11-1109M24.5",0.278930835385617,0.244422036195838,0.6,0.833,1
"AC008074.4",0.279163419492068,0.256412194670835,0,0.333,1
"LINC00667",0.279222978630933,0.294307681518315,1,1,1
"LINC01166",0.279324922903801,0.29865618588958,1,1,1
"RP11-850A17.1",0.279350250074332,0.282439933185355,0.8,0.5,1
"RP11-227G15.12",0.279420275683795,0.113022600917904,1,1,1
"RP11-864J10.4",0.27962894089178,0.27001526104941,1,1,1
"RP11-989F5.1",0.279762606311515,0.250495801739602,0.2,0.5,1
"LA16c-349E10.1",0.279915844031054,0.196058416411736,1,1,1
"RP11-521O16.2",0.279990025872642,0.227175693427857,1,1,1
"AP002856.5",0.280350502684521,0.241754202517999,1,1,1
"RP5-1024G6.5",0.28053512982115,0.272958168619042,1,1,1
"RP11-111D3.2",0.280596339618469,0.271800453792414,0.6,0.5,1
"LINC01389",0.28070341515221,0.273909744525862,1,1,1
"CTD-2260A17.2",0.280923113928053,-0.0546544989734886,1,1,1
"PHEX-AS1",0.281041896981997,0.231147853608605,1,1,1
"AC004947.2",0.281071171284424,0.253026011097433,0.4,0.5,1
"RP11-50B3.2",0.281075041382739,0.253264199969011,0.6,0.667,1
"AL133249.1",0.281076988972466,0.25141879075185,0.4,0.833,1
"RP11-526K17.2",0.281408046570186,0.27727120229847,1,0.667,1
"UST-AS1",0.281425632110968,0.26911283281384,0.6,0.333,1
"RP11-732A21.2",0.281429418656828,0.275248280691217,0.6,0.333,1
"RP11-968A15.2",0.281438901590106,0.284970641773056,1,1,1
"CTD-2647E9.3",0.281541976153627,0.273317299810102,0.8,0.5,1
"KCCAT198",0.281672011199302,0.268858567204115,0.6,0.167,1
"AC096574.5",0.28209877484065,0.271701877294927,0.6,0.667,1
"AC009404.2",0.282115296649156,0.290750951163658,1,1,1
"RP11-433A10.3",0.282280956382049,0.250572331265161,0.6,0.833,1
"RP11-341N2.1",0.282282124833551,0.225759715489061,1,1,1
"PTCHD1-AS",0.282319848986971,0.203094769828568,1,1,1
"RP11-976B16.1",0.28244499624249,0.239889360642325,1,1,1
"RP11-135A24.2",0.282563255168489,0.294199047876617,1,1,1
"AC012368.1",0.282631391341881,0.270347150075495,0.6,0.333,1
"RP11-320M2.1",0.28271466436862,0.252973542755189,0.6,0.667,1
"AC107218.3",0.282772214671567,0.321344454348475,1,1,1
"AC006262.4",0.282879385642956,0.273257475457338,1,1,1
"AC008781.7",0.283089549474986,0.274164710867001,1,1,1
"RP11-1334A24.6",0.283166025413229,0.273825547346527,0.6,0.333,1
"LINC00681",0.283504996424498,0.250101364104179,0.4,0.667,1
"RP11-655H13.2",0.283574249282173,0.240930573623233,0.8,1,1
"RP11-513H8.1",0.283714236778079,0.283440338522449,1,1,1
"RP11-350N15.5",0.28382987107896,0.237337901280182,1,1,1
"CTD-2272D18.1",0.283902050945993,0.252237150588563,0.4,0.833,1
"RP11-545D19.1",0.28410906293382,0.234690183487908,1,1,1
"MZF1-AS1",0.284129247018521,0.262284292735232,1,1,1
"RP11-325L7.1",0.284130358957193,0.239284295346972,0.8,1,1
"RP11-486A14.2",0.284260550391601,0.278300886181043,1,1,1
"KCNMA1-AS1",0.284422092334381,0.316100066142187,1,1,1
"RP11-136F16.1",0.284491721386073,0.28694715300113,1,1,1
"CTD-2501M5.1",0.284772915421073,0.246433306698546,0.6,0.833,1
"CTD-2234N14.1",0.285059841645003,0.244672380379016,0.2,0.333,1
"PRKX-AS1",0.285143546337544,0.282233421975061,1,1,1
"LINC01012",0.285959657919053,0.205873930619469,1,1,1
"AC006273.5",0.286447359631214,0.254320900853439,0.4,0.5,1
"CTD-2576D5.4",0.286575004639592,0.275872244550416,1,0.5,1
"RP11-395I14.2",0.286613673018809,0.269612201668209,0.6,0.5,1
"RP11-1191J2.2",0.286949072491961,0.169090453639183,1,1,1
"RP11-737O24.2",0.287367667243103,0.291625477834334,1,1,1
"RP11-713D19.1",0.287493902037608,0.270274715647821,0.8,0.833,1
"RP11-539L10.3",0.287594034754161,0.283533651090027,1,1,1
"RP11-420O16.1",0.287842993846078,0.295701847216469,0.8,1,1
"SENCR",0.287986832567249,0.273376010875083,0.8,0.833,1
"AC002480.2",0.288150453593621,0.279453838528249,0.8,0.667,1
"RP11-123K19.1",0.288391203552498,0.233455868446075,0.8,0.833,1
"RP11-770J1.5",0.288411089792091,0.277038899291254,0.8,0.5,1
"RP5-1033H22.2",0.288656095544405,0.270107593837277,0.8,0.833,1
"LINC00636",0.288660918541528,0.19432328689722,1,1,1
"RP11-348J24.2",0.28866844267688,0.0438903328846656,1,1,1
"CTD-2528A14.3",0.288852653478273,0.273636939920531,1,0.667,1
"RP11-39M21.1",0.289075883066487,0.484630620384559,1,1,1
"LINC00671",0.289155631448758,0.241953389374022,0.6,1,1
"CTD-2228A4.1",0.289201304048779,0.270131323851185,1,1,1
"RP11-395F4.1",0.289277642358834,0.272219131192015,0.8,0.333,1
"RP4-535B20.4",0.28932257551283,0.234874669318128,1,1,1
"LINC00884",0.289488698962051,-0.0417033705278491,1,1,1
"AC007246.3",0.289490418904739,-0.0780213903595943,1,1,1
"RP11-867G2.8",0.289717358557201,-0.036875477916309,1,1,1
"RP11-251P6.1",0.289915138405058,0.241660565251296,1,1,1
"LINC00165",0.289939021631748,0.272491768140031,0.6,0.333,1
"RP11-339B21.13",0.289952071808431,0.273251356766074,1,1,1
"AC006227.1",0.28998619425782,0.248576090288652,0.8,0.833,1
"EFCAB6-AS1",0.290182210903977,0.27305775706421,0.8,0.667,1
"RP1-78O14.1",0.290239159801823,0.333208900799522,1,1,1
"AC053503.4",0.290255418013587,0.266043217752437,1,1,1
"LINC01592",0.290385424308472,0.269388229477563,1,1,1
"AC005775.2",0.290404379960749,0.27413400773828,1,1,1
"LINC01234",0.290733094363804,0.152776184819694,1,1,1
"LINC01192",0.290748520155346,0.22351067772603,1,1,1
"RP11-536I6.2",0.290897203937897,0.253406978563953,0.2,0.667,1
"RP11-756P10.2",0.290936169230828,0.254344141853692,0.2,0.333,1
"RP11-23N2.4",0.291111773174447,0.275542420073519,1,1,1
"CTB-176F20.3",0.291255697957751,0.27050191491369,0.6,0.5,1
"RP11-1055B8.2",0.291270105262829,0.239997452835303,0.6,0.833,1
"CTD-2254N19.1",0.291274312275303,0.256549440906621,0,0.333,1
"LINC01500",0.29137721963569,0.270704806128285,1,1,1
"RP11-87P13.2",0.291379045514324,0.269102393081034,0.6,0.167,1
"KIF9-AS1",0.291485270506046,-0.104683113391926,1,1,1
"RP11-97N19.3",0.2918177961083,0.252154633978803,0.2,0.667,1
"RP11-162D16.2",0.291837570654208,0.264752178772705,1,1,1
"RP11-274B21.10",0.291871579217968,0.271761772865731,1,1,1
"CTC-329D1.3",0.291876879369078,0.137919901601458,1,1,1
"AC007386.2",0.292157970316395,0.250094773001543,0.6,0.833,1
"AC019048.1",0.292314187338428,0.243952233318904,1,0.833,1
"CH507-513H4.5",0.292346063241062,0.271307173837351,0.6,0.167,1
"AC006129.2",0.292684613590047,0.268700327265081,0.4,0,1
"RP11-596D21.1",0.292727452980135,0.206839753833346,1,1,1
"RP11-158I9.8",0.292805382700272,0.192326221603019,1,1,1
"NPHP3-AS1",0.293237936344511,0.200761731235993,1,1,1
"RP11-203J24.9",0.29350334156113,0.271748911100263,1,1,1
"RP11-305L7.7",0.293592777829659,0.265660154437577,1,1,1
"RP11-66A2.2",0.293972209162467,0.250637731400924,0.6,0.833,1
"RP11-362K14.5",0.294020714503691,0.227476739389937,1,1,1
"USP12-AS2",0.294100865343641,0.274391560796327,1,1,1
"LINC01257",0.294361030975594,0.252338098421796,0.4,0.667,1
"AP000487.6",0.294600684281471,0.32752684502561,1,1,1
"RP11-867G23.2",0.294622206894229,0.269352737585008,0.4,0,1
"AC005614.3",0.294901950470369,0.268251320431308,0.4,0,1
"RP11-687F6.5",0.29496840490155,0.268330642521914,1,1,1
"CTA-150C2.13",0.295243311570208,0.256533157215967,0.2,0.667,1
"RP11-510I5.4",0.295316794772474,0.19814563351554,1,1,1
"RP11-646I6.5",0.295396491232095,0.222829349361341,1,1,1
"RP11-309M23.1",0.295703043823628,0.21249693815248,1,1,1
"RP11-663P9.1",0.296014249544435,0.290876292882734,1,0.667,1
"RP11-324L17.1",0.296036591968988,0.270893814131945,0.2,0,1
"AC104809.2",0.296036591968988,0.270893814131945,0.2,0,1
"RP11-45A17.2",0.296141951328099,0.225364100482321,1,1,1
"RP11-307L14.1",0.296214880674453,0.269283608062213,0.8,0.333,1
"LINC00648",0.296218196405806,0.299794240728207,1,1,1
"MANEA-AS1",0.296439001346728,0.270981794976553,1,1,1
"AC116609.3",0.296502370078823,0.268374117591898,0.4,0,1
"RP11-796E2.4",0.296581812122428,0.258900153533388,1,1,1
"AC062017.1",0.29676469073599,0.153126869527301,1,1,1
"RP11-805F19.2",0.296774398844429,0.193279390342235,1,1,1
"AC002480.4",0.296853439208485,0.275564897258442,1,1,1
"CAPN15",0.296885077014469,0.265513271624318,1,1,1
"RP11-545E17.3",0.296908842171603,0.269043512403404,1,1,1
"RP11-614F17.2",0.296952339644175,0.191059202802312,1,1,1
"CTC-506B8.1",0.296958856770691,0.268535527289835,0.6,0.167,1
"RP11-257P3.3",0.297647900934806,0.250385174220741,0.4,0.833,1
"RP11-496H1.2",0.298257212325105,0.271778969045544,1,0.833,1
"RP11-589C21.6",0.298543464877218,0.26889098729248,0.8,0.333,1
"RP11-535M15.1",0.298755406264249,0.340292350721884,1,1,1
"AC005523.2",0.298859285602064,0.278330802605262,1,1,1
"CTD-3195I5.3",0.29889987518232,0.273976632263206,1,0.5,1
"CTD-2249K22.1",0.299121173639112,0.210328333803534,1,1,1
"AC011513.4",0.299132016708182,0.20155359389559,1,1,1
"RP11-27G22.1",0.299201013664934,0.256411197766343,0.2,0.5,1
"LINC01505",0.299991959563338,-0.351778604759466,1,1,1
"PRCAT47",0.30005958978629,0.158180018221678,1,1,1
"RP3-438O4.4",0.300070872535194,0.257729403150991,0,0.5,1
"RP11-131L12.2",0.300150268731336,0.270722756285195,0.6,0.5,1
"RP11-615I2.2",0.300286156207175,0.236836966933555,0.8,1,1
"RP4-724E16.2",0.300358761902483,0.271616280404126,1,1,1
"AC128709.2",0.300425369797399,0.251132370794252,1,1,1
"LINC01210",0.300433522800507,0.490755644764457,1,1,1
"MINCR",0.300470835987267,0.278605117103295,1,1,1
"CRNDE",0.300506903985356,0.262366998467194,1,1,1
"RP11-560G2.1",0.300603893861537,0.277461885755229,0.8,0.5,1
"AC000068.9",0.300631194332704,0.252466327658474,0.4,0.667,1
"LINC00954",0.300899009470328,0.269121891242092,1,1,1
"CTD-2507G9.1",0.30105312406157,0.241724102650511,0.6,0.833,1
"RP11-775C24.5",0.30127768876305,0.251383535502267,0.4,0.667,1
"CTB-75G16.3",0.301392815186854,0.227683077258714,1,1,1
"CTD-2302E22.4",0.301736789964832,0.271734132844908,1,1,1
"AC006000.5",0.302075605547028,0.268761890774369,0.6,0.167,1
"CTD-2033C11.1",0.302366448494163,0.235330686434455,0.8,1,1
"RP11-381K20.2",0.302615101521038,-0.101710126429796,1,1,1
"RP5-1065J22.8",0.302703859501453,0.277695206017256,1,1,1
"RP11-130F10.1",0.302739424299652,-0.110327826131445,1,1,1
"RP11-140I16.3",0.302874100836738,0.282934807639112,1,1,1
"CTD-2019O4.1",0.302929139134235,0.256053535632558,0,0.167,1
"RP11-141J13.5",0.303165872905142,0.270289545293334,0.6,0.333,1
"RP11-544M22.1",0.303232311150993,0.247314920794506,0.8,1,1
"CMP21-97G8.2",0.303294104651143,0.245359674197123,1,1,1
"RP11-800A3.3",0.303352126818353,0.253784952026571,0.4,0.667,1
"RP11-809H16.5",0.303691154721002,0.24929592840801,0.4,0.667,1
"RP11-2H8.2",0.303715662290743,0.270403745138816,0.8,0.5,1
"RP11-437J2.4",0.303834495453229,0.275289195781839,0.8,0.667,1
"GS1-39E22.2",0.303866187482505,0.32881428119684,0.8,1,1
"RP5-1098D14.1",0.304795532977985,0.257196234088043,0,0.333,1
"AP000221.1",0.304833212909629,0.27383435332649,1,0.667,1
"AC007395.3",0.304875544343319,0.272538498302157,0.4,0.167,1
"RP11-432J24.2",0.305047148405606,0.245914110855824,0.6,0.667,1
"RP11-536C5.2",0.305106758733333,0.272367869715255,1,1,1
"AC007879.6",0.305199573128491,0.268668402517552,0.6,0.667,1
"DNAJB5-AS1",0.30529283991647,0.271478159807992,0.8,0.833,1
"RP11-7F17.5",0.305367251278036,0.242672318751695,0.8,1,1
"AC137932.4",0.30549944326994,0.276252145255964,1,1,1
"RP13-228J13.1",0.305571632404463,0.238910564322787,1,1,1
"SEMA6A-AS1",0.30560151296752,0.247264904521143,1,1,1
"RP11-148O21.6",0.305627096334829,0.277891100615551,0.8,0.833,1
"LINC01521",0.305909648739613,0.219824851566154,1,1,1
"KMT2E-AS1",0.306113419866823,0.280987800132048,1,1,1
"LINC00924",0.306170012392764,0.221018174127776,1,1,1
"LINCR-0001",0.306184674630218,0.291832169482021,1,1,1
"RP11-247A12.7",0.306240550698449,0.272658395312465,1,0.833,1
"RP11-79E3.2",0.306265202110059,0.254135710693162,0.4,0.667,1
"RP11-252P19.1",0.306438055582249,0.247419364892279,0.6,0.667,1
"RP11-394O4.6",0.306471723849778,0.296015271673842,0.8,0.5,1
"AC079584.2",0.306530071681419,0.278963135818033,0.6,0.833,1
"ARAP1-AS2",0.30659888208784,0.276300436418376,0.6,0.5,1
"RP4-719C8.1",0.306620373483905,0.237294239924133,0.8,0.833,1
"RP13-467H17.1",0.306625857887395,0.254922834256255,0.6,0.667,1
"RP3-522J7.6",0.306678394575066,0.268952258291206,1,1,1
"RP3-518E13.2",0.306683745134984,0.281499215457635,1,1,1
"LINC01331",0.306702590975243,0.236763174256695,0.8,1,1
"SPG20-AS1",0.307010341879504,0.266511283465847,1,1,1
"RP11-420L9.5",0.3070451619508,0.276789999024044,1,0.833,1
"RP11-867O8.5",0.307257808256026,0.270157613775781,1,0.667,1
"LINC01397",0.307330043799711,0.25300420369219,0.8,0.833,1
"PCYT1B-AS1",0.307352044017416,0.275325398151618,1,1,1
"BAALC-AS2",0.307384615763624,0.222875530916096,1,1,1
"AC019118.3",0.307688818607267,0.31340544139606,1,1,1
"RP11-122M14.1",0.307781110025073,0.291042977462329,1,1,1
"LINC01280",0.308096400654549,0.272543912942836,0.6,0.833,1
"FAM225A",0.308415622801712,0.277983373205813,1,1,1
"IGF2BP2-AS1",0.308474362762101,0.246937466504716,0.6,0.833,1
"CTD-2588C8.8",0.308662822096102,0.274447200913102,0.8,0.833,1
"RP11-588G21.2",0.309354020333135,0.263012100704741,1,1,1
"RP11-211C9.1",0.309487530165386,0.275991779064499,0.8,0.833,1
"RP11-496N12.9",0.309973769132695,0.269733537513989,0.8,0.667,1
"HCG14",0.310027242974297,0.255856041125003,0.2,0.5,1
"RP1-242N11.1",0.310306931579418,0.269909532726317,1,1,1
"RP5-933B4.1",0.310426585959024,0.250469897611258,0.4,0.5,1
"RP11-69L16.4",0.310643541138942,0.299220021560519,1,1,1
"RP11-567M16.2",0.310820696647111,0.24919940577553,0.6,0.667,1
"RP11-338I21.1",0.310952260332943,0.273834487937442,0.6,0.333,1
"RP11-327O17.2",0.310992815651954,0.284507020317364,1,1,1
"RP11-91P24.7",0.31117577066659,0.0623580414553926,1,1,1
"RP11-357P18.3",0.31124982553057,0.253798434567932,0.4,0.667,1
"CTD-2143L24.1",0.311321801510805,0.0187749934777399,1,1,1
"AC074117.10",0.311875068281367,0.278404895543691,1,1,1
"RP11-126K1.6",0.311989195358685,0.269837169369882,0.6,0.5,1
"AC013472.4",0.312227040032106,0.298618835800937,1,1,1
"RP11-718O11.1",0.31245077232906,0.136306926636864,1,1,1
"AC007292.7",0.312516229118954,0.251070840563733,0.8,0.833,1
"CTD-2203A3.1",0.312790000556724,0.246138433510056,0.6,0.833,1
"RP11-334J6.7",0.313078147902438,0.273027306598602,1,1,1
"RP11-184A2.3",0.313158878695934,0.257283549074701,0.2,0.5,1
"SMARCA5-AS1",0.313224843326006,0.268899125039325,0.4,0.333,1
"RP11-875O11.3",0.313508800387379,0.255908158334913,0,0.167,1
"RP11-705O24.3",0.313508800387379,0.255908158334913,0,0.167,1
"LINC00911",0.313508800387379,0.255908158334913,0,0.167,1
"RP11-620J15.4",0.313932058007157,0.256725954256135,0.2,0.5,1
"GS1-72M22.1",0.313973556362933,0.295536990962925,1,1,1
"RP11-405F3.4",0.314008072372159,0.268231405562543,0.6,0.333,1
"ZNF793-AS1",0.314221657107902,0.269579409110757,1,1,1
"LINC01106",0.314488233170447,0.167742364308538,1,1,1
"LINC01040",0.314554662061754,0.25672822182716,0,0.333,1
"MIR9-3HG",0.314941598602864,0.0743032256889646,1,1,1
"RP11-1085N6.2",0.314970745327529,0.272265692129934,0.8,0.667,1
"ROR1-AS1",0.315251070967995,0.239004132101871,0.8,1,1
"RP11-191L17.1",0.31527154492459,0.273533458376944,1,1,1
"CTD-2540B15.12",0.315628870347603,0.256440476851203,0,0.167,1
"LINC01361",0.315725379887005,0.247388369882647,0.6,1,1
"RP11-546B15.1",0.315835048004607,0.273484564346062,1,1,1
"RP11-709D24.6",0.31605048058108,0.275919386983353,0.8,0.667,1
"RP11-983G14.1",0.316244814277964,0.278287906677501,1,1,1
"RP11-346D19.1",0.316406723616518,0.239631640704124,1,1,1
"RP11-21B23.3",0.316588848454104,0.231413911693239,1,1,1
"LINC01522",0.317216982330752,0.255922717623696,0.2,0.5,1
"RP11-552D8.1",0.317346392632696,0.24989909224952,0.8,0.833,1
"AC092839.3",0.3174871882065,0.323071803022099,1,1,1
"RP5-984P4.6",0.317679386361711,-0.0142312105259137,1,1,1
"TTN-AS1",0.31779233702951,-0.106533314561132,1,1,1
"RP1-45C12.1",0.318227551678855,0.244590185455924,0.6,0.833,1
"LMF1-AS1",0.318321547198376,0.314416147674249,1,1,1
"LINC01422",0.318495496677308,0.218704280145671,1,1,1
"RP4-545C24.1",0.318504256022602,0.317286059986451,1,1,1
"RP11-856F16.2",0.31861500195296,0.273749067973156,0.8,0.833,1
"RP11-284F21.8",0.318630025668289,0.270237402587576,0.6,0.167,1
"USP2-AS1",0.319012393846642,0.301896183982181,1,1,1
"RP11-76E17.4",0.319041082514941,0.270450255355993,0.8,0.833,1
"LINC00630",0.319131999472815,-0.00685489213503021,1,1,1
"RP11-607P23.1",0.3198464949735,0.237143134898726,1,1,1
"RORB-AS1",0.319864016914209,0.182123740585032,1,1,1
"RP4-678D15.1",0.319866104830321,0.32465587479346,1,1,1
"CTD-2325B11.1",0.319968029727347,0.239935695210168,1,1,1
"RP11-418I22.2",0.320114231178329,0.0949330498903733,1,1,1
"AP001092.4",0.320170208260287,0.272826640651327,1,1,1
"RP11-301L8.2",0.320195638649623,0.24851529721987,0.6,0.667,1
"RP11-16P20.3",0.320340567065369,0.138128115877536,1,1,1
"RP11-236B18.2",0.320389212773827,0.255870432714723,0.2,0.333,1
"RP11-74K11.2",0.32048809848746,0.275302026039304,1,0.833,1
"AC009228.1",0.320534928316245,0.165389742081006,1,1,1
"RP11-21C4.1",0.321251490140794,0.255554185573717,0.4,0.5,1
"CTB-99A3.1",0.321630832630506,0.214126434223292,1,1,1
"RP11-121G22.3",0.321646007090811,0.165567715372951,1,1,1
"RP5-892K4.1",0.321804828714147,0.279697725404952,1,0.667,1
"AC004878.2",0.322302966040408,0.321954205285304,1,1,1
"RP11-739B23.1",0.322918119244773,0.257936016129102,0,0.5,1
"ITCH-AS1",0.323152767304223,0.249045098111202,0.6,1,1
"RP5-973N23.4",0.323353642834316,0.255033967118406,0.4,0.833,1
"RP3-473L9.4",0.323627509450597,0.281356688039734,1,1,1
"AP000936.4",0.323793543273807,0.270726507242693,1,0.833,1
"RP11-17E13.2",0.323900548977867,0.269112199280654,1,1,1
"KCTD21-AS1",0.324079890992418,0.272941591625361,1,1,1
"RP11-752G15.8",0.324105706240857,0.173647788819546,1,1,1
"AC010884.1",0.324352001876011,0.269842502023251,1,1,1
"CTD-2154H6.1",0.324408164030015,0.268206376268808,0.2,0,1
"RP11-565A3.1",0.324411621983023,0.246958290953425,0.6,1,1
"RP11-98J9.2",0.324419258629793,0.270880897857681,0.4,0.167,1
"RP11-717F1.2",0.324711863032564,-0.0301930827822805,1,1,1
"RP11-275N1.1",0.324770855694641,0.247580354955297,0.6,1,1
"RP11-712B9.2",0.324922324338917,0.255552211318704,1,1,1
"RP11-413N19.2",0.325030611508966,0.259342078492736,1,1,1
"CTC-472C24.1",0.32520476912615,0.221959350633553,1,1,1
"APTR",0.325431858419814,0.264900583634748,1,1,1
"RP11-75L1.1",0.325769853149661,0.268300924796661,0.4,0,1
"AC004603.4",0.326118329168967,0.166678689906769,1,1,1
"RP11-282I1.1",0.326125071956178,0.071626144852879,1,1,1
"AC093627.7",0.326227962066899,0.270271158076922,0.6,0.333,1
"ARF4-AS1",0.326590404776,0.182512390654083,1,1,1
"RP11-554E23.2",0.326749612228224,0.270138310463782,1,0.833,1
"RP11-231C18.2",0.326840974353108,0.257421194536985,0,0.333,1
"RP4-671G15.2",0.326969934056281,0.270003513083235,1,1,1
"RP11-890B15.3",0.327138973260785,0.128555160580661,1,1,1
"AC023115.2",0.327143197541417,0.282223618272044,1,1,1
"GNG12-AS1",0.327184940525317,0.0593386067461499,1,1,1
"RP11-2G1.1",0.327598494804543,0.271444641654911,1,1,1
"RP11-909N17.2",0.327810335078218,0.254617905818686,0.2,0.333,1
"RP11-222N13.1",0.328037188322685,0.257267266278055,0,0.167,1
"RP11-806H10.4",0.328129730346204,0.271937851354207,1,1,1
"ZFX-AS1",0.328258080623304,0.279203637799688,1,0.833,1
"LINC01412",0.328441608871021,0.251254420393309,0.4,0.5,1
"LINC01120",0.329087807744704,0.268111811076769,0.4,0,1
"RP11-712L6.7",0.329087807744704,0.268111811076769,0.4,0,1
"FER1L6-AS1",0.329415421688109,0.239985347809935,0.6,0.833,1
"AC068490.2",0.329428502916488,0.0434145514356266,1,1,1
"RP11-366H4.3",0.329784598924705,0.272181702383924,0.4,0.167,1
"AC195454.1",0.329821382598585,0.237358734018553,1,1,1
"RP11-181C3.1",0.329825824033015,0.235695146943609,1,1,1
"OR5V1",0.329940584195086,0.275383348089377,0.8,1,1
"LA16c-380H5.6",0.330211896332917,0.275229086241323,1,0.833,1
"CTD-3222D19.8",0.330329588411885,0.266214264114161,1,1,1
"RP11-87C12.5",0.330341632476631,0.232251883681906,1,1,1
"AC021188.4",0.330440674092842,0.226172452960382,1,1,1
"STARD4-AS1",0.330910069494491,0.0943438136053429,1,1,1
"SLC25A21-AS1",0.330960322743867,0.175282943014939,1,1,1
"RP11-292B1.2",0.331170109134749,0.293724929445292,0.6,0.333,1
"RP11-245G13.2",0.331213983336737,0.246488252717815,0.6,0.667,1
"RP11-4B16.4",0.331220863878352,0.269053718129666,0.2,0,1
"CTD-3187F8.2",0.331963536691718,0.275584148420463,0.6,0.833,1
"RP11-1C1.5",0.331994541696687,0.270891846141199,0.8,0.833,1
"RP4-612B15.3",0.332238845558184,0.271307453773116,1,1,1
"RP11-20D14.6",0.332310177731059,0.269600123038299,0.8,0.333,1
"RP11-35J1.1",0.332548698670876,0.221265851819275,0.8,1,1
"U91328.22",0.333180368543124,0.269225173802599,0.6,0.5,1
"RP11-467D6.1",0.333194301575687,0.240074652474287,0.8,1,1
"RP11-124G5.3",0.333632980866377,0.242516174913605,0.6,1,1
"RP11-472K22.1",0.333644662530387,0.256269782445975,0.4,0.5,1
"AC005387.2",0.333778976353142,0.247102577370651,0.6,0.833,1
"CTC-251D13.1",0.334175426972992,0.27156627954832,1,1,1
"AC006019.3",0.334238752943533,0.272626310746588,0.6,0.333,1
"LINC00857",0.334429282183135,0.254829573176976,0.4,0.5,1
"AC003088.1",0.334439590157423,0.235553716308376,1,1,1
"RP11-157J24.2",0.334498931278577,0.245572146298465,0.6,0.833,1
"LINC00265",0.334529808714668,0.0981964219939162,1,1,1
"AC008703.1",0.334569321713167,0.268085188004656,0.4,0,1
"A2M-AS1",0.334696311438677,0.271101036390744,1,1,1
"RP11-187E13.2",0.334819776516847,0.275477178123958,1,1,1
"ARHGAP5-AS1",0.335289812309103,0.268466305782963,1,1,1
"AC093388.3",0.335445374464406,0.00100970088385544,1,1,1
"EIF3J-AS1",0.335588401626187,0.257340896619591,1,1,1
"RP3-399L15.3",0.33563844267902,-0.213789534956022,1,1,1
"RP1-74B13.2",0.335777270303093,0.250028901113581,0.8,0.833,1
"CTD-2020K17.1",0.335786431893912,0.304750531639568,1,1,1
"RP11-636O21.2",0.335907336756665,-0.0732148684297762,1,1,1
"CTC-471J1.9",0.336155740318102,0.287902002001706,1,1,1
"RP11-16B9.1",0.33638273041244,0.339614678760835,1,1,1
"CYYR1-AS1",0.336460147949252,0.288468881470498,1,1,1
"RP11-322I2.1",0.336463229426436,0.255271108997732,0.4,0.833,1
"LINC01550",0.336723844490716,0.265251955436362,1,1,1
"RP11-588P8.1",0.337266949256132,0.254565755150086,0.4,0.667,1
"SUCLG2-AS1",0.337314765177654,-0.0194932048114932,1,1,1
"LINC00665",0.337321299613199,0.0755664555993241,1,1,1
"RP3-323P24.3",0.337340329757522,0.271898567105728,1,1,1
"RP11-114F10.2",0.33747327470974,0.248020672215009,0.6,1,1
"RP11-196E1.3",0.337716235050061,0.216425783126539,1,1,1
"CTD-3051D23.1",0.338002882447029,0.270872587178192,1,1,1
"C2-AS1",0.338767074134938,0.269791433303495,0.6,0.667,1
"ZFAS1",0.338910491295931,0.21720240881421,1,1,1
"RP11-274H2.3",0.338971702678891,0.287398587031155,1,1,1
"CTC-444N24.6",0.339162566076712,0.0804626638571539,1,1,1
"RP11-200A1.1",0.339377695070602,0.272779024280345,0.8,0.833,1
"AC073325.1",0.339924035862487,0.246142559173968,0.6,1,1
"LINC00535",0.340003976660316,-0.00620115913326624,1,1,1
"RP11-575F12.1",0.340283528418485,0.205348770084736,1,1,1
"RP11-669M16.1",0.340354519312856,0.275191428467883,1,1,1
"RP11-21L19.1",0.340431989205174,0.275579592188495,1,1,1
"AC092155.4",0.340487419734284,0.273036477028234,1,1,1
"RP11-354I10.1",0.340557099748776,0.272513932933338,1,0.833,1
"RP11-785H20.1",0.340962189886808,0.243376722103338,0.8,1,1
"AC037445.1",0.340988494329173,0.350582693848987,1,1,1
"RP11-191L9.4",0.341128727012561,0.33817039984948,1,1,1
"RP11-399K21.13",0.341356005034898,0.265743610898904,1,1,1
"RP1-46F2.3",0.341560669069638,0.248033942726313,0.6,1,1
"RP11-505C13.1",0.341573540909805,0.269286941831668,0.4,0.167,1
"RP11-580I16.2",0.341877039271591,0.237942756627693,1,1,1
"RP11-421P23.2",0.341956393744311,0.271490259675849,0.4,0.167,1
"CTD-2649C14.2",0.342001390202458,0.213999492690238,1,1,1
"RP11-6O2.4",0.342006356543217,0.269324800044971,0.6,0.333,1
"LINC01356",0.342177766540435,0.267321633191173,1,1,1
"LINC01013",0.342577292955447,0.182436546061068,1,1,1
"LCMT1-AS2",0.34277373479124,0.269044530223136,0.8,0.5,1
"RP4-621B10.8",0.342784370467364,0.270405880412065,1,1,1
"AC027119.1",0.342848057560275,0.276964673770944,1,1,1
"RP11-219G17.4",0.342921477036576,0.235252276155666,1,1,1
"RP11-654C22.2",0.343187041884377,0.24267386408083,0.8,1,1
"EXOC3-AS1",0.34329657696573,0.158386065378073,1,1,1
"RP11-654D12.2",0.343317362982075,0.212764010163598,1,1,1
"AC004448.2",0.343329974920142,0.2686047579388,1,1,1
"RP11-455J20.3",0.343332953029338,0.233155679044523,1,1,1
"RP11-468E2.10",0.343410716064549,0.225520604721782,1,1,1
"RP11-257I14.1",0.343476938605093,0.318208443646573,1,1,1
"RP11-225B17.2",0.343773931928211,0.265336139278447,1,1,1
"RP11-468E2.5",0.343936374641996,0.238753096639605,0.8,1,1
"RP3-508I15.14",0.344223205851541,0.289392398015994,1,1,1
"LINC00934",0.344344373020973,0.246838352771355,0.8,1,1
"RP4-739H11.3",0.344380953657422,0.238566311879298,1,1,1
"RP11-582J16.5",0.3444076746577,0.274882462636142,1,1,1
"RAD21-AS1",0.344442707312296,0.270516371358396,0.8,0.667,1
"CEP83-AS1",0.344596838377629,0.241689158969997,1,0.833,1
"MGC16275",0.344611791728138,0.138421352136194,1,1,1
"RP11-724N1.1",0.344620413322246,0.271517672102295,1,0.667,1
"AC073626.2",0.344657933083274,0.26871996993714,0.2,0,1
"LL09NC01-251B2.3",0.344878783812207,0.238186095439272,1,1,1
"RP11-513G19.1",0.344966136185285,0.301839419884163,1,1,1
"RP11-479J7.1",0.345203051121494,0.243978999012549,1,1,1
"CTC-523E23.11",0.345245535059777,0.254154365154215,0.6,0.833,1
"RP11-473O4.5",0.345460126967555,0.271670273096823,0.6,0.667,1
"RP11-101E7.2",0.345498544003536,0.270566733154619,0.6,0.167,1
"RP11-179B15.5",0.345638169519366,0.273612927178532,0.8,0.5,1
"CTD-2021J15.1",0.345769296552621,0.200765716978084,1,1,1
"RP11-133L19.1",0.346084492157053,0.24091113855324,0.8,1,1
"RP1-91J24.3",0.346246583262445,0.314921386681415,1,0.667,1
"LINC00378",0.346264026179566,0.267843441172928,0.4,0,1
"RP11-414H17.5",0.346376394568788,0.276966795166253,1,1,1
"RP11-41O4.2",0.346428846808431,0.267962765229315,0.6,0.5,1
"LINC-ROR",0.346550516994966,0.256572442354198,0.2,0.5,1
"LINC01456",0.346737143041819,0.273848976277048,1,1,1
"RP11-806L2.2",0.346755018197229,0.267507842507688,1,1,1
"RP11-547D23.1",0.346920029260192,0.229545937256834,1,1,1
"RP5-875H18.9",0.346962982247539,0.267869418947119,0.4,0,1
"LINC01317",0.347133357179216,0.320813570892596,1,1,1
"CTC-458G6.2",0.347454634168195,0.272922079614113,1,1,1
"CTD-2547H18.1",0.347891635413367,0.28895119379175,1,1,1
"RP11-526F3.1",0.34838445373401,0.274863698676125,1,1,1
"MEG3",0.348533042734626,-0.107923780763125,1,1,1
"RP11-626E13.1",0.348593252734415,0.271036450831769,0.8,0.833,1
"RP11-152P17.3",0.348929596477147,0.26888764224507,0.6,0.167,1
"RP11-12M5.1",0.349046574173645,0.257592060126027,0,0.333,1
"RP5-827C21.2",0.349069908699241,0.11684908072999,1,1,1
"WWC3-AS1",0.349101406948582,0.275422810834753,1,1,1
"RP11-250B2.6",0.34911020330539,0.232111383509829,1,1,1
"RP1-292L20.3",0.349124093675552,0.269990952461711,0.8,0.667,1
"ABHD15-AS1",0.349127160047294,0.361445741914395,1,1,1
"FENDRR",0.349354109632405,0.175220460180773,1,1,1
"RP11-404E16.1",0.349443366316268,0.271919046347447,0.8,0.5,1
"AC104653.1",0.349496626491308,0.229219249822223,1,1,1
"RP11-449D8.5",0.349599473975114,0.283680340004709,1,1,1
"RP11-638I2.4",0.349701117508121,0.0510873148902851,1,1,1
"RP11-351C8.1",0.349804331960238,0.254635156783891,0.4,0.667,1
"BFSP2-AS1",0.34983551718098,0.245292768745432,0.8,1,1
"RP11-841O20.2",0.349873167910971,0.288238209222435,1,1,1
"RP1-155D22.2",0.34994814915358,0.255466040801675,0.2,0.5,1
"CTC-348L5.1",0.350087199822701,0.271485293300579,1,1,1
"RP11-265N6.2",0.350200774175035,0.279048816705968,0.8,0.5,1
"C17orf77",0.350242001081694,0.256162908121392,0.2,0.333,1
"MIR142",0.350336550575385,0.293915161629375,1,1,1
"AC011747.6",0.350431043936106,0.256534086352092,0,0.167,1
"RP11-613C6.2",0.350534363954797,0.230793274153154,1,1,1
"RP11-180C1.1",0.350894868598709,0.269325354013344,0.2,0,1
"RP11-593F5.2",0.350894868598709,0.269325354013344,0.2,0,1
"RP11-356J5.4",0.350894868598709,0.269325354013344,0.2,0,1
"RP11-335O4.1",0.350894868598709,0.269325354013344,0.2,0,1
"RP1-101D8.1",0.351018123609173,0.270026962752081,0.6,0.5,1
"RP11-510M2.6",0.351063486176573,0.252856854729503,0.6,1,1
"LINC01132",0.351069272151244,0.252161713164912,0.4,0.667,1
"LINC01144",0.35140885449321,0.243176849981663,1,1,1
"RP11-562A8.4",0.351849282837365,0.25524305838777,0.6,0.833,1
"LINC00635",0.351857378601346,0.253182740347782,0.4,0.5,1
"LURAP1L-AS1",0.351866197549789,-0.565480840981098,1,1,1
"AC113189.5",0.351986991945452,0.271752349811315,1,1,1
"KCNMB2-AS1",0.352280819248913,0.245055228511398,1,1,1
"AF230666.2",0.35228680251978,0.268407469320451,0.4,0.167,1
"RP11-228B15.4",0.352298196394014,0.184208950890506,1,1,1
"RP11-429B14.4",0.352300897469082,0.208553175804929,1,1,1
"RP11-514D23.2",0.352931379891247,0.249866936527861,0.6,0.833,1
"CTC-459F4.5",0.352936114630701,0.219965347555735,0.8,1,1
"RP11-344B2.2",0.352954781740126,0.268104189400076,0.4,0,1
"LINC01538",0.352966944776177,0.247420056010057,0.8,1,1
"CTA-276F8.2",0.353108159940081,0.339861464563707,1,1,1
"RP1-69D17.4",0.353183156533135,0.040708775651233,1,1,1
"RP1-43E13.2",0.353241136342306,0.235610858497639,1,1,1
"RP11-38J22.3",0.353666488301067,0.242200403337197,1,1,1
"RP1-249I4.2",0.353706263147465,0.247088080231458,0.6,1,1
"RP11-17M16.2",0.353760981310582,0.250243830578142,0.4,0.833,1
"SLC22A18AS",0.353835147838325,0.256358900688091,0.2,0.667,1
"RP11-166N17.3",0.354150522775173,0.268091202684967,0.4,0,1
"RP1-50O24.6",0.354156547161282,0.267358850824592,0.6,0.667,1
"RP13-890H12.2",0.354198798892398,0.26800477844014,0.4,0.167,1
"LINC01133",0.354628504303725,0.255833216496656,0.2,0.333,1
"RP1-317E23.3",0.35466217088832,0.228605860074784,1,1,1
"RP11-390F4.10",0.35482414484543,0.275278858992291,1,1,1
"RP11-60L3.6",0.354858843379927,0.269265717230431,0.6,0.167,1
"RP11-62L18.3",0.355014409451709,0.242454247786948,1,1,1
"AC069394.1",0.355111999303564,0.242832345684128,0.2,0.5,1
"HM13-AS1",0.355239116913972,0.268518786648752,1,0.667,1
"RP4-752I6.1",0.355271859619039,0.272193426350746,1,0.833,1
"RP11-532F6.4",0.355375712774379,0.159417250949689,1,1,1
"AC073934.6",0.355601315333556,0.27007515417484,1,0.833,1
"CTC-428G20.6",0.355635605587186,0.269866316765807,0.4,0.333,1
"RP11-739L10.1",0.35579260994652,0.270603801950375,1,1,1
"RP3-446N13.5",0.355801901523397,0.241397391263631,1,1,1
"AC003986.7",0.356178932812591,0.267777844890273,0.4,0,1
"SALRNA2",0.356178932812591,0.267777844890273,0.4,0,1
"CTB-12O2.1",0.356228431999401,0.338334623825803,1,1,1
"RP11-483I13.5",0.35628511632703,0.25239921638465,0.6,0.833,1
"RP11-798M19.3",0.35666717442587,0.263677889464902,1,1,1
"CTD-2587M2.1",0.356791088930789,0.159328999261204,1,1,1
"RP4-697K14.3",0.356814934372823,0.25713497826372,0,0.333,1
"AP000442.4",0.357067272216869,0.252424581539043,0.4,0.833,1
"RP11-22A3.2",0.357100891835179,0.281079615883138,1,1,1
"OTX2-AS1",0.357274707406424,0.551822302712162,1,1,1
"AC018731.3",0.357513824193808,0.255522335615891,0.4,0.5,1
"AP002856.7",0.357553624419866,0.25066907176042,0.6,0.667,1
"AC144450.2",0.357687886783143,0.268333893748648,0.6,0.167,1
"KB-1732A1.1",0.357757775133385,0.250029365232693,0.6,0.833,1
"CTD-3187F8.14",0.357931720345361,0.271659395644403,1,0.833,1
"RP11-368I23.3",0.357959340657716,0.247365202209636,0.8,1,1
"RP11-10O22.1",0.358020105972304,0.240966727251678,1,1,1
"PGM5P4-AS1",0.358049577708604,0.270506310610216,0.8,0.333,1
"RP11-589M4.1",0.358072074995753,0.267632482312593,1,1,1
"LINC01241",0.358079069364496,0.24012025181369,0.2,0.5,1
"RP11-247C2.2",0.358082196186302,0.251598814994806,0.6,0.667,1
"MEIS1-AS2",0.358092823340647,0.284033550768071,1,0.667,1
"RP11-235E17.6",0.358148641952899,0.270466175055435,1,1,1
"CTD-2023M8.1",0.358624440248979,0.278388017202931,1,1,1
"RP11-109N23.4",0.358837213796165,0.248713203587388,0.4,1,1
"CTD-2012K14.3",0.358903101399898,0.292711586393933,0.8,0.5,1
"AJ003147.9",0.358959275506328,0.167272102533604,1,1,1
"RP1-40E16.12",0.359010571577338,0.271367069778509,1,1,1
"RP11-713N11.4",0.359017687332418,0.279222268725355,0.8,1,1
"RP11-501O2.3",0.3590342373257,0.255779517184782,0.2,0.333,1
"RP11-15M15.1",0.359247917672625,0.273834768910312,1,0.833,1
"RP11-527D7.1",0.359269977601023,0.279270273579725,0.8,1,1
"RP11-359E10.1",0.359379685269883,0.241885484689615,1,1,1
"RP11-290O12.2",0.359518467810575,0.136786832338907,1,1,1
"RP11-490B18.5",0.359697447875907,0.272406106461813,0.6,0.5,1
"RP5-864K19.4",0.359733337788562,0.288281261141567,1,1,1
"RP11-932O9.7",0.359822199976992,0.172949074382382,1,1,1
"RP11-269M20.3",0.360022963679645,0.269215376523278,0.4,0.167,1
"LINC01191",0.360079431521637,0.271970141614782,1,1,1
"RP11-310I9.1",0.360208624195641,0.246680405057002,0.8,1,1
"RP4-555D20.4",0.360361694202101,0.268040562103058,1,1,1
"ZBTB46-AS1",0.360390353140911,0.271592233463712,1,1,1
"RP11-49K24.4",0.360393879777135,0.222121200196394,1,1,1
"CTD-2562J15.4",0.360645121822833,0.271044068464851,1,0.833,1
"RP11-12G12.7",0.360711294325123,0.277723788289598,1,1,1
"RP13-580B18.4",0.360726079839681,0.233006835782047,1,1,1
"RP11-941H19.3",0.360735125754469,0.194002350694348,1,1,1
"RP11-662I13.2",0.361066233827679,0.254313597904321,0.4,0.667,1
"RP11-703H8.7",0.361625613277628,0.252293309007629,0.6,0.667,1
"FAM225B",0.361736449803443,0.269154909689353,0.6,0.167,1
"RP11-540K16.1",0.362005602609217,0.270917157317117,0.6,0.5,1
"RP11-354E11.2",0.36224702520134,0.268860332964215,0.8,0.833,1
"RP11-357F12.1",0.362264785047021,0.258075488200213,0,0.333,1
"RP11-498C9.2",0.362882858063105,0.269277633292422,0.6,0.333,1
"RP11-603J24.14",0.363157688569794,0.257875859665476,1,1,1
"RP11-363L24.3",0.363482879580943,0.268165886116654,0.6,0.5,1
"RP11-797D24.4",0.36352334384369,0.224939249549834,1,1,1
"RP11-506M13.3",0.363531222351543,0.229525782357452,1,1,1
"XX-FW83563B9.5",0.36387348621246,0.279757770462609,1,1,1
"OGFR-AS1",0.363891528644528,0.252881059729551,0.6,0.667,1
"RP1-8B1.4",0.363920277074836,0.11209371511238,1,1,1
"RP11-476H24.1",0.363943518091487,0.27433232721226,0.8,0.5,1
"RP11-161I10.1",0.364099480247919,0.267252761982044,1,1,1
"RP11-283G6.4",0.364236655640119,0.275328829452947,1,1,1
"RP11-338N10.3",0.364296173897446,0.246259722235909,1,1,1
"RP11-384J4.2",0.36430764729982,0.297410268128586,1,1,1
"RP4-620F22.2",0.364409895567703,0.266192983029303,0.4,0.167,1
"AC145343.2",0.364681720574573,0.244710494560723,0.8,1,1
"RP11-996F15.4",0.364700736558319,0.237532626465178,1,1,1
"RP11-297P16.3",0.364726618685131,0.245037292816653,0.8,1,1
"RP11-175E9.1",0.364732585903153,0.244793690185555,0.6,0.833,1
"RP11-239H6.2",0.36477392116637,0.140345724260954,1,1,1
"HAGLR",0.364810547277565,0.310212135075534,1,1,1
"RP11-150D5.2",0.364862233184777,0.111861363349632,1,1,1
"RP11-75C9.2",0.364943788164456,0.312766324579373,1,1,1
"AC098828.2",0.364947731774787,0.255504240697532,0.2,0.5,1
"RP11-85L21.4",0.365031007087567,0.248528297155862,0.8,1,1
"SNHG23",0.365495205172106,-0.166661219859846,1,1,1
"CTD-2036P10.3",0.365557385784339,0.266777650770646,1,1,1
"RP11-278H7.4",0.365816806886934,0.252844676397122,0.8,1,1
"LAMA5-AS1",0.365845191652118,0.249785224031225,0.8,0.833,1
"RP5-1028K7.2",0.365992971541734,0.270808799688432,0.8,0.667,1
"RP11-1167A19.2",0.366146863931147,0.267575021337672,0.4,0,1
"RP11-549L6.3",0.366191345847799,0.2698558682693,0.8,0.5,1
"RP11-799M12.2",0.366323794575124,0.250616500297538,0.6,0.833,1
"RP11-54O7.3",0.366334902194917,0.277210180618984,1,1,1
"AFDN-AS1",0.36651130747684,0.200689476658947,1,1,1
"RP4-714D9.2",0.366605375933967,0.26585695582215,1,1,1
"DKFZP434K028",0.366630386311466,0.253062821944165,0.6,0.5,1
"RP11-847H18.2",0.366671491600611,0.277798420735459,1,0.833,1
"NR2F2-AS1",0.366944427691065,-0.176812903372346,1,1,1
"RP3-465N24.6",0.367053885114141,0.244653947663006,0.6,1,1
"RP11-10K17.6",0.367594332529306,0.120626363734016,1,1,1
"AC002401.1",0.367839403293552,0.271417638094468,0.4,0.333,1
"RP11-46J23.1",0.368551128820393,0.253303915396194,0.6,1,1
"RP11-409K20.6",0.368733387126975,0.273059566404643,0.8,0.5,1
"RP11-85B7.2",0.368781583778762,0.25352140292351,0.6,0.667,1
"RP11-34P13.7",0.368821442282804,0.291240222686556,1,1,1
"FLJ37505",0.368897303395859,0.270936127422436,1,0.5,1
"RP3-522D1.1",0.369065325231655,0.302133287852674,1,1,1
"RP5-940J5.6",0.36916328035401,0.28177788648679,1,1,1
"CTC-548H10.2",0.369172441807203,0.253971947608511,0.6,0.667,1
"RP11-38F22.1",0.369189810643488,0.256052741191243,0.2,0.333,1
"IQCJ-SCHIP1-AS1",0.369192700224949,0.270826221310085,1,0.667,1
"ASH1L-AS1",0.369375906713515,0.186067597556892,1,1,1
"STXBP5-AS1",0.369440115640781,0.387230093074825,1,1,1
"RP11-122L9.1",0.36963955653608,0.268500168590122,0.6,0.333,1
"LINC01193",0.36976082964004,0.133882455296406,1,1,1
"LINC01554",0.36991120525568,0.23203062935137,1,1,1
"RP11-722E23.2",0.370243261544251,0.261778410037755,1,1,1
"RP11-398H6.1",0.370423588394674,0.252256871524281,0.6,0.833,1
"RP11-439H13.2",0.370481922830988,0.255545696184969,0.6,0.667,1
"RP11-116D17.4",0.370607441868712,0.257330594586603,0,0.167,1
"RP11-357H14.17",0.370607441868712,0.257330594586603,0,0.167,1
"AF241725.6",0.370607441868712,0.257330594586603,0,0.167,1
"RP11-620J15.1",0.370694079381064,0.270664990986652,0.8,0.5,1
"RP4-769N13.7",0.370718107834374,0.284537345025778,1,1,1
"CTD-2017F17.2",0.370772987908259,0.233731227341875,1,1,1
"RP11-720L2.4",0.370875147140969,0.268064591447294,0.6,0.333,1
"KCCAT211",0.37092429977014,0.239842239969581,1,1,1
"RP11-110I1.6",0.371036907233537,0.270924012085357,0.8,0.5,1
"RP1-283K11.3",0.371086974055649,0.251235074575393,0.6,0.833,1
"AC004009.3",0.371111122708525,0.26995347393684,1,0.667,1
"RP11-98D18.9",0.371120065724301,0.216863157655911,1,1,1
"RP11-982M15.6",0.371200995178093,0.237310516418458,1,1,1
"FAM95B1",0.371234534936513,0.266158589686583,1,1,1
"RP11-613M10.6",0.37129195311961,0.268058873353031,1,1,1
"RP11-160E2.11",0.37132666067623,0.254973538853392,0.4,0.5,1
"SAMMSON",0.371483191626029,-0.40663312541398,1,1,1
"CTD-2193G5.1",0.371540634657852,0.204423935839577,1,1,1
"RP11-121C2.3",0.371581879794813,0.294895143673133,1,1,1
"RP11-699A5.2",0.371883445946262,0.245652318218663,1,1,1
"RP11-728K20.3",0.371939895721066,0.26313885246557,1,1,1
"UNC5B-AS1",0.371964170363061,0.255405218765505,0.4,0.667,1
"DKFZP434H168",0.372347851699495,0.248860755235865,0.4,0.667,1
"RP11-806L2.6",0.372381198761718,0.25599616689707,0.2,0.333,1
"RP11-167H9.5",0.372413788628844,0.256401912687165,0.4,0.5,1
"RP11-139I14.2",0.372492748803033,0.255722494503257,0.4,0.667,1
"RP11-410E4.1",0.372493535273718,0.267532352605445,1,1,1
"AC093642.3",0.372623353331991,0.22846252024631,1,1,1
"AC147651.4",0.37264560506497,0.272591716159534,0.8,0.833,1
"AC005772.2",0.372714340780305,0.269215170840107,0.4,0.167,1
"AC140481.4",0.372791166697361,0.251555614875027,0.6,1,1
"RP11-416N2.4",0.37279308870719,0.211585888083835,1,1,1
"RP11-1000B6.8",0.372948245720952,0.0565387314731098,1,1,1
"AC009501.4",0.373397003105329,0.276070704409344,1,1,1
"GLTSCR1-AS1",0.373501648635227,0.276538446928292,1,1,1
"FAM230C",0.373928817069662,0.268647660560084,1,0.667,1
"RP11-407N17.5",0.373933550188781,0.271550259777108,1,1,1
"SOX21-AS1",0.374117674992586,0.267789275107722,1,1,1
"AC074183.4",0.374286022023094,0.278434409012255,0.6,0.333,1
"RHPN1-AS1",0.374291694025335,0.268317083623758,0.8,0.667,1
"RP11-675M1.2",0.374590616528095,0.252695052990121,0.4,0.667,1
"RP5-857K21.2",0.374684367426574,0.270082870949009,0.8,0.833,1
"RP11-575H3.1",0.374846064275213,0.275084847897905,0.8,0.833,1
"CTD-2128A3.2",0.375462252785866,0.239543898548786,0.8,1,1
"AC113617.1",0.375468895387459,0.257512112517174,0,0.333,1
"CTC-457E21.9",0.375603969954722,0.204040416288365,1,1,1
"RP1-224A6.9",0.375856548836242,0.267835217739322,0.8,0.833,1
"RP11-1038A11.1",0.375918156735508,0.245126991282554,0.6,0.833,1
"RP11-1C8.7",0.375939907347229,0.232798474570453,1,1,1
"MGC15885",0.376032939389013,0.272888717877662,1,0.833,1
"RP11-1101H11.1",0.376046846219897,0.240132317535466,0.8,1,1
"AC006145.4",0.376179778518217,0.273507450464946,1,1,1
"RP11-642C5.1",0.37634362769001,0.251204920542862,0.6,0.833,1
"RP11-134O21.1",0.376427806223692,0.295707852018056,1,1,1
"ZNF385D-AS2",0.376645308866082,0.296617391884266,0.8,0.667,1
"AP000487.5",0.376697868763223,0.259554307057629,1,1,1
"CTD-2012K14.6",0.376836625285852,0.121221988459193,1,1,1
"RP11-561I11.4",0.376879842231619,-0.00737109446752959,1,1,1
"RP11-455F5.4",0.376958166290102,0.272274003128591,1,0.833,1
"RP11-343L5.2",0.377008380494857,0.248061421307013,0.8,1,1
"NR2F1-AS1",0.377013629670437,-0.101889513511597,1,1,1
"RP11-967K21.1",0.377338593829863,0.265589733891343,1,1,1
"RP13-539F13.3",0.377408579065158,0.273394356990129,0.8,0.5,1
"RP4-784A16.5",0.377502544732383,0.142747723107276,1,1,1
"RP11-1028N23.4",0.377590326307313,0.25783512821304,0,0.333,1
"RP1-267L14.6",0.377643532413076,0.267206279242538,1,1,1
"AC004623.2",0.377849138162153,0.257088730125514,0.2,0.5,1
"RP11-80H5.6",0.378265442593437,0.274185992536113,0.8,0.5,1
"RP11-337N6.2",0.378328800317343,0.252294724808754,0.4,0.5,1
"CTD-2020K17.3",0.378610622966292,0.202131118528464,1,1,1
"AC015849.19",0.378744339392245,0.297433040761976,1,1,1
"RP11-317N8.5",0.378948995230834,0.304214036043559,1,1,1
"RP11-395D3.1",0.379178008118091,0.244848338422813,0.8,1,1
"RP11-599B13.7",0.379654468087146,0.24415730931477,0.8,1,1
"RP11-6N17.6",0.379719421479436,0.276632801287426,1,0.667,1
"AC002116.7",0.379954174052322,0.278567020639997,1,1,1
"FALEC",0.380072006764241,0.282962409436835,1,1,1
"VWA8-AS1",0.380174553514273,0.242408082991905,1,1,1
"RP11-358N2.2",0.380501844908262,0.237888627766071,1,1,1
"RP11-699L21.2",0.38055971944149,0.268772958486641,0.6,0.333,1
"CTC-548K16.2",0.380762987078313,0.235509195739802,1,1,1
"AC005162.4",0.380876526002158,0.27054792860421,0.4,0.333,1
"RP11-307L3.4",0.380889797640533,0.28545957282874,1,1,1
"RP11-206L10.9",0.380924871734276,0.0156829579593973,1,1,1
"CTD-3194G12.2",0.380953234000978,0.247150829791534,0.6,0.833,1
"CTD-2005H7.2",0.38099563253845,0.15536759552761,1,1,1
"CTC-535M15.2",0.381203638919478,0.398595588060749,1,1,1
"RP11-243A14.1",0.381593636615196,0.0648525067869938,1,1,1
"LL22NC03-86G7.1",0.381650555669314,0.280694324337381,1,1,1
"RP11-1070N10.4",0.381689977974613,0.270478150619603,0.6,0.167,1
"RP11-166B2.8",0.382059671477548,0.208990051551298,1,1,1
"RP11-484D2.5",0.382277061075332,0.253458525216251,0.6,0.833,1
"RP11-517C16.2",0.382341171962421,0.204542361465504,1,1,1
"RP11-745L13.2",0.382354464074328,-0.134964626070907,1,1,1
"CYP1B1-AS1",0.382357768846825,0.109642792624356,1,1,1
"WAC-AS1",0.382577991776814,0.0265143196328774,1,1,1
"RP5-832C2.5",0.382788571544381,0.26507460048013,1,1,1
"RP11-96K19.2",0.382793351991946,0.269429669354184,0.6,0.333,1
"RP11-79N23.1",0.382842959397827,0.250588148703027,0.8,1,1
"RP11-286N3.1",0.38286105199643,0.275075963304974,0.6,0.5,1
"AC092415.1",0.383143250233124,0.241800461762421,0.8,1,1
"LINC00326",0.383150497719715,0.26999373418633,0.8,0.833,1
"RP11-492A10.1",0.383332558957527,0.209376768026154,1,1,1
"AC074011.2",0.383447004724595,0.242389034301235,1,1,1
"RP5-1021I20.8",0.383503759879951,0.258012517080815,0.2,0.333,1
"XXbac-B135H6.15",0.383726275799101,0.272175386468278,1,1,1
"RP11-626H12.3",0.383745365694615,0.257979414263576,0,0.333,1
"BX255923.3",0.384151860080108,0.231926138668727,0.6,0.667,1
"CTD-2630F21.1",0.384327980559253,0.249010791626552,0.6,0.833,1
"AL162759.1",0.384730430963327,0.272890770090494,0.8,0.667,1
"AC010105.1",0.384828265773687,0.268089130068585,0.6,0.833,1
"RP11-589M4.3",0.384852743941949,0.216760126525597,1,1,1
"AJ006998.2",0.385065539057866,0.192506259435002,1,1,1
"AC142293.3",0.385135072034267,0.258596832862445,0,0.333,1
"CTD-3020H12.4",0.385496441451329,0.290560517844462,1,1,1
"RP13-192B19.2",0.385529292899936,0.21717895755261,1,1,1
"RP11-1035H13.2",0.385530402706599,0.275183586136487,1,1,1
"RP11-30K9.6",0.385532747520662,0.215683648175179,1,1,1
"RP11-527L4.2",0.385539294223339,0.236728293383668,0.8,1,1
"CTD-2135D7.2",0.385643640158434,0.269273207894466,0.6,0.5,1
"RP11-556I13.2",0.385671580820852,0.221281811826962,1,1,1
"CTD-2194L12.2",0.385703443899867,0.256946287893768,0,0.167,1
"RP5-1184F4.7",0.385982836858625,0.272782395625769,0.8,0.833,1
"TMEM5-AS1",0.386003876965988,0.245347093586562,1,1,1
"RP11-156K13.3",0.386074794550165,0.275666032628622,0.8,0.667,1
"AC091132.1",0.386208920387588,0.283028681365082,1,1,1
"AP000998.2",0.386353606848464,0.279966233735899,1,1,1
"RP11-318C2.1",0.386403453208163,0.290128877211421,1,1,1
"RP13-401N8.1",0.386504183059448,0.264681208961378,1,1,1
"LINC00528",0.386774337922033,0.267978047390315,0.4,0.5,1
"MIR1302-9",0.387303692022589,0.269570470247458,1,1,1
"CTD-3028N15.1",0.387347052847989,0.267465647866977,0.4,0.167,1
"RP11-2C15.1",0.38774327240237,0.235632805510968,1,1,1
"RP11-666E17.1",0.387778883836373,0.274991725581561,1,1,1
"DACT3-AS1",0.388115813333743,0.172806161369831,1,1,1
"RP11-944L7.4",0.388137720365451,0.0178450619649146,1,1,1
"CTC-235G5.3",0.388197113819018,0.248525938973775,0.4,0.5,1
"RP4-594L9.2",0.388213339060973,0.254241911797032,0.6,0.833,1
"RP11-90P5.2",0.388357398655057,0.266608448637777,1,1,1
"RP11-63E5.6",0.388422519328801,0.203674787239427,1,1,1
"RP11-63C8.1",0.388606751303647,0.328197640146776,1,0.667,1
"DAOA-AS1",0.388766155268291,0.255340430860109,0.2,0.333,1
"RP11-3J1.1",0.389041412599011,0.266752482119471,1,1,1
"RP11-857B24.1",0.389224672489801,0.267147010564357,1,1,1
"RP11-347C12.11",0.389709214826252,0.267597946563164,0.6,0.333,1
"RP11-389G6.4",0.389846596529977,0.274301126964224,1,0.833,1
"RP1-92O14.6",0.389918759953278,0.266902775912184,0.8,0.833,1
"AP001627.1",0.389946587780454,0.27385073200208,1,0.667,1
"RP11-517O13.1",0.390040153997741,0.285068970625268,1,1,1
"CTD-2309O5.3",0.390250463606059,0.242058926806323,1,1,1
"RP4-751H13.7",0.390316012978875,0.268662515545979,1,1,1
"MIR548XHG",0.390350572220466,0.273074261054432,1,1,1
"RP11-770J1.3",0.390361211943081,0.168323418176615,1,1,1
"LINC01024",0.390409561535089,0.263286033567104,1,1,1
"RP4-575N6.4",0.39061075475472,0.276460435999775,1,0.667,1
"AC010975.1",0.390661158309456,0.266506300102779,1,0.833,1
"RP11-12C17.2",0.390926733461905,0.267581038145269,0.4,0,1
"RP11-44F14.2",0.390926733461905,0.267581038145269,0.4,0,1
"RP11-162D9.3",0.391121367033333,0.203222485948683,0.8,1,1
"AP000688.11",0.391184114584108,0.26876222701634,0.4,0.167,1
"RP11-124N19.3",0.391461019266338,0.267870733175688,0.8,1,1
"ZNF674-AS1",0.391472364523245,0.214432276560263,1,1,1
"RP11-295D22.1",0.391473357487236,0.247921411258729,0.8,0.833,1
"AC078941.1",0.39149744889073,0.218266474858449,1,1,1
"AC093627.9",0.391647887299672,0.264998202263527,1,1,1
"CTC-542B22.2",0.391665260508624,0.290996191376614,1,1,1
"RP11-35G9.3",0.391927919546476,0.270938154056587,1,1,1
"RP11-145A3.1",0.391991665340683,0.213513582747218,1,1,1
"OOEP-AS1",0.392063665883525,0.252471925961243,0.6,0.833,1
"RP11-150O12.4",0.392083561648867,0.253031031562085,0.8,0.833,1
"RP3-402G11.27",0.392242889391038,0.252180139020932,0.6,0.667,1
"AC003682.16",0.392278341243266,0.214051737416419,1,1,1
"RP11-573G6.6",0.392381695328328,0.219397343910739,1,1,1
"CTD-2376I20.1",0.392390707675869,0.272633394113547,1,1,1
"CTD-2544N14.3",0.392409872007126,0.271300321737325,0.8,0.833,1
"RP11-2B6.3",0.392437762468053,0.211896840470579,1,1,1
"LINC00507",0.392620793777016,0.267718261860286,0.2,0,1
"CTD-3203P2.3",0.392620793777016,0.267718261860286,0.2,0,1
"NKX2-2-AS1",0.392651824345442,0.257522209680762,0,0.333,1
"RP11-527H14.6",0.392712650986807,0.27163162259773,0.6,0.667,1
"PWRN1",0.392730762172947,0.249495793228746,1,1,1
"LINC01289",0.39279344802709,0.27596870061118,0.6,0.5,1
"RP1-198K11.5",0.392867735373363,0.239106958849704,0.6,1,1
"AC018647.3",0.392976011753526,-0.0161123381450035,1,1,1
"RP11-164P12.3",0.393036296990257,0.267368518160328,0.4,0.167,1
"RP3-400B16.1",0.393094227757447,0.250746931374349,0.8,0.833,1
"AC005329.7",0.393469719859644,0.212455619096432,1,1,1
"HNF4A-AS1",0.393472555936201,0.255026837723807,0.6,0.833,1
"AC004988.1",0.393706138171206,0.271899156159568,0.6,0.5,1
"RP11-271F18.4",0.393814778771367,0.23728180018983,1,1,1
"RP11-333A23.4",0.393835322116364,0.276199698410125,0.8,1,1
"LINC00398",0.393869890676985,0.27102932909207,0.6,0.667,1
"CTD-2196E14.3",0.393936374193148,0.271136245170495,1,1,1
"LINC00881",0.393938804506385,0.271126150590761,0.8,0.5,1
"CTD-2281M20.1",0.394295217390609,0.227526305616594,1,1,1
"RP11-354M1.2",0.394325630154665,0.25703435641858,0.2,0.5,1
"AC064834.1",0.394551939107742,0.256701634438803,0.2,0.5,1
"P4HA2-AS1",0.394686648794651,0.283211472676372,1,1,1
"LINC01549",0.394692142015688,0.308145745229025,1,1,1
"AC005262.2",0.394719659095722,0.275187354063921,1,0.833,1
"RP11-203F8.1",0.394728126312056,0.252792536451893,0.6,0.833,1
"AB015752.3",0.395039032949299,0.0833200091309885,1,1,1
"RP11-124B13.1",0.395071674513612,0.128593639549883,1,1,1
"RP1-293L8.2",0.395435542702763,0.250833104889263,1,0.667,1
"CTD-2263F21.1",0.395701039461757,0.267158938181955,0.6,0.333,1
"KB-1043D8.6",0.395951883610986,0.254367483755376,0.4,0.667,1
"AC011738.4",0.396278093559929,0.270781515681563,0.6,0.5,1
"RP11-406H23.2",0.396526311121634,0.280282378419956,1,0.833,1
"RP11-649E7.5",0.396532374724565,0.266216467965864,1,1,1
"CTD-2555A7.2",0.396632819409182,0.199284776284153,1,1,1
"RP5-1096D14.3",0.396816339615476,0.267514858640693,0.8,0.833,1
"PITRM1-AS1",0.397087041145329,0.272098399096807,1,1,1
"RP11-25K19.1",0.397367980567176,0.23522514541001,1,1,1
"RP11-568A7.2",0.39744174163352,0.257871220696948,0,0.167,1
"RP11-494I9.2",0.397491952471389,0.271951952464554,1,1,1
"CTB-167B5.1",0.397503929497221,0.268357264703981,0.4,0.167,1
"AC096570.2",0.397606314462025,0.241005735327696,0.6,1,1
"RP11-102N12.2",0.397653568811864,0.267515429930349,0.4,0,1
"RP11-174G17",0.397759903240972,0.255844548096854,0.2,0.5,1
"RP11-299D14.2",0.397777178473949,0.267954780224868,0.4,0.5,1
"CTD-2544H17.2",0.398139780656201,0.247740380950559,0.6,0.667,1
"RP3-441A12.1",0.398178645169514,0.267106091304236,1,1,1
"PGM5-AS1",0.398293899110081,0.268911507685362,0.4,0.167,1
"MRPL23-AS1",0.398576402187717,0.247624004898483,0.4,0.833,1
"RP11-848P1.4",0.398680649936454,0.269329717178736,0.8,0.667,1
"CIRBP-AS1",0.398939857708631,0.26669100594293,0.6,0.333,1
"RP11-306I1.2",0.398959263110465,0.278382336843356,1,0.833,1
"AC073987.1",0.399476368883338,0.256686169060762,0.6,0.667,1
"RP11-56B16.4",0.399495825041139,0.269110515162823,0.4,0.167,1
"LINC00483",0.399573575932358,0.270145161629328,0.6,0.5,1
"LINC00488",0.399715236655845,0.252200252021031,0.4,0.5,1
"AC124997.1",0.399756577863044,0.196075115152122,1,1,1
"RP11-264B17.2",0.399859829501692,0.286953631233589,1,1,1
"RP1-125N5.2",0.400021340555156,0.258358289646076,0,0.333,1
"RP11-503P10.1",0.400109490710625,0.23846044545957,1,1,1
"ST7-AS2",0.40027109778176,0.314129406576364,1,1,1
"RP11-35J10.4",0.400314762600267,0.247656946072195,1,0.833,1
"RP11-259O2.1",0.400339710471883,0.17716353659003,1,1,1
"RP11-89N17.3",0.400401241349776,0.2710469996709,0.8,0.5,1
"RP13-942N8.1",0.400589914074229,0.217961933182279,1,1,1
"C9orf163",0.400794017786629,0.271177216027058,0.6,0.667,1
"RP11-686D22.4",0.400890011898632,0.268652438145609,0.6,0.333,1
"CTC-518P12.6",0.401534817435888,0.270057045989285,1,0.667,1
"GAPLINC",0.401577987517934,0.26818086994638,0.8,0.667,1
"XXbac-B33L19.12",0.401719634835935,0.249771487888501,1,1,1
"RP11-386M24.9",0.401885116574479,0.272306702367108,0.8,0.667,1
"RP11-489D6.2",0.401924084600705,0.231156706956577,1,1,1
"RP5-855F14.2",0.401934124234084,0.26848413503369,0.4,0.167,1
"LINC00957",0.402016566856898,0.26686290224176,1,1,1
"AC012499.1",0.402066983768946,0.267515383225092,0.6,0.167,1
"ZBTB20-AS4",0.402189397315071,0.266655263376916,0.8,0.833,1
"RP1-288H2.2",0.402217732736081,0.256799960822314,0.2,0.333,1
"ARNTL2-AS1",0.402731902768741,0.272055356947609,1,1,1
"FLG-AS1",0.402814947502718,-0.109696292868028,1,1,1
"RP11-153F1.2",0.4028619939106,0.267312569479777,0.4,0,1
"AC091729.7",0.4028619939106,0.267312569479777,0.4,0,1
"LINC01547",0.402902942349515,0.24181044375771,1,1,1
"RP13-1032I1.11",0.40325794359468,0.265033448931719,1,1,1
"RP11-603J24.17",0.403634400626201,0.270111664196004,1,1,1
"RP11-944C7.1",0.404166135547833,0.268357408994781,1,1,1
"AC013436.6",0.404186553919382,0.258439483793844,0,0.333,1
"RP11-456K23.1",0.404330687465201,0.256791769254675,0.4,0.5,1
"RP11-187E13.1",0.404512150327906,0.25188227631968,1,0.833,1
"RP3-508I15.19",0.404634355052463,0.257810256812391,0,0.333,1
"RP13-554M15.8",0.404722192154749,0.256063584604204,0.2,0.333,1
"SP2-AS1",0.404799511637436,0.141588045002794,1,1,1
"AP003774.4",0.404815831474685,0.26784927622455,0.6,0.667,1
"RP11-1042B17.3",0.404826713179101,0.257021656545328,0.2,0.333,1
"RP5-1121E10.2",0.404862421997239,0.267389282810515,1,1,1
"LINC01392",0.404934051377219,0.241741326748909,1,1,1
"AC004012.1",0.405095420350288,0.268206189338791,0.6,0.333,1
"LA16c-358B7.3",0.405167754471294,0.273142270991558,0.8,0.667,1
"RP4-673M15.1",0.405219806922705,0.267672526032535,1,0.833,1
"RP11-527F13.1",0.405305970697379,0.274561203716694,1,1,1
"RP11-284F21.7",0.405583039518848,0.272658179401398,0.8,0.833,1
"LINC00349",0.405623290121848,0.242100034476056,0.6,1,1
"RP13-60M5.2",0.405904990187187,0.253300836302816,0.4,0.833,1
"RP11-118K6.3",0.405923662392506,0.219035364050157,1,1,1
"RP11-115N4.1",0.405944568774601,0.195990256655196,1,1,1
"RP11-407N8.5",0.405944907469572,0.26882152080475,0.6,0.833,1
"RP11-1149O23.4",0.406049114839452,0.267606304934037,0.6,0.833,1
"MIR5689HG",0.406332829726402,0.252715534857058,0.8,0.833,1
"RP11-711K1.8",0.406437943774106,-0.0116646052377265,1,1,1
"RP11-654A16.1",0.406701585902819,0.267803742975194,1,1,1
"RP11-326C3.15",0.406722466340232,0.257102719012364,0.2,0.333,1
"MEOX2-AS1",0.406775166516262,0.252690552687219,0.4,0.5,1
"RP11-340I6.7",0.406869508716395,0.270510847758808,0.6,0.5,1
"RP11-460M2.1",0.407023126243639,0.280439246638185,1,1,1
"RP11-255P5.3",0.407267451902203,0.249083398692081,0.6,0.833,1
"RP11-1060J15.4",0.407334968758217,0.272341988011149,0.8,1,1
"CTC-513N18.6",0.407337981243454,0.239329575252363,1,1,1
"RP3-355L5.5",0.407781218723951,0.267833101169489,0.6,0.5,1
"JPX",0.407805676583545,-0.0665058847555566,1,1,1
"RP11-121C2.2",0.407836455623891,0.261399880835517,1,1,1
"RP11-15F12.3",0.408043210803018,0.27271287240403,1,0.833,1
"AY269186.2",0.408233348982677,0.26710968050055,0.4,0,1
"RP13-884E18.2",0.408233348982677,0.26710968050055,0.4,0,1
"RP11-138I18.2",0.408233348982677,0.26710968050055,0.4,0,1
"RP11-533E19.7",0.408386827521133,0.260443030932651,1,1,1
"RP11-664D1.1",0.408578955843565,0.265734559655296,1,1,1
"RP11-310E22.4",0.408924872859467,0.27677240665524,1,0.833,1
"DENND6A-AS1",0.409198623542615,0.252399119664043,1,1,1
"RP13-977J11.9",0.409711214549135,0.268603199542433,0.2,0.167,1
"RP11-47A8.5",0.409714440780597,0.270125992585387,1,1,1
"RP11-315A16.1",0.409768088785293,0.236137179258631,1,1,1
"RP11-71E19.1",0.409977110453025,0.241883748491017,1,1,1
"RP11-793H13.3",0.410277505788245,0.269017482364104,1,0.833,1
"RP11-626P14.1",0.410319814717323,0.266687785515822,1,1,1
"CTD-2659N19.10",0.410332490517383,0.26823916472098,1,1,1
"RP11-410N8.3",0.41039971480315,0.269747254426902,0.4,0.167,1
"CTD-2530H12.4",0.410420986605512,0.270921160226737,1,0.833,1
"RP11-29B9.1",0.410430819676396,0.256206894461743,0.2,0.5,1
"CTD-2337A12.1",0.410533213044699,-0.0178886734051572,1,1,1
"CH507-216K13.2",0.410723748066484,0.117991734515988,1,1,1
"LINC01531",0.410986125592398,0.256923957684517,0.2,0.5,1
"RP11-802O23.3",0.411184583142289,0.108972230806505,1,1,1
"RP11-32K4.1",0.411431535983923,0.40905527433324,1,1,1
"RP11-105N14.2",0.411507595450414,0.242472785212686,1,1,1
"RP11-253M7.1",0.41158479496792,0.280385704969848,1,1,1
"LINC00403",0.411754408963769,0.234341366008131,1,1,1
"C7orf71",0.411824404781104,0.267384204549003,0.2,0,1
"RP4-797C5.2",0.411824404781104,0.267384204549003,0.2,0,1
"CTD-2017C7.1",0.411954588951947,0.272539306595297,0.8,0.667,1
"RP1-102E24.8",0.412007204673663,0.26662028045933,0.8,0.833,1
"RP11-33M22.2",0.412080758070335,0.264903648297056,0.8,1,1
"LINC00237",0.412120125989821,0.267398820315683,1,1,1
"RP11-735B13.2",0.412123544794179,0.269721813240799,0.6,0.5,1
"CTC-490E21.10",0.412165532782916,0.242440399399664,1,0.833,1
"RP11-521M14.1",0.412261950420039,0.258287202586653,0,0.333,1
"LINC01426",0.412265410639006,0.273346817810589,1,0.833,1
"HCP5B",0.412690284361034,0.256153566879021,0.2,0.333,1
"KB-1125A3.11",0.412890645150931,0.228460221795038,1,1,1
"LINC00558",0.412943136169588,0.269488515322353,0.4,0.167,1
"RP5-860P4.2",0.41305527980809,0.25823557420718,0.2,0.5,1
"LINC01364",0.413163871249386,0.269042501647278,0.8,0.667,1
"RP11-37N22.1",0.4131972006414,0.193457181971219,1,1,1
"CYB561D2",0.413482716551164,0.266014170419122,1,1,1
"RP11-572O17.1",0.41359488493897,0.232063560319891,1,1,1
"RP11-20B24.7",0.413720920551847,0.268634289470753,0.6,0.333,1
"RP1-12G14.9",0.413747824571769,0.276015345867401,1,1,1
"RP5-1136G13.2",0.413943164341982,0.234785875885129,1,1,1
"RP11-489E7.4",0.413953373607133,0.225073451800369,1,1,1
"RP11-354P11.8",0.41405761615662,0.250110563452216,0.4,0.667,1
"CTBP1-AS",0.414232457072525,0.403619992580103,1,1,1
"LINC01514",0.414506640376709,0.254213785640176,0.6,0.667,1
"AP001464.4",0.414814247504348,0.275184086830549,0.8,0.833,1
"LINC01259",0.414898924286479,0.254477649256585,0.2,0.333,1
"RP11-190A12.8",0.414923769451704,0.183072411359154,1,1,1
"CTD-2517O10.6",0.414933493790127,0.242530234780293,1,1,1
"RP11-787I22.3",0.414937911102299,0.279570722530956,1,1,1
"RP11-359M6.1",0.415001383470784,0.268878346201868,0.4,0.333,1
"RP11-810P12.5",0.415161457038272,0.247048640502131,0.8,1,1
"MIR4458HG",0.415177590273537,0.277370560779197,1,1,1
"RP4-550H1.4",0.415188619127065,0.247393292490929,1,1,1
"BBOX1-AS1",0.415191552481163,0.298398414568578,1,1,1
"CTA-228A9.4",0.415197269050068,0.264976620045177,1,1,1
"HTR5A-AS1",0.415225361504855,0.274726208012487,1,1,1
"LINC00578",0.415227536825124,0.133005226175682,1,1,1
"RP11-298D21.1",0.415238138354453,0.293138870935939,1,1,1
"AC009950.2",0.415382211493933,0.263520075491115,1,1,1
"AC144831.1",0.415505996343361,0.268078382736237,0.8,0.5,1
"RP11-370F5.4",0.415615063456925,0.26704405084611,0.4,0,1
"RP11-62H20.1",0.415647499711175,0.255399788436266,0.2,0.5,1
"RP1-283K11.2",0.415869116465869,0.257621478107731,0,0.167,1
"GRID1-AS1",0.416222046004528,0.2896034037594,1,0.833,1
"RP1-313I6.12",0.416517936732077,0.150660890224583,1,1,1
"RP11-481C4.1",0.41664857584698,0.278305256622834,1,1,1
"RP11-480C16.1",0.417075842352909,0.265164573100447,1,1,1
"RP5-906C1.1",0.417098970921932,0.268629332713461,0.8,0.833,1
"AF064858.11",0.417115857253234,0.27046829216763,0.6,0.667,1
"AC004870.3",0.41715752579501,0.251639136965325,0.4,0.833,1
"CTB-12A17.3",0.417661850096936,0.273553115946096,1,0.5,1
"RP11-439M11.1",0.417797529716798,0.265062174231717,1,1,1
"RP11-57H14.2",0.417953235317012,0.263847565833694,1,1,1
"AP001439.2",0.417982187634137,0.285798022717633,1,1,1
"RP11-431M3.1",0.417988199531323,0.238891100230221,1,1,1
"CTA-747E2.10",0.418344213658064,0.239519561487444,1,1,1
"CTD-2184C24.2",0.41876289622415,0.240347349285634,1,1,1
"UBE2E2-AS1",0.419589132607934,0.257001331178839,0.2,0.5,1
"DOCK4-AS1",0.419695116677116,0.27818455086114,1,0.833,1
"TOLLIP-AS1",0.419752244507553,0.203513888893659,1,1,1
"LINC01162",0.419901781632615,0.238676183779312,1,1,1
"KB-1615E4.2",0.419956522139584,0.24028067997671,1,1,1
"DLEU2",0.419990518163057,-0.103457183954558,1,1,1
"RP11-13P5.2",0.420188881876255,0.255919698138473,0.6,0.667,1
"C1orf229",0.420395650154607,0.252678454899581,0.8,0.833,1
"RP11-203E14.1",0.420509150475999,0.258929416051343,0,0.333,1
"CTD-2126E3.3",0.420575612648846,0.274370717605629,1,1,1
"RP11-356O9.1",0.420609192477145,0.272357242936889,1,1,1
"MIR302B",0.420632520946443,0.269522169343212,0.6,0.5,1
"RP11-317P15.4",0.420688689151389,0.267364671415697,0.6,0.333,1
"LINC01195",0.420710192175487,0.254841816250615,0.4,0.667,1
"RP11-778J16.3",0.420741770875871,0.249824192450551,0.8,0.833,1
"LINC00210",0.420805360508737,0.256210928592502,0.2,0.333,1
"CTD-2325P2.3",0.421170087503221,0.258208381877013,0,0.333,1
"AJ006995.3",0.421354995733127,0.248597803667353,0.8,0.833,1
"CTD-2240E14.4",0.42135867243884,0.258984456905093,0,0.333,1
"LINC00951",0.421424680672923,0.266766427649031,1,1,1
"RP11-457K10.1",0.421479215388152,0.235821814467622,1,1,1
"AC007405.8",0.421496409347709,0.256690097800135,0.2,0.5,1
"AC079790.2",0.422345342083708,0.268646668311214,1,1,1
"AC097713.4",0.422539210159754,0.252524596431976,0.6,0.833,1
"RP11-671P2.1",0.422574969906016,0.274526256026384,0.8,1,1
"RP1-40E16.9",0.423194744322148,0.211642785360595,1,1,1
"AF001550.7",0.423426422168484,0.26741675636528,0.4,0.167,1
"RP11-188P20.3",0.423442666535924,0.273555490267193,1,1,1
"GS1-519E5.1",0.423493749056434,0.254399472958506,0.2,0.333,1
"RP11-484P15.1",0.42364732527434,0.342603710505906,1,1,1
"CTD-2376I4.2",0.423896938813081,0.255384251722001,0.4,0.667,1
"CTD-3138F19.1",0.424002394555987,0.272236033870493,1,1,1
"RP11-284N8.3",0.42416045832829,0.30052061693067,1,1,1
"RP11-346L1.2",0.424252365079217,0.241146763841691,1,1,1
"CTD-2306M5.1",0.424412125937672,0.252206022577963,0.4,1,1
"RP11-638L3.1",0.424600246395832,0.0373525360737887,1,1,1
"CTD-2384A14.1",0.424605296374848,0.242848855923964,1,1,1
"RP11-848P1.3",0.424811350828284,0.269273137941786,0.4,0.333,1
"POT1-AS1",0.42483717438826,-0.0286378431053175,1,1,1
"CHL1-AS1",0.424948785878792,0.270114037769082,1,1,1
"RP11-326N17.2",0.424992748827932,0.258187567654514,0,0.333,1
"RP5-1074L1.4",0.425039823593231,0.264491864031925,1,1,1
"RP11-568J23.4",0.425070798366025,0.255018645612008,0.4,0.667,1
"XX-C2158C12.1",0.425255291340419,0.254992953715092,0.6,0.833,1
"AC012358.8",0.425270529984173,0.0250181225723172,1,1,1
"RP11-469L4.1",0.42535938400424,0.252082412376882,0.4,0.833,1
"RP5-1112D6.8",0.425418160944622,0.269087007331466,1,1,1
"RP11-288I21.1",0.425641389932101,0.272992263253911,1,0.5,1
"AC018832.1",0.425739853059078,0.213813903517226,1,1,1
"RASSF8-AS1",0.425884405403926,0.00170289209553742,1,1,1
"RP11-144F15.1",0.425983294600824,-0.0140853761848585,1,1,1
"RP11-993B23.3",0.425989515684998,0.255155178664138,0.4,0.667,1
"LINC01495",0.42613350629296,0.265134290960359,1,1,1
"RP11-1020A11.2",0.426195130489527,0.224580936478698,1,1,1
"CADM3-AS1",0.426247090333132,0.270714422968227,0.8,0.667,1
"RP11-343D2.11",0.426271607428959,0.267102053527805,0.2,0,1
"RP11-332M4.1",0.426271607428959,0.267102053527805,0.2,0,1
"RP11-103J8.2",0.426271607428959,0.267102053527805,0.2,0,1
"AC005152.3",0.426340497198698,0.23140604016333,1,1,1
"RP11-118M9.3",0.426501568968509,0.264856173753626,1,1,1
"RP11-315O6.1",0.426548785857966,0.202902141797256,1,1,1
"RP11-110L15.2",0.426557854379709,0.253622350831095,0.8,0.833,1
"CTD-3074O7.5",0.426579094159109,0.238627762656473,1,1,1
"RP11-18C24.8",0.426744777457032,0.268658292385396,0.6,0.5,1
"CTC-301O7.4",0.426831328788876,0.275789094776389,1,0.833,1
"RP11-158M9.1",0.427033426277227,0.139347710113165,1,1,1
"RP11-327F22.1",0.427101857489622,0.264232432209351,1,1,1
"RP11-536C5.7",0.427191938580708,0.248047462261724,0.6,0.833,1
"RP11-770J1.4",0.427197540343647,0.269925936980442,1,1,1
"AC068491.2",0.427512361933949,0.26969185512666,0.4,0.5,1
"AC016738.4",0.427710426354672,0.268885153683474,0.6,0.667,1
"RP11-64D24.2",0.427851478535587,0.298683624500063,1,1,1
"CTC-518B2.9",0.428046879911098,0.26708905778859,0.4,0,1
"RP11-77P16.4",0.428536167724396,0.185737255665813,1,1,1
"RP11-392B6.1",0.428586647829893,0.267203317503785,0.4,0.167,1
"RP5-855D21.1",0.428716055010663,0.254557671149915,0.4,0.5,1
"RP11-366L20.2",0.428746098554258,0.268923140487114,1,1,1
"RP11-452H21.1",0.428802289500521,0.312661173453727,1,1,1
"AP000223.42",0.429142479366469,0.24507091815983,1,1,1
"AC074366.3",0.429275942894917,0.266775482225663,0.4,0,1
"RP11-798K23.4",0.429397498263708,0.247772226736646,0.8,1,1
"RP11-834C11.15",0.42954514453177,0.252659788915963,0.6,0.667,1
"RP11-36B6.1",0.429804134761201,0.258664638202274,0,0.333,1
"RP11-365H22.2",0.429807941413627,0.247051634715881,1,1,1
"RBM5-AS1",0.430173585416676,0.27062444353568,0.8,0.833,1
"RP11-85B7.4",0.430185902869618,0.271603318532194,1,1,1
"LINC00575",0.430439942249197,0.249809680935366,1,1,1
"LINC01548",0.430920767497819,0.258738586713684,0,0.333,1
"AC093732.1",0.43110695813098,0.269995280232715,0.8,0.333,1
"RP3-448I9.2",0.431154274760104,0.267755186850118,0.2,0,1
"RP1-23E21.2",0.431154274760104,0.267755186850118,0.2,0,1
"AC005606.15",0.431154274760104,0.267755186850118,0.2,0,1
"CACTIN-AS1",0.431182470945679,0.266912782579873,0.4,0,1
"RP11-19N8.4",0.43121556226313,0.272552675011677,1,1,1
"SNCA-AS1",0.431241271874186,0.267921810952517,0.6,0.5,1
"CTD-2619J13.17",0.431321381880444,0.272192532636184,1,1,1
"RP11-166A12.1",0.431344332925347,0.233945690757174,1,1,1
"CTD-3035K23.7",0.431610014330908,0.269873721833341,0.8,0.667,1
"RP11-279O17.3",0.431686279585386,0.267334387285644,0.8,0.667,1
"RP5-1103B4.3",0.431845229048345,0.267520186145936,0.4,0,1
"CTD-2145A24.4",0.431845229048345,0.267520186145936,0.4,0,1
"LINC00958",0.431871378305433,0.28403269486327,1,0.833,1
"RP11-748C4.1",0.432326697601975,0.277094310124268,1,1,1
"LINC00844",0.432522405947252,-0.183559994577865,1,1,1
"GS1-279B7.2",0.432556469841924,0.255094136612929,0.4,0.667,1
"RP11-95I16.4",0.432586917889244,0.269443884510273,0.4,0.5,1
"RP11-148K1.10",0.432640097969687,0.26891597229593,0.4,0.167,1
"SNHG15",0.43271357205771,0.257780982814751,1,1,1
"THAP7-AS1",0.432716369604738,0.199815080472893,1,1,1
"CCNT2-AS1",0.432768141951092,0.0518252209507777,1,1,1
"RP11-358H12.1",0.433101920792783,0.26705006986854,0.2,0,1
"RP5-1047A19.4",0.433101920792783,0.26705006986854,0.2,0,1
"CTD-2207P18.1",0.433101920792783,0.26705006986854,0.2,0,1
"RP11-718B12.2",0.433192473324381,0.267206075760298,0.4,0.167,1
"CTB-120L21.1",0.433294659304839,0.267177403529397,0.6,0.5,1
"RP11-145M9.5",0.43339784403391,0.266986309257803,0.8,0.833,1
"RP5-991G20.1",0.433409158160298,0.0976249792589201,1,1,1
"PXN-AS1",0.433440811959906,0.139196384473314,1,1,1
"AP001604.3",0.433638377613955,0.21412553297651,1,1,1
"RP5-1068H6.6",0.433718452622194,0.258197669546615,0,0.333,1
"RP11-620J15.2",0.433922046485171,0.249199649123577,1,1,1
"RP5-908M14.9",0.434040306755283,0.218092307895352,1,1,1
"RP11-442O1.4",0.4340918400648,0.27147687855773,0.6,0.5,1
"RP11-103J8.1",0.434116468607377,0.113837993743751,1,1,1
"CTD-2619J13.9",0.434176178016525,0.25482021405397,0.8,0.667,1
"RP11-400N13.2",0.43422445795081,0.254643365575745,0.4,0.667,1
"RP11-96K19.5",0.434289989150013,0.25882706555649,0,0.333,1
"RP11-553L6.2",0.434312469439975,0.253781440168024,0.6,0.667,1
"CTD-2251F13.1",0.434382695972507,0.249225591883178,0.8,1,1
"LINC01415",0.434552691532634,0.252483062714096,0.6,0.833,1
"RP11-744I24.3",0.43460950321503,0.267682097552209,0.4,0.167,1
"RP11-65D24.2",0.434774711149168,0.248401283439525,0.6,0.833,1
"RP11-736K20.6",0.434787265810321,0.223976020602759,1,1,1
"AC010976.2",0.434905387332978,0.309231408176351,1,1,1
"RP11-245P10.4",0.435018818136931,0.271522959905334,0.8,0.667,1
"CTD-2199O4.6",0.435095709862138,0.266021124407281,0.8,0.833,1
"ZNF571-AS1",0.435150277117146,0.253805906864397,0.6,0.667,1
"RP11-49I11.1",0.435339946616926,0.270370743492054,0.8,0.667,1
"FAM87A",0.435388642557543,0.267000522461443,0.4,0.167,1
"RP1-92O14.3",0.435465312531281,0.166139658093935,1,1,1
"AP000705.7",0.435466458653929,0.247036469579129,0.8,1,1
"RP11-92K15.1",0.43574791192999,0.272476618563586,1,0.667,1
"RP11-497G19.1",0.435894814122728,0.252144141627463,0.8,0.833,1
"RP11-93G5.1",0.435935865350645,0.233142333333662,1,1,1
"CTC-429P9.1",0.435976501837525,0.276911405642649,1,1,1
"RP11-660L16.2",0.436016035892398,0.151788956744506,1,1,1
"RP11-714G18.1",0.436027603142425,0.266473288654437,1,1,1
"RP11-795H16.3",0.436237284563984,0.243833752121836,0.8,1,1
"AC137934.1",0.436345939336794,0.256043542196465,1,1,1
"NRIR",0.436391487024976,0.171452982890411,1,1,1
"RP3-448I9.1",0.437233852874712,0.254880706670069,0.4,0.833,1
"RP11-14J7.6",0.437251092951012,0.253540967287068,0.6,0.833,1
"AC008937.2",0.437290157240411,0.279531957897781,1,1,1
"SIX3-AS1",0.437413388395688,0.245314203239945,0.6,0.333,1
"RP11-586D19.2",0.437572128445177,0.247510972772124,0.8,0.667,1
"LINC01504",0.437802145968411,0.278190055099437,1,1,1
"RP11-1008C21.2",0.437958223767207,0.230984802472181,1,1,1
"RP5-998N21.7",0.437992419038846,0.245252418631098,1,1,1
"RP11-762H8.3",0.438074681328581,0.251776632599648,0.8,0.667,1
"RP11-60A8.1",0.438140116848482,0.196261072700777,0.8,0.833,1
"RP11-799D4.3",0.438412938919549,0.26849361641827,0.8,0.667,1
"CTA-392E5.1",0.438634482686801,0.465990641824993,1,1,1
"RP11-323J4.1",0.438717330116454,0.216688521778441,1,1,1
"TBX2-AS1",0.438895054916807,0.267800104469548,0.6,0.5,1
"L3MBTL4-AS1",0.438964523931201,0.269040879778905,1,0.833,1
"LL21NC02-1C16.2",0.438975911927345,0.266847143967533,0.4,0,1
"PAXIP1-AS1",0.438988486440694,0.136222218652452,1,1,1
"RP11-77H9.6",0.439042082317677,0.267160309531753,0.4,0.333,1
"PSMB1",0.439261101079081,0.203986068402601,1,1,1
"AP000320.6",0.43932964199104,0.266498265496102,0.6,0.333,1
"RP11-566H8.3",0.439556093044224,0.245766083439683,0.8,0.833,1
"RP11-763B22.4",0.439710317247762,0.267697442342035,1,1,1
"FOXP1-AS1",0.439760681314108,0.27668912327526,0.8,0.667,1
"RP11-354P11.3",0.439761050718722,0.273918953398093,1,1,1
"RP11-157F20.3",0.439840814808294,0.257722021571861,0.2,0.5,1
"RP11-506H20.1",0.439989615412218,0.296515934528642,1,1,1
"ENOX1-AS1",0.439991619507839,0.239807779023527,0.6,0.5,1
"ZNRF3-AS1",0.440992555168821,0.267915365647438,1,1,1
"RP11-111H3.3",0.441047936993666,0.255912530920599,0.2,0.333,1
"RP11-343J18.2",0.441138850177471,0.251225949158697,1,1,1
"RP11-1057B6.1",0.441476621446275,0.262992292603764,1,1,1
"CTA-373H7.7",0.441525883533668,0.406250574488475,1,1,1
"RP3-463P15.1",0.441564527464219,0.270396309077694,1,1,1
"CTB-58E17.2",0.441776220685955,0.256502689861281,0.2,0.333,1
"RP11-298A8.2",0.441821378217952,0.268766782010138,0.8,0.833,1
"RP1-102E24.10",0.441937199040527,0.266114476453312,0.8,0.833,1
"RP11-146F11.5",0.442152868667539,0.253027400135188,1,1,1
"RP11-338N10.1",0.442167320089408,0.238586458902861,0.8,1,1
"RP11-158M2.4",0.442247130252078,0.258449266702615,0,0.333,1
"RP5-945F2.3",0.442298668062252,0.226217614669971,1,1,1
"RP11-454K7.1",0.442742437670174,0.248200967206601,0.6,1,1
"RP11-716O23.1",0.442946425459062,0.237740107798172,1,1,1
"RP11-259O18.4",0.442952703519677,0.268871369121921,0.6,0.5,1
"AC104794.4",0.443157727727835,0.259207024481898,0,0.333,1
"MEF2C-AS1",0.443230575264893,-0.0342244720181625,1,1,1
"U91328.19",0.443323219711316,0.261569216660795,1,1,1
"RP11-256L6.3",0.443515552260051,0.254091678927269,0.6,0.833,1
"CTA-384D8.36",0.443683612690206,0.264838643184296,1,1,1
"RP11-486O13.2",0.443966958640325,0.200975834405037,1,1,1
"RP3-414A15.2",0.444035959190916,0.242815603570957,1,1,1
"CYP51A1-AS1",0.444061481925834,0.254828936622635,1,1,1
"LINC01282",0.444121915847627,0.259317129474923,0,0.333,1
"RP11-879F14.3",0.444174663317785,0.25269893302542,0.8,0.833,1
"AC009264.1",0.444198179041266,0.289241395878298,1,1,1
"RP5-921G16.2",0.444334882248782,0.251759956441074,1,1,1
"RP11-685M7.3",0.444383919161254,0.184373686823356,1,1,1
"RP11-466I1.1",0.444672897593213,0.272311845459001,1,1,1
"RP11-101E5.1",0.444700953831684,0.258808608258802,0,0.167,1
"RP11-63P12.7",0.444700953831684,0.258808608258802,0,0.167,1
"AC079466.1",0.445120337718266,0.259427242871688,0,0.167,1
"RP11-496B10.3",0.445263338325158,0.170323003849042,1,1,1
"CTC-444N24.8",0.445397844681027,0.256934120127393,1,1,1
"XXbac-BPG252P9.10",0.445453315233804,0.262712748539793,1,1,1
"AC087430.1",0.445462022347379,0.254882604676212,0.6,0.833,1
"RP11-1134I14.8",0.445610447284151,0.263735535393302,1,1,1
"RP11-38L15.3",0.445650168961196,0.292272736978244,1,1,1
"RP11-268J15.5",0.445797073815157,0.177621014531415,1,1,1
"RP11-525A16.4",0.445858985251747,0.227850585455636,1,1,1
"RP11-627G18.4",0.445954160519764,0.268903476422676,0.8,0.667,1
"GAS1RR",0.445956060674509,0.142144369006511,1,1,1
"LINGO1-AS2",0.446384842930945,0.258296984462858,0,0.167,1
"RP11-83C7.1",0.446546891542655,0.255096281370478,0.4,0.667,1
"RP11-90P13.1",0.446665162306634,0.268922771323967,0.6,0.333,1
"RP11-659E9.2",0.446707634342906,0.256880698997678,0.4,0.5,1
"TM4SF1-AS1",0.446793080346316,0.233477034330157,1,1,1
"VCAN-AS1",0.446892484409412,0.285520258658304,1,1,1
"CTC-340A15.2",0.447153460762684,0.365061439618838,1,1,1
"AC016629.3",0.447439759017687,0.267058513957091,0.6,0.5,1
"CTA-292E10.6",0.447536596875011,0.0158673650127736,1,1,1
"RP11-559M23.1",0.447881674913455,0.244545123748293,1,1,1
"LOXL1-AS1",0.44819553582786,0.236792464643937,1,1,1
"RP11-145M4.2",0.448327550464456,0.269040359030316,0.4,0.333,1
"C17orf100",0.448439061632662,0.130182834371822,1,1,1
"CTC-513N18.7",0.448451392661507,0.156040170449185,1,1,1
"RP11-656A15.1",0.44856343812474,0.258473506662489,0.2,0.333,1
"RP11-547I7.1",0.448584756204932,0.294029339833761,1,1,1
"RP11-88H9.2",0.448608542695318,0.199201542546546,1,1,1
"AC010096.1",0.448686804493816,0.26210403848027,1,1,1
"FLJ37035",0.448695914517019,0.209314368043681,1,1,1
"IL20RB-AS1",0.448843895972785,0.230776988797166,1,1,1
"RP5-1177I5.3",0.449006402070207,0.256911363646345,0.6,0.667,1
"RP11-711D18.2",0.44907706480161,0.267573169649544,0.6,0.667,1
"RP1-154K9.2",0.449181701204497,0.269398524124968,1,1,1
"EPHA1-AS1",0.449712257564145,0.259495204293287,1,1,1
"RP11-66N24.7",0.449724013477675,0.242764000583547,1,1,1
"RP11-54G14.1",0.44976009300971,0.253387567616318,0.4,0.667,1
"MIR296",0.449826385699413,0.268469630059858,1,1,1
"RP11-307C19.1",0.449854206812296,0.257048278923674,0.4,0.667,1
"RP11-196H14.4",0.450084336497067,0.268019331960192,1,1,1
"LINC01446",0.450169413507181,0.281286121045692,1,0.833,1
"RP11-284H19.1",0.450171314406731,0.254026068006056,0.4,0.667,1
"CTB-175E5.7",0.450228257018889,0.261351120435775,1,1,1
"RP11-314A20.2",0.450462034923475,0.263467090321821,1,1,1
"RP11-732A21.3",0.450484453292421,0.256705779393199,0.2,0.667,1
"AF064858.6",0.450504871117645,0.282054731635082,1,1,1
"TCF4-AS1",0.450621735206042,0.287440056826745,1,1,1
"AC005522.7",0.451234138273462,0.269508395275941,0.6,0.5,1
"RP3-417O22.3",0.451250599430946,0.26859889282599,0.8,0.667,1
"CTD-3179P9.1",0.451327541404679,0.31358873699145,1,1,1
"RP11-73K9.2",0.45132844047202,0.220216296842687,1,1,1
"RP11-561B11.3",0.451386632548119,0.257958240354947,0.2,0.5,1
"RASGRF2-AS1",0.451452553627323,0.181315588297245,1,1,1
"RP11-767C1.2",0.451589353432341,0.259494781796054,0,0.5,1
"RP4-646N3.1",0.451597557786636,0.251143399540095,0.8,0.833,1
"RP11-164N3.2",0.451823329496243,0.256086792380511,0.2,0.333,1
"RP11-324I22.4",0.452226528086739,0.0419974324820828,1,1,1
"RP11-889D3.2",0.452236228038343,0.258884163155636,0,0.333,1
"RP5-991G20.2",0.452267502768702,0.248612610984645,0.8,1,1
"HID1-AS1",0.452277486500593,0.268876429958692,0.8,0.833,1
"CTD-2026J24.1",0.452321314347111,0.267834665618889,0.4,0.167,1
"RP5-1159O4.2",0.45235199664373,0.195323301660665,1,1,1
"AC008937.3",0.45267414509827,0.254169257683089,0.4,0.667,1
"RP13-20L14.1",0.452768165820641,0.219592330054789,1,1,1
"MYHAS",0.452882290626451,0.248008745922132,1,0.833,1
"KDM4A-AS1",0.453076613789721,0.275121452478484,1,1,1
"RP11-307C12.11",0.453130515417577,0.252354045214724,0.6,0.667,1
"RP11-759A24.3",0.453262193285674,0.306180070341567,1,1,1
"AC159540.1",0.453504355548881,-0.160946091997057,1,1,1
"RP11-867G23.3",0.453544657517917,0.269733875393749,0.8,0.667,1
"RP5-1071N3.1",0.453618426390171,0.259133513681487,0,0.333,1
"RP11-222K16.1",0.453618426390171,0.259133513681487,0,0.333,1
"RP11-13K12.5",0.453618426390171,0.259133513681487,0,0.333,1
"RP11-244F12.2",0.453881976748333,0.258182487082924,0.2,0.333,1
"RP11-135J2.3",0.45390391303188,0.266715857783049,0.2,0,1
"AC009480.3",0.45390391303188,0.266715857783049,0.2,0,1
"AP000688.15",0.453975783647838,0.245787509907837,0.8,1,1
"RP11-109A6.5",0.454178645280173,0.0648752353429036,1,1,1
"RP11-394I13.3",0.454350490517584,0.256566277054825,0.2,0.333,1
"RP3-359N14.2",0.454353328368498,0.26683467313736,1,1,1
"CTC-281F24.1",0.454437439062616,0.258125407758707,0.2,0.5,1
"CTC-248O19.1",0.454491612435388,0.247299387250672,1,1,1
"RP11-455O6.8",0.454618045827989,0.243026442265607,1,1,1
"RP11-70P17.1",0.454745669900411,0.226689350729213,1,1,1
"RP11-326A13.1",0.454930715227324,0.250256025728055,0.8,0.667,1
"AC092684.1",0.455067334123723,-0.110158691301925,1,1,1
"RP11-337N6.1",0.455291360552683,0.27135859392792,0.8,0.667,1
"RP11-575L7.8",0.455325607983677,0.29161467265512,1,1,1
"RP11-807H22.7",0.455443005772678,0.271323353736172,1,1,1
"RP11-80B9.1",0.455453360267909,0.268427392502705,0.6,0.5,1
"RP11-629N8.3",0.455583512610651,0.163739461756179,1,1,1
"RP11-275I14.4",0.455668119070752,0.271934571788811,0.8,0.5,1
"MCPH1-AS1",0.455772509911819,0.203127817560537,1,1,1
"AC005264.2",0.455777843947438,0.265660008411325,1,0.833,1
"PAPPA-AS2",0.455780518895154,0.256698227393567,0.2,0.5,1
"RP11-458F8.4",0.455817303408406,0.172793066218321,1,1,1
"RP11-669I1.1",0.455913612399444,0.259214751471425,0,0.333,1
"RP11-388M20.1",0.456247392227697,0.264616822396542,1,1,1
"LINC01508",0.456519865234981,0.265578335134045,1,1,1
"AC010504.2",0.456530819603781,0.195079433301723,1,1,1
"LINC01583",0.456570086187907,0.27007940798183,0.6,0.333,1
"RP11-280O1.2",0.456633605626716,0.250808337493258,0.8,0.833,1
"BOK-AS1",0.456677434004108,0.257230336433933,1,1,1
"PIK3IP1-AS1",0.456685360135295,0.127822002733455,1,1,1
"CTD-2514K5.4",0.456750637052808,0.265964479486327,1,0.833,1
"RP11-583F2.5",0.457241272255098,0.269534839243915,0.4,0.333,1
"RP11-136H19.1",0.457390484664171,0.270337897940392,0.8,0.667,1
"WWC2-AS2",0.457644616380412,0.267509152237356,0.4,0.333,1
"RP11-452L6.5",0.457989570660997,0.202528730276476,1,1,1
"KIRREL3-AS1",0.458056378819993,0.200856563403166,1,1,1
"RP3-329A5.8",0.458188138889845,0.217008906959121,1,1,1
"RP11-429E11.2",0.458201312759839,0.267461669055913,0.6,0.5,1
"LINC01269",0.458219925144396,0.266375546444543,0.4,0,1
"CTD-2529O21.2",0.458219925144396,0.266375546444543,0.4,0,1
"AC004054.1",0.458379603353181,0.272728003669978,0.8,0.5,1
"RP11-388P9.2",0.459007377778137,0.227385616466022,1,0.833,1
"JAKMIP2-AS1",0.45901218750883,0.267595706938043,1,1,1
"RP5-1119A7.14",0.459109726359909,0.255771288324649,0.6,0.667,1
"RP11-642D21.2",0.459170146769397,0.292138064967853,1,1,1
"AC073343.13",0.459296715008905,0.0960418848639162,1,1,1
"XXbac-B476C20.9",0.459364511130285,0.260968817482772,1,1,1
"MAGI1-AS1",0.459456246776657,0.27750872032589,1,1,1
"AC104655.3",0.459651953614949,0.265243804322068,1,1,1
"AC093818.1",0.459803822986463,0.302861537526035,1,1,1
"RP11-163F15.1",0.459881228258132,0.257380127554068,0.4,0.5,1
"LINC01055",0.460586406219256,0.259377240776026,0,0.333,1
"ZNF341-AS1",0.460964710242331,0.265176765907234,1,1,1
"RP11-579E24.2",0.461048568611216,0.286817827867811,1,1,1
"PRKG1-AS1",0.461082115341864,0.182845694821511,1,1,1
"RP11-102N12.3",0.46122399611838,0.269199928207407,1,1,1
"RP11-246K15.1",0.461383818148612,0.290553516573516,0.6,1,1
"RP11-100N20.1",0.461649785128141,0.270632879094685,0.8,1,1
"RP11-217E22.5",0.461764312049166,0.250800234092758,0.8,1,1
"RP11-716H6.2",0.461765385334357,0.220470589564521,1,1,1
"SEC62-AS1",0.461989253836153,0.270316314384745,0.4,0.333,1
"RP5-907D15.4",0.462506766500307,0.257554405281168,0.2,0.333,1
"LBX2-AS1",0.462574693868671,0.267347185167876,0.6,0.5,1
"LINC01541",0.46268054849566,0.255830284976885,0.4,0.833,1
"RP11-698N11.2",0.462718784736957,0.276175473117713,0.8,0.833,1
"AC005387.3",0.463097529655928,0.26712775926576,1,0.833,1
"AC102948.2",0.463226019530174,0.266551746547933,0.8,0.667,1
"RP11-307C18.1",0.463415318347261,0.267568496770033,0.6,0.333,1
"CAPN10-AS1",0.463486490267215,0.254537207589465,1,1,1
"FAM201A",0.464038149742179,0.256437444933681,1,1,1
"RP11-173P15.10",0.464207137689966,0.258316244096243,0.2,0.333,1
"RP11-290M5.4",0.464520881894025,0.266172525637886,0.4,0,1
"RP11-80I3.1",0.464730255638658,0.244646542662218,1,0.833,1
"RP13-131K19.2",0.465010443994637,0.272856679582819,1,1,1
"LINC01394",0.465372639873003,0.259539748383698,0,0.167,1
"RP11-855O10.2",0.465372639873003,0.259539748383698,0,0.167,1
"RP11-542A14.1",0.465499409415691,0.254355093866407,0.6,0.667,1
"RP11-63A1.1",0.465634742592246,0.227919869552142,1,1,1
"AC003991.3",0.465730204135999,0.257200652774164,1,1,1
"RP11-27G24.1",0.466136878101302,0.254149219624044,0.4,0.833,1
"MLK7-AS1",0.466267695622064,0.273309365376645,1,1,1
"CTD-2358C21.5",0.466345171550904,0.266309883384344,0.4,0,1
"RP11-849N15.1",0.466345171550904,0.266309883384344,0.4,0,1
"RP11-384E22.1",0.466345171550904,0.266309883384344,0.4,0,1
"RP5-1110E20.1",0.466358246567566,0.248579532111144,1,1,1
"RP11-571M6.7",0.466493419457346,0.269098309065605,1,1,1
"LINC01465",0.466570570433222,0.267078580306543,0.6,0.167,1
"RP11-83N9.5",0.466580107003056,0.267815713625161,0.6,0.667,1
"LINC00662",0.466652625475807,0.213784212057224,1,1,1
"RP11-879F14.2",0.46702308261627,0.258042901058265,0.4,0.667,1
"RP13-735L24.1",0.467121521011068,0.284802001461546,0.8,0.5,1
"RP11-343B18.2",0.467180110291716,0.27354575679874,0.6,0.667,1
"RP11-135L13.4",0.467408993707309,0.244176523685758,1,1,1
"RP11-603J24.21",0.467503205369441,0.267909950229279,0.8,0.667,1
"AC133785.1",0.467547957340854,0.26823451878561,0.8,0.833,1
"AC009473.1",0.467569232323736,0.256523253732121,0.2,0.5,1
"C20orf187",0.467580912166875,0.259704947121574,0,0.333,1
"LLNLR-284B4.2",0.467580912166875,0.259704947121574,0,0.333,1
"RP11-325O24.6",0.46759871041749,0.258918072180004,0,0.333,1
"C2orf48",0.467664416088344,0.249497130875949,0.8,1,1
"AC002056.5",0.467772172327139,0.257758220355622,0.4,0.667,1
"RP11-27K13.3",0.467893157211222,0.24919978848565,1,1,1
"RP4-569M23.5",0.46791685018293,0.268001870022958,0.6,0.5,1
"DNM1P35",0.46808605873862,0.226236705446361,1,1,1
"RP11-181B11.2",0.468310363814481,0.270571615516963,1,1,1
"RP11-362A9.3",0.468338450450306,0.269743760712455,1,1,1
"RP11-46F15.2",0.468486918557948,0.268647401219434,1,0.833,1
"RP11-472N19.3",0.468535940963943,0.251480430615995,1,1,1
"LINC00266-4P",0.468544277739416,0.19007075228387,1,1,1
"RP11-75C23.1",0.468605552711465,0.235550763442258,1,1,1
"RP11-25G10.2",0.468930215299574,0.249960504613542,1,1,1
"AC009133.21",0.468951583619651,0.262283314729266,1,1,1
"SNAI3-AS1",0.468959679864792,0.268297493502959,1,1,1
"XXbac-BPGBPG55C20.1",0.469096292820096,0.264525864912679,1,1,1
"LA16c-390H2.4",0.469272148170974,0.276103666763118,1,1,1
"RP11-822E23.2",0.46945061182038,0.268889222142663,0.4,0.333,1
"RP11-69G7.1",0.469470254619244,0.248854007032924,1,1,1
"RP4-533D7.5",0.469500818249625,0.245823785995948,1,0.833,1
"RP11-338K13.1",0.469636974243828,0.237140989510871,0.6,1,1
"RP11-180M15.6",0.469723374264738,0.251653230107548,0.6,1,1
"MORC2-AS1",0.469947956662894,0.225932444913505,1,1,1
"RP11-24P14.1",0.470124256890859,0.253295629333254,0.8,0.833,1
"RP13-714J12.1",0.470232769974757,0.259277530538183,0,0.167,1
"RP11-138H10.2",0.470232769974757,0.259277530538183,0,0.167,1
"PWRN4",0.470356195896286,0.318274523118323,1,1,1
"RP11-534L20.5",0.470574502383263,0.268163853877864,0.4,0.167,1
"RP11-446J8.1",0.470660087601006,0.0459264067949299,1,1,1
"RP11-263K19.6",0.47085429759854,0.271204804320801,0.8,0.5,1
"LLNLR-249E10.1",0.470912872404319,0.269766042985719,0.8,0.833,1
"RP11-670E13.6",0.471114383014158,0.255792069421169,0.4,0.667,1
"RP11-248M19.1",0.471225027139815,0.267479263552325,0.8,0.5,1
"LA16c-380H5.5",0.471422049271064,0.263985599400204,1,1,1
"AC011288.2",0.471759705432109,0.276815901488231,1,1,1
"CTD-2236F14.1",0.47249689398369,0.26754539292889,0.4,0.167,1
"RP11-229P13.15",0.472595373135895,0.259515920347364,0,0.333,1
"RP11-293M10.2",0.472625529533127,0.253117214611279,0.8,0.833,1
"RP11-497K21.1",0.472690047655396,0.265092473183317,1,1,1
"RP11-1228E12.1",0.472693263974541,0.268682579183696,0.8,0.667,1
"SMAD1-AS2",0.472982839200053,0.271263068702785,0.4,0.5,1
"RP11-169K17.4",0.472999541105767,0.252640799635805,0.4,0.833,1
"RP11-356C4.5",0.473072701690886,0.304884934908189,1,1,1
"RP11-10J18.3",0.473084530741902,0.265791483425454,0.8,0.833,1
"LINC00355",0.473177589006233,0.268021382399378,0.8,0.667,1
"RP11-196G11.6",0.47318237648737,0.266989033806511,1,1,1
"RP11-10L7.1",0.473185077982317,0.231038242879708,1,1,1
"AC004448.5",0.473449282108274,0.262237233050094,1,1,1
"RP11-79H23.3",0.473533325870999,0.258270770567218,0.2,0.5,1
"RP11-120K19.4",0.473746184496688,0.254847299864153,0.4,0.833,1
"RP11-6O2.2",0.473807578961489,0.26759523689304,0.6,0.167,1
"OGFRP1",0.474057187837767,0.268962790990637,1,1,1
"RP5-1113E3.3",0.474160703509418,0.266244217335411,0.4,0,1
"RP11-219E7.1",0.474160703509418,0.266244217335411,0.4,0,1
"HP09025",0.474160703509418,0.266244217335411,0.4,0,1
"SC22CB-1D7.1",0.47418464146936,0.254362879207732,0.4,0.5,1
"AP001626.2",0.474539691205015,0.256122575838524,0.4,0.667,1
"RP11-142A22.4",0.474544131553554,0.271154745317588,1,0.667,1
"MYO16-AS1",0.474575205291362,0.271133362863553,1,1,1
"ATP11AUN",0.474682313484633,0.253366417848197,0.8,0.833,1
"RP11-448A19.1",0.47487880164608,0.2327396699817,1,1,1
"RP11-455P21.3",0.474937582375147,0.263058247686923,1,1,1
"RP11-217B7.2",0.474976258971541,0.258245393103936,0.2,0.5,1
"RP11-395E19.6",0.47528378176375,0.25944002691408,0,0.333,1
"AF001548.6",0.47528378176375,0.25944002691408,0,0.333,1
"LINC00239",0.475514166667972,0.258156422502474,0,0.167,1
"RP11-171N4.4",0.475514166667972,0.258754434684482,0,0.167,1
"RP3-468B3.2",0.475514166667972,0.258754434684482,0,0.167,1
"RP11-531H8.2",0.475514166667972,0.258754434684482,0,0.167,1
"RP11-512N21.3",0.475514166667972,0.258754434684482,0,0.167,1
"RP5-881L22.5",0.475514166667972,0.258754434684482,0,0.167,1
"RP4-666F24.3",0.475555647612063,0.28559775585582,1,0.5,1
"RP11-13N12.1",0.475776315944481,0.234336496725577,1,1,1
"RP11-703G6.1",0.475782321180102,0.243257328376921,0.8,1,1
"AC093390.1",0.475785511518803,0.26638156825666,0.2,0,1
"RP11-63L7.5",0.475785511518803,0.26638156825666,0.2,0,1
"RP11-342D11.2",0.475785511518803,0.26638156825666,0.2,0,1
"RP11-153K16.1",0.475785511518803,0.26638156825666,0.2,0,1
"RP5-1050D4.4",0.475785511518803,0.26638156825666,0.2,0,1
"LINC01111",0.475951305778764,0.262695490459108,1,1,1
"RP11-442J21.2",0.476204865788087,0.242908062581929,1,1,1
"PPP1R26-AS1",0.476231535281246,0.272277370753023,1,1,1
"INAFM2",0.476455656215798,0.255271658115499,1,1,1
"CTD-2175A23.1",0.476495556236543,0.0785099332605939,1,1,1
"RP11-16C18.3",0.476569287490786,0.266550510606227,1,0.833,1
"LINC00582",0.476612287460341,0.240980663344661,1,1,1
"RP11-313P18.1",0.476863900664019,0.265001985697252,1,1,1
"DAXX",0.476903213970571,0.253385373079026,1,1,1
"RP11-91I8.3",0.476968766041571,0.266704172463774,0.4,0.167,1
"RP1-193H18.3",0.47721739413941,0.293049262436375,1,1,1
"OSBPL10-AS1",0.477218708797076,0.26933456369106,1,0.833,1
"CTA-363E6.6",0.477271594354394,0.249845756396506,0.8,1,1
"AC068535.3",0.477367699078682,0.258370800527322,0.2,0.333,1
"AC004237.1",0.477519671024432,0.291442553799892,1,1,1
"RP4-665N4.8",0.477547271155928,0.277503701127595,1,1,1
"RP11-756H20.1",0.477567960895389,0.253548369886055,1,1,1
"CTC-308K20.2",0.477699200169794,0.247934820567155,0.8,1,1
"RP11-77I22.2",0.477831182998713,0.186237139486977,1,1,1
"RP11-479J7.2",0.477857456219634,0.25952128196602,0,0.333,1
"RP11-4B16.3",0.477861111827986,0.256209281400501,0.6,0.5,1
"CTC-459M5.2",0.47816714977006,0.272716278420738,0.8,0.667,1
"LA16c-360H6.3",0.47824181489328,0.26855045394945,0.4,0.333,1
"RP11-180D21.3",0.478554216832332,0.25882722186885,0,0.333,1
"LINC00487",0.478752000359613,0.252915319407868,0.6,1,1
"LINC00261",0.478826393688287,0.269692989683727,0.4,0.333,1
"RP11-932O9.8",0.479052106102176,0.27351114106301,0.6,0.833,1
"CELSR3-AS1",0.479076362145253,0.235863476878672,1,1,1
"CTD-3203P2.1",0.479091040305117,0.2676244017439,0.6,0.667,1
"RP11-364L4.3",0.479285010010553,0.26798750491939,1,1,1
"RP11-506M12.1",0.47929558356342,0.257612276337979,1,1,1
"RP11-676J15.1",0.47951130263208,0.163877022844648,1,1,1
"KBTBD11-OT1",0.479579592019314,0.267428930416625,0.8,0.667,1
"RP4-694B14.8",0.479680549121543,0.249666426590065,1,1,1
"RP11-397O8.7",0.479737110076888,0.267834945459522,0.8,0.667,1
"RP11-159F24.6",0.479800694663094,0.260876000745637,1,1,1
"AP001059.6",0.479818326528621,0.269523767471275,1,1,1
"RP11-736I10.1",0.480000915229767,0.251532103752244,0.6,1,1
"RP11-459C13.1",0.480158995607688,0.266041178045546,0.4,0,1
"CTD-3035D6.2",0.480252872258838,0.257430241973541,0.6,0.833,1
"AP006621.5",0.480262452164881,0.223495006040322,1,1,1
"AC092687.3",0.48036501817379,0.258972807255337,0,0.167,1
"RP11-867G23.1",0.48036501817379,0.258972807255337,0,0.167,1
"RP11-899L11.1",0.48036501817379,0.258972807255337,0,0.167,1
"CTD-2314B22.1",0.48046413025689,0.25960254159464,0,0.333,1
"RP4-564M11.2",0.480511962781157,0.225240778188316,1,1,1
"RP11-18A15.1",0.480662507855978,0.256049301994664,0.2,0.5,1
"RP11-498C9.15",0.480782098515467,0.225243105744901,1,1,1
"RP5-958B11.1",0.480998674480387,0.246185927956563,0.8,1,1
"RP11-406A9.2",0.481104891849985,0.172251707817781,1,1,1
"MIATNB",0.481202338581241,0.0864075799607478,1,1,1
"WDR11-AS1",0.481239026701819,0.182934504398444,1,1,1
"AC007193.10",0.481303745301799,0.279762484241237,1,1,1
"GK-AS1",0.48133882836618,0.27721260098031,1,1,1
"RP11-702F3.3",0.481455999187105,0.216558325383667,1,1,1
"IL10RB-AS1",0.481608850832029,0.271460887926408,1,0.833,1
"RP5-1039K5.17",0.481624831986314,0.268192635240796,0.8,1,1
"RP11-296I10.3",0.481743868645156,0.304743846103472,1,1,1
"RP11-116N8.2",0.481782989024017,0.259468282112849,0,0.5,1
"RP11-15J22.8",0.481816635666538,0.266178548297469,0.4,0,1
"RP11-449D8.1",0.481816635666538,0.266178548297469,0.4,0,1
"CTD-2036P10.5",0.48182815370412,0.250212417516466,0.8,1,1
"AC006160.5",0.48188498450055,0.27545579304288,1,1,1
"RP11-53B2.4",0.482175363125494,0.26978924780019,0.8,0.667,1
"SMIM10L1",0.482646656115931,0.228543475731754,1,1,1
"MIRLET7DHG",0.482855356568641,0.264836044128588,1,1,1
"MYT1L-AS1",0.483054125556191,0.28555282689966,0.6,0.5,1
"RP11-6N17.2",0.483104472927044,0.259683805800458,0,0.333,1
"LINC00588",0.48384233071638,0.268527218497852,0.6,0.333,1
"RP11-499P20.2",0.483909508720101,0.184964198315153,1,1,1
"RP11-555J4.4",0.483962847057659,0.277740913870565,0.6,0.333,1
"RP5-1125N11.1",0.484083956048857,0.257500398539721,0.4,0.333,1
"RP11-707F2.1",0.48415103848876,0.25444862065541,0.4,0.5,1
"RP11-276H1.3",0.484163998119711,0.252604356103818,0.4,0.833,1
"AC007285.6",0.484199634083855,0.122043198893877,1,1,1
"RP1-273N12.4",0.484363740623561,0.24381434990857,1,1,1
"RP11-305K5.1",0.484665189849544,0.267154720949923,1,1,1
"AC016723.4",0.485397097687793,0.176913710539614,1,1,1
"AC114877.3",0.485459239318153,0.269431309698156,0.6,0.333,1
"RP11-265F19.1",0.485576854104585,0.249747626820457,0.8,1,1
"RP1-60O19.1",0.485583812736947,0.246409405352135,0.8,1,1
"CTA-212A2.4",0.485686396712572,0.271656210094202,1,0.833,1
"LINC01625",0.485768000782251,0.259450137579862,0,0.333,1
"AC024592.9",0.485768000782251,0.259450137579862,0,0.333,1
"LINC00051",0.485836162306,0.269503294368302,0.8,0.5,1
"RP11-680A11.5",0.485995051024507,0.268307459462723,0.8,0.5,1
"RP11-635N19.1",0.48617582693142,0.226622830614512,1,1,1
"RP11-146E13.4",0.486696198206255,0.247814816072649,1,1,1
"RP11-471B22.3",0.486794815710577,0.266608316123868,0.8,0.833,1
"AC002128.5",0.487131317831717,0.257689496029344,0.4,0.333,1
"PTOV1-AS1",0.487166280586857,0.252461307572572,1,1,1
"BCAR4",0.487186501583259,0.267180714189622,0.8,0.667,1
"CTD-3224K15.2",0.487208096449351,0.258472493986168,0.2,0.5,1
"RASAL2-AS1",0.487209238810051,0.247277851060317,1,1,1
"RP4-782L23.2",0.487651336948212,0.245686849276209,1,1,1
"RP11-214N1.1",0.487778138676363,0.177832776851113,1,1,1
"RP1-249H1.2",0.487829902099385,0.27055465308611,0.8,0.667,1
"AC079117.1",0.488070984081317,0.31810639769225,1,0.667,1
"RP5-875O13.1",0.488087724731033,0.265975499764739,0.4,0,1
"RP11-574K11.5",0.488087724731033,0.265975499764739,0.4,0,1
"CTD-2542C24.8",0.488087724731033,0.265975499764739,0.4,0,1
"RMDN2-AS1",0.488284780223807,0.261895671120614,1,1,1
"RP11-173P15.7",0.488325117361239,0.259366362870251,1,1,1
"RP11-717F1.1",0.488593383457937,0.267597675436136,0.4,0.167,1
"LINC00613",0.488827456624285,0.253317411182487,0.4,0.833,1
"RP11-755F10.3",0.488962908756774,0.234220546453746,1,1,1
"AC005616.2",0.48916437298475,0.268963869864229,0.6,0.333,1
"CTD-2308N23.2",0.489226535123858,0.257390595004996,0.2,0.333,1
"RP11-258O13.1",0.48934631921244,0.198597649341564,1,1,1
"LINC00243",0.489418533801796,0.264883719680403,1,1,1
"RP11-290L1.2",0.489565421187835,0.239056965627479,1,1,1
"NUCB1-AS1",0.48966432512567,0.260959151163259,1,1,1
"RP1-232L24.3",0.489722360792475,0.265077022342119,1,1,1
"AC007319.1",0.489880003134855,0.275625111067334,1,1,1
"LINC00303",0.489921990750909,0.257387702668199,0.4,0.5,1
"BACE1-AS",0.490125108929551,0.178146868423124,1,1,1
"CTA-339C12.1",0.490499325878713,0.253650868574437,0.4,0.667,1
"RP11-350N15.6",0.490542946631747,0.263818032636492,1,1,1
"RP11-43D2.2",0.490624311795821,0.27320863104518,1,1,1
"RP11-734K2.4",0.490646806980557,0.052089823025629,1,1,1
"RP11-396O20.1",0.491211901853554,0.267933091789613,0.6,0.5,1
"LINC01448",0.491234442401638,0.259927625886249,0,0.167,1
"RP11-99C10.1",0.491234442401638,0.259927625886249,0,0.167,1
"RP11-264E18.1",0.491234442401638,0.259927625886249,0,0.167,1
"LINC00374",0.491234442401638,0.259927625886249,0,0.167,1
"RP11-275I4.1",0.491234442401638,0.259927625886249,0,0.167,1
"RP4-715N11.2",0.491234442401638,0.259927625886249,0,0.167,1
"RP1-150O5.3",0.491309446366171,0.259261144186524,0,0.333,1
"RP11-379K17.12",0.491499104564067,0.269165815597493,0.8,0.833,1
"RP11-14P20.1",0.491580948970766,0.249790694679474,0.8,1,1
"FAM66A",0.491737650672054,0.333836750928598,1,1,1
"RP11-264I13.2",0.491795774505403,0.290378656460212,0.8,0.5,1
"KANTR",0.491981652979559,0.174191973269583,1,1,1
"RP11-318K12.2",0.492048527695807,0.172695764581698,1,1,1
"RP11-38H17.1",0.492129556143954,0.267458503789761,1,0.833,1
"RP11-34D15.2",0.492148094921537,0.26970946542452,0.8,0.667,1
"AC145124.2",0.492321058540616,0.16933454964602,1,1,1
"AC007255.8",0.492524382328281,0.151405453006483,1,1,1
"RP11-227H15.4",0.492638352658657,0.255631841899764,0.4,0.5,1
"RP11-290H9.5",0.492730425388049,0.265993191316465,0.8,0.5,1
"MIR4300HG",0.492936631132624,0.271193686387222,1,1,1
"RP11-626H12.1",0.493084396343301,0.273037298226361,0.6,0.667,1
"RP11-314N14.1",0.493225740069715,0.262970782921253,1,1,1
"RP11-53B2.3",0.493228701321735,0.294895591242253,0.8,0.833,1
"RP11-316M1.12",0.493296423020235,0.259227002460105,0.2,0.5,1
"RP11-109P14.10",0.493399146045736,0.269897903416169,1,1,1
"RP1-37N7.1",0.493430456025509,0.260037785890665,0,0.333,1
"RP11-311F12.1",0.493430456025509,0.260037785890665,0,0.333,1
"RP11-545P7.4",0.493982389086238,0.266719251630324,1,0.833,1
"RP11-379F4.6",0.494250119522937,0.245082889092612,0.8,1,1
"RP11-10N16.2",0.494369499412637,0.272660885846777,1,0.833,1
"RP11-58A18.1",0.494532524089311,0.271499589504354,0.8,0.667,1
"CECR5-AS1",0.494866877213099,0.124055302062142,1,1,1
"APOA1-AS",0.494986658068817,0.186982268883668,1,1,1
"RP11-90K6.1",0.49503636211629,0.252030034590909,0.8,1,1
"RP11-894P9.2",0.495039193307162,0.269970623812732,1,1,1
"RP4-813D12.3",0.495096607851994,0.270305784655897,1,1,1
"ITPKB-AS1",0.495138489880812,0.271190671995357,1,1,1
"RP5-981O7.2",0.495267352056909,0.268238311978667,1,0.667,1
"RP11-473A10.2",0.495267618010326,0.253456786166764,0.6,0.667,1
"CTC-353G13.1",0.495384997773267,0.267605561323233,0.4,0.5,1
"LINC01243",0.495743879027958,0.258583750491274,0.2,0.5,1
"RP1-276N6.2",0.495746396723961,0.260147954307221,0,0.167,1
"CTD-2134A5.3",0.495746396723961,0.260147954307221,0,0.167,1
"RP11-70D24.4",0.495746396723961,0.260147954307221,0,0.167,1
"AC079630.4",0.49578915033973,0.22314788678219,1,1,1
"RP11-529G21.2",0.49601860668765,0.255035027354777,0.4,0.667,1
"RP11-440L14.1",0.496167362896225,0.23050232227755,1,1,1
"CTA-29F11.1",0.496320599070759,0.110476816341937,1,1,1
"RP11-97E7.2",0.496343691898953,0.26590981849381,0.4,0,1
"RP11-227D13.5",0.496343691898953,0.26590981849381,0.4,0,1
"RP11-570L15.2",0.496346946476219,0.266015965031529,0.8,0.833,1
"RP1-197B17.3",0.496443711219055,0.248586910330579,1,1,1
"GTF3C2-AS1",0.496488714235498,0.268976025939611,0.8,0.833,1
"RP11-140A10.3",0.496533893558423,0.240857132814567,1,1,1
"RP5-1185I7.1",0.496612702533753,0.256572629070614,0.4,0.5,1
"C11orf72",0.496631972050672,0.266086216284471,0.2,0,1
"CTD-2383M3.1",0.496631972050672,0.266086216284471,0.2,0,1
"RP11-122K13.15",0.496631972050672,0.266086216284471,0.2,0,1
"RP11-495K9.3",0.496631972050672,0.266086216284471,0.2,0,1
"AC092316.1",0.496631972050672,0.266086216284471,0.2,0,1
"AC011516.2",0.496631972050672,0.266086216284471,0.2,0,1
"PCAT14",0.49663517993018,0.138373142886287,1,1,1
"LINC00443",0.496711566755538,0.279187629384984,1,0.833,1
"AC011290.4",0.496731030924023,0.25647364577657,1,1,1
"RP4-758J18.7",0.497009508388106,0.259387030045813,0,0.333,1
"RP13-977J11.2",0.497279895773147,0.26678925396497,0.8,0.833,1
"AC124944.3",0.49728838991085,0.25625452099867,0.4,0.667,1
"RP11-255P5.2",0.497344524834218,0.24827217549443,0.6,1,1
"RNU6ATAC35P",0.497397931181731,0.253435628095889,0.6,0.667,1
"AP001412.1",0.49740650513351,0.234995919199794,1,1,1
"RP11-164N3.3",0.497555083421798,0.264124366139284,0.4,0.167,1
"RP4-671O14.7",0.497784624268707,0.273889569525304,0.8,0.833,1
"CTC-431G16.2",0.498057067333365,0.267210842654709,1,1,1
"RP11-190J23.1",0.498068457315239,0.266047201253476,0.2,0,1
"AC010731.2",0.498068457315239,0.266047201253476,0.2,0,1
"RP11-109E24.2",0.498068457315239,0.266047201253476,0.2,0,1
"CTC-537E7.1",0.498068457315239,0.266047201253476,0.2,0,1
"RP11-93B14.6",0.498068457315239,0.266047201253476,0.2,0,1
"AF127577.10",0.498068457315239,0.266047201253476,0.2,0,1
"RP11-932O9.9",0.498195084728629,0.262278924529733,1,1,1
"RP11-397C18.2",0.498283216297812,0.271425003545491,0.6,0.667,1
"AC114803.3",0.49828730820615,0.255375395150078,0.2,0.667,1
"AC012506.3",0.498505335492839,0.258405889559397,0.6,0.833,1
"RP4-536B24.4",0.498560155275242,0.270749020124676,1,0.833,1
"CTB-32O4.4",0.498686496010792,0.256287959761153,0.4,0.667,1
"DIAPH3-AS1",0.498852687811114,0.253884100672845,0.8,0.833,1
"RP11-112L6.3",0.498892133025296,0.252003181102269,1,0.833,1
"RP5-899B16.2",0.499034988238924,0.268124383333117,0.8,0.667,1
"RP11-543H23.2",0.499301989355509,0.254388630282577,0.4,0.5,1
"RP11-359E3.4",0.499323766054205,0.261814868997506,1,1,1
"LINC01258",0.499613697902892,0.232019211244602,1,1,1
"RP11-178C3.2",0.499747167311452,0.261959459014884,1,1,1
"CTD-2089N3.2",0.499818269166704,0.25974660528194,0,0.167,1
"RP11-495K9.6",0.499818269166704,0.25974660528194,0,0.167,1
"LZTS1-AS1",0.499888766379811,0.249420765111471,0.8,1,1
"CASC17",0.500102729733494,0.259653189252005,1,1,1
"RP11-143K11.7",0.500219177074662,0.268116590673767,1,0.5,1
"RP11-627D16.1",0.500456972954134,0.20454101275039,1,1,1
"RP11-445P17.3",0.500653256550677,0.246709844839991,0.8,0.833,1
"LL22NC03-2H8.5",0.500803560657957,-0.0432459814266806,1,1,1
"CTB-129P6.11",0.500915446315543,0.217961096672995,1,1,1
"CTB-127C13.1",0.501301659748586,0.269865031174882,0.6,0.5,1
"RP11-396B14.2",0.501738086686044,0.149023931557466,1,1,1
"RP11-888D10.3",0.501977576773128,0.267399203972898,1,1,1
"AC005042.5",0.502332042710121,0.25441972387232,0.4,0.833,1
"RP11-1148L6.9",0.502569664420261,0.267990827504037,1,1,1
"RP11-133F8.2",0.50257948848913,-0.0143885941829123,1,1,1
"RP11-346J10.1",0.502601068538305,0.256993059727093,0.6,0.667,1
"RP13-516M14.1",0.502620042578612,0.26264077051114,1,1,1
"AC140542.2",0.502752081479554,0.267180818041341,1,1,1
"AC073628.1",0.502856609623504,0.25954953875623,0,0.333,1
"AC064834.2",0.502856609623504,0.25954953875623,0,0.333,1
"RP11-490E15.2",0.502856609623504,0.25954953875623,0,0.333,1
"RP11-179A7.2",0.502856609623504,0.25954953875623,0,0.333,1
"RP11-588P7.2",0.502917987657477,0.270549596653389,0.6,0.5,1
"CTC-523E23.4",0.503028825543577,0.25251712480812,0.6,0.833,1
"RP11-128A17.2",0.503143062197941,0.256880581671977,1,1,1
"RP11-16K12.1",0.503224619097606,0.27043888166164,1,1,1
"HCG20",0.503374119388568,0.250079449795244,1,1,1
"RP11-395B7.2",0.503397425508002,0.257533374539712,0.2,0.333,1
"RP11-434E6.4",0.503733752389121,0.256965025455988,0.4,0.667,1
"RP11-356N1.2",0.503757238301271,0.241121606109178,1,1,1
"LINC00864",0.503984367043236,0.26668427516438,0.6,0.333,1
"LINC00598",0.504087005345737,0.183438367523404,1,1,1
"RP11-516C1.1",0.504203068684643,0.251872371447874,1,1,1
"LSINCT5",0.504276024963706,0.265870148031674,0.4,0,1
"AC006116.12",0.504949077293736,0.265844134232489,0.4,0,1
"RP11-1275H24.1",0.50512929556777,0.269059008064923,1,1,1
"RP11-776A13.3",0.505192791239812,0.256124158742692,0.4,0.5,1
"CTD-2583P5.1",0.505646146594234,0.267606419724769,1,1,1
"AC007879.2",0.505788982238898,0.24437845961429,0.8,1,1
"AC019186.1",0.50584005079382,0.266100368094686,1,1,1
"CTD-2527I21.14",0.506019279888642,0.253470100036044,0.4,0.667,1
"RP11-894P9.1",0.506211186407795,0.344047758776234,1,1,1
"RP11-115J16.3",0.506223269712242,0.271823021899442,1,1,1
"RP11-18D7.3",0.506421932260653,0.274203049301105,1,1,1
"AC009312.1",0.50644704811009,0.228372453323568,1,1,1
"RP11-802F5.1",0.506567355536032,0.2634707762649,1,1,1
"LINC01483",0.506686347120456,0.252743424217284,1,1,1
"ISX-AS1",0.506873621984654,0.262800804023093,1,1,1
"AC005481.5",0.506878173617218,0.269766454756031,0.4,0.5,1
"LINC00639",0.507377370187322,-0.18186797015301,1,1,1
"RP11-548H3.1",0.507613139656697,0.265757218432166,1,1,1
"DEPDC1-AS1",0.507717923181611,0.247815569336359,0.8,1,1
"AC000068.10",0.507774262569883,0.25234555069638,0.8,1,1
"AP000857.3",0.50783522522185,0.277859085528805,1,0.833,1
"RP11-443O13.3",0.508008915426426,0.264272090688632,1,1,1
"AC004231.2",0.508231612463379,0.227255659503031,1,1,1
"RP5-943J3.2",0.508508793603196,0.250654094803894,0.4,0.667,1
"AC002127.4",0.508645993680551,0.267419655167513,1,1,1
"LINC01137",0.508669741380228,0.137530791148221,1,1,1
"SMCR2",0.508689454290985,0.259990435982173,0,0.333,1
"RP11-295P9.12",0.508738058999346,0.256693029269777,0.2,0.833,1
"HLX-AS1",0.508745013599048,0.27728172454904,1,1,1
"CTD-2216M2.1",0.508767130808172,0.265230507521224,1,1,1
"RP11-210M15.2",0.508818238342401,0.0104181607393946,1,1,1
"AC007389.3",0.508992586777872,0.234258897762634,1,1,1
"RP3-369A17.4",0.509655178855117,0.255844002725995,0.4,0.5,1
"RP3-388E23.2",0.509739019962741,0.235401748105883,1,0.833,1
"RP1-102G20.5",0.509778916148417,0.211542503627432,1,1,1
"RP1-167A14.2",0.509887069184655,0.0653311561994114,1,1,1
"CTC-270D5.1",0.510054889945686,0.233358082179424,1,1,1
"RP11-408A13.4",0.510121599428498,0.18314109737241,1,1,1
"RP11-124N3.3",0.510279349690562,0.250771031584138,1,0.833,1
"XXbac-BCX196D17.5",0.510444626148499,0.302037093242618,1,0.833,1
"AC020571.3",0.510534455770694,0.266062528314966,0.8,0.667,1
"AC079305.8",0.510759788414102,0.23349630237483,1,1,1
"RP11-262I2.2",0.510834296257394,0.237588775817906,1,0.833,1
"RP11-687M24.8",0.510964713738877,0.266777189437458,0.4,0.333,1
"RP11-2N5.1",0.511135072056528,0.268394860591104,0.8,0.667,1
"AP003774.5",0.51118126133711,0.268198079169249,0.6,0.333,1
"XXbac-BPGBPG55C20.2",0.511182305858381,0.0394084321954307,1,1,1
"RP11-44N11.2",0.511383926451705,0.255881209373353,0.6,0.833,1
"RP11-293M10.6",0.511591572265219,0.266230453172149,1,1,1
"RP11-619A14.3",0.511730076855508,0.26007172204088,0,0.333,1
"RP11-28O3.2",0.511730076855508,0.26007172204088,0,0.333,1
"RP11-207C16.4",0.51179982735524,0.260876264141851,1,1,1
"AC018766.6",0.512074984482082,0.256123843565989,0.4,0.833,1
"RP11-236B18.5",0.512228382458166,0.233511736552182,1,1,1
"AC108004.2",0.512412431421549,0.268710315747388,0.6,0.5,1
"CTD-2619J13.19",0.512570888250356,0.270708742502741,1,0.833,1
"AP003774.6",0.512722476992311,0.267395327505946,1,1,1
"RP11-981G7.6",0.51275044646013,0.258504226265262,1,1,1
"RP5-1006K12.1",0.512783631976531,0.256991656993461,0.2,0.5,1
"NCOA7-AS1",0.512787788629435,0.267345965758192,1,1,1
"RP11-542F9.1",0.513138453352945,0.255797369602044,0.2,0.5,1
"DIO3OS",0.513264730740163,0.278283238574919,1,1,1
"LIN28B-AS1",0.513611731855495,0.275989404949927,1,1,1
"RP1-117O3.2",0.513706396252718,0.276623039422772,1,1,1
"FIRRE",0.513862188783836,0.227333048718829,1,1,1
"RP11-108M9.4",0.513921341438156,0.267378525419514,0.8,1,1
"LINC01311",0.514275387508083,0.239717297172009,1,1,1
"RP11-840I19.3",0.51434808559849,0.269668530308645,1,1,1
"AC004854.4",0.514365751022012,0.263538309602569,1,1,1
"RP11-299H21.1",0.514423918240116,0.267258911204431,1,1,1
"RP11-498P14.4",0.514814034700628,0.260153012679763,0,0.333,1
"CTD-2189E23.1",0.514864425973091,0.275286577367515,1,1,1
"RP1-69D17.3",0.515036755327732,0.250034187239697,0.4,0.833,1
"LINC00678",0.515059397535741,0.259837990987503,0,0.333,1
"RP5-983L19.2",0.515059397535741,0.259837990987503,0,0.333,1
"RP11-560J1.2",0.515524183116353,0.256549139923336,0.6,0.833,1
"CTD-2396E7.10",0.515572748373287,0.272719177030179,1,1,1
"RP11-259N19.1",0.515738942244517,0.266552364759745,0.4,0.167,1
"LINC01606",0.515997881750925,0.226081682338537,1,1,1
"RP11-114G11.5",0.516196408883593,0.276645265579023,0.6,0.833,1
"ERVMER61-1",0.516205528820931,0.256726637244314,1,1,1
"RP11-321L2.1",0.516237256673473,0.271155933327108,0.6,0.667,1
"LINC01535",0.516249949289941,0.0916922709415147,1,1,1
"CTD-2523D13.1",0.516656498256256,0.229633371815971,1,1,1
"RP4-798A10.2",0.516875393882093,0.256846263073213,1,1,1
"RP11-400N13.3",0.51737517888096,0.25598105401531,0.4,0.667,1
"EDRF1-AS1",0.517502909079764,0.267404575936387,0.8,0.833,1
"RP11-502M1.2",0.517675686451704,0.233140719373278,1,1,1
"RP11-429P3.3",0.517737713973668,0.241427989142831,1,1,1
"RP11-735G4.1",0.517760420372753,0.210449420707322,1,1,1
"RP11-806K15.1",0.51785084290151,0.27180449657305,0.8,1,1
"RP11-312B8.1",0.5179233839283,0.253558049690684,1,1,1
"FLJ40288",0.518185264836204,0.243170350649059,1,1,1
"AC073115.7",0.518229548733087,0.270602666999412,0.6,0.5,1
"RP11-469H8.6",0.518855691248287,0.266848850699704,0.4,0.333,1
"CTD-2008P7.9",0.518966187252022,0.265522062864499,0.4,0.167,1
"CTD-2553L13.10",0.518968688137366,0.260229841342442,1,1,1
"CTD-3064C13.1",0.519210053569309,0.266594856211084,0.4,0.333,1
"RP11-70F11.7",0.519597460217037,0.267301891506899,1,0.667,1
"RP11-517B11.4",0.519658707713448,0.265437914422095,0.2,0,1
"CTD-2139B15.5",0.519658707713448,0.265437914422095,0.2,0,1
"AC008088.4",0.519658707713448,0.265437914422095,0.2,0,1
"LINC00278",0.519765503147613,0.622493719920985,0.8,0.833,1
"DKFZp779M0652",0.519843646905365,0.254807291437891,0.6,0.667,1
"INE2",0.519902651173821,0.267887891487689,0.2,0.167,1
"CTD-2655K5.1",0.520175543726793,0.251905482714873,0.6,0.833,1
"LINC01620",0.52019270642069,0.255686897226115,0.8,1,1
"RP11-123B3.2",0.520328112689177,0.27470203064646,1,1,1
"LINC00354",0.520403930770502,0.258211561606719,0.2,0.333,1
"COLCA1",0.520890682682674,0.263253220339167,1,1,1
"RP5-919F19.5",0.520946967739471,0.246642109924726,1,1,1
"RP11-532N4.2",0.520993005678016,0.233194810775006,1,1,1
"RP6-191P20.4",0.521058439466416,0.265841754155535,1,1,1
"LINC01186",0.521115846049083,0.260315607700117,0,0.167,1
"RP11-406A20.1",0.521115846049083,0.260315607700117,0,0.167,1
"RP11-168P8.5",0.521115846049083,0.260315607700117,0,0.167,1
"RP11-522B15.5",0.521115846049083,0.260315607700117,0,0.167,1
"Z69666.2",0.521202438810784,0.265498012801585,0.8,0.833,1
"TMEM9B-AS1",0.521261472405776,-0.0278769995347099,1,1,1
"AC069513.4",0.521374448425462,0.158232348474654,1,1,1
"CTD-2517M22.16",0.521485541140448,0.26557534212473,0.4,0,1
"LINC01189",0.521485541140448,0.26557534212473,0.4,0,1
"RP11-342D11.3",0.521485541140448,0.26557534212473,0.4,0,1
"RP13-653N12.2",0.521485541140448,0.26557534212473,0.4,0,1
"XACT",0.521555352920867,0.258147033282297,1,1,1
"RP11-512N4.2",0.521739923788836,0.259648946781776,0,0.167,1
"RP11-261P24.2",0.521739923788836,0.259648946781776,0,0.167,1
"RP11-436M15.3",0.521739923788836,0.259648946781776,0,0.167,1
"RP11-16E12.2",0.521739923788836,0.259648946781776,0,0.167,1
"TTTY4B",0.521739923788836,0.259648946781776,0,0.167,1
"CTD-3076O17.2",0.522254229796005,0.26579795868796,0.8,0.667,1
"RP11-293M10.1",0.522268088914865,0.265211726729994,1,1,1
"RP11-445N18.5",0.522500602648722,0.264532051166939,1,0.833,1
"RP11-130L8.1",0.523003763035638,0.249269985934554,0.8,1,1
"RP11-197K3.1",0.523208404650513,0.282569217876985,1,1,1
"DDX39B-AS1",0.523262988911232,0.258286656016785,0.2,0.5,1
"RP5-1160K1.6",0.523308213825551,0.265712756737575,0.2,0,1
"RP11-480I12.10",0.523308213825551,0.265712756737575,0.2,0,1
"RP5-1139B12.4",0.523308213825551,0.265712756737575,0.2,0,1
"AC104654.1",0.523308213825551,0.265712756737575,0.2,0,1
"AC016738.3",0.523308213825551,0.265712756737575,0.2,0,1
"RP11-768G7.3",0.523308213825551,0.265712756737575,0.2,0,1
"RP11-763F8.1",0.523308213825551,0.265712756737575,0.2,0,1
"RP11-132A1.4",0.523308213825551,0.265712756737575,0.2,0,1
"PHKA2-AS1",0.523308213825551,0.265712756737575,0.2,0,1
"RP11-3G20.1",0.523308213825551,0.265712756737575,0.2,0,1
"RP11-381I15.1",0.523308213825551,0.265712756737575,0.2,0,1
"CELF2-AS1",0.523308213825551,0.265712756737575,0.2,0,1
"RP11-76C10.2",0.523308213825551,0.265712756737575,0.2,0,1
"RP11-84C10.2",0.523308213825551,0.265712756737575,0.2,0,1
"LINC00216",0.523308213825551,0.265712756737575,0.2,0,1
"RP11-718I15.1",0.523308213825551,0.265712756737575,0.2,0,1
"AP001172.3",0.523308213825551,0.265712756737575,0.2,0,1
"HHATL-AS1",0.52366064160333,0.251415992285563,1,1,1
"CTD-2330K9.3",0.523737854372901,0.257072229528652,0.6,0.833,1
"RP11-893F2.14",0.523801112418636,0.245583544338609,0.6,0.833,1
"CTD-2616J11.14",0.523850659894804,0.257321373059053,0.4,0.5,1
"CASC9",0.523952519389988,0.267688426101332,1,0.833,1
"LINC00529",0.524100302009341,0.257549304029287,0.2,0.333,1
"AC004485.3",0.524265762075366,0.228923612369643,1,1,1
"CASC18",0.524494034804989,0.267846827023457,1,0.833,1
"RP11-1006G14.2",0.524578060876473,0.245856322863795,1,1,1
"RP11-754N21.1",0.524748667148173,0.259503131576678,1,1,1
"PRKCA-AS1",0.524867308375894,0.261093919749818,1,1,1
"CTC-308K20.1",0.524878668202248,0.254814340183436,1,0.833,1
"RP11-557C18.3",0.524978961373971,0.267172854206736,1,1,1
"RP11-310P5.1",0.52506596340466,0.256541031786148,0.2,0.667,1
"RP11-425A6.5",0.52527363089244,0.252442831688551,0.6,0.667,1
"RP11-386B13.3",0.525353259940768,0.239610968910953,1,1,1
"AQP4-AS1",0.525504197954379,-0.0516747565588263,1,1,1
"RP11-412B14.1",0.525639086193254,0.246896430648913,0.8,1,1
"AP000281.2",0.525998231114496,0.259344915686476,0.8,0.667,1
"RP11-255E6.6",0.526106626384361,0.255710847403984,0.4,0.667,1
"CTD-2336H13.2",0.52623012618554,0.278422214876344,1,1,1
"LINC00348",0.526294035889645,0.253371725327649,0.4,0.833,1
"RP11-417L19.4",0.526572645231491,0.24359764968244,0.8,1,1
"LINC00167",0.526948658095587,0.267241896448117,0.6,0.5,1
"RP11-1C8.5",0.526984369088879,0.266712811078393,0.4,0.5,1
"AC105461.1",0.527137900255915,0.269771961934083,1,1,1
"RP11-406O16.1",0.527259948373664,0.265405612394884,0.8,1,1
"CTD-3032J10.4",0.527315379650469,0.267875211912024,0.4,0.333,1
"RP11-977G19.14",0.527472418900903,0.266544191018841,0.6,0.5,1
"RP11-552I14.1",0.527812606734277,0.251558019008568,0.6,0.5,1
"RP11-325D15.2",0.528007536924623,0.256181079757828,0.2,0.333,1
"LL22NC03-86D4.1",0.528075802367649,0.236896922537547,1,1,1
"RP11-431M3.2",0.528164187746957,0.248802613448821,0.8,1,1
"RP11-566K11.4",0.528266058931697,0.266829588352082,0.4,0.167,1
"RP11-127B20.2",0.528817380182526,0.196121035878395,1,1,1
"AP001189.4",0.528832770185448,0.269218274251812,0.4,0.167,1
"AC004901.1",0.528852176298428,0.239078938166239,0.8,0.833,1
"AC016745.3",0.528923700387807,0.268200089566887,0.8,0.833,1
"LINC01351",0.529274302455797,0.263740483969122,1,0.833,1
"RP11-74E22.8",0.52940626617529,0.202886897438303,1,1,1
"CTC-350I8.1",0.529434723602583,0.257283080037419,0.2,0.5,1
"TTC39A-AS1",0.529620749602476,0.248418138765258,0.8,1,1
"ITIH4-AS1",0.529708795380296,0.266661356301572,0.2,0.167,1
"RP13-225O21.2",0.529876680466637,0.277344288616605,0.6,0.5,1
"TMLHE-AS1",0.53002178997676,0.105845078151646,1,1,1
"CTD-2515C13.2",0.530145275687505,0.278791187640079,0.8,0.5,1
"RP11-616M22.7",0.530313296512831,0.258916021912394,0.2,0.5,1
"RP11-506K6.4",0.530359525036686,0.266374250106367,0.4,0.333,1
"RP11-281J9.2",0.530386000743736,0.255595016154818,0.6,0.667,1
"RP11-70C1.3",0.530469304496798,0.268752911114533,1,1,1
"NALT1",0.530626588900363,0.266789117532516,1,0.833,1
"RP11-105C19.1",0.530742653657725,0.22448897829961,1,1,1
"RP11-336K24.5",0.530751619487284,0.254479377279595,0.8,1,1
"RP11-304F15.3",0.53079103089051,0.268026938745182,1,0.833,1
"CTD-2013M15.1",0.530981328632086,0.24469639458798,0.8,1,1
"RP6-109B7.2",0.531054651200229,0.266145163568035,0.4,0.167,1
"IGFBP7-AS1",0.53113543479948,0.226900509285991,1,1,1
"LIPE-AS1",0.531238959986066,-0.00223520399939758,1,1,1
"RP11-745C15.2",0.531295463674096,0.205364395282953,1,1,1
"RP11-516J2.1",0.531306680025663,0.255414402661851,0.6,0.833,1
"RP11-332J15.3",0.531311952773768,0.26586862183827,0.4,0.167,1
"RP4-539M6.14",0.531354626624758,0.26716458303904,0.8,0.5,1
"RP11-966I7.3",0.531371123932209,0.252181665836001,0.6,0.833,1
"PCAT1",0.531376159038916,0.216683265430639,1,1,1
"CTB-1144G6.6",0.531447089451902,0.25817709085597,0.2,0.333,1
"RP11-677O4.6",0.531764181291106,0.266335777425512,0.4,0.333,1
"HLTF-AS1",0.531779185862718,0.266431464664647,0.6,0.5,1
"PRC1-AS1",0.531899048601775,0.260493310903714,1,1,1
"RP5-858L17.1",0.531949241462181,0.0965002664659611,1,1,1
"RP11-440D17.4",0.53199616249324,0.261657536658201,1,1,1
"RP11-556I14.1",0.532010134802796,0.271125662483516,1,1,1
"RP1-149A16.17",0.532226600869767,0.26727491940938,0.2,0.167,1
"RP11-366G5.1",0.532247635940228,0.257654742490998,0.6,0.667,1
"CTD-3116E22.8",0.532367080850069,0.269228866353863,0.8,0.667,1
"RP11-126O1.4",0.532533155495959,0.278266366406553,1,1,1
"CTD-2541J13.2",0.532585569804373,0.26051598587054,1,1,1
"RP11-437L7.1",0.532734603035295,0.164890348054013,1,1,1
"CTC-471C19.1",0.532767144612635,0.257911654609957,0.4,0.667,1
"RP11-363D14.1",0.532983926305596,0.266952929030304,0.6,0.167,1
"RP5-902P8.10",0.533028459483951,0.215036744799543,1,1,1
"JARID2-AS1",0.53317719762597,0.257181116122367,0.2,0.333,1
"RP11-187O7.3",0.533254506290665,0.211698040774737,1,1,1
"RP11-54O7.17",0.533365732893416,0.264373148519333,1,1,1
"AP000695.6",0.533371279421316,0.243959337760245,1,1,1
"RP11-454P21.1",0.533488381675326,-0.0194419562838256,1,1,1
"DPP10-AS1",0.533714065270401,0.184509808772204,1,1,1
"MATN1-AS1",0.534031080951457,0.165707122897078,1,1,1
"LINC00474",0.534126700185672,0.253894267306439,0.6,1,1
"AP001610.5",0.534211355316201,0.273646515121342,0.8,0.667,1
"RP11-1348G14.4",0.534309498416652,0.262708492824553,1,1,1
"P3H2-AS1",0.534379368611652,0.262475804704292,1,1,1
"LINC00581",0.534542616264329,0.26612027862704,1,1,1
"ZNF649-AS1",0.53455427763129,0.266051016728782,1,0.833,1
"LINC01337",0.53468642869533,0.262928461116464,1,1,1
"AC104777.3",0.534694954925243,0.26021583258925,0,0.167,1
"AC083867.4",0.534694954925243,0.26021583258925,0,0.167,1
"RP11-732A19.6",0.534694954925243,0.26021583258925,0,0.167,1
"RP11-69C17.4",0.534694954925243,0.26021583258925,0,0.167,1
"RP11-446F3.2",0.534694954925243,0.26021583258925,0,0.167,1
"RP11-282O18.7",0.534694954925243,0.26021583258925,0,0.167,1
"CTC-558O2.1",0.534814791299964,0.25815327641633,0.2,0.5,1
"AC004593.3",0.534837399325116,0.269577532197934,0.8,0.833,1
"AC005013.5",0.534881485088837,0.253390537663928,0.4,0.667,1
"SRGAP3-AS4",0.535089752277143,0.266650413280251,0.4,0.333,1
"UBE2E1-AS1",0.535191364124118,0.259937418891346,0,0.333,1
"CACNA1C-AS1",0.535532732902241,0.269095152938448,1,1,1
"AC005009.2",0.535569120007149,0.241836527002975,1,1,1
"FUT8-AS1",0.535651814200917,0.232352409312267,1,1,1
"AP000472.2",0.536016348628137,0.259576118128791,0,0.333,1
"RP4-704D23.1",0.53601959830951,0.272409644078194,1,1,1
"RP5-1056H1.2",0.536072729516076,0.262577662534717,1,1,1
"AP000442.1",0.536116208857068,0.22008980145193,1,1,1
"RP11-324D17.1",0.536135331927997,0.265600250722912,0.6,0.5,1
"RP11-397C12.1",0.536375770391379,0.272021821070109,0.8,0.5,1
"RP11-63N8.3",0.536376694801166,0.267082203459826,0.6,0.333,1
"LINC01387",0.536433949071459,0.271947788443051,1,0.833,1
"CTD-3110H11.1",0.536551792250578,0.243194430137504,0.8,1,1
"RP11-737F9.1",0.536581087521574,0.294198234714809,1,0.667,1
"ZNF630-AS1",0.536655912182863,0.267444043943172,1,0.833,1
"AC010226.4",0.536885496181835,0.168088217495665,1,1,1
"LINC01569",0.53708068205664,0.260206239753233,1,1,1
"AC010883.5",0.537222852616001,0.261122908784816,1,1,1
"ERICH6-AS1",0.537477970797772,0.182538547012639,1,1,1
"ST8SIA6-AS1",0.537691903425164,0.27992538187499,1,1,1
"RP11-108M12.3",0.537757989538722,0.240257389664907,1,1,1
"DPP9-AS1",0.537911407757844,0.245397491621881,1,1,1
"RP11-149P24.1",0.537941759122373,0.241577616323688,0.8,0.833,1
"RP11-68E19.2",0.537948032189266,0.266604573753192,1,1,1
"RP11-15M15.2",0.537977577782058,0.271387145596947,0.8,0.5,1
"FAM53B-AS1",0.538018501785515,0.183183850605128,1,1,1
"RP11-110I1.13",0.538020516479145,0.212444074048683,1,1,1
"RP11-617I14.1",0.538196595013258,0.217179126978408,1,1,1
"LINC01362",0.538406618006696,0.270064949886042,1,1,1
"RP11-701H24.4",0.538499253106684,0.271228636263188,1,0.833,1
"RP11-598F7.5",0.53850449320172,0.268895391073778,0.6,0.667,1
"RP11-499F3.1",0.538611726090365,0.256990830668796,0.4,0.5,1
"PDX1-AS1",0.538811472912602,0.264790925680129,1,1,1
"AC007364.1",0.538936613202619,0.218353399714247,1,1,1
"RP11-383I23.2",0.539077710884991,0.265062556399099,1,1,1
"RP11-76E12.1",0.539193064477367,0.265998159796833,0.4,0.167,1
"RP11-479O16.1",0.539270461113404,0.227221776980821,0.8,1,1
"RP11-624M8.1",0.539422797449637,0.0983530351829875,1,1,1
"VIPR1-AS1",0.539447203817997,0.253352307617631,1,1,1
"RP11-724M22.1",0.539462060868986,0.268074827394782,1,0.833,1
"CTD-2287O16.5",0.539468407438713,0.206377033549352,1,1,1
"LINC01016",0.539628102552922,0.265306499928312,0.4,0,1
"LINC01038",0.539628102552922,0.265306499928312,0.4,0,1
"KB-1991G8.1",0.539760645006893,0.255271921018081,0.6,0.667,1
"RP11-63A11.1",0.53990774002901,0.263487298169073,1,1,1
"RP11-231I16.1",0.53992102266722,0.23789007514504,1,1,1
"RP11-645C24.5",0.539948454252922,0.242627074430395,1,1,1
"KCNQ1OT1",0.540006471000514,-0.0889879413935337,1,1,1
"CTA-126B4.7",0.54055996194972,0.253124197748296,0.6,0.667,1
"RP11-108K3.1",0.540561145715768,0.193176875071993,1,1,1
"CTC-321K16.1",0.540803234610661,0.254692164326621,0.4,0.5,1
"AC006273.4",0.540884702360289,0.258659334392443,0.2,0.167,1
"AP000402.3",0.540955830914613,0.266420398528585,0.4,0.167,1
"RP1-86C11.7",0.541009681723615,0.263603219797658,0.8,0.833,1
"FLJ20021",0.541053745836535,0.198056359760274,1,1,1
"AC006277.2",0.541194991311906,0.207854061416034,1,1,1
"AF121898.3",0.541676850498098,0.218872682708305,1,1,1
"RP11-429J17.7",0.541961315067835,0.270327718137561,0.8,0.667,1
"RP11-989E6.10",0.54207257973432,0.264481912013477,1,1,1
"RP11-532E4.2",0.542216749597165,0.260063363777036,0,0.333,1
"AC073254.1",0.542591402474139,0.263581074949151,1,1,1
"RP11-268P4.4",0.542628800284867,0.262601643836266,1,1,1
"CTA-796E4.4",0.542768077905457,0.256813400064302,0.4,0.667,1
"FLJ27354",0.543041904206137,-0.0195794073885055,1,1,1
"CTD-2537I9.18",0.543121262739554,0.265455165733214,0.6,0.333,1
"RP11-639B1.1",0.543164668651344,0.266186508029808,0.6,0.333,1
"RP11-94P11.4",0.543171744327662,0.182720909752226,1,1,1
"RP11-425M5.8",0.543183243103052,0.265253345293827,0.4,0.167,1
"CTD-2245F17.9",0.543353570911195,0.272507719395953,1,1,1
"RP11-2H3.7",0.543391349423156,0.15994995036497,1,1,1
"RP11-686D22.5",0.54340453161923,0.270283630722283,0.6,0.667,1
"AC004951.6",0.543412579347921,0.162207846302437,1,1,1
"HAR1A",0.543522687538516,0.225676110179337,1,1,1
"TLX1NB",0.543657006463432,0.267296772389824,0.8,0.833,1
"LA16c-444G7.2",0.543665336193403,0.265901832758793,0.4,0.333,1
"LINC00629",0.543695918974942,0.265176401408927,1,1,1
"RP11-71N10.1",0.54370594742861,-0.0561716097052181,1,1,1
"AC024560.2",0.54373412104124,0.271594182889487,0.8,1,1
"RP4-799P18.3",0.543875127874592,0.267554143295163,0.2,0.167,1
"RP11-285E23.2",0.544161276601752,0.251735341356935,0.8,1,1
"RP11-546M21.6",0.544375743975252,0.256970694853003,0.4,0.5,1
"LL0XNC01-116E7.2",0.544520480569705,0.250486026639597,1,1,1
"MKX-AS1",0.544666173146031,0.267867209277262,0.6,0.667,1
"AC004543.2",0.544735052187001,0.257389971480835,0.2,0.333,1
"RP11-531H8.1",0.544751008444399,0.259228092897521,0.2,0.5,1
"RP11-574K11.8",0.545152899549545,0.252498930732888,1,1,1
"RP11-554I8.1",0.545198737748622,0.250425858525332,0.8,1,1
"RP11-77B22.2",0.545206235348561,0.260459742613458,0,0.333,1
"LINC01467",0.545206235348561,0.260459742613458,0,0.333,1
"RP5-998H6.2",0.545206235348561,0.260459742613458,0,0.333,1
"RP11-362J17.1",0.54555830231732,0.25124491549938,0.8,1,1
"RP11-240M16.1",0.545711284380851,0.258205273597807,0.2,0.5,1
"GATM-AS1",0.545808649519776,0.240948223915473,1,1,1
"RP11-183I6.2",0.546053031509769,0.265803001413016,0.4,0.167,1
"RP11-341G23.4",0.546155241813679,0.265041454588085,1,1,1
"CTD-3185P2.1",0.546303322943569,0.234386612633797,1,1,1
"RP11-897M7.4",0.546422285633368,0.272465132316531,0.8,0.667,1
"DSCR9",0.546444076623237,0.240084019112499,1,1,1
"RP1-257A7.4",0.546648188564902,0.268361937108263,0.8,0.5,1
"RP11-123O22.1",0.546656758931739,0.269229666704674,1,1,1
"AC007966.1",0.546735352116539,0.177150804007908,1,1,1
"RP11-239A17.1",0.546800900517912,0.263811292480239,1,1,1
"C9orf147",0.547129694085648,0.107406902808836,1,1,1
"RP11-307L14.2",0.547227550229515,0.255745778703789,0.4,0.667,1
"RP11-467L19.16",0.547316065044603,0.269307426217394,0.8,0.5,1
"AC137932.5",0.547369159060325,0.255439031856191,0.6,0.667,1
"RP5-1073O3.2",0.547371907550895,0.243830906944426,0.8,1,1
"RP5-956O18.2",0.547377779187789,0.278529706305958,0.8,0.667,1
"LINC00327",0.547478200438814,0.210510612652182,1,1,1
"RP11-274B21.9",0.547542184500367,0.268023638605046,1,1,1
"RP11-141B14.1",0.547650851365199,0.26097183773503,1,1,1
"RP11-675F6.3",0.547696617980036,0.18965968435376,1,1,1
"RP11-1293J14.1",0.5477720921639,0.266642655697221,0.4,0.167,1
"RP11-738G5.1",0.547965185098306,0.257396614939885,0.4,0.333,1
"RP11-307C12.12",0.547972580687509,0.256902149319668,1,1,1
"OPA1-AS1",0.548171985345142,0.277225578794001,1,1,1
"RP11-29B2.6",0.548292672900537,0.247838538377497,1,1,1
"RP11-561O23.8",0.548308871175393,0.228045677005043,1,1,1
"RP11-104N10.1",0.548393902260087,0.222521513709379,1,1,1
"MAFG-AS1",0.548464604261045,0.270018981183616,1,1,1
"CTD-2349P21.11",0.548494391138944,0.241034460603797,1,1,1
"RP11-736N17.10",0.548563492526904,0.266330351751158,0.6,0.5,1
"CTD-3193K9.11",0.548590797640953,0.261274199970857,1,1,1
"RP11-463O9.9",0.548751800367957,0.263632323973491,1,1,1
"RP11-648L3.2",0.548806057636617,0.273569465173284,1,1,1
"RP11-661D19.3",0.549086724681676,0.266694547749087,0.6,0.167,1
"RP11-122A21.2",0.549299416870801,0.268244847930653,0.6,0.5,1
"RP11-91K8.5",0.549380817802452,0.252118009024609,1,1,1
"AC007327.5",0.549490530652315,0.260225948693499,0,0.333,1
"RP11-48D4.2",0.549490530652315,0.260225948693499,0,0.333,1
"RP4-647C14.3",0.549716033805218,0.246339342544506,1,1,1
"AC025171.1",0.549916769905844,0.260684958612403,1,1,1
"RP4-640H8.2",0.550072633389127,0.254782181008586,0.6,0.667,1
"RP4-593H12.1",0.550114375320296,0.262790578754027,0.8,1,1
"TBX18-AS1",0.550329728331524,0.25632435032049,0.4,0.667,1
"RP11-64D24.4",0.55035179957612,0.265240788192213,0.4,0,1
"RP11-178F10.2",0.55035179957612,0.265240788192213,0.4,0,1
"AC004490.1",0.55035179957612,0.265240788192213,0.4,0,1
"RP11-549K20.1",0.550360058466405,0.242528692842835,1,1,1
"RP11-179B2.2",0.550386520475246,0.23590584284215,1,1,1
"RP11-162A12.2",0.55039411280041,0.131506295171368,1,1,1
"DLG1-AS1",0.550511924000652,0.247189465605644,1,1,1
"LINC01473",0.550610994832285,0.0102803656833416,1,1,1
"AC016768.1",0.550903353352363,0.137501493942957,1,1,1
"IL21-AS1",0.551228026684735,0.251014791610089,0.8,0.833,1
"RP11-352M15.2",0.551405158641287,0.0279105804915225,1,1,1
"THSD4-AS1",0.551554375460681,0.190868002978918,1,1,1
"RP11-65J21.4",0.551559510984643,0.274302009966697,1,1,1
"RP11-403A21.3",0.551562917047746,0.241582446357345,0.8,1,1
"RP11-21M24.2",0.551585119046356,0.259359505796497,1,1,1
"RP11-474O21.5",0.552259128052014,0.265378234673013,0.2,0,1
"RP1-20B21.4",0.552259128052014,0.265378234673013,0.2,0,1
"RP11-344P13.1",0.552259128052014,0.265378234673013,0.2,0,1
"U51244.2",0.552259128052014,0.265378234673013,0.2,0,1
"PP12613",0.552259128052014,0.265378234673013,0.2,0,1
"RP11-234O6.2",0.552259128052014,0.265378234673013,0.2,0,1
"RP11-483A20.3",0.552259128052014,0.265378234673013,0.2,0,1
"CTC-264O10.2",0.552259128052014,0.265378234673013,0.2,0,1
"CTC-264O10.1",0.552259128052014,0.265378234673013,0.2,0,1
"RP1-16A9.1",0.552259128052014,0.265378234673013,0.2,0,1
"RP11-172E10.1",0.552259128052014,0.265378234673013,0.2,0,1
"RP11-331F9.4",0.552259128052014,0.265378234673013,0.2,0,1
"RP11-317C20.9",0.552259128052014,0.265378234673013,0.2,0,1
"RP11-326C3.2",0.552259128052014,0.265378234673013,0.2,0,1
"RP11-583F24.8",0.552259128052014,0.265378234673013,0.2,0,1
"RP11-673F18.1",0.552259128052014,0.265378234673013,0.2,0,1
"KIRREL3-AS2",0.552259128052014,0.265378234673013,0.2,0,1
"RP3-323N1.2",0.552259128052014,0.265378234673013,0.2,0,1
"RP11-383C6.2",0.552259128052014,0.265378234673013,0.2,0,1
"AC025165.8",0.552259128052014,0.265378234673013,0.2,0,1
"LINC00452",0.552259128052014,0.265378234673013,0.2,0,1
"RP11-526I2.1",0.552259128052014,0.265378234673013,0.2,0,1
"RP11-387H17.6",0.552259128052014,0.265378234673013,0.2,0,1
"RP4-564O4.1",0.552259128052014,0.265378234673013,0.2,0,1
"RP11-345P4.9",0.552282973682512,0.135431687309151,1,1,1
"CTD-2280E9.1",0.552386558584639,0.259565143086777,1,1,1
"RP11-298I3.4",0.552423367913317,0.270821460589243,1,1,1
"RP11-116O11.1",0.552579759195979,0.279457730342578,1,1,1
"RP11-333E1.1",0.552644726084999,0.0372003648526702,1,1,1
"RP11-358M3.1",0.553111935507167,0.2583761565472,0.4,0.667,1
"AC011901.2",0.553178876854652,0.260270616924004,0,0.333,1
"SAMSN1-AS1",0.55326155067119,0.25495574108181,0.6,0.833,1
"LINC00587",0.553321292208611,0.234034289405909,1,1,1
"LINC00645",0.553383247723059,0.225856767681179,0.8,1,1
"RP11-881L2.1",0.553404809920898,0.266387608571722,0.6,0.167,1
"RP11-264K23.1",0.553755533705089,0.256319951323033,0.4,0.5,1
"RP11-299G20.2",0.553782035211817,0.253648128598603,1,1,1
"RP11-11N9.4",0.553976469111657,0.153254391806686,1,1,1
"RP11-849I19.1",0.554226452924211,0.221568457342614,1,1,1
"AC090616.2",0.554855564896574,0.250772670136203,0.8,1,1
"CTC-444N24.11",0.554862333455065,0.201526877085018,1,1,1
"LINC00334",0.55522974607653,0.246553006684424,1,1,1
"RP11-39E3.3",0.55534663594105,0.268147605607869,1,1,1
"RP11-88E10.4",0.555354035306954,0.264158991891018,1,1,1
"AC006369.2",0.55538943695859,0.270738667248677,0.8,1,1
"RP1-140K8.5",0.555809124161173,0.2698492011685,0.6,0.5,1
"RP11-174G17.2",0.555824693998323,0.25351277301159,1,0.833,1
"RP5-1048B16.1",0.555876155888286,0.271409644214946,1,0.833,1
"RP11-439E19.7",0.555942390515869,0.249987324284345,0.6,0.833,1
"CH17-132F21.5",0.555944632251026,0.234599684072279,1,1,1
"APOBEC3B-AS1",0.555994056275247,0.266213368387285,0.6,0.667,1
"AC004221.2",0.556021849552618,0.25686400141995,0.4,0.333,1
"RP11-293F5.1",0.556223229458679,0.260703693881419,0,0.167,1
"RP11-354K1.2",0.556223229458679,0.260703693881419,0,0.167,1
"RP11-372E1.4",0.556223229458679,0.260703693881419,0,0.167,1
"PTCSC2",0.556223229458679,0.260703693881419,0,0.167,1
"LINC00704",0.556223229458679,0.260703693881419,0,0.167,1
"LINC00841",0.556223229458679,0.260703693881419,0,0.167,1
"LINC00592",0.556223229458679,0.260703693881419,0,0.167,1
"RP11-594C13.2",0.556223229458679,0.260703693881419,0,0.167,1
"LINC01182",0.556237937563907,0.248846891578403,1,1,1
"RP11-192H23.6",0.556248323069556,0.262660318407938,1,1,1
"CTD-2329K10.1",0.556288226843655,0.270607783208007,0.8,0.667,1
"RP11-196H14.3",0.55637554060322,0.266454206200415,0.8,0.667,1
"AC114271.2",0.55642210973469,0.241539055706225,1,1,1
"AP000962.2",0.556509878233681,0.266800295966368,1,1,1
"RP1-137K2.2",0.556751213461597,0.271097982539937,0.8,0.667,1
"AC015971.2",0.556927895728889,0.179882113784202,1,1,1
"MKNK1-AS1",0.557249482382527,0.26716791711089,1,1,1
"CASC16",0.557469938664414,0.267957206532552,0.8,0.667,1
"PCDH9-AS4",0.55752749607199,0.278077881961222,1,1,1
"RP3-430N8.11",0.557677107555941,0.268645187750301,0.8,0.5,1
"RP11-572O6.1",0.557722048502887,0.258239146860944,0.4,0.833,1
"RP11-1246C19.1",0.557845605225374,0.264052662353698,1,1,1
"CTD-2377O17.1",0.557937144372941,0.239597184656711,1,0.833,1
"LINC01586",0.558215455606741,0.232201468138767,1,1,1
"RP11-354H21.1",0.558669853212333,0.258225397294702,0.2,0.5,1
"KCNQ1-AS1",0.559055935654114,0.266771428620343,0.8,0.667,1
"USP3-AS1",0.559064522922961,0.0815929174691694,1,1,1
"LINC01003",0.559067147720176,0.171218392576077,1,1,1
"RP11-338C15.3",0.559128656334438,0.266702697405156,0.4,0.333,1
"CTB-108O6.2",0.559171439292769,0.267586469137892,0.4,0.167,1
"AC005009.1",0.559307074665834,0.258269126754943,0.4,0.333,1
"RP4-694A7.2",0.559685802752651,0.265037607624563,0.2,0,1
"RP4-555D20.3",0.559685802752651,0.265037607624563,0.2,0,1
"LINC01149",0.559685802752651,0.265037607624563,0.2,0,1
"CTD-2339F6.1",0.559685802752651,0.265037607624563,0.2,0,1
"RP11-475I24.8",0.559685802752651,0.265037607624563,0.2,0,1
"RP11-490O24.2",0.559685802752651,0.265037607624563,0.2,0,1
"MIR497HG",0.559685802752651,0.265037607624563,0.2,0,1
"RP11-513M16.8",0.559688566617919,0.261078644241365,1,1,1
"RP11-571I18.4",0.559784142565001,0.25110333290727,0.6,1,1
"SNHG7",0.559840883587083,0.208743556992999,1,1,1
"AP001172.2",0.559888924343182,0.195312525705846,1,1,1
"RP11-285G1.9",0.559987629014352,0.25005060880789,1,0.667,1
"RP11-434D2.2",0.560153487750123,0.265650563064914,0.8,0.667,1
"RP11-473I1.5",0.560276440438564,0.286402180023293,1,0.667,1
"RP13-436F16.1",0.560331412756501,0.267496278853065,0.4,0.5,1
"LINC00652",0.56042935617504,0.260656508714969,0.8,1,1
"RP13-16H11.7",0.560689605540976,0.259150729799122,0.2,0.5,1
"RP11-367N14.2",0.560710395730751,0.195885054841015,1,1,1
"RP11-269C4.2",0.560787974504738,0.246954418366949,1,1,1
"CTC-565M22.1",0.560844515737002,0.239215235776526,1,0.833,1
"CTD-2623N2.11",0.560953785851356,0.253985880275819,0.6,0.833,1
"RP11-444A22.1",0.560956482539656,0.157255490912051,1,1,1
"RP11-415I12.3",0.56107638705134,0.229708981185123,1,1,1
"RP11-680H20.2",0.561083104606342,0.270603547997989,1,1,1
"RP11-318C24.2",0.561084292783052,0.264310633048311,1,1,1
"RP11-449J1.1",0.561274505670678,0.250027690067046,0.8,1,1
"RP11-292E2.4",0.561335788593361,0.256757390089407,0.4,0.667,1
"AC009948.5",0.561373938974447,0.242077225352613,1,1,1
"RP11-466F5.8",0.56138239325976,0.189753206027635,1,1,1
"RP3-436N22.3",0.561427148627163,0.268664750175641,0.8,1,1
"RP11-136L23.2",0.561540808745258,0.254940066961522,0.8,1,1
"RP4-594I10.3",0.56158202728633,0.265532629652344,1,0.833,1
"RP11-493L12.3",0.561618103780916,0.270151136691041,1,1,1
"RP11-414H23.3",0.561622090594483,0.265175073462947,0.4,0,1
"CTD-2562J17.7",0.561622090594483,0.265175073462947,0.4,0,1
"RP11-475A13.2",0.561655518740245,0.256055080358016,0.4,0.5,1
"AC007566.10",0.561701267759446,-0.0324977066529047,1,1,1
"LINC01427",0.561781898961471,0.25674399327527,0.2,0.333,1
"RP11-406D1.2",0.561824245415835,0.251660873162018,0.6,0.833,1
"RP5-1066H13.4",0.562101120505974,0.266410264334182,0.4,0.167,1
"RP11-79O8.1",0.562152440083066,0.266586920397907,0.6,0.667,1
"RP11-473O4.3",0.56230219672995,0.26326575517429,1,1,1
"CTD-2325A15.5",0.562445090462724,0.265609921788153,1,0.833,1
"RP11-400L8.2",0.562556816105862,0.187075890708945,1,1,1
"LINC00903",0.562600151585654,0.297561947219809,1,1,1
"CTD-2336O2.3",0.562935546707237,0.256526473504778,0.6,0.833,1
"CTC-366B18.2",0.563061344696846,0.26460814280217,0.8,0.667,1
"RP11-715J22.3",0.563256523858251,0.253520742921276,1,1,1
"RP3-395M20.8",0.563321486242121,0.265475671311767,1,1,1
"KTN1-AS1",0.56334778516213,0.115979906181364,1,1,1
"RP11-422P24.11",0.563472212638624,0.259549950371182,1,1,1
"RP11-181G12.4",0.563543509478535,0.24010506867074,1,1,1
"RP11-538D16.2",0.563686073862746,0.268558819204239,0.8,0.333,1
"RP11-692P14.1",0.563873272556559,0.23736036175961,1,1,1
"RP11-290F24.6",0.563892369631768,0.256932642115132,1,1,1
"RP1-223E5.4",0.563915459388697,0.242962569780388,0.8,1,1
"RP1-261G23.5",0.563959214526699,0.260869025960667,0,0.167,1
"LINCMD1",0.563959214526699,0.260869025960667,0,0.167,1
"RP11-69I8.2",0.563959214526699,0.260869025960667,0,0.167,1
"AC003092.1",0.563959214526699,0.260869025960667,0,0.167,1
"RP4-791M13.4",0.563965301074945,0.265484995534118,0.8,0.667,1
"RP11-420A23.1",0.564106746904109,0.178164695304327,1,1,1
"RP11-47L3.1",0.564321337607467,0.270997026527682,0.8,0.333,1
"NUP50-AS1",0.564364514506572,0.191541453738167,1,1,1
"SLC9A9-AS1",0.564538624940139,0.255312723452755,1,0.833,1
"RP5-1007H16.1",0.564778011086571,0.255239640269193,0.4,0.333,1
"KB-1562D12.1",0.564858617892033,0.254377990828946,0.8,0.667,1
"RP11-20I20.2",0.564991416934734,0.247733333482584,1,1,1
"RP11-388G22.1",0.564996274151128,0.230868782010836,1,1,1
"RP11-1145L24.1",0.565000362406287,0.258809979950803,0.2,0.5,1
"RP11-1391J7.1",0.565316738402201,0.265216961235285,1,1,1
"AC011523.2",0.565487861647069,0.258544606956324,0.2,0.333,1
"RP11-321E8.4",0.565496182220919,0.269081674829106,0.8,0.667,1
"AC009495.4",0.565756089122869,0.297402755681239,1,1,1
"LINC01139",0.565836338055284,0.268302323123867,0.8,0.333,1
"AC023590.1",0.565845039668976,0.279821240307752,1,1,1
"RP11-845M18.6",0.565975584165104,0.265435353603984,1,1,1
"RP5-1112D6.7",0.566019987606185,0.26939682255253,1,1,1
"RP11-313P18.2",0.566068965641429,0.265725248986312,0.6,0.667,1
"RP11-304F15.7",0.566306167511871,0.266228170950331,0.8,0.833,1
"RP11-426C22.4",0.566346795942136,0.265758386377177,0.8,0.833,1
"RP11-67L3.4",0.566530402570059,0.257854777178351,0.4,0.5,1
"C15orf59-AS1",0.566628004994874,0.248917091244337,0.6,0.833,1
"RP11-408A13.3",0.566901502599597,0.248230555417841,0.8,1,1
"CTD-2357A8.3",0.566970358490389,0.266572709879499,0.8,0.667,1
"AC009506.1",0.567094991111755,0.258714681348291,0.8,1,1
"RP11-61O11.1",0.567108968556009,0.252465569879115,0.8,1,1
"LINC00601",0.567212683866533,0.0620388987065184,1,1,1
"RP4-613A2.1",0.56724994703571,0.266628330023959,0.4,0.167,1
"KIFC1",0.567305653164765,0.260997152436175,1,1,1
"AC113610.1",0.567624969187372,0.257955554511478,0.4,0.667,1
"RP11-472I20.3",0.56774539701306,0.0828774623583421,1,1,1
"RP11-256I23.1",0.56813006762516,0.257677438150721,0.4,0.5,1
"LINC01476",0.568179893606837,0.249937440031447,1,1,1
"RP11-293P20.2",0.568466835695217,0.251625971029883,0.8,0.833,1
"RP11-2E11.5",0.568798893481776,0.255282655504565,0.4,0.667,1
"RP11-473L15.3",0.56884081850245,0.249837455534589,1,0.833,1
"RP11-549B18.1",0.568965184147298,0.252559448657434,0.8,0.833,1
"LINC00893",0.56926676743256,0.226996610731605,1,1,1
"AF131215.8",0.569317372894141,0.256161688895488,0.4,0.667,1
"C21orf62-AS1",0.569327552914158,-0.0156325773028279,1,1,1
"RP11-521B24.3",0.569700484374992,0.257881050035324,1,1,1
"RP11-347C18.5",0.57006298001482,0.246976328415917,0.6,1,1
"LINC01346",0.570138639416723,0.257672582382761,0.6,0.5,1
"PRICKLE2-AS1",0.57028400295055,0.27149362132385,1,1,1
"RP11-477N12.6",0.570284377595595,0.248936082160231,1,0.833,1
"RP11-242P2.2",0.570295591661174,0.27435914037781,1,0.833,1
"RP11-334J6.6",0.570350245927123,0.250228036398843,0.4,0.833,1
"RP11-521L9.1",0.570849172651734,0.262739162512237,1,1,1
"RP11-362F19.3",0.57094062946274,0.266927272067578,0.4,0.167,1
"RP13-270P17.1",0.571173137230033,0.260497527010259,1,1,1
"RP11-567I13.1",0.571339950783566,0.266525801459475,0.4,0.333,1
"RP11-555J4.3",0.571362813257463,0.268287234732681,0.4,0.333,1
"MIR99AHG",0.571433882950116,0.128524919177696,1,1,1
"CTC-453G23.5",0.571557890810696,0.266706308352679,1,1,1
"RP11-223C24.1",0.571708477194452,0.292731632063073,1,1,1
"CTC-391G2.1",0.571855132277106,0.258517017069163,0.2,0.333,1
"RP4-705F19.1",0.572218802385572,0.259494417772508,0.2,0.333,1
"RP11-426J5.2",0.572263820224651,0.240367201133892,0.8,1,1
"RP1-5O6.5",0.572334183646172,0.256516345406505,0.2,0.5,1
"LINC00114",0.572340188428449,0.26510750585227,0.6,0.667,1
"ARMCX3-AS1",0.572582544646143,0.264808460780016,0.8,0.667,1
"RP11-395B7.4",0.572619849350643,0.264839098013173,1,1,1
"RP11-298J23.8",0.572730810329928,0.257943415762112,0.2,0.167,1
"AC130469.2",0.572912138354321,0.267276980044456,0.8,0.833,1
"RBMS3-AS2",0.573544307160713,0.282183400956947,1,1,1
"RP11-900F13.2",0.573755653254324,0.260325403339195,0,0.167,1
"RP11-84A14.5",0.573755653254324,0.260325403339195,0,0.167,1
"AC016735.3",0.573755653254324,0.260325403339195,0,0.167,1
"RP11-139K4.2",0.573755653254324,0.260325403339195,0,0.167,1
"RP11-472K22.2",0.573755653254324,0.260325403339195,0,0.167,1
"CTD-2139B15.2",0.573755653254324,0.260325403339195,0,0.167,1
"LINC01312",0.573755653254324,0.260325403339195,0,0.167,1
"GS1-293C5.1",0.573755653254324,0.260325403339195,0,0.167,1
"RP11-109P6.2",0.573755653254324,0.260325403339195,0,0.167,1
"RP11-547C13.1",0.573755653254324,0.260325403339195,0,0.167,1
"CTD-2003C8.2",0.573755653254324,0.260325403339195,0,0.167,1
"DLEU1-AS1",0.573755653254324,0.260325403339195,0,0.167,1
"CTD-2194A8.2",0.573755653254324,0.260325403339195,0,0.167,1
"RP4-553F4.2",0.573755653254324,0.260325403339195,0,0.167,1
"RP11-358D14.3",0.573755653254324,0.260325403339195,0,0.167,1
"AC104534.2",0.573755653254324,0.260325403339195,0,0.167,1
"AL157359.3",0.573755653254324,0.260325403339195,0,0.167,1
"AC010524.2",0.573865116178707,0.255184943067312,0.8,0.833,1
"RP5-827E24.1",0.573893734804935,0.257733643914182,0.4,0.333,1
"RP11-75C10.9",0.573956916551168,0.277542663799454,0.6,0.333,1
"RP11-390K5.3",0.574314847934227,0.2619157622048,1,1,1
"XXbac-B135H6.18",0.574469943249556,0.247362762390761,1,1,1
"bP-21264C1.2",0.57458160199725,-0.0319530950218549,1,1,1
"RP11-61K9.2",0.574807152306038,0.259054589188849,1,1,1
"RP3-337H4.8",0.574869311737466,0.265387027030183,0.8,0.667,1
"LINC01035",0.5748912481901,0.254284382518542,0.8,1,1
"RP11-116O18.3",0.574909337838083,0.185090123378834,1,1,1
"RP11-173D3.1",0.575138975040614,0.0409678016901349,1,1,1
"AC016907.3",0.575167096257418,0.10749297716847,1,1,1
"RP11-533E19.2",0.575175543854271,0.245447388086697,1,1,1
"RP11-402N8.1",0.575187150951311,0.235960700640639,1,0.833,1
"LINC00152",0.575251059746649,0.100162320154245,1,1,1
"RP11-73O6.3",0.575252529076242,0.266146576347961,1,1,1
"XXyac-YX155B6.7",0.575664026013117,0.250747439652317,0.8,1,1
"RP11-498C9.16",0.575757203185296,0.25600756988205,0.6,0.5,1
"CTD-2530N21.4",0.575841628248817,0.226287666449937,1,1,1
"RP11-529E10.7",0.575866888565946,0.263067769856441,1,1,1
"LINC01307",0.57591307032262,0.258383560605121,0.2,0.333,1
"LINC00305",0.576007791270412,0.258191514045324,0.6,0.833,1
"AC012370.3",0.576348623931018,0.23610933377975,1,1,1
"RP11-856M7.2",0.576424570168571,0.25735576999796,0.2,0.333,1
"RP1-269M15.3",0.576486869259978,0.269842749031211,1,1,1
"RP4-811H24.9",0.576566482520182,0.265628408631589,0.6,0.333,1
"CTC-436K13.1",0.576568831141614,0.247630723885435,0.8,1,1
"FOCAD-AS1",0.576623808957962,0.266755377615758,0.4,0.5,1
"RP11-305O4.3",0.576688825762682,0.251870879246441,0.4,0.667,1
"RP11-610P16.1",0.576727986796294,0.260685212559386,0,0.167,1
"RP11-351N6.1",0.576727986796294,0.260685212559386,0,0.167,1
"CTD-2035E11.4",0.576727986796294,0.260685212559386,0,0.167,1
"KB-173C10.1",0.576727986796294,0.260685212559386,0,0.167,1
"RP11-327L9.1",0.576727986796294,0.260685212559386,0,0.167,1
"RP11-271F18.1",0.576727986796294,0.260685212559386,0,0.167,1
"RP11-402D21.2",0.576727986796294,0.260685212559386,0,0.167,1
"RP11-415G4.1",0.576727986796294,0.260685212559386,0,0.167,1
"RP11-419J16.1",0.576727986796294,0.260685212559386,0,0.167,1
"AC025811.3",0.576727986796294,0.260685212559386,0,0.167,1
"Z82214.3",0.576727986796294,0.260685212559386,0,0.167,1
"RP11-498B4.5",0.576804316024944,0.265992854689692,0.2,0.167,1
"AC104076.3",0.576843782119896,0.25789900800109,0.2,0.333,1
"FAM74A1",0.576962550699494,0.266861109881587,0.8,0.5,1
"RP11-54O7.16",0.577224720601599,0.264710366698408,1,1,1
"RP11-702H23.4",0.577279071387837,0.267905045270128,1,1,1
"AC092192.1",0.577821086923145,0.258378942623275,0.2,0.333,1
"LLNLR-307A6.1",0.57790596301135,0.254700187824592,1,0.833,1
"RUNDC3A-AS1",0.577922468727062,0.264377428823022,1,1,1
"JADRR",0.577963019652634,0.259414489850365,0.4,0.667,1
"RP11-190D6.2",0.578148031260335,0.250152311201776,0.6,0.5,1
"RP11-15A1.2",0.578305160230032,0.132469801906503,1,1,1
"MIR762HG",0.578477263042766,0.222238624746942,1,1,1
"RP11-298E2.2",0.578531282568416,0.258702429216628,0.2,0.5,1
"RP11-385F5.5",0.578565691995981,0.265005053327605,1,1,1
"RP11-58G13.1",0.578629846674976,0.232997722625971,0.8,1,1
"AC097499.1",0.578637717017759,0.255727992844675,0.8,1,1
"UTAT33",0.578721200466736,0.254732803887852,0.6,0.833,1
"RP11-517I3.1",0.578729542945765,0.269014994511441,1,1,1
"RP11-342K6.3",0.578871054565922,0.264328729994555,0.8,0.5,1
"AC010132.10",0.578895824046581,0.278717827897803,0.6,0.333,1
"RP5-865N13.2",0.579220912776386,0.255566350161634,0.4,0.667,1
"RP11-106M7.1",0.579403273108488,0.214411589440114,1,1,1
"RP1-138A5.3",0.579521544019465,0.265729811760198,0.6,0.167,1
"RP11-396C23.4",0.579525086034046,0.267983708912093,1,0.833,1
"RP11-1100L3.7",0.579641473276953,0.265582445618255,0.4,0.5,1
"AC079305.10",0.579643825009476,0.267338205589358,1,0.833,1
"RP11-495P10.3",0.579707314898564,0.25184317591635,0.6,0.833,1
"AC007285.7",0.579721052542099,0.268181310830029,0.6,0.5,1
"RP1-138B7.7",0.579873759987529,0.264357820873053,1,0.833,1
"AC010880.1",0.579891849250198,0.256329628661947,0.6,0.333,1
"RP11-527J8.1",0.580037257868466,0.253410670983448,0.6,0.833,1
"RP11-16N2.1",0.580054294615611,0.26812236311712,0.6,0.5,1
"RP11-122C21.1",0.580189775679538,0.217815099562257,1,1,1
"RP11-754B17.1",0.580233806862375,0.255220463610502,1,1,1
"LINC01194",0.580700793089422,0.266255148296034,1,1,1
"RP11-766N7.3",0.580847825454025,0.016731260898901,1,1,1
"LINC01629",0.580849874128913,0.256030128443593,0.4,0.5,1
"RP11-431K24.3",0.580904907541754,0.260766537774562,0,0.333,1
"RP5-933K21.3",0.580904907541754,0.260766537774562,0,0.333,1
"AC002511.2",0.580904907541754,0.260766537774562,0,0.333,1
"AC018643.4",0.581070601042388,0.267962995753265,0.4,0.5,1
"RP11-436D10.3",0.581113793891322,0.244100827248269,1,1,1
"RP11-380B4.3",0.581329440323448,0.258255507352405,1,1,1
"RP11-14N7.2",0.58136751639602,0.262073348910547,1,1,1
"RP11-1070N10.3",0.58140540629465,0.259313112355393,0.4,0.5,1
"CTA-992D9.8",0.58146874263343,0.264906156660278,0.4,0,1
"RP11-80A15.1",0.581565542703602,0.259724328037668,0.2,0.5,1
"AC007879.1",0.581845525168556,0.259124871637724,1,1,1
"RP11-164O23.8",0.581931464233652,0.248619540614515,1,1,1
"RP11-799B12.4",0.581994548542162,0.193134452686486,1,1,1
"AC099344.2",0.582074076366403,0.266953016782234,1,0.833,1
"CTD-2050N2.1",0.582133668820461,0.227403519657774,0.8,0.833,1
"RP11-770E5.1",0.582159071009586,0.208883750344752,1,1,1
"KIAA0087",0.582209721429583,0.258203093181165,0.2,0.5,1
"RP11-120A1.1",0.582413284456012,0.269606978036964,0.8,0.667,1
"RP1-65P5.5",0.582491757821339,0.257987537674554,0.4,0.667,1
"RP11-168K11.2",0.582558689139968,0.257329906550881,0.6,0.5,1
"XXbac-BPG258E24.10",0.582704142406161,0.255549598134749,0.6,0.667,1
"ZNF295-AS1",0.582996446527079,0.255987996187845,1,1,1
"CTA-520D8.2",0.583189595102314,0.265043635023817,0.2,0,1
"RP1-163M9.8",0.583189595102314,0.265043635023817,0.2,0,1
"RP11-177F11.1",0.583189595102314,0.265043635023817,0.2,0,1
"RP11-36N20.1",0.583189595102314,0.265043635023817,0.2,0,1
"AC005540.3",0.583189595102314,0.265043635023817,0.2,0,1
"RP11-647P12.1",0.583189595102314,0.265043635023817,0.2,0,1
"RP11-371M22.1",0.583189595102314,0.265043635023817,0.2,0,1
"CTB-37A13.1",0.583189595102314,0.265043635023817,0.2,0,1
"RP1-261G23.7",0.583189595102314,0.265043635023817,0.2,0,1
"KCNQ5-AS1",0.583189595102314,0.265043635023817,0.2,0,1
"AC147651.5",0.583189595102314,0.265043635023817,0.2,0,1
"RP11-452C13.1",0.583189595102314,0.265043635023817,0.2,0,1
"RP11-1112C15.2",0.583189595102314,0.265043635023817,0.2,0,1
"RP11-374M1.5",0.583189595102314,0.265043635023817,0.2,0,1
"RP11-62C3.6",0.583189595102314,0.265043635023817,0.2,0,1
"RP11-700F16.3",0.583189595102314,0.265043635023817,0.2,0,1
"RP11-35J23.1",0.583189595102314,0.265043635023817,0.2,0,1
"RP11-211N11.5",0.583189595102314,0.265043635023817,0.2,0,1
"RP11-277P12.9",0.583189595102314,0.265043635023817,0.2,0,1
"LRP1-AS",0.583189595102314,0.265043635023817,0.2,0,1
"RP11-128P10.1",0.583189595102314,0.265043635023817,0.2,0,1
"RP11-290D2.6",0.583189595102314,0.265043635023817,0.2,0,1
"RP11-199F6.4",0.583189595102314,0.265043635023817,0.2,0,1
"FLJ22447",0.583189595102314,0.265043635023817,0.2,0,1
"MKRN3-AS1",0.583189595102314,0.265043635023817,0.2,0,1
"RP11-209E8.1",0.583189595102314,0.265043635023817,0.2,0,1
"RP11-264B17.5",0.583189595102314,0.265043635023817,0.2,0,1
"CTD-2055G21.1",0.583189595102314,0.265043635023817,0.2,0,1
"CTD-2008P7.1",0.583189595102314,0.265043635023817,0.2,0,1
"RP11-31I22.4",0.583189595102314,0.265043635023817,0.2,0,1
"RP1-138B7.5",0.583189595102314,0.265043635023817,0.2,0,1
"CTD-3222D19.10",0.583189595102314,0.265043635023817,0.2,0,1
"AC007795.1",0.583189595102314,0.265043635023817,0.2,0,1
"CTD-2616J11.2",0.583189595102314,0.265043635023817,0.2,0,1
"CTA-243E7.2",0.583189595102314,0.265043635023817,0.2,0,1
"LL22NC01-116C6.1",0.583189595102314,0.265043635023817,0.2,0,1
"LINC00314",0.583189595102314,0.265043635023817,0.2,0,1
"RP11-734I18.1",0.583308985988322,0.296451253825027,0.8,1,1
"NLGN1-AS1",0.583751884276101,0.262587242189062,1,0.833,1
"RP11-213G6.2",0.583773683620532,0.257390237152283,0.4,0.667,1
"LINC01301",0.583839224997683,0.0970621520678063,1,1,1
"RP11-305P14.1",0.583942027383296,0.256059285804079,0.6,0.5,1
"AC007040.6",0.583959010037329,0.266204169973347,0.6,0.333,1
"RP11-212I21.2",0.584078531091864,0.266976169570488,0.2,0.167,1
"RP11-321E2.4",0.584257697450162,0.257785699453481,0.2,0.333,1
"RP11-1094M14.11",0.584319441714091,0.118032606542952,1,1,1
"C6orf99",0.584591378815495,0.259178851729206,1,1,1
"CTD-3224K15.3",0.584756157728535,0.255987130720227,0.4,0.833,1
"RP11-390E23.6",0.584969161166103,0.254959818555659,1,1,1
"NDP-AS1",0.585005991972608,0.250833957881639,0.6,0.833,1
"RP1-78B3.1",0.585067202300006,0.224032469183479,1,1,1
"RP11-136K14.3",0.585155147151265,0.260847867574327,0,0.333,1
"CTD-2154I11.2",0.585211144959799,0.247546360954809,1,1,1
"RP11-108K14.12",0.585403321535309,0.266067125536995,0.8,0.667,1
"RP11-379I19.3",0.585815317846437,0.258150151985053,0.2,0.333,1
"C20orf166-AS1",0.585856849039458,0.270573192930973,1,0.667,1
"RP11-384O8.1",0.585998227998592,0.242401565556388,1,1,1
"CH507-528H12.1",0.586108157197107,-0.192376350529644,1,1,1
"RP11-556G22.3",0.586287021501942,0.287465735410391,1,0.667,1
"CTA-125H2.1",0.586689216833054,0.258951914780603,0.2,0.333,1
"RP11-986G18.2",0.586713704057389,0.268292373402621,0.4,0.5,1
"LINC00670",0.586721005398964,0.266832455884223,1,0.833,1
"AC009134.1",0.586815770395016,0.257643316317622,0.2,0.333,1
"AC007679.3",0.586871710590612,0.26254469047644,1,1,1
"RP4-669P10.20",0.586969982050464,0.188599393120881,1,1,1
"RP4-639F20.1",0.586999170781868,0.115122288710891,1,1,1
"KB-1517D11.4",0.587019022556102,0.26647712915829,0.8,0.667,1
"RP4-625H18.2",0.587156756583267,-0.0100794596534974,1,1,1
"RP13-726E6.1",0.587286718703667,0.109158667897272,1,1,1
"AP003900.6",0.587377091652275,0.258689414543985,0.4,0.333,1
"ZNF436-AS1",0.587520675082488,0.154140204949353,1,1,1
"RP11-467K18.2",0.58756395333363,0.271201589597865,1,1,1
"LINC01402",0.587669568606101,0.268906082415731,1,0.833,1
"CTA-212D2.2",0.5879386023799,0.254110776197602,0.4,0.833,1
"RP11-3P22.2",0.587953680252536,0.222445233473941,1,1,1
"RP11-167P20.1",0.588033320567316,-0.0336551482836423,1,1,1
"CTC-510F12.2",0.588200315690547,0.247945557241332,1,1,1
"RNU12",0.588217217108861,0.265853500899519,0.4,0.333,1
"HIF1A-AS1",0.588331503450266,0.262733214798673,1,1,1
"AC016751.3",0.588337150764174,0.26999197562457,1,0.833,1
"RP11-429E11.3",0.588362666238582,0.256291366616733,0.4,0.5,1
"RP11-202I11.2",0.588453937747065,0.26448606690736,0.6,1,1
"AC079922.3",0.588666684169195,0.247918629606529,1,1,1
"CTD-2245E15.3",0.588858840193697,0.253993485377734,0.8,0.833,1
"RP11-329B9.4",0.588916623920811,0.263099852951751,1,1,1
"RP13-766D20.2",0.589100350395376,0.257348594519148,1,1,1
"IDI2-AS1",0.589461509661609,0.0582792171486515,1,1,1
"RP11-157D23.2",0.589480494355022,0.259529403820326,0.2,0.667,1
"RP11-237N19.3",0.589480686031024,0.260929201959197,0,0.333,1
"CTD-2616J11.16",0.589480686031024,0.260929201959197,0,0.333,1
"RP11-217L21.1",0.58958433686943,0.249248991207094,1,1,1
"KCNC4-AS1",0.589610013073161,0.265574260312478,0.4,0.333,1
"AC007405.6",0.589629376177377,0.212286886445047,1,1,1
"AC068535.2",0.589763273473038,0.269359387255873,0.6,0.5,1
"AC016730.1",0.58982242230717,0.267223741040568,0.8,0.667,1
"Z69720.2",0.589828260974088,0.263835101757638,1,0.833,1
"ADNP-AS1",0.589936853869027,0.249576335545613,1,1,1
"CPEB1-AS1",0.590281401835405,0.192355300054065,1,1,1
"PRKAG2-AS1",0.590465067825894,0.191099288117494,1,1,1
"CTA-243E7.4",0.590493452557573,0.249870030737472,0.6,0.833,1
"RP11-286N3.2",0.590829505888936,0.268351602717915,0.8,0.833,1
"C15orf32",0.590834203003796,0.257246494847733,0.6,0.667,1
"RP11-758N13.1",0.590882522138187,0.260614010753959,0,0.333,1
"RP11-24F11.5",0.591101766999012,0.256560575127675,0.6,0.667,1
"RP11-333I13.1",0.591123452099429,0.261651704461274,0.8,1,1
"RP11-23E19.1",0.591125702397569,0.25715192334664,0.6,0.667,1
"RP11-571M6.18",0.591175871472803,0.252183895462215,0.8,0.833,1
"RP11-85B7.5",0.591688599028736,0.267370692286779,0.8,0.667,1
"RP11-400K9.4",0.5921151161325,0.242125241519909,1,1,1
"EHMT2-AS1",0.592154034254915,0.265667743815453,1,1,1
"RP11-180C16.1",0.5922093351942,0.26943103431067,1,1,1
"RP11-763E3.1",0.592302310435209,0.251880540469492,0.8,0.833,1
"RP11-389G6.5",0.592640544774186,0.260737723579503,1,1,1
"LINC01563",0.592780672412889,0.153506356692028,1,1,1
"CTD-2506P8.6",0.592794136394319,0.24257167520964,1,1,1
"FAM27C",0.592884364201395,0.230505073074241,1,1,1
"RP11-138P22.1",0.59288808637241,0.238677790769992,1,1,1
"RP11-522M21.3",0.592959859007224,0.264840426686437,0.4,0,1
"PWRN2",0.592968817882024,0.254982750411489,0.4,0.5,1
"TCEAL3-AS1",0.593077920135125,0.256093908209442,0.6,0.667,1
"AC006042.7",0.593125237908697,0.263144828072328,1,1,1
"AP001062.9",0.593152017308345,0.266772516229494,0.8,0.5,1
"RP11-500G22.5",0.593453204237544,0.243515070054944,0.8,1,1
"XXbac-BPGBPG55C20.3",0.593573628470659,0.212394965475812,1,1,1
"LINC01324",0.593635833487861,0.247219738984397,0.8,0.833,1
"RASSF1-AS1",0.59366281752258,0.264499475286068,1,1,1
"TRPC7-AS1",0.593838247154107,0.271103773679302,1,0.833,1
"CTC-537E7.3",0.594052048665316,0.265078590139861,1,1,1
"RP11-557L19.1",0.594063534684567,0.257560584141779,0.4,0.667,1
"RP11-805I24.1",0.594063945071537,0.268264411974173,0.8,0.5,1
"RP11-793J2.1",0.594192508051666,0.24186328569645,1,1,1
"RP11-360F5.1",0.594256559072823,0.241915677199267,1,1,1
"RP11-863P13.4",0.594263449403757,0.241369783452006,1,0.833,1
"RP11-352M15.1",0.594561527720141,0.236703497843331,1,1,1
"AC009229.6",0.594665622481051,0.267186156832755,0.8,0.667,1
"RP11-644K8.1",0.594669323973991,0.253911846415448,1,1,1
"RP11-651L5.3",0.594872523642414,0.221074130145553,1,1,1
"KB-1460A1.1",0.595070995855857,0.239272675088296,1,1,1
"RP5-1087E8.3",0.595177685099347,0.26677605437906,0.4,0.333,1
"TGFB2-AS1",0.595354283013411,0.265031996463849,0.4,0.333,1
"RP11-557J10.4",0.595493751058503,0.264825745330588,0.6,0.667,1
"RP11-285J16.1",0.595493858959271,0.246426864110422,1,1,1
"AC083949.1",0.595577634895108,0.262179823550643,1,1,1
"RP11-449J21.5",0.595631442335145,0.261965829142283,1,1,1
"AC114730.3",0.595691276471181,0.26469299090482,0.8,1,1
"AC005757.6",0.595777280900386,0.258474775257441,0.2,0.333,1
"LINC00970",0.59579673403752,0.0825142767823821,1,1,1
"MIR3911",0.595976752492191,0.267545117994951,1,1,1
"RP11-26E5.1",0.596059415742954,0.265873838977678,0.4,0.167,1
"VIM-AS1",0.596077532821197,0.263172964466262,1,1,1
"RP11-1078H9.1",0.596223853632835,0.266032103443872,0.4,0.167,1
"CTC-338M12.7",0.596338444589387,0.264866997978632,0.4,0.5,1
"LINC01220",0.596345095566509,0.266329124972631,0.6,0.667,1
"AC000370.2",0.596576288805269,0.266581508302572,0.6,0.5,1
"RP4-803J11.2",0.596588714024571,0.216623474897131,1,1,1
"NNT-AS1",0.596755039124271,0.184810508093967,1,1,1
"RP11-348N5.9",0.596792504880656,0.251542377718937,0.8,0.833,1
"LINC00989",0.59691389774729,0.261084869408354,1,1,1
"RP11-881M11.8",0.597210865349389,0.259330840091856,0.2,0.5,1
"RP11-664I21.5",0.597253681702388,0.267676801415259,0.6,0.167,1
"AC004540.5",0.597291380827897,0.0178234058631355,1,1,1
"LINC01126",0.597406957098984,0.254554330885741,0.6,0.667,1
"SLC25A30-AS1",0.597734767658612,0.259388141536565,1,1,1
"CTD-2626G11.2",0.598107056825694,0.258469490811361,0.4,0.5,1
"RP11-632L2.2",0.598183212480207,0.257911931565535,0.4,0.5,1
"RP11-438F14.3",0.598365905574599,0.261091884486323,0,0.167,1
"AC096559.2",0.598365905574599,0.261091884486323,0,0.167,1
"AC092168.4",0.598365905574599,0.261091884486323,0,0.167,1
"PDZRN3-AS1",0.598365905574599,0.261091884486323,0,0.167,1
"RP11-18H21.3",0.598365905574599,0.261091884486323,0,0.167,1
"RP11-499F19.3",0.598365905574599,0.261091884486323,0,0.167,1
"CTD-2078B5.2",0.598365905574599,0.261091884486323,0,0.167,1
"TRPC7-AS2",0.598365905574599,0.261091884486323,0,0.167,1
"RP5-1077H22.1",0.598365905574599,0.261091884486323,0,0.167,1
"LINC01496",0.598365905574599,0.261091884486323,0,0.167,1
"RP11-697M17.2",0.598365905574599,0.261091884486323,0,0.167,1
"CTD-2340D6.2",0.598365905574599,0.261091884486323,0,0.167,1
"RP11-311H10.4",0.598365905574599,0.261091884486323,0,0.167,1
"LINC00619",0.598365905574599,0.261091884486323,0,0.167,1
"LINC01069",0.598365905574599,0.261091884486323,0,0.167,1
"AB019440.50",0.598365905574599,0.261091884486323,0,0.167,1
"SPATA8-AS1",0.598365905574599,0.261091884486323,0,0.167,1
"RP11-357H3.1",0.598365905574599,0.261091884486323,0,0.167,1
"AP000282.3",0.598365905574599,0.261091884486323,0,0.167,1
"CTD-2265O21.3",0.598618967487544,0.265731190376112,0.4,0.333,1
"LINC00469",0.598817624121596,0.267379484437254,0.8,0.833,1
"AC116366.5",0.598846131563872,0.255920227414821,0.4,0.333,1
"CMP21-97G8.1",0.59896776407163,0.257718675354946,0.4,0.5,1
"RP11-661A12.5",0.599070474200395,0.249773415492746,0.8,0.833,1
"RP11-773H22.4",0.59910376887876,0.265821889755013,0.8,1,1
"RP11-306G20.1",0.599112186294421,0.212298574485243,1,1,1
"ATP2A1-AS1",0.599193474206675,0.260607950152116,1,1,1
"XXyac-YR29IB3.1",0.599293377239116,0.243349412737306,0.4,0.5,1
"LINC00896",0.599341305196819,0.266606513588786,0.4,0.167,1
"RP11-156L14.1",0.599425983948962,0.0960892626355476,1,1,1
"RP11-91I20.4",0.599496013967072,0.269766550292839,0.8,0.5,1
"CTB-164N12.1",0.599806927950947,0.257996658755163,0.6,0.667,1
"RP11-241G9.3",0.600201426249167,0.266587150278694,0.8,0.833,1
"RP11-546K22.3",0.601085629323037,0.251925967484987,1,1,1
"RP11-521C20.2",0.601135036707247,0.265906978435346,0.6,0.333,1
"LINC00279",0.601314109001648,0.0753126720292148,0.8,0.833,1
"RP11-552F3.10",0.601378712830972,0.249151760101853,0.6,1,1
"RP11-264B17.4",0.601476829897318,0.263562397717602,0.8,1,1
"RP11-21J7.1",0.601489461456997,0.262795282850357,1,1,1
"RP11-1277A3.3",0.601636539876335,0.261111853358282,0.8,1,1
"LINC01497",0.601733398105178,0.221042544899021,1,1,1
"RP11-431K24.1",0.601798793631038,0.197539458854113,1,1,1
"RP11-231G3.1",0.601801234974673,0.253852300952809,0.6,0.833,1
"RP11-753C18.12",0.601877249831423,0.267201242003145,1,1,1
"LINC00518",0.601968866632756,0.255348320279775,0.4,0.5,1
"CTC-497E21.5",0.6021353802477,0.259529484969639,0.2,0.5,1
"AC018730.4",0.602321860789767,0.265100577332899,0.4,0.333,1
"LLPH-AS1",0.602331410148035,0.262026449953107,1,1,1
"MUC19",0.602680347443701,0.257981164849156,0.8,0.833,1
"AC008992.1",0.602690813308118,0.255036562904333,0.6,0.667,1
"RP11-316M21.6",0.603188419279634,0.242806759956851,0.8,0.833,1
"RP11-168O16.2",0.603355490659117,0.264637189722463,0.2,0,1
"RP11-11N7.4",0.603355490659117,0.264637189722463,0.2,0,1
"AC022201.5",0.603355490659117,0.264637189722463,0.2,0,1
"LINC01332",0.603355490659117,0.264637189722463,0.2,0,1
"CTC-436K13.6",0.603355490659117,0.264637189722463,0.2,0,1
"RP11-375B1.2",0.603355490659117,0.264637189722463,0.2,0,1
"TLR8-AS1",0.603355490659117,0.264637189722463,0.2,0,1
"WI2-80269A6.1",0.603355490659117,0.264637189722463,0.2,0,1
"LINC00330",0.603355490659117,0.264637189722463,0.2,0,1
"RP6-91H8.5",0.603355490659117,0.264637189722463,0.2,0,1
"RP11-114H24.7",0.603355490659117,0.264637189722463,0.2,0,1
"RP11-353N14.7",0.603355490659117,0.264637189722463,0.2,0,1
"RP11-94B19.7",0.603355490659117,0.264637189722463,0.2,0,1
"RP11-100K18.1",0.603355490659117,0.264637189722463,0.2,0,1
"CTC-499B15.8",0.603355490659117,0.264637189722463,0.2,0,1
"RP4-539M6.22",0.603355490659117,0.264637189722463,0.2,0,1
"AP001465.5",0.603355490659117,0.264637189722463,0.2,0,1
"GRTP1-AS1",0.603377726405521,0.26611620875866,0.8,0.833,1
"AC007292.6",0.60364219653057,0.233183763035616,1,1,1
"RP11-90C4.2",0.604076266889871,0.265480386045149,0.6,0.5,1
"RP11-55K13.1",0.604155477704975,0.194739856927607,1,1,1
"AC006116.17",0.604169889471726,0.230989068034081,1,1,1
"RP11-598F7.3",0.60441167234663,0.283964075719834,0.8,0.667,1
"RP11-188P17.2",0.604431551903719,0.266647190188403,0.8,0.667,1
"RP11-805F19.1",0.604438636737777,0.236529805931184,1,1,1
"RP11-303E16.6",0.604583813859623,0.267907833094354,1,0.667,1
"RP11-621L6.2",0.604588504432156,0.267625606100989,0.8,1,1
"AJ003147.8",0.604737198851304,0.259535014911133,0.2,0.5,1
"LL22NC03-75H12.2",0.604849343152868,0.253778438216639,0.8,0.833,1
"RP11-296L22.8",0.605055759033144,0.258645052235223,0.2,0.333,1
"RP11-794P6.6",0.60507066731187,0.255463067145198,0.4,0.667,1
"RP11-256P1.1",0.605087933428417,0.264774693717766,0.4,0,1
"AC009095.4",0.605087933428417,0.264774693717766,0.4,0,1
"RP11-95M15.1",0.605101365367826,0.262382158429317,1,1,1
"RP11-323N12.5",0.605481586532271,0.265180839561426,0.4,0.333,1
"MPRIP-AS1",0.605501994506032,0.260641407458647,1,1,1
"RBMS3-AS1",0.605689583358247,0.253731793535077,0.6,0.833,1
"RP11-375N15.2",0.605904400200154,0.253018952687534,0.8,0.833,1
"RP11-9N20.3",0.606052642969117,0.265917651140609,0.4,0.333,1
"OSGEPL1-AS1",0.606237695713598,0.209469099188258,1,1,1
"RP11-785D18.3",0.606395235208433,0.251568011246672,1,1,1
"RP11-235G24.1",0.606577280237939,0.240214846633664,1,1,1
"RP11-98D18.17",0.606585243086615,0.214642820403895,0.8,1,1
"RP11-141A19.1",0.606641322828867,0.262432562762851,1,1,1
"RP11-109D9.4",0.606806424637494,0.264827859093807,0.6,0.667,1
"LINC00235",0.606940219790291,0.252348196554037,0.8,0.667,1
"CTD-2140B24.6",0.607221628172347,0.259945628556834,1,1,1
"RP11-524F11.2",0.608181995950907,0.208298007313014,1,1,1
"RP11-421F16.3",0.608285201579751,0.26495854866668,0.6,0.833,1
"SNHG9",0.608484116695671,0.257126752903307,1,1,1
"RP11-67H24.2",0.608548116638644,0.251607794659976,1,1,1
"RP1-178F10.1",0.608638191960154,0.264599575297969,1,1,1
"RP11-91J19.3",0.608727560884825,0.251430607529953,0.6,0.667,1
"GTSE1-AS1",0.608754949019962,0.263845831926172,0.8,0.833,1
"RP11-115H18.1",0.608763076252633,0.260724842517126,1,1,1
"CTD-2090I13.1",0.608882303663739,0.265580185540117,1,0.833,1
"RP11-727A23.10",0.609023351143554,0.10206304265276,1,1,1
"AC002472.11",0.609049515256559,0.264610655448612,1,0.833,1
"RP11-526I2.5",0.609127112083466,0.186995718726946,1,1,1
"RP11-730K11.1",0.609133970067494,0.266180553944128,0.4,0.167,1
"CTD-2168K21.1",0.609214626483344,0.250572257377421,0.8,0.833,1
"CTB-35F21.3",0.609272103321759,0.260902675915442,0,0.333,1
"LA16c-358B7.4",0.609499712843213,0.267683386373555,1,0.833,1
"AF212831.2",0.609730048278971,0.265985883597353,0.2,0.333,1
"RP11-650L12.1",0.609805453138203,0.257819124333334,0.4,0.5,1
"RP11-554D15.1",0.60996297128242,0.245533736078434,1,1,1
"RP11-475I24.3",0.610027734993834,0.258207649911003,1,1,1
"RP11-697E14.2",0.611016900309643,0.263485376499668,1,0.833,1
"RP11-225H22.7",0.611024154846505,0.253592213179715,1,1,1
"LINC01594",0.611106256853427,0.248354100250864,1,1,1
"RP11-210G22.1",0.611264661810619,0.265262137267273,1,0.833,1
"RP11-344B5.3",0.611373869542046,0.257933385435174,0.8,0.667,1
"CTD-2026D20.2",0.611510350288892,0.10430112501008,1,1,1
"AC092614.2",0.611573447316305,0.252619119740559,1,0.833,1
"RP11-367J11.2",0.611807292732894,0.240632186294536,1,1,1
"AC009299.3",0.611870536498298,0.26627274743971,0.2,0.167,1
"LINC00676",0.611870536498298,0.26627274743971,0.2,0.167,1
"RP11-627J17.1",0.612442141546181,0.25183111257531,0.6,0.833,1
"ARSD-AS1",0.612478028536534,0.266344505078148,0.4,0.333,1
"RP1-265C24.8",0.612733598909994,0.250290544666103,1,1,1
"RP11-268G12.1",0.612931753562076,0.26277942450433,1,1,1
"RP11-672L10.6",0.613208779479125,0.252178683999324,0.8,1,1
"PTOV1-AS2",0.61358690427234,0.257998276157327,0.6,0.667,1
"RP11-78C3.1",0.613658225060209,0.265622708698404,0.2,0,1
"RP11-760D2.5",0.613658225060209,0.265622708698404,0.2,0,1
"RP11-20D14.3",0.61365822539506,0.266183308922467,0.2,0,1
"RP11-54H7.4",0.613658226253986,0.265069663260993,0.2,0,1
"RP11-21K12.3",0.613673454587597,0.268315409092793,0.6,0.667,1
"C7orf69",0.613889150374617,0.267266499043183,0.8,0.667,1
"RP11-335O13.8",0.613890362896024,0.257390232696356,0.2,0.5,1
"RP11-263K4.5",0.613935841973268,0.265442077315236,0.6,0.667,1
"RP11-123O10.3",0.613939709060707,0.255775660331277,0.4,0.833,1
"RMRP",0.613986245906954,0.270401519758167,1,1,1
"RP11-380F14.2",0.614169649569973,0.257564589516343,0.6,0.5,1
"IDH1-AS1",0.614305553286642,0.24478476948714,0.8,1,1
"LINC01358",0.614524108968964,0.0713318279429311,1,1,1
"RP11-736P16.1",0.614556547421267,0.265329582960304,0.8,0.5,1
"AC013448.1",0.614693693637243,0.259482760864855,0.2,0.5,1
"RP3-428L16.1",0.614745737153918,0.255651921324295,1,1,1
"RP11-365O16.6",0.614932492412713,0.216467799088346,1,1,1
"RP11-453M23.1",0.615023888443486,0.256812846248303,0.6,0.667,1
"RP6-114E22.1",0.615135274309014,0.255428509122639,0.8,0.833,1
"RP11-962G15.1",0.61544360883807,0.265566874413757,1,1,1
"RP11-1H15.2",0.615633919546715,0.24701960424305,1,1,1
"LINC00486",0.61568322589094,-0.0676438252853009,1,1,1
"RP11-799D4.4",0.615995388618827,0.216665329235645,1,1,1
"RP11-435O5.4",0.616466584159884,0.259366070421823,1,1,1
"LINC01603",0.616482120999563,0.2588793618828,0.2,0.333,1
"RP3-475N16.1",0.616713422146945,0.23942025622506,1,1,1
"RP11-452L6.7",0.616822672201618,0.218155551855846,1,1,1
"RP11-814P5.1",0.616888803181803,0.171560951013931,1,1,1
"LINC01208",0.616989899498034,0.263502469659617,0.8,1,1
"PLS3-AS1",0.617081875178895,0.0670343669512354,1,1,1
"RP11-862G15.2",0.617333551219274,0.257219016756902,0.2,0.5,1
"RP11-722P11.4",0.617532710717324,0.249665739701405,0.8,0.833,1
"RP11-374M1.4",0.617554364503865,0.250150720474317,1,1,1
"RP11-88I21.2",0.61772545057221,0.244754638193123,0.8,0.833,1
"RP11-3B12.2",0.617821578055984,0.0244472867088272,1,1,1
"LINC01433",0.617827281032732,0.264156572819968,0.8,0.833,1
"RP11-160H22.3",0.61791318136772,0.264708957753992,0.2,0,1
"RP11-63B19.1",0.61791318136772,0.264708957753992,0.2,0,1
"SNAP47-AS1",0.61791318136772,0.264708957753992,0.2,0,1
"LINC00570",0.61791318136772,0.264708957753992,0.2,0,1
"RP11-333O1.1",0.61791318136772,0.264708957753992,0.2,0,1
"AC073046.25",0.61791318136772,0.264708957753992,0.2,0,1
"AC092570.2",0.61791318136772,0.264708957753992,0.2,0,1
"AC123886.2",0.61791318136772,0.264708957753992,0.2,0,1
"AC114763.1",0.61791318136772,0.264708957753992,0.2,0,1
"AC073636.1",0.61791318136772,0.264708957753992,0.2,0,1
"AC012513.6",0.61791318136772,0.264708957753992,0.2,0,1
"AC005104.3",0.61791318136772,0.264708957753992,0.2,0,1
"FGF12-AS2",0.61791318136772,0.264708957753992,0.2,0,1
"CTD-2227C6.2",0.61791318136772,0.264708957753992,0.2,0,1
"CTC-467M3.3",0.61791318136772,0.264708957753992,0.2,0,1
"RP11-125M16.1",0.61791318136772,0.264708957753992,0.2,0,1
"LINC01623",0.61791318136772,0.264708957753992,0.2,0,1
"XXbac-BPG170G13.32",0.61791318136772,0.264708957753992,0.2,0,1
"ABC7-481722F1.2",0.61791318136772,0.264708957753992,0.2,0,1
"AC091705.1",0.61791318136772,0.264708957753992,0.2,0,1
"RP5-928E24.2",0.61791318136772,0.264708957753992,0.2,0,1
"RP11-10J21.3",0.61791318136772,0.264708957753992,0.2,0,1
"RP11-661A12.7",0.61791318136772,0.264708957753992,0.2,0,1
"RP11-408N14.1",0.61791318136772,0.264708957753992,0.2,0,1
"RP11-214D15.2",0.61791318136772,0.264708957753992,0.2,0,1
"SLC39A12-AS1",0.61791318136772,0.264708957753992,0.2,0,1
"RP11-89H19.1",0.61791318136772,0.264708957753992,0.2,0,1
"RP1-228P16.5",0.61791318136772,0.264708957753992,0.2,0,1
"RP11-1100L3.8",0.61791318136772,0.264708957753992,0.2,0,1
"RP11-1143G9.5",0.61791318136772,0.264708957753992,0.2,0,1
"FARP1-AS1",0.61791318136772,0.264708957753992,0.2,0,1
"GABRG3-AS1",0.61791318136772,0.264708957753992,0.2,0,1
"RP11-543G18.1",0.61791318136772,0.264708957753992,0.2,0,1
"RP11-424I19.2",0.61791318136772,0.264708957753992,0.2,0,1
"RP11-304L19.4",0.61791318136772,0.264708957753992,0.2,0,1
"RP4-536B24.2",0.61791318136772,0.264708957753992,0.2,0,1
"RP11-74E22.6",0.61791318136772,0.264708957753992,0.2,0,1
"RP11-138I1.2",0.61791318136772,0.264708957753992,0.2,0,1
"RP11-798G7.5",0.61791318136772,0.264708957753992,0.2,0,1
"RP1-278O22.2",0.61791318136772,0.264708957753992,0.2,0,1
"RP3-461P17.9",0.61791318136772,0.264708957753992,0.2,0,1
"LINC01271",0.61791318136772,0.264708957753992,0.2,0,1
"CTC-482H14.5",0.61791318136772,0.264708957753992,0.2,0,1
"AC011516.1",0.61791318136772,0.264708957753992,0.2,0,1
"LSAMP-AS1",0.617927127948163,0.148291937516109,1,1,1
"CTB-51J22.1",0.617951149460352,0.26499735973985,0.6,0.5,1
"RP11-57C13.3",0.618157338593406,0.257746856490502,0.8,0.833,1
"RP11-59N23.3",0.618228558692039,0.244596036213419,1,1,1
"RP11-107I14.4",0.618230531156013,0.25675361104854,0.4,0.667,1
"RP5-843L14.1",0.61839861483651,0.268348976155982,0.8,0.833,1
"PTCSC3",0.618515294631881,0.136229845795582,1,1,1
"LINC00632",0.618522836551305,-0.0419303406466967,1,1,1
"RP11-737O24.5",0.61866752732165,0.267668946533718,0.8,0.667,1
"RP5-921G16.1",0.618723623506735,0.164567177889542,1,1,1
"RP11-470P21.2",0.618765062793328,0.23181741588688,1,1,1
"RP11-240L7.4",0.618774149577733,0.259556582439235,0.4,0.333,1
"RP11-62J1.4",0.618884294776031,0.263218636872957,0.8,0.833,1
"NAALADL2-AS1",0.618918473513414,0.257386399971293,0.4,0.333,1
"RP11-511B23.2",0.619173494464245,0.254761048644569,1,1,1
"RP11-298E9.7",0.619362899322826,0.263124218351899,0.6,1,1
"CTD-2291D10.2",0.619480742725703,0.256999149764364,0.2,0.333,1
"RP11-27M24.1",0.619885924176668,0.268997915021716,0.8,0.833,1
"RP11-683L23.7",0.620351472158954,0.267998310903443,0.8,1,1
"ITPK1-AS1",0.620451090903117,0.268879632615149,0.8,1,1
"AC079630.2",0.620509092316952,0.258318811298096,1,1,1
"AC073834.3",0.620653843465119,0.256892426422247,0.6,0.833,1
"RP11-496D24.2",0.620819274553868,0.0370781432977687,1,1,1
"HAR1B",0.620940252304612,0.26654188874541,1,0.833,1
"RP11-13K12.2",0.620968766466968,0.260886385058837,1,1,1
"KLHL6-AS1",0.6211156502712,0.266616448324981,0.4,0.167,1
"RP1-90G24.6",0.621285718950022,0.225244025298313,1,1,1
"RP4-788P17.1",0.621296524490067,0.265350090458584,0.4,0.333,1
"RP11-309L24.2",0.621522658910375,0.262088910373962,1,1,1
"RP11-567C20.2",0.621524620494268,0.266494094049678,0.4,0.167,1
"RP5-967N21.11",0.621763311025154,0.26305829182941,1,1,1
"AC144450.1",0.621783650040159,0.25564763625955,0.6,0.833,1
"RP11-788H18.1",0.621942459780291,0.265572070623441,0.4,0.333,1
"AC007365.3",0.621958673404011,0.26550799451777,0.4,0.333,1
"CTC-537E7.2",0.62202329585256,0.256455007636839,0.4,0.667,1
"RP11-656D10.3",0.622195370271427,0.203175022112085,1,1,1
"RP11-298J23.5",0.622219876309084,0.268631627783033,0.8,0.833,1
"RP11-50I19.2",0.622347919917846,0.259608442883154,1,1,1
"AC010084.1",0.622399277355445,0.2318685624744,0.8,0.833,1
"CFLAR-AS1",0.622906758677619,0.267048738727917,1,1,1
"CTD-2186M15.3",0.623237245198978,0.256308602735885,1,1,1
"CTC-518B2.10",0.62341334923609,0.258989314169051,0.2,0.333,1
"KB-208E9.1",0.623488401873931,0.269757010916117,1,1,1
"RP11-359G22.2",0.623614927068518,0.25933186472652,0.2,0.5,1
"ZNF790-AS1",0.623772701401809,0.103774561569664,1,1,1
"AC007036.6",0.623870881203417,0.258019338387099,0.2,0.333,1
"RP11-336K24.12",0.623992671017194,0.228586015186022,1,1,1
"RP11-449P15.2",0.624057901491135,0.17345206207015,1,1,1
"RP11-136O12.2",0.62415934177239,0.256096910454576,0.4,0.667,1
"CERS3-AS1",0.624351272114771,0.243807230337782,1,1,1
"RP11-804A23.4",0.624445445571621,0.265781451347541,1,0.667,1
"CTD-2384B11.2",0.624546657251775,0.268173282741365,0.6,0.667,1
"FAM3D-AS1",0.62469921658242,0.264358919941056,0.8,0.833,1
"RP11-545M17.1",0.624714452289491,0.257150186124224,0.4,0.5,1
"RP11-466P24.6",0.624783869730162,0.268798632819498,0.6,0.5,1
"RP11-346C4.3",0.624816476590169,0.26870278046965,1,0.833,1
"AC007308.7",0.624873142671537,0.26558158922542,0.6,0.333,1
"RP11-751H17.1",0.624998048058744,0.237965869795308,1,1,1
"RP11-923I11.5",0.625066775635218,0.255297653548687,0.6,0.833,1
"KB-1930G5.4",0.625114605305393,0.266290309412012,1,0.833,1
"FAM13A-AS1",0.625203409136348,0.180174731581205,1,1,1
"LINC00392",0.625354301284835,0.25848675037583,0.4,0.5,1
"RP11-242P2.1",0.625363330496355,0.262666828478416,1,1,1
"RP11-609L23.1",0.626015473163804,0.257738535088439,0.4,0.5,1
"RP11-227G15.2",0.626023264312925,0.265837205080105,0.4,0.333,1
"LINC00850",0.626204380651592,0.254952328704674,0.4,0.667,1
"RP11-375A5.1",0.626208043507081,0.252106968867584,0.8,0.833,1
"RP11-436K8.1",0.626464616242094,0.192193288447854,1,1,1
"RP5-1119O21.2",0.626471414345898,0.265835323542802,0.4,0.167,1
"MIR1302-2",0.626696469093875,0.261154745291718,0,0.167,1
"RP5-1061H20.5",0.626696469093875,0.261154745291718,0,0.167,1
"RP11-43F13.4",0.626696469093875,0.261154745291718,0,0.167,1
"AC091962.3",0.626696469093875,0.261154745291718,0,0.167,1
"AC007349.7",0.626696469093875,0.261154745291718,0,0.167,1
"KB-1608C10.2",0.626696469093875,0.261154745291718,0,0.167,1
"RP11-445L6.3",0.626696469093875,0.261154745291718,0,0.167,1
"RP11-31E13.2",0.626696469093875,0.261154745291718,0,0.167,1
"RP5-944M2.1",0.626696469093875,0.261154745291718,0,0.167,1
"RP11-895M11.3",0.626696469093875,0.261154745291718,0,0.167,1
"RP11-300A12.2",0.626696469093875,0.261154745291718,0,0.167,1
"CTD-2017F17.1",0.626696469093875,0.261154745291718,0,0.167,1
"RP5-1042K10.13",0.626696469093875,0.261154745291718,0,0.167,1
"DOCK9-AS1",0.626756750076873,0.268186589264003,0.8,0.667,1
"RP11-509J21.4",0.626878886903943,0.254843697316179,0.6,0.667,1
"RP11-687M24.4",0.626999261860714,0.265072798856592,0.4,0.5,1
"RP11-484D2.2",0.627098488235368,0.22989255623708,1,1,1
"RP11-15E1.5",0.627414063441045,0.10795084257806,1,1,1
"AC102953.4",0.627434980640007,0.25958968450729,0.2,0.5,1
"RP5-850O15.3",0.627506781328253,0.266410399264446,1,0.667,1
"RP11-96H19.1",0.627645058239055,-0.0106110710739739,1,1,1
"FARSA-AS1",0.627784621136846,0.265544010724122,0.4,0.167,1
"RP5-882C2.2",0.627889860111558,0.247241794346506,1,1,1
"ERVK-28",0.628037663586537,0.243158878126503,1,1,1
"RP3-405J10.4",0.628042136106057,0.263433398463061,1,1,1
"LINC01284",0.628116141761633,0.261838146607503,1,1,1
"RP11-327F22.4",0.628220397112286,0.2638208880854,1,1,1
"RP11-715J22.2",0.628585002805529,0.26807728607471,0.8,0.667,1
"RP11-435M3.2",0.628789169264883,0.258811951101305,0.4,0.5,1
"TBL1XR1-AS1",0.628802631421255,0.267170933162518,0.4,0.333,1
"GS1-393G12.14",0.628870436982613,0.25226004378956,0.6,1,1
"CTC-338M12.5",0.628983260085628,0.246110899695687,1,1,1
"CTD-2586B10.1",0.629101609630608,0.255978456788646,0.6,0.667,1
"AC005363.11",0.629245414673127,0.256873376609857,1,1,1
"LINC01381",0.62938184803347,0.263196023326625,0.6,0.833,1
"CASC2",0.629444979278857,0.0237606594510253,1,1,1
"ALOX12-AS1",0.629547873758959,-0.00792310920876094,1,1,1
"RP11-26J3.1",0.629700581631685,0.114798059855092,1,1,1
"RP11-10A14.3",0.629800198171203,0.263736501396698,0.8,1,1
"CTD-2545M3.2",0.629961095517073,0.258568194718805,0.8,0.833,1
"RP11-688I9.2",0.630241983985243,0.25818146713635,0.2,0.333,1
"LINC01570",0.630300392372967,0.265641055298663,0.4,0.333,1
"RP11-66N24.6",0.630461929783504,0.259826579819618,0.2,0.333,1
"AC005537.2",0.630840716673061,0.261947765374781,1,1,1
"AC016700.5",0.630849560357141,0.258841693645526,1,1,1
"AP000462.3",0.630897244215499,0.265677203716174,0.6,0.667,1
"ERVH48-1",0.631245232974241,0.267158079441968,0.8,0.5,1
"RP11-596C23.6",0.631295334614203,0.283554922336686,1,1,1
"RP4-564F22.7",0.631307465857885,0.265421910694634,0.4,0.5,1
"RP11-301G7.1",0.631510559240891,0.272450422744805,1,0.833,1
"AL022476.2",0.631516373854143,0.264844945975686,0.8,0.667,1
"CTB-51A17.1",0.631532426980765,0.265459433449031,0.8,0.833,1
"RP11-598F7.6",0.631634179188292,0.267147203542554,0.8,0.833,1
"HCG27",0.631817455190421,0.238664644564943,1,1,1
"RP11-256I9.3",0.631883578244343,0.241962470695079,1,1,1
"CHKB-AS1",0.631891454432995,0.236679136191535,1,1,1
"RP11-20G13.2",0.632023603509604,0.258404243994029,0.2,0.667,1
"CTD-3032H12.2",0.632037573096269,0.25818925992734,1,1,1
"CTD-2117L12.1",0.632285615188301,0.24887261503865,1,1,1
"H1FX-AS1",0.632293024571287,0.246464949673038,1,1,1
"UXT-AS1",0.63251563439425,0.264742345169583,0.6,0.5,1
"RP11-400N13.1",0.632654579468852,0.250379576918865,1,1,1
"RP11-40A13.1",0.632767913366306,0.257955157081864,0.4,0.5,1
"RP11-766N7.4",0.632871932591644,0.26819995610902,1,1,1
"RP11-803B1.8",0.63305002128994,0.229775065874307,1,1,1
"RP11-98D18.15",0.633063591104121,0.245880929959563,1,1,1
"AC005197.2",0.633069632680543,0.247951660896511,1,1,1
"RP11-793A3.2",0.633082658137942,0.260096069148728,1,1,1
"RP11-355E10.1",0.633104111067699,0.23230861208412,1,1,1
"RP11-510M2.2",0.633204163364,0.264984783164541,1,1,1
"RP11-757A13.1",0.633343938630019,0.259576284835705,0.8,1,1
"RP11-203M5.2",0.633374458775278,0.266233868367887,0.8,0.5,1
"CTC-338M12.6",0.633377246890618,0.24737138393001,1,1,1
"CTD-3099C6.7",0.633594159959304,0.254828248661994,1,0.833,1
"PINK1-AS",0.633884676712777,0.234144088174002,1,1,1
"RP11-344N10.5",0.634151629410811,0.227060507854528,1,1,1
"RP11-192H23.5",0.634216961411985,0.26309392393676,0.8,1,1
"RP1-256G22.2",0.634493431691601,0.267365746424087,1,1,1
"CTA-481E9.3",0.634713630277988,0.266358302513179,0.6,0.333,1
"GAS5-AS1",0.635016326196192,0.263879878268211,0.6,0.667,1
"WNT5A-AS1",0.635145651333297,0.265348573053739,0.4,0.5,1
"RP11-422P24.10",0.635233840809705,0.257255522161616,0.8,0.833,1
"RP11-62F24.2",0.635334359740067,0.258794075053276,0.2,0.333,1
"RP11-94M14.2",0.635896123712811,0.256241701301701,0.6,0.833,1
"RP11-19O2.2",0.63597004956573,0.247805954298257,0.8,1,1
"RP11-12K22.1",0.635992065678793,0.261317453255194,0,0.333,1
"RP11-78J21.4",0.635992065678793,0.261317453255194,0,0.333,1
"MIR381HG",0.636003886486254,0.255771800446255,0.6,0.667,1
"RP1-191J18.66",0.636025503782182,0.251997065023826,1,1,1
"RP11-334N17.1",0.636165824409236,0.269447747711157,1,0.833,1
"RP11-57C13.6",0.636413434497127,0.253483030576541,1,1,1
"RP11-586K2.1",0.636478981240777,0.216768549751053,1,1,1
"LINC01545",0.636536027766047,0.263757505572267,1,1,1
"KB-1568E2.1",0.636546361175193,0.264099143961451,0.8,0.833,1
"LINC01090",0.636687204452029,0.206789132959017,1,1,1
"RP11-297N6.4",0.636689696786325,0.222104272987137,1,1,1
"AC006004.1",0.636815864741155,0.273374836824816,0.6,0.5,1
"RP11-339N8.1",0.636827797636773,0.259152918983174,0.2,0.333,1
"RP11-358B23.5",0.636853542417927,0.265073427274295,0.4,0.5,1
"RP11-465C12.1",0.636868919673557,0.246048461825065,1,1,1
"RP11-385E5.5",0.637096156438563,0.263810364260007,0.8,0.833,1
"DRAIC",0.637617961528649,0.188044237181994,1,1,1
"XXbac-BPG181B23.7",0.637689665180592,0.265711170132569,0.6,0.5,1
"LINC01485",0.637881449559707,0.263329841087727,1,1,1
"LINC01532",0.637889662381632,0.247589513596426,1,1,1
"RP11-114F10.3",0.637981434286025,0.26714721264784,0.4,0.5,1
"RP11-115C10.1",0.63799898645407,0.266464696348672,1,1,1
"RP11-686F15.2",0.638166965317512,0.256346533003669,0.4,0.833,1
"RP11-708B6.2",0.638212213556256,0.234904174848874,1,1,1
"CTC-498J12.1",0.638230882085152,0.264990409921853,0.8,0.833,1
"RP11-485F13.1",0.638241521746747,0.259652642331607,1,1,1
"RP11-288L9.1",0.638342246417332,0.261002177225037,0,0.167,1
"LINC01323",0.638342246417332,0.261002177225037,0,0.167,1
"PCAT4",0.638342246417332,0.261002177225037,0,0.167,1
"DBET",0.638342246417332,0.261002177225037,0,0.167,1
"RP11-480D4.2",0.638342246417332,0.261002177225037,0,0.167,1
"HOXA-AS2",0.638342246417332,0.261002177225037,0,0.167,1
"RP11-445K13.2",0.638342246417332,0.261002177225037,0,0.167,1
"RP11-120C12.3",0.638342246417332,0.261002177225037,0,0.167,1
"RP11-606D9.1",0.638342246417332,0.261002177225037,0,0.167,1
"RP11-197N18.7",0.638342246417332,0.261002177225037,0,0.167,1
"RP11-350A1.2",0.638342246417332,0.261002177225037,0,0.167,1
"RP11-152O14.1",0.638342246417332,0.261002177225037,0,0.167,1
"RP11-74H8.1",0.638342246417332,0.261002177225037,0,0.167,1
"AC008440.10",0.638342246417332,0.261002177225037,0,0.167,1
"RP4-635E18.6",0.638518053712917,0.265842245981948,0.8,0.667,1
"RP3-521E19.2",0.63862960845735,0.265421699173598,0.4,0.333,1
"CTC-281M20.1",0.638659441766174,0.238927352921716,1,1,1
"PAPPA-AS1",0.638678262252238,0.260485753207152,1,1,1
"RP11-272K23.3",0.638898341782171,0.263289837168174,1,0.833,1
"CTD-2296D1.2",0.639045991432089,0.265821557845851,0.4,0.167,1
"CTB-174D11.1",0.639197941155377,0.253918938486249,0.8,0.833,1
"RP11-3B7.1",0.639267314660407,0.25808490478923,0.6,0.5,1
"RP11-77E14.2",0.639373820480109,0.265460872521133,0.2,0.167,1
"PAQR9-AS1",0.639389519448288,0.25626599891435,0.4,0.667,1
"ADORA2A-AS1",0.639442861011702,0.26095168355015,1,1,1
"RP11-357N13.3",0.639509840928873,0.256631201236238,0.4,0.5,1
"RP5-907D15.3",0.639560783890121,0.259505434311263,1,1,1
"LINC01322",0.640052593824125,-0.00856518838537906,1,1,1
"CTD-3162L10.1",0.640104186716768,0.218921283025936,1,1,1
"LINC00293",0.640630721156727,0.265558885759822,0.8,0.5,1
"FGF14-AS1",0.640925420483377,0.274941280590321,0.8,0.667,1
"EHHADH-AS1",0.640935627139772,0.259199001443411,0.4,0.5,1
"CTD-2555O16.2",0.641147495887235,0.0914552062560157,1,1,1
"ZFHX4-AS1",0.641201424889186,0.114566677966527,1,1,1
"RP11-333B11.1",0.641313717055802,0.263389492903904,0.4,0.167,1
"AC007126.1",0.641388247846246,0.265478362877479,0.4,0.167,1
"AC016903.2",0.641467476687189,0.253325331671065,0.8,0.833,1
"RP11-278C7.4",0.641485832535525,0.254335341610563,1,1,1
"RP11-102J14.1",0.6415609475254,0.232303544155585,1,1,1
"RP11-497G19.7",0.641562431124734,0.260272595621245,0.2,0.333,1
"RP11-141O15.1",0.641732019368032,0.265344960465302,0.4,0.667,1
"RP11-1000B6.2",0.641821996254085,0.262365091509303,0.8,1,1
"RP11-278A23.1",0.642327307312437,0.252391380884848,0.8,0.833,1
"AF131217.1",0.64239701438829,-0.0329373170891993,1,1,1
"RP11-1E4.1",0.6424260928708,0.24531338525735,1,1,1
"RP11-629B11.5",0.642500259789648,0.257014709231491,0.4,0.667,1
"RP11-15L13.4",0.642626780864337,0.260405242427049,0.8,1,1
"AC073928.2",0.642669455031109,0.26596751739641,0.6,0.5,1
"CTD-2006H14.2",0.642706823933343,0.204545691597556,1,1,1
"RP11-152L20.3",0.642911682045756,0.236310091269598,1,1,1
"AC018878.3",0.643414514021834,0.272944505425595,0.8,0.5,1
"AC009120.5",0.643557462228233,0.257047044490487,0.6,0.5,1
"RP11-406H21.2",0.643594969602956,0.26245099062597,0.8,0.833,1
"RP11-298J20.3",0.643610820812635,0.279784936260767,0.8,0.5,1
"RP11-766F14.1",0.643726653105431,0.265442561396927,0.4,0.333,1
"CTD-2231E14.8",0.64380250073048,0.264744277317673,0.8,0.833,1
"RP11-406H4.1",0.644070110090561,0.265220896380947,0.4,0.667,1
"RP4-605O3.4",0.644116496338387,0.171838734145867,1,1,1
"RP11-61E11.2",0.644177858280359,0.255848639342861,1,1,1
"RP11-163M18.1",0.644309003340287,0.264439954045719,0.4,0,1
"RP11-435O5.5",0.644543820846817,0.264537012060527,0.8,0.667,1
"RP11-215E13.1",0.644584333167666,0.250113203337058,0.8,1,1
"RP11-382D12.2",0.644639275730325,0.254948449368349,0.6,0.833,1
"AC008073.9",0.644745183105165,0.265214720445766,0.4,0.167,1
"RP11-53O19.2",0.644823215364408,0.250308085037296,0.8,1,1
"STPG2-AS1",0.645068011805362,0.259304895839003,1,1,1
"RP11-218F4.1",0.64511504920653,0.252368999001217,1,1,1
"RP11-733D4.1",0.645341212320189,0.253452497470728,0.8,1,1
"RP11-314D7.3",0.645357147108956,0.265758790478632,0.4,0.333,1
"OVAAL",0.645652222967304,0.261480179571036,0,0.167,1
"AC012506.1",0.645652222967304,0.261480179571036,0,0.167,1
"AC004691.5",0.645652222967304,0.261480179571036,0,0.167,1
"RP4-742N3.1",0.645652222967304,0.261480179571036,0,0.167,1
"RP11-76C10.5",0.645652222967304,0.261480179571036,0,0.167,1
"RP13-895J2.7",0.645652222967304,0.261480179571036,0,0.167,1
"LINC00572",0.645652222967304,0.261480179571036,0,0.167,1
"LINC01065",0.645652222967304,0.261480179571036,0,0.167,1
"LINC01034",0.645652222967304,0.261480179571036,0,0.167,1
"RP11-1070N10.5",0.645652222967304,0.261480179571036,0,0.167,1
"RP11-665J16.1",0.645652222967304,0.261480179571036,0,0.167,1
"RP11-249C24.10",0.645652222967304,0.261480179571036,0,0.167,1
"RP11-432I5.4",0.645652222967304,0.261480179571036,0,0.167,1
"MIR2117HG",0.645652222967304,0.261480179571036,0,0.167,1
"RP11-515O17.2",0.645652222967304,0.261480179571036,0,0.167,1
"RP5-1107A17.3",0.645652222967304,0.261480179571036,0,0.167,1
"LINC00028",0.645652222967304,0.261480179571036,0,0.167,1
"AC002115.9",0.645652222967304,0.261480179571036,0,0.167,1
"AC000067.1",0.645652222967304,0.261480179571036,0,0.167,1
"RP11-711G10.1",0.645745812034423,0.258922669245599,1,1,1
"RP11-459O16.9",0.645911727840935,0.267165027161562,0.6,0.833,1
"AC007365.1",0.645912893513666,0.264846688287624,0.4,0.333,1
"CTD-2588J6.2",0.645928692389199,0.254468048864282,0.8,0.833,1
"AC073641.2",0.646100449852037,0.2648835414999,0.6,0.5,1
"CTB-78F1.1",0.646128384551525,0.268270363868411,0.8,1,1
"ALDH1L1-AS2",0.646139789824534,0.19580146478136,1,1,1
"RP11-258B16.1",0.646237871357153,0.260334405605216,0.8,1,1
"AC005358.3",0.646292554965709,0.251065486314,1,1,1
"AC068831.15",0.646401007810731,0.267028655707455,0.4,0.5,1
"RP11-67M9.1",0.646688467631707,0.266202970275271,1,1,1
"RP5-1164C1.2",0.646930445312959,0.263997376964725,1,0.833,1
"AC098617.1",0.6470189480171,0.164270761566507,1,1,1
"AADACL2-AS1",0.647032871332996,0.245325326041878,1,1,1
"RP11-244F12.3",0.647137629960814,0.258267376536018,0.4,0.5,1
"LINC00960",0.647179315486501,0.266046680956666,0.8,0.667,1
"CTD-2013N17.4",0.647480537832153,0.247068673039412,0.4,0.5,1
"AP001432.14",0.647487899916285,0.22161770012351,1,1,1
"CTA-249B10.1",0.647752464840811,0.267128210728568,0.6,0.333,1
"RP11-170N16.3",0.64785999764208,0.238913107837798,1,1,1
"DICER1-AS1",0.648118282900086,0.00719561886138309,1,1,1
"LINC01254",0.648385159531075,0.259366337444877,0.2,0.333,1
"RP11-473M10.3",0.648386927924267,0.259021006188163,0.4,0.333,1
"TRAM2-AS1",0.648526153005654,0.220054235560198,1,1,1
"CTD-2081C10.7",0.648561581494676,0.264312035094615,0.6,0.667,1
"AC104777.1",0.648567481760256,0.258097798102243,0.4,0.333,1
"RP3-467K16.4",0.648570624447989,0.256896856983914,0.4,0.5,1
"CTD-2193P3.2",0.648965573593301,0.260002333279735,0.2,0.333,1
"RP11-220I1.5",0.649065891615276,0.265133422325171,0.4,0.333,1
"AC005954.4",0.649360924414393,0.265665019825893,0.6,0.333,1
"NPPA-AS1",0.649437894496859,0.245374097793513,1,0.833,1
"RP11-344P13.6",0.649562177667313,0.258972401607086,1,1,1
"RP11-705O1.8",0.649789485712699,0.265558908765032,1,0.833,1
"RP11-47P18.2",0.650397370492065,0.251193346451854,0.8,1,1
"RP11-86H7.6",0.650441017343064,0.265704122029244,0.4,0.167,1
"LINC01054",0.650543861059809,0.258629867567245,0.4,0.5,1
"LINC00626",0.650569513428362,0.2667414406057,0.8,1,1
"RP11-209K10.2",0.650644307845607,0.253812821491353,0.8,0.833,1
"AC097662.2",0.650669429182618,0.205729327832673,1,1,1
"AC004895.4",0.650691407911523,0.265367428098224,0.8,0.667,1
"RP11-769O8.2",0.650816883133719,0.266256598984249,0.6,0.5,1
"RP11-1105O14.1",0.651177020200495,0.265578369883045,0.8,0.5,1
"RP11-111M22.3",0.651232496525008,0.16858449351836,1,1,1
"DIO2-AS1",0.651473703070132,0.251964848159993,1,1,1
"CTB-25B13.12",0.651618668840122,0.260194955819456,1,1,1
"RP11-111F5.3",0.651676686447833,0.262514672761819,1,1,1
"RP11-799B12.2",0.65247944389509,0.267215721659676,0.6,0.5,1
"LINC00482",0.652676916434912,0.271713795294701,1,0.667,1
"CLDN10-AS1",0.653067711345053,0.251142421725778,1,1,1
"RP11-519M16.1",0.653218550531254,0.265200439426934,0.6,0.5,1
"AC106053.1",0.653301885341253,0.258628426301581,0.4,0.5,1
"RP11-141O11.2",0.653500664713997,0.188350650967915,1,1,1
"AC104699.1",0.653520336645238,0.256876307462315,1,1,1
"RP11-493L12.4",0.653550115824559,0.223700827469095,1,1,1
"WARS2-IT1",0.653832576240863,0.258601033260133,1,0.667,1
"LINC01214",0.653979898205372,0.265545353238906,0.6,0.167,1
"HAGLROS",0.654013551861312,0.259302990500513,1,1,1
"AC007879.5",0.654043735076502,0.246590555010698,1,1,1
"AP000704.5",0.654170573864271,0.257472103220806,1,1,1
"AC079354.3",0.654261685286978,0.260965838030498,1,1,1
"RP11-439L18.1",0.654400879316643,0.245906376271971,1,1,1
"CTD-2582D11.1",0.654833877336704,0.259831063025003,0.4,0.5,1
"IPO9-AS1",0.654925727216947,0.205030772870487,1,1,1
"PWRN3",0.655186313020692,0.237745009624945,1,1,1
"RP11-729I10.2",0.655202458050121,0.259722240572946,1,1,1
"RP4-657D16.3",0.655231850079667,0.266228713461577,0.6,0.333,1
"LA16c-325D7.2",0.655233488184417,0.255258907366065,0.6,0.833,1
"RP1-86D1.5",0.655291412289158,0.265412712043485,0.4,0.167,1
"RP11-905K4.1",0.655574059220937,0.25912897557797,1,0.833,1
"RP11-887P2.5",0.655678073385975,0.25712485109717,1,1,1
"LINC01198",0.655745448969814,0.265015563097882,1,0.833,1
"RP11-728G15.1",0.655765768344594,0.237281258974488,1,1,1
"LINC01591",0.65582623345774,0.232357993401405,1,1,1
"ACTN1-AS1",0.655865133847152,0.258966724887128,0.4,0.5,1
"AC092171.4",0.655943267131135,0.259789864307636,0.4,0.333,1
"AP003774.1",0.656403097592374,0.256832925176241,0.6,0.833,1
"RP11-33A14.1",0.656874675575516,0.279832171211162,1,1,1
"RP11-51J9.4",0.656879004126881,0.265408823151489,0.4,0.167,1
"AC009276.4",0.657416425361212,0.266450014430701,0.6,0.333,1
"PRR34-AS1",0.657517272325935,0.255492247471513,0.8,1,1
"RP11-588H7.1",0.657746473636293,0.258437984529514,0.6,0.833,1
"CTD-2126E3.4",0.657807426158437,0.220273676313117,1,1,1
"AC005863.2",0.657929127259169,0.259731103432636,0.4,0.5,1
"C5orf66",0.658010354439365,0.255132915553041,1,1,1
"AC004156.3",0.658084521357615,0.266824637328013,1,0.833,1
"RP5-834N19.1",0.658107604346254,0.262862759246722,1,1,1
"RP11-647K16.1",0.6581794324589,0.264236660654104,0.2,0,1
"AC114730.5",0.6581794324589,0.264236660654104,0.2,0,1
"RP11-292E2.2",0.6581794324589,0.264236660654104,0.2,0,1
"RP11-338L18.1",0.6581794324589,0.264236660654104,0.2,0,1
"RP11-415C15.3",0.6581794324589,0.264236660654104,0.2,0,1
"RP11-492L8.2",0.6581794324589,0.264236660654104,0.2,0,1
"RP3-335N17.2",0.6581794324589,0.264236660654104,0.2,0,1
"LINC00525",0.6581794324589,0.264236660654104,0.2,0,1
"AC008154.4",0.6581794324589,0.264236660654104,0.2,0,1
"IGBP1-AS2",0.6581794324589,0.264236660654104,0.2,0,1
"RP11-661A12.9",0.6581794324589,0.264236660654104,0.2,0,1
"RP11-7I15.4",0.6581794324589,0.264236660654104,0.2,0,1
"RP11-96C23.15",0.6581794324589,0.264236660654104,0.2,0,1
"RP13-49I15.6",0.6581794324589,0.264236660654104,0.2,0,1
"ENOX1-AS2",0.6581794324589,0.264236660654104,0.2,0,1
"CTD-3075F15.1",0.6581794324589,0.264236660654104,0.2,0,1
"RP11-245C17.2",0.6581794324589,0.264236660654104,0.2,0,1
"RP11-264M12.2",0.6581794324589,0.264236660654104,0.2,0,1
"AC007050.17",0.6581794324589,0.264236660654104,0.2,0,1
"RP3-496C20.1",0.6581794324589,0.264236660654104,0.2,0,1
"RP11-46H11.3",0.658426177140276,0.259699935102947,1,1,1
"RP11-558A11.1",0.658599261795509,0.255172014205598,0.6,0.833,1
"RP11-352G18.2",0.658744014251244,0.26263444902183,1,1,1
"RP11-417L19.2",0.65889935231987,0.262348503723827,1,1,1
"AC007292.3",0.659033202043993,0.262452898891429,1,1,1
"AC093159.1",0.659085771923159,0.25435619129843,1,1,1
"AC010894.3",0.659203782961207,0.263391164528893,0.8,0.833,1
"RP1-228P16.4",0.659405810416302,0.263648695911777,0.6,0.667,1
"RP11-528I4.2",0.659564281826082,0.25804467497528,0.4,0.667,1
"RP11-600F24.7",0.659594870777103,0.237273250390198,1,1,1
"RP11-206L10.4",0.65975363769379,0.264374202827515,0.2,0,1
"RP11-276H7.2",0.65975363769379,0.264374202827515,0.2,0,1
"CSMD2-AS1",0.65975363769379,0.264374202827515,0.2,0,1
"RP4-784A16.2",0.65975363769379,0.264374202827515,0.2,0,1
"SSBP3-AS1",0.65975363769379,0.264374202827515,0.2,0,1
"RP11-25K21.1",0.65975363769379,0.264374202827515,0.2,0,1
"RP11-95P13.2",0.65975363769379,0.264374202827515,0.2,0,1
"AC104781.1",0.65975363769379,0.264374202827515,0.2,0,1
"AC007392.4",0.65975363769379,0.264374202827515,0.2,0,1
"AC097468.4",0.65975363769379,0.264374202827515,0.2,0,1
"AC097461.4",0.65975363769379,0.264374202827515,0.2,0,1
"AC068138.1",0.65975363769379,0.264374202827515,0.2,0,1
"RP11-615J4.3",0.65975363769379,0.264374202827515,0.2,0,1
"SIAH2-AS1",0.65975363769379,0.264374202827515,0.2,0,1
"RP11-646E18.2",0.65975363769379,0.264374202827515,0.2,0,1
"RP11-317B7.3",0.65975363769379,0.264374202827515,0.2,0,1
"BMPR1B-AS1",0.65975363769379,0.264374202827515,0.2,0,1
"LINC01612",0.65975363769379,0.264374202827515,0.2,0,1
"RP11-18D7.2",0.65975363769379,0.264374202827515,0.2,0,1
"RP11-45I20.1",0.65975363769379,0.264374202827515,0.2,0,1
"CTD-2589H19.6",0.65975363769379,0.264374202827515,0.2,0,1
"CTD-2074D8.1",0.65975363769379,0.264374202827515,0.2,0,1
"RP11-8L21.1",0.65975363769379,0.264374202827515,0.2,0,1
"CTC-575I10.1",0.65975363769379,0.264374202827515,0.2,0,1
"ADAMTS19-AS1",0.65975363769379,0.264374202827515,0.2,0,1
"RP3-380E11.2",0.65975363769379,0.264374202827515,0.2,0,1
"RP1-97J1.2",0.65975363769379,0.264374202827515,0.2,0,1
"AC011284.3",0.65975363769379,0.264374202827515,0.2,0,1
"AC006380.3",0.65975363769379,0.264374202827515,0.2,0,1
"AC007652.1",0.65975363769379,0.264374202827515,0.2,0,1
"RP11-332K15.1",0.65975363769379,0.264374202827515,0.2,0,1
"RP11-148K1.12",0.65975363769379,0.264374202827515,0.2,0,1
"TAB3-AS2",0.65975363769379,0.264374202827515,0.2,0,1
"RP11-216M21.5",0.65975363769379,0.264374202827515,0.2,0,1
"RP11-326C3.7",0.65975363769379,0.264374202827515,0.2,0,1
"RP11-483L5.1",0.65975363769379,0.264374202827515,0.2,0,1
"RP4-710M3.2",0.65975363769379,0.264374202827515,0.2,0,1
"CMB9-22P13.2",0.65975363769379,0.264374202827515,0.2,0,1
"RP11-169D4.2",0.65975363769379,0.264374202827515,0.2,0,1
"RP11-809N8.2",0.65975363769379,0.264374202827515,0.2,0,1
"RP11-40C11.2",0.65975363769379,0.264374202827515,0.2,0,1
"RP11-399K21.10",0.65975363769379,0.264374202827515,0.2,0,1
"RP11-76P2.4",0.65975363769379,0.264374202827515,0.2,0,1
"RP13-81N3.2",0.65975363769379,0.264374202827515,0.2,0,1
"RERG-AS1",0.65975363769379,0.264374202827515,0.2,0,1
"RP11-776A13.1",0.65975363769379,0.264374202827515,0.2,0,1
"RP11-579D7.2",0.65975363769379,0.264374202827515,0.2,0,1
"RP11-186F10.2",0.65975363769379,0.264374202827515,0.2,0,1
"RP11-321F8.4",0.65975363769379,0.264374202827515,0.2,0,1
"RP13-895J2.6",0.65975363769379,0.264374202827515,0.2,0,1
"LINC00397",0.65975363769379,0.264374202827515,0.2,0,1
"COL4A2-AS2",0.65975363769379,0.264374202827515,0.2,0,1
"RP11-124D2.3",0.65975363769379,0.264374202827515,0.2,0,1
"RP11-1140I5.1",0.65975363769379,0.264374202827515,0.2,0,1
"RP6-91H8.2",0.65975363769379,0.264374202827515,0.2,0,1
"RP11-1127D7.1",0.65975363769379,0.264374202827515,0.2,0,1
"RP11-1084I9.2",0.65975363769379,0.264374202827515,0.2,0,1
"RP11-797A18.3",0.65975363769379,0.264374202827515,0.2,0,1
"AC009133.17",0.65975363769379,0.264374202827515,0.2,0,1
"CASC22",0.65975363769379,0.264374202827515,0.2,0,1
"RP11-44F14.8",0.65975363769379,0.264374202827515,0.2,0,1
"CTD-2555A7.3",0.65975363769379,0.264374202827515,0.2,0,1
"AC109333.10",0.65975363769379,0.264374202827515,0.2,0,1
"AC129492.6",0.65975363769379,0.264374202827515,0.2,0,1
"CTB-96E2.7",0.65975363769379,0.264374202827515,0.2,0,1
"CTD-2561B21.10",0.65975363769379,0.264374202827515,0.2,0,1
"RP11-769O8.1",0.65975363769379,0.264374202827515,0.2,0,1
"RP11-474N24.6",0.65975363769379,0.264374202827515,0.2,0,1
"RP11-411B10.3",0.65975363769379,0.264374202827515,0.2,0,1
"RP5-851M4.1",0.65975363769379,0.264374202827515,0.2,0,1
"CTD-3113P16.5",0.65975363769379,0.264374202827515,0.2,0,1
"CTD-2527I21.7",0.65975363769379,0.264374202827515,0.2,0,1
"AC002398.12",0.65975363769379,0.264374202827515,0.2,0,1
"LINC00895",0.65975363769379,0.264374202827515,0.2,0,1
"CTA-250D10.19",0.65975363769379,0.264374202827515,0.2,0,1
"WI2-85898F10.2",0.65975363769379,0.264374202827515,0.2,0,1
"CTA-384D8.35",0.65975363769379,0.264374202827515,0.2,0,1
"KB-1466C5.1",0.65975363769379,0.264374202827515,0.2,0,1
"AP001043.1",0.65975363769379,0.264374202827515,0.2,0,1
"LINC00111",0.65975363769379,0.264374202827515,0.2,0,1
"AC108868.5",0.659777434713407,0.266989145018623,0.6,0.333,1
"RP11-404J23.1",0.659883042440177,0.254794128783694,0.8,1,1
"MDC1-AS1",0.659912345522083,0.23291533048059,1,1,1
"RP11-526N18.1",0.660044256117136,0.233107495286102,1,1,1
"AC023347.1",0.66005207043598,0.264989521106045,0.2,0.167,1
"CTD-2256P15.2",0.660304275678092,0.257471008101813,1,1,1
"FLJ33581",0.660417135688934,0.250462063031276,0.6,1,1
"LINC01080",0.660561073821737,0.166487329362494,1,1,1
"RP11-144G7.2",0.660577594540342,0.256945094395162,1,1,1
"CTB-129O4.1",0.660611901420849,0.23598952142887,1,1,1
"AC012506.4",0.660716653894062,0.267323165861071,1,0.667,1
"RP11-486O12.2",0.66079941719602,0.221978052481788,1,1,1
"RP11-404O13.1",0.660806744155353,0.259353285084607,0.6,0.833,1
"RP5-1050D4.2",0.660936753863553,0.258626442482278,0.2,0.167,1
"RP11-711C17.2",0.661050086010569,0.258704655937891,0.2,0.333,1
"RP5-1009E24.8",0.66131458015995,0.263252466678791,0.8,0.833,1
"POU6F2-AS2",0.661364922977772,0.24276227527958,1,1,1
"AP000235.2",0.661527385435271,0.256006834247272,1,1,1
"RP11-540O11.1",0.661747055985083,0.263482564932691,1,0.833,1
"AP000470.2",0.661923307827005,0.258362497536256,0.6,0.833,1
"RP11-71L14.4",0.662074665352631,0.250307377586275,1,1,1
"ITFG1-AS1",0.662259399760397,0.239342508742944,1,1,1
"RP11-39M21.2",0.662295777266019,0.267485097803386,0.4,0.333,1
"RP11-434D11.4",0.662306202097412,0.220393424275132,1,1,1
"LINC01135",0.662349343712439,-0.0173672607377234,1,1,1
"RP11-25L3.3",0.662675751138709,0.227181074764403,1,1,1
"RP11-24C3.2",0.662754277200871,0.256693149922958,1,1,1
"RP11-401F2.3",0.662827500213938,0.257341530013352,1,1,1
"RP11-6F6.1",0.66285645308576,0.267669810333163,0.4,0.5,1
"AC008269.2",0.662878682575019,0.222638902877909,1,1,1
"RP5-940J5.3",0.663013275492973,0.264797827250623,0.4,0.5,1
"LINC01104",0.663014973814889,0.27196780693782,0.8,0.667,1
"AC003988.1",0.663107997246223,0.257932213069424,0.6,0.833,1
"DSG1-AS1",0.663209059438968,0.259887207445595,1,1,1
"LINC01393",0.663419491215103,0.265472951389985,0.4,0.333,1
"RP11-86A5.1",0.663496634500357,0.251539662407263,0.8,1,1
"AC008278.3",0.663611067196282,0.25621376924133,0.6,0.667,1
"RP11-569D9.6",0.66362421105979,0.253462472273637,0.8,1,1
"RP11-1017G21.6",0.663792268715596,0.238615854072416,1,1,1
"RP11-872D17.4",0.663942318087797,0.25945399902652,0.4,0.5,1
"RP11-77G23.2",0.664031471165855,0.264795841008123,0.8,1,1
"RP11-74E22.5",0.66446337115461,0.259438158460446,0.2,0.333,1
"GS1-251I9.3",0.66465271458418,0.265546865751833,0.4,0.167,1
"RP11-73M7.6",0.665005835956486,0.246155954225881,1,1,1
"LINC01484",0.665019462242275,0.259897027078089,1,1,1
"CHRM3-AS2",0.665073486885997,0.214364199522151,0.8,0.833,1
"ARMC2-AS1",0.665105965026022,0.265859306610214,0.6,0.5,1
"ALDH1L1-AS1",0.665151003165995,0.259947584564787,0.2,0.167,1
"LINC00520",0.665288153434025,0.264726540002832,0.4,0.667,1
"RP11-79M19.2",0.665370673316214,0.267810063536408,0.4,0.667,1
"RP11-1109M24.16",0.665488187689659,0.264678564182284,0.6,0.667,1
"ZFY-AS1",0.665562898145881,0.271465404208154,0.8,0.833,1
"RP11-99E15.2",0.665733040396609,0.0521519608894255,1,1,1
"RP11-473C19.1",0.665799393304264,0.148521097179691,1,1,1
"RP11-320G24.1",0.665869944218333,0.257500480371531,0.4,0.667,1
"KRTAP5-AS1",0.665996863944678,0.135048956605584,1,1,1
"AC093639.1",0.66636247894486,0.244656778291121,1,1,1
"CTD-2001C12.1",0.666368797330682,0.155923663989356,1,1,1
"CTD-2184D3.7",0.666738148823133,0.276777109127204,1,0.667,1
"RP11-230C9.2",0.666814998635018,0.240917967609985,1,1,1
"RP11-268G13.1",0.667024022525579,0.255809072081152,0.8,0.833,1
"RP11-953B20.1",0.667045311329988,0.185615921100506,1,1,1
"RP11-219B4.7",0.66712258891018,0.247634814345211,1,1,1
"RP1-286D6.5",0.667130086423883,0.264841812441318,0.4,0.333,1
"RP11-731C17.2",0.667239717102741,0.254808679470513,1,1,1
"LINC01405",0.667381184215595,0.266759897003103,0.4,0.167,1
"RP11-305P22.9",0.667527325129972,0.247221312179351,1,1,1
"PCA3",0.667578654908061,0.222383486221752,1,1,1
"XXbac-BPG294E21.9",0.66779724289304,0.234250709615473,1,1,1
"MORC1-AS1",0.667921775679183,0.265121379729807,0.6,0.5,1
"RP11-382A20.4",0.667936758396066,0.145158825069293,1,1,1
"RP11-126K1.9",0.667972103635911,0.250502432616837,0.6,0.833,1
"RP4-550H1.7",0.668051485387496,0.264567462847808,0.2,0.167,1
"CTD-3193O13.14",0.668621459980289,0.26567644313647,0.6,0.5,1
"SLC16A1-AS1",0.668715878663389,-0.000295844847232107,1,1,1
"CTB-73N10.1",0.668831712986739,0.258231539060231,0.6,0.5,1
"CTD-2125J1.1",0.66937025135107,0.259227819047153,0.8,0.667,1
"GS1-114I9.1",0.669393944804622,0.265595961736742,0.6,0.667,1
"CTD-2215E18.2",0.669421812517039,0.243025169121671,1,0.833,1
"SPATA41",0.669446553951526,0.246345920893839,1,1,1
"RP11-95O2.5",0.669535571180572,0.219813432883885,1,1,1
"AC005301.9",0.669825404127295,0.143759252179734,1,1,1
"GS1-166A23.2",0.66989469893917,0.260421338388149,0.8,1,1
"AC007880.1",0.669902462624793,0.245886610287689,1,1,1
"RP5-1184F4.5",0.670206366565381,0.257009869912945,0.4,0.5,1
"GABPB1-AS1",0.670291345625722,-0.0610208223193882,1,1,1
"RP11-659F24.1",0.670404722104972,0.257236086363783,0.6,0.5,1
"RP11-499E18.1",0.670625377745057,0.263450938725279,0.6,0.833,1
"LINC00604",0.670762854092905,0.255858361220264,0.6,1,1
"RP11-38L15.8",0.670882297024894,0.265225016167527,0.6,0.333,1
"LINC01063",0.671143656952351,0.262890743412771,1,1,1
"CTB-140J7.2",0.6716037212625,0.259410636697323,0.2,0.333,1
"AATBC",0.6716309111098,0.265420983471209,0.6,0.667,1
"CTD-2007L18.5",0.671643159483138,0.26254960937443,1,0.833,1
"RP11-48G14.3",0.671981565052361,0.25787033922676,0.4,0.5,1
"RP11-299P2.2",0.672088358277927,0.26604786680343,0.4,0.167,1
"CTD-2547G23.4",0.672219723418617,0.183085078452355,1,1,1
"CTD-2636A23.2",0.672245549919339,0.258316688973911,1,1,1
"RP13-39P12.3",0.672510757338217,0.26417573649721,1,0.833,1
"RP13-582O9.7",0.672654972397639,0.266964522361357,1,0.833,1
"RP11-297M9.2",0.672800996085325,0.266707776919014,1,0.833,1
"LINC00942",0.673009154234054,0.255896817870036,0.4,0.667,1
"MAMDC2-AS1",0.673142679476782,0.198538482772363,1,1,1
"RP11-669E14.4",0.673268525785678,0.266299355655845,1,0.5,1
"STK4-AS1",0.673374090013885,0.265066811803659,0.4,0.167,1
"RP1-137H15.2",0.673439533439039,0.266379732647978,0.4,0.167,1
"CTD-2336O2.1",0.673483210973992,0.22212023763614,1,1,1
"RP11-325E5.1",0.673971411516384,0.265705429663283,0.6,0.333,1
"RP11-593F23.1",0.674054471191841,0.26518723452102,0.8,0.833,1
"RP11-412H8.2",0.674142983983448,0.25004043052377,1,0.833,1
"RP11-644F5.16",0.674459583937925,0.256706062592978,0.4,1,1
"CTD-2528A14.5",0.674484635010936,0.256989922219431,0.6,0.5,1
"RP11-1149M10.1",0.6752031136881,0.271131963815942,0.4,0.667,1
"ZSCAN16-AS1",0.675364387580251,0.167737316208321,1,1,1
"LINC01375",0.675395732186347,0.253720133742022,0.6,0.5,1
"TDRG1",0.675417377180646,0.263553165196639,0.8,0.667,1
"RP11-379L18.3",0.675513730441979,0.255921145021526,0.6,0.833,1
"SNHG8",0.675657389077955,0.215189325954927,1,1,1
"PLCE1-AS1",0.675691635705907,0.259128597117839,0.2,0.333,1
"DUBR",0.675849200925705,-0.0456757342593377,1,1,1
"RP11-527H14.1",0.675873907086703,0.265221255962905,0.4,0.167,1
"AC034228.4",0.676098924675809,0.242098968084496,0.8,1,1
"RP11-320P7.2",0.676221608831647,0.26223885310242,1,1,1
"RP11-81F13.1",0.676338157619831,0.266245639139184,0.4,0.167,1
"KB-431C1.5",0.676434942515955,0.263450867883803,0.6,0.833,1
"RP11-1C8.4",0.676494959463174,0.193595130039946,1,1,1
"RP1-179N16.6",0.676592263631383,0.18822792151293,1,1,1
"AP001505.10",0.676903996576083,0.209241634774833,1,1,1
"RP11-101O21.1",0.676965787874305,0.239276754420564,1,0.833,1
"RP5-1121H13.4",0.677125288613146,0.248291136145787,0.4,0.667,1
"LINC01503",0.677199660298398,0.204657928781063,1,1,1
"RP11-752L20.5",0.677230600784386,0.26666083450109,0.8,0.833,1
"RP11-403D15.2",0.677265717024757,0.25801244126888,0.4,0.5,1
"GRIK1-AS1",0.677336800220891,0.247201886807449,1,1,1
"RP11-1060J15.7",0.677368805582349,0.263907126277533,0.4,0.667,1
"RP11-473E2.2",0.677530998287479,0.256498413275754,1,1,1
"RP11-114L10.2",0.67753142990769,0.257104241659929,0.8,0.667,1
"LINC01442",0.677633714314541,0.255663612039749,0.6,0.667,1
"RP1-71H24.1",0.677639518851199,0.237034139175809,1,1,1
"CATIP-AS2",0.677960814184272,0.257645031255896,1,1,1
"RP1-122P22.2",0.678039714748052,0.0574973832553287,1,1,1
"RP11-507B12.1",0.67814467420055,0.224530493002442,1,1,1
"RP11-1263C18.2",0.678277419039228,0.167219543978379,1,1,1
"AC078883.4",0.678363213968099,0.26658936020814,0.2,0.167,1
"RP11-109D20.1",0.678512527900295,0.263387610017656,1,0.833,1
"RP11-384M15.3",0.678642378782172,0.263167586842897,1,0.667,1
"RP11-755B10.3",0.678662403170416,0.266827789752221,0.6,0.667,1
"LINC01558",0.678862700099128,0.265358556317115,0.4,0.167,1
"CTC-273B12.5",0.679033950042959,0.26527969621723,0.4,0.333,1
"CEBPA-AS1",0.679070742805423,0.26270119050604,0.8,0.833,1
"SHANK2-AS1",0.679136684274335,0.25398249249143,0.4,0.667,1
"WDFY3-AS1",0.679276302187791,0.273419555470269,1,0.667,1
"RP5-826L7.1",0.67933329102855,0.264549656434268,0.4,0.333,1
"RP11-316M21.7",0.67933329102855,0.264549656434268,0.4,0.333,1
"AC008834.1",0.67955430664332,0.230964867159769,1,1,1
"RP11-112L6.2",0.679578166623765,0.259588778487051,0.2,0.333,1
"RP11-574F21.2",0.679669539164866,0.26474688453719,0.8,0.5,1
"AC105402.4",0.679700240557556,0.290128167952657,1,1,1
"CTD-3187F8.11",0.67974474611231,0.259086525664107,0.4,0.333,1
"MIR133A1HG",0.68005051501293,0.256790033085107,0.4,0.833,1
"RNASEH2B-AS1",0.680121877995763,0.250033991511273,1,1,1
"RP11-66B24.9",0.68024669815566,0.261579720719858,0,0.333,1
"RP11-961A15.1",0.680317620067145,0.265248894526418,0.6,0.5,1
"RP4-584D14.5",0.680423142624111,0.262936085376684,0.8,1,1
"WWTR1-AS1",0.680579306563278,0.265826107063999,0.8,0.5,1
"MIR940",0.68084898495223,0.227819483067356,1,1,1
"AC005253.2",0.680950591268686,0.257684906208184,1,1,1
"CTB-107G13.1",0.680995997271365,0.249454847005315,1,1,1
"RP11-879F14.1",0.681128442115675,0.16704997914667,1,1,1
"RP11-332J15.2",0.681136571976961,0.256402013642499,0.8,0.833,1
"GATA2-AS1",0.681257150338024,0.27026078174982,1,1,1
"AC009955.8",0.681272887844172,0.259540045127068,0.4,0.5,1
"CTB-92J24.3",0.681468540826449,0.261074610576921,1,0.833,1
"RP11-498M5.2",0.681477951470295,0.257230090855659,1,1,1
"RP1-59D14.5",0.681501486510571,0.257331768092831,0.4,0.667,1
"RP11-756H6.1",0.681715538309787,0.257798023803212,0.4,0.167,1
"CTD-2659N19.4",0.681800310702944,0.26443590247806,0.4,0.333,1
"RP5-945F2.2",0.681802829150251,0.266169989690519,0.8,0.667,1
"CNOT10-AS1",0.681955053909592,0.265790402329454,0.8,0.667,1
"CTB-180C19.1",0.682146976467315,0.25444688787434,0.6,0.833,1
"AC007098.1",0.682160738916731,0.255864634319083,1,1,1
"RP11-57H12.3",0.682225239875114,0.132913496881699,1,1,1
"AP000318.2",0.682242470340581,0.233619029694529,1,1,1
"RP11-96D24.1",0.682486115732539,0.21889165522757,1,1,1
"RP5-1186P10.2",0.682488858007917,0.255424433889405,0.6,0.833,1
"RP1-50J22.4",0.6825306279657,0.259905660185844,0.2,0.5,1
"RP11-502I4.3",0.682627456273486,0.256537739838893,0.8,0.833,1
"LATS2-AS1",0.682697860545399,0.264976038276192,0.8,0.833,1
"RP11-324I22.2",0.682827096379478,0.245711220211663,0.6,1,1
"RP11-219B4.5",0.682881143506921,0.2661924589806,0.8,0.833,1
"RP11-363G15.2",0.683182332533966,0.243820396141708,1,1,1
"AC002539.1",0.683331781453839,0.208223182920446,1,1,1
"RP11-255I10.2",0.683418613397293,0.265072852399064,1,0.833,1
"RP11-343H19.1",0.683620446270287,0.185684814272513,1,1,1
"RP11-120K9.2",0.68366121247626,0.263580727695455,0.8,0.833,1
"RP11-302L19.3",0.683785555411021,0.238469472447082,1,1,1
"RP11-6B19.1",0.684023782469141,0.264863716195881,0.4,0.167,1
"CTC-265N9.1",0.68404111691708,0.263389260509241,1,0.833,1
"U52111.14",0.684250883253313,0.25625318088471,1,1,1
"RP11-774O3.3",0.684262827724568,0.173300240297235,1,1,1
"LINC00887",0.684425152850052,0.249872111507751,1,1,1
"RP11-159D23.2",0.684519439304538,0.265098757663899,0.4,0.167,1
"COL18A1-AS1",0.684544243996962,0.257241550951669,0.2,0.5,1
"CHODL-AS1",0.684700042448137,0.262433327631033,1,0.833,1
"RP11-269F20.1",0.68471675243687,0.265584337935568,0.4,0.167,1
"DOCK9-AS2",0.68472036477813,0.251848613132538,1,1,1
"AC026471.6",0.684927006974815,0.265187071446101,0.6,0.5,1
"BAIAP2-AS1",0.684956007011604,0.24646324397458,1,1,1
"RP1-228P16.8",0.68501932204948,0.264293419569569,0.6,0.667,1
"RP11-154H23.4",0.685051388775397,0.217961454443928,1,1,1
"CTB-7E3.1",0.685057533387716,0.25483735896167,0.8,0.833,1
"AC062021.1",0.685102858205567,0.220367116052974,1,1,1
"AC104777.4",0.685159102583147,0.26546976045912,0.6,0.5,1
"RP11-264L1.4",0.685179700462699,0.261104257658016,1,1,1
"TTC39C-AS1",0.68534154991961,0.258821985442333,0.8,1,1
"RP11-434H14.1",0.685362554207921,0.267261873600821,1,1,1
"LINC01378",0.685376516353761,0.226256893967039,1,1,1
"RP11-159H22.2",0.685468278369676,0.247552873655305,1,1,1
"RP11-413B19.2",0.685524492148924,0.251854320890009,1,1,1
"RP11-790J24.1",0.685614033484909,0.264696081161102,0.4,0.5,1
"RP11-103C16.2",0.685647138081285,0.213214682790602,1,1,1
"RP5-1142A6.2",0.68572233829489,0.268135067437845,0.8,0.667,1
"RP11-102C16.3",0.685774338803473,0.261624430885711,0,0.167,1
"AC093702.1",0.685774338803473,0.261624430885711,0,0.167,1
"AC073257.2",0.685774338803473,0.261624430885711,0,0.167,1
"RP11-700N1.1",0.685774338803473,0.261624430885711,0,0.167,1
"RP11-325L7.2",0.685774338803473,0.261624430885711,0,0.167,1
"RP11-456H18.2",0.685774338803473,0.261624430885711,0,0.167,1
"RP11-505P4.6",0.685774338803473,0.261624430885711,0,0.167,1
"DDC-AS1",0.685774338803473,0.261624430885711,0,0.167,1
"CTA-398F10.1",0.685774338803473,0.261624430885711,0,0.167,1
"RP11-659E9.4",0.685774338803473,0.261624430885711,0,0.167,1
"RP11-557C18.4",0.685774338803473,0.261624430885711,0,0.167,1
"RP11-144A16.8",0.685774338803473,0.261624430885711,0,0.167,1
"C9orf135-AS1",0.685774338803473,0.261624430885711,0,0.167,1
"RP11-713P17.5",0.685774338803473,0.261624430885711,0,0.167,1
"RP11-713P17.4",0.685774338803473,0.261624430885711,0,0.167,1
"LINC01520",0.685774338803473,0.261624430885711,0,0.167,1
"LA16c-381G6.1",0.685774338803473,0.261624430885711,0,0.167,1
"RP11-483K5.3",0.685774338803473,0.261624430885711,0,0.167,1
"RP11-126K15.1",0.685774338803473,0.261624430885711,0,0.167,1
"TTTY11",0.685774338803473,0.261624430885711,0,0.167,1
"RP11-555K2.4",0.685774338803473,0.261624430885711,0,0.167,1
"RP11-554E23.4",0.685841461770471,0.265144393332801,0.4,0.333,1
"CTA-212A2.2",0.685937830830316,0.26040415611859,0.2,0.333,1
"RP11-420K8.1",0.685987428260388,0.251954297878349,1,1,1
"RP11-856M7.6",0.686238555299491,0.249758677125811,0.8,0.833,1
"RP11-12A16.3",0.68631296471698,0.257427395757407,0.4,0.5,1
"RP11-643M14.1",0.686640226747072,0.248476616578599,0.8,1,1
"GPC5-AS1",0.686865204552748,0.273127994721744,0.6,0.5,1
"RP11-572M11.3",0.686922226025391,0.265187625207981,0.4,0.333,1
"RP11-30L15.6",0.686928304310557,0.241708173813123,1,1,1
"RP5-1142A6.9",0.687058464057617,0.260167859637642,0.8,0.667,1
"RP11-474G23.2",0.687072218699239,0.257870838024222,0.6,0.833,1
"RP11-62I21.1",0.687249233502405,0.216573177534964,1,1,1
"RP11-231E4.3",0.687295014957831,0.239166627038997,0.6,0.5,1
"RP4-704D21.2",0.687578680739826,0.265580917064156,0.6,0.5,1
"RP11-389G6.3",0.687664470566965,0.223025618506908,1,1,1
"RP11-522I20.3",0.687754088958807,0.250177673543126,1,1,1
"CFAP58-AS1",0.687776976921335,0.265102909915765,0.4,0.167,1
"RP11-348P10.2",0.687946141741155,0.251751376061704,1,1,1
"RP11-223C24.2",0.688515991684676,0.265360720686417,0.2,0.167,1
"AC073071.1",0.6885915474678,0.247143325057531,1,1,1
"RP11-582E3.2",0.688618846518098,0.248270787265511,1,1,1
"RP11-706J10.2",0.688748031435237,0.254237038746274,0.4,0.667,1
"RP11-85G18.6",0.688856300159554,0.239283877875864,1,1,1
"SNAP25-AS1",0.688873977038013,0.239952779453243,1,1,1
"RP11-438L19.1",0.688887111127682,0.246126045172894,1,1,1
"EP300-AS1",0.68898829318638,0.24976149541349,1,1,1
"RP11-27M9.1",0.689178443504046,0.239202504773054,1,1,1
"AC016909.1",0.689362265769454,0.255206615678496,1,1,1
"RP11-281N10.1",0.689374809976991,0.255696438837453,0.6,0.833,1
"RP4-683L5.1",0.689546550008941,0.254934546799674,0.4,0.5,1
"RP11-508O18.1",0.689696104763082,0.264520814650802,0.4,0.333,1
"LINC00534",0.68984157262197,0.140232570482269,1,1,1
"CTD-2378E12.1",0.68984569540513,0.0644465019573932,1,1,1
"RP5-1115A15.1",0.690116575624222,0.254458064326569,1,1,1
"RP11-843P14.2",0.690291064994646,0.259885309614933,1,1,1
"RP11-143J24.1",0.690438020584538,0.228317622063665,1,1,1
"RP1-37C10.3",0.69056453950458,0.262176189201059,1,1,1
"CTD-2541M15.3",0.690586244342248,0.244991113344781,0.8,1,1
"BSN-AS2",0.690730467417955,0.256065322329371,1,1,1
"RP4-568F9.6",0.69091084901024,0.245495264817884,0.8,1,1
"RP11-396C23.2",0.691037208760271,0.237751726310263,1,1,1
"RP4-630C24.3",0.691078068705003,0.173554100654028,1,1,1
"LINC01492",0.69112102184282,0.252752889664159,1,1,1
"CTB-32O4.2",0.691191024770865,0.220618942816105,1,1,1
"RP11-547D24.1",0.691205618761335,0.265531562244746,0.6,0.333,1
"CTD-2560E9.3",0.691222379213301,0.258766987846209,0.2,0.5,1
"AC005944.2",0.691438432905886,0.262515986254883,0.8,1,1
"CTD-2302M15.1",0.691512810845041,0.265275072568572,0.6,0.333,1
"RP11-70L8.4",0.691558297878897,0.259971716872076,0.2,0.5,1
"RP5-994D16.3",0.691697714228566,0.258979947100372,1,1,1
"DSG2-AS1",0.691910480027759,0.260273555516004,0.2,0.333,1
"RP11-83B20.1",0.691965942475407,0.266119673580406,0.8,0.5,1
"AL591893.1",0.691975301224127,0.254127626079217,1,1,1
"LINC00460",0.692173371771433,0.259693635322368,0.2,0.5,1
"RP3-500L14.2",0.69221783732755,0.265066443993913,0.4,0.333,1
"RP4-529N6.2",0.692238242964326,0.258672596518245,0.4,0.667,1
"CTD-2588E21.1",0.692251618255349,0.261950684726958,0.8,0.833,1
"CTC-366B18.4",0.692325493588193,0.247123450714709,1,1,1
"CTC-458G6.4",0.692374762227281,0.259663832286036,0.2,0.167,1
"PKI55",0.692558206732317,0.188663696369355,1,1,1
"SCAMP1-AS1",0.692950797210314,0.188561105555865,1,1,1
"FAM41C",0.693000505980845,0.264468998312909,1,1,1
"CTC-457L16.2",0.69333884952963,0.265185296165829,0.6,0.333,1
"RP11-706O15.5",0.693355042546746,0.278910001978652,0.4,0.167,1
"RP11-182J1.18",0.693454790157251,0.151222324909356,1,1,1
"RP11-235C23.5",0.693463961307301,0.265078390693434,0.4,0.167,1
"RP11-262K1.1",0.693542364692616,0.25871471420557,1,1,1
"AP003025.2",0.693623059922526,0.236767363982318,1,1,1
"RAB11B-AS1",0.69378079563273,0.206137890002893,1,1,1
"RP11-498P14.3",0.693802269471087,0.249136658195264,1,1,1
"RP11-6N17.10",0.693924193094109,0.263979345187307,0.8,0.667,1
"AC142472.6",0.694045282021191,0.228754309077197,1,1,1
"AC009478.1",0.69405919485219,0.245934538268208,1,1,1
"LINC00971",0.694477119292513,0.241560605561637,0.8,1,1
"RP11-118E18.2",0.694541174309654,0.265167159153079,0.4,0.167,1
"RP5-1139B12.2",0.694543025865146,0.253075063897626,0.8,0.833,1
"FGF10-AS1",0.69460831224222,0.267338388514663,0.8,0.833,1
"RP5-984P4.4",0.694609843383149,0.265965959883178,0.4,0.167,1
"RP13-753N3.3",0.694628152868363,0.265616759644083,1,0.667,1
"RP11-83A16.1",0.694695236468136,0.266989666177536,0.8,0.667,1
"RP11-439K3.1",0.695123098635206,0.263656601618662,1,0.833,1
"CTC-297N7.1",0.695175816259953,0.258840501130278,0.2,0.333,1
"RP11-500G22.4",0.695354717122255,0.249530028627081,0.8,1,1
"RP11-18I14.11",0.695534681075844,0.264890329977868,0.6,0.667,1
"RP11-460H9.1",0.695535992577826,0.276322727016062,0.8,0.667,1
"RP11-459F6.3",0.695553402268376,0.213537198194468,1,1,1
"FGF14-AS2",0.695600522998412,0.248656932754916,1,1,1
"CTD-2525I3.2",0.69561252751613,0.264759009004551,0.8,0.667,1
"LINC01270",0.69568260345713,0.261194147836526,1,1,1
"AC116614.1",0.695780629937959,0.247819723951623,1,0.833,1
"RP11-90D4.3",0.695872744568685,0.201420901932133,1,1,1
"AP000255.6",0.696219706755996,0.265749239822343,0.4,0.5,1
"RP11-817O13.8",0.69637999412544,0.265187783421327,1,0.833,1
"CTB-35F21.1",0.696484994850862,0.157972906105635,1,1,1
"CTC-379B2.4",0.696595044637432,0.257530884825209,0.4,0.667,1
"AC007251.2",0.696762240087976,0.257498965136931,1,1,1
"AC006942.4",0.696795950578509,0.254490274688313,0.6,0.833,1
"LINC00687",0.696813415458037,0.246055924018479,1,1,1
"RP11-31I22.3",0.696866720759279,0.278201033831321,0.6,0.5,1
"RP11-94B19.3",0.696873985890248,0.260355707626275,0.2,0.333,1
"RP11-798G7.6",0.696941696477097,0.260514402927872,1,1,1
"NTRK3-AS1",0.696954058726199,0.225557014239375,1,1,1
"RP11-413H22.3",0.697015889465245,0.217529079228011,1,1,1
"TRAPPC12-AS1",0.697239385888001,0.267944236884436,0.8,0.667,1
"RP11-262H14.4",0.697441577969313,0.241265445078711,1,1,1
"C2orf27B",0.697513033580232,0.257485044426428,1,1,1
"RP5-837I24.4",0.697581962053102,0.266162461141317,1,1,1
"AC016716.2",0.697699881658506,0.263514872031751,1,1,1
"CABIN1",0.697703655913254,0.153141668328588,1,1,1
"RP11-618K13.2",0.697777847887334,0.250303187970542,0.8,0.833,1
"RP11-313E19.2",0.697884575670223,0.243520969645576,1,1,1
"RP13-653N12.1",0.697910709129338,0.264066660539153,0.6,0.5,1
"C20orf203",0.698072217828411,0.2539400543514,0.6,0.833,1
"RP11-1114A5.4",0.698349969088236,0.058849616837937,1,1,1
"RP11-408B11.2",0.698445488488911,0.264493514293094,0.6,0.667,1
"RP11-19P22.8",0.698477602762919,0.26548795753718,0.4,0.167,1
"RP3-425P12.5",0.698722864117263,0.256180571404872,0.6,0.833,1
"CTD-2282P23.2",0.698737665728767,0.252660570750372,1,1,1
"RP11-164P12.4",0.698817613568335,0.262678539803348,0.6,0.667,1
"RP11-432J22.2",0.698902853869691,0.251978061443408,1,1,1
"RP11-304F15.6",0.699450166492108,0.258617785092475,1,0.833,1
"RP11-485G7.5",0.6994533567714,0.265033122037797,0.4,0.167,1
"RP3-473B4.3",0.699484941325435,0.252689029843647,0.2,0.5,1
"CTB-4E7.1",0.699739827663945,0.262924552784589,0.8,1,1
"RP11-325L12.6",0.699818385741533,0.25662365073099,1,1,1
"AC007461.2",0.699855791732643,0.257113281022356,0.6,0.667,1
"RP11-463D19.1",0.699859123195415,0.252314074041253,1,1,1
"RP11-830F9.6",0.699942135730698,0.260533067300863,1,1,1
"RP11-697E22.2",0.700193857474136,0.23560509333833,1,1,1
"ADGRL3-AS1",0.700244772718848,0.261118403771976,1,1,1
"LA16c-321D4.2",0.700395869039505,0.228311484694939,1,1,1
"RP11-961A15.3",0.700468861067713,0.26479904156153,0.6,0.333,1
"RP11-427M20.1",0.700499342880965,0.264441004823033,1,1,1
"RP11-536C10.4",0.700638008832021,0.248247688999678,0.8,1,1
"RP11-603J24.5",0.701245361498866,0.25971976031093,1,1,1
"AC002398.13",0.701252556918352,0.258118732613908,0.6,0.667,1
"AC105760.3",0.701322904726299,0.259015955922649,1,1,1
"LINC00473",0.701552678518433,0.239657896172102,0.6,0.667,1
"NEURL1-AS1",0.701638202320268,0.248979656709835,1,1,1
"RP11-375O18.2",0.701745727865641,0.260457231335397,0.2,0.5,1
"RP11-156E8.1",0.701959952087326,0.251189368947991,1,1,1
"RP11-30G8.1",0.702027400052976,0.265144506333553,0.4,0.333,1
"RP11-573D15.8",0.702810154038727,0.203564343009214,1,1,1
"CTD-2524L6.3",0.702882543164759,0.267234345616096,0.8,0.667,1
"LINC01203",0.703180299242139,0.259379972386948,0.2,0.5,1
"RP11-370I10.12",0.703274474984429,0.228990780469993,1,1,1
"CTB-113P19.3",0.703323808278378,0.264973302364511,0.8,1,1
"RP11-720L8.1",0.703448962296556,0.172298586188593,1,1,1
"RP4-764O22.1",0.703501551685265,0.264940451641425,1,1,1
"RP11-438D8.2",0.703567042131873,0.210299748411677,1,1,1
"RP5-827C21.4",0.703647268276117,0.235002127116207,1,1,1
"RP11-555M1.3",0.703659338852686,0.244817453551245,1,1,1
"CTD-3088G3.6",0.703699989304493,0.258620839813966,0.2,0.167,1
"RP4-777O23.2",0.70391003016498,0.264414811396169,1,1,1
"RP11-335O13.7",0.70395699577635,0.261868579191816,0,0.167,1
"AC108488.4",0.70395699577635,0.261868579191816,0,0.167,1
"AC007249.3",0.70395699577635,0.261868579191816,0,0.167,1
"AC109642.1",0.70395699577635,0.261868579191816,0,0.167,1
"AC007250.4",0.70395699577635,0.261868579191816,0,0.167,1
"AC013269.4",0.70395699577635,0.261868579191816,0,0.167,1
"AC112721.2",0.70395699577635,0.261868579191816,0,0.167,1
"RP11-689P11.3",0.70395699577635,0.261868579191816,0,0.167,1
"RP11-145H9.3",0.70395699577635,0.261868579191816,0,0.167,1
"RP11-679B17.2",0.70395699577635,0.261868579191816,0,0.167,1
"AC006150.1",0.70395699577635,0.261868579191816,0,0.167,1
"RP11-13E5.2",0.70395699577635,0.261868579191816,0,0.167,1
"RP11-618M23.2",0.70395699577635,0.261868579191816,0,0.167,1
"RP11-1D12.2",0.70395699577635,0.261868579191816,0,0.167,1
"KB-1299A7.2",0.70395699577635,0.261868579191816,0,0.167,1
"RP5-1050E16.2",0.70395699577635,0.261868579191816,0,0.167,1
"IGF2-AS",0.70395699577635,0.261868579191816,0,0.167,1
"CTD-2589M5.4",0.70395699577635,0.261868579191816,0,0.167,1
"RP11-315O6.2",0.70395699577635,0.261868579191816,0,0.167,1
"RP11-433J20.2",0.70395699577635,0.261868579191816,0,0.167,1
"RP11-256L6.2",0.70395699577635,0.261868579191816,0,0.167,1
"RP11-497G19.3",0.70395699577635,0.261868579191816,0,0.167,1
"RP11-248G5.9",0.70395699577635,0.261868579191816,0,0.167,1
"CTD-2515H24.4",0.70395699577635,0.261868579191816,0,0.167,1
"RP11-426C22.7",0.70395699577635,0.261868579191816,0,0.167,1
"AC010761.9",0.70395699577635,0.261868579191816,0,0.167,1
"RP11-138C9.1",0.70395699577635,0.261868579191816,0,0.167,1
"RP11-666A8.9",0.70395699577635,0.261868579191816,0,0.167,1
"RP11-94B19.1",0.70395699577635,0.261868579191816,0,0.167,1
"RP5-1022J11.2",0.70395699577635,0.261868579191816,0,0.167,1
"MIR1-1HG",0.70395699577635,0.261868579191816,0,0.167,1
"AC004449.6",0.70395699577635,0.261868579191816,0,0.167,1
"CTD-2331H12.7",0.70395699577635,0.261868579191816,0,0.167,1
"RP5-827C21.6",0.703990949363479,0.25635030033001,1,1,1
"KB-1410C5.3",0.70419394732875,0.259432177273772,0.2,0.333,1
"CTB-129P6.4",0.704286014305597,0.250274348353899,1,1,1
"LINC01616",0.704294467955575,0.237239560314225,0.8,1,1
"RP4-549L20.3",0.704343408882258,0.254568353536346,1,1,1
"RP11-65J3.3",0.704383494951407,0.251424300886978,1,1,1
"RP11-33B1.3",0.704514085349774,0.255133924769881,0.6,0.667,1
"RP11-98I9.4",0.70457490675937,0.132183332549348,1,1,1
"NIFK-AS1",0.704623849712232,0.134519319271742,1,1,1
"KB-7G2.9",0.704654097468736,0.262947540008944,0.8,0.833,1
"CTC-241F20.4",0.704959549396741,0.258848104893907,0.6,0.667,1
"AC105760.2",0.705005240806295,0.218695282275504,1,1,1
"RP1-90G24.11",0.705007777649761,0.2502738458995,1,1,1
"RP1-104O17.3",0.705186819144183,0.259825648578695,0.2,0.333,1
"FAM170B-AS1",0.705186819144183,0.259825648578695,0.2,0.333,1
"RP11-689C9.1",0.70531553950462,0.250916893049399,1,1,1
"LINC01353",0.70545037694864,0.259777721305555,0.6,0.833,1
"AC125421.1",0.705560451204215,0.25966609282091,0.4,0.333,1
"DNMBP-AS1",0.705733632662386,0.221100524983776,1,1,1
"RP11-169K16.4",0.705766991618287,0.252384700326929,0.4,0.833,1
"AP001055.6",0.70616851337308,0.248966953285479,1,1,1
"FGF12-AS1",0.706270367516697,0.265916817062396,1,1,1
"CTD-2583P5.3",0.706346112301885,0.264956643814376,0.8,0.5,1
"CTD-3046C4.1",0.706377350954336,0.265453186820971,0.8,0.833,1
"RP11-334E6.3",0.706495045959437,0.262121719400309,0.8,0.833,1
"RP11-603J24.4",0.706672373712927,0.255628500601021,1,1,1
"NCBP2-AS1",0.706899810524231,0.257370904365711,0.4,0.667,1
"AC005076.5",0.707069304887085,0.243433513383251,1,1,1
"RP11-556G22.2",0.707074196761814,0.269730833545295,1,0.833,1
"RP11-384C4.7",0.707153073680027,0.200796769011065,1,1,1
"RP11-113K21.4",0.707162829665527,0.185642880030717,1,1,1
"RP11-728E14.2",0.707203507873675,0.260142412229196,0.2,0.333,1
"UBR5-AS1",0.707249006570403,0.15477685400187,1,1,1
"AC106900.6",0.707296689715907,0.264761211043433,0.4,0.333,1
"XXYLT1-AS2",0.707355867262004,0.255430601242445,0.4,0.667,1
"LINC01033",0.707549195479927,0.258725078499562,1,1,1
"RP4-669P10.16",0.707646140296049,0.253919038182599,1,1,1
"RGPD4-AS1",0.708037886045923,0.261590458192287,0,0.167,1
"RP11-461L13.4",0.708037886045923,0.261590458192287,0,0.167,1
"AC073094.4",0.708037886045923,0.261590458192287,0,0.167,1
"RP11-622O11.4",0.708037886045923,0.261590458192287,0,0.167,1
"RP11-403N16.2",0.708037886045923,0.261590458192287,0,0.167,1
"AL022344.7",0.708037886045923,0.261590458192287,0,0.167,1
"RP11-219F10.1",0.708037886045923,0.261590458192287,0,0.167,1
"RP5-1022P6.4",0.708037886045923,0.261590458192287,0,0.167,1
"RP4-614C15.2",0.708037886045923,0.261590458192287,0,0.167,1
"RP1-231P7P.1",0.708037886045923,0.261590458192287,0,0.167,1
"AC002465.2",0.708037886045923,0.260179681402287,0,0.167,1
"RP11-366L20.4",0.708037886045923,0.260179681402287,0,0.167,1
"LINC01566",0.708037886045923,0.260179681402287,0,0.167,1
"CTD-2008P7.3",0.708037886045923,0.260179681402287,0,0.167,1
"AC008103.3",0.708037886045923,0.260179681402287,0,0.167,1
"RP11-106M3.3",0.708134642504579,0.227325518692642,1,1,1
"CTB-11I22.1",0.70818319702962,0.254994143917143,0.6,0.833,1
"RP11-70D24.2",0.708277295506357,0.262481019925453,1,1,1
"RP11-574O16.1",0.708731743141442,0.260165539394083,0.4,0.5,1
"CTB-113D17.1",0.708937078657611,0.162057540627733,1,1,1
"RP3-453P22.2",0.708988764512941,0.264652187724229,0.4,0.5,1
"RP11-32D16.1",0.70919804983811,0.252266838926785,1,1,1
"RP11-638I2.6",0.70921061654248,0.251109237029084,1,0.833,1
"UPK1A-AS1",0.709251350278872,0.264126699015699,0.6,0.667,1
"AC010149.4",0.709812858457898,0.25856078811974,1,1,1
"RP11-6J21.2",0.709870607582714,0.251978966846315,1,1,1
"RP11-613D13.8",0.7100499937006,0.264963376205369,0.4,0.167,1
"LINC01023",0.710151928000615,0.246814376999209,1,1,1
"RP11-109A6.3",0.710390098199245,0.250104089706719,1,1,1
"CTD-2162K18.4",0.71045935195785,0.254754351872684,1,1,1
"RP11-66H6.3",0.710565014324471,0.255042640794655,1,1,1
"RP11-484L8.1",0.710582578106478,0.264797029826776,1,0.667,1
"RP11-328J6.1",0.710651950943087,0.250888123605553,1,1,1
"RP11-1017G21.5",0.710884962750431,0.234107437051871,1,1,1
"AF064860.7",0.711011942546998,0.265689475295443,1,0.667,1
"RP11-457M11.5",0.711341516443844,0.232956926054671,1,1,1
"RP11-703H8.9",0.711669037962244,0.263810170967183,0.8,1,1
"RP5-855F16.1",0.711830952470152,0.261824569009785,1,0.833,1
"RP1-37J18.2",0.711929149460148,0.264039370208341,0.2,0,1
"RP5-930J4.2",0.711929149460148,0.264039370208341,0.2,0,1
"RP3-329E20.2",0.711929149460148,0.264039370208341,0.2,0,1
"RP11-543D5.1",0.711929149460148,0.264039370208341,0.2,0,1
"RP1-158P9.1",0.711929149460148,0.264039370208341,0.2,0,1
"AC099344.3",0.711929149460148,0.264039370208341,0.2,0,1
"AC010096.2",0.711929149460148,0.264039370208341,0.2,0,1
"BIRC6-AS1",0.711929149460148,0.264039370208341,0.2,0,1
"AC011306.1",0.711929149460148,0.264039370208341,0.2,0,1
"AC007750.5",0.711929149460148,0.264039370208341,0.2,0,1
"AC007556.3",0.711929149460148,0.264039370208341,0.2,0,1
"RP11-58O15.1",0.711929149460148,0.264039370208341,0.2,0,1
"RP11-456N14.4",0.711929149460148,0.264039370208341,0.2,0,1
"RP11-314M24.1",0.711929149460148,0.264039370208341,0.2,0,1
"ETV5-AS1",0.711929149460148,0.264039370208341,0.2,0,1
"RP11-48F14.1",0.711929149460148,0.264039370208341,0.2,0,1
"TNK2-AS1",0.711929149460148,0.264039370208341,0.2,0,1
"RP11-665C14.2",0.711929149460148,0.264039370208341,0.2,0,1
"RP11-259O2.3",0.711929149460148,0.264039370208341,0.2,0,1
"CTD-2072I24.1",0.711929149460148,0.264039370208341,0.2,0,1
"CTD-2023N9.3",0.711929149460148,0.264039370208341,0.2,0,1
"CTD-2292M14.1",0.711929149460148,0.264039370208341,0.2,0,1
"CTC-459M5.1",0.711929149460148,0.264039370208341,0.2,0,1
"CTB-105L4.2",0.711929149460148,0.264039370208341,0.2,0,1
"RP11-552E20.1",0.711929149460148,0.264039370208341,0.2,0,1
"RP3-512E2.2",0.711929149460148,0.264039370208341,0.2,0,1
"RP3-399L15.2",0.711929149460148,0.264039370208341,0.2,0,1
"RP11-497D6.3",0.711929149460148,0.264039370208341,0.2,0,1
"ELFN1-AS1",0.711929149460148,0.264039370208341,0.2,0,1
"AC010082.2",0.711929149460148,0.264039370208341,0.2,0,1
"AC073115.6",0.711929149460148,0.264039370208341,0.2,0,1
"LINC01447",0.711929149460148,0.264039370208341,0.2,0,1
"AC002064.4",0.711929149460148,0.264039370208341,0.2,0,1
"AC022173.2",0.711929149460148,0.264039370208341,0.2,0,1
"KB-1254G8.1",0.711929149460148,0.264039370208341,0.2,0,1
"RP11-35G22.1",0.711929149460148,0.264039370208341,0.2,0,1
"RP11-187C18.5",0.711929149460148,0.264039370208341,0.2,0,1
"NAV2-AS5",0.711929149460148,0.264039370208341,0.2,0,1
"FBXO3-AS1",0.711929149460148,0.264039370208341,0.2,0,1
"RP11-34C15.2",0.711929149460148,0.264039370208341,0.2,0,1
"RP11-598C10.2",0.711929149460148,0.264039370208341,0.2,0,1
"RP11-127L20.5",0.711929149460148,0.264039370208341,0.2,0,1
"RP11-863H1.1",0.711929149460148,0.264039370208341,0.2,0,1
"RP11-338E21.3",0.711929149460148,0.264039370208341,0.2,0,1
"RP11-897M7.1",0.711929149460148,0.264039370208341,0.2,0,1
"RP11-247L20.3",0.711929149460148,0.264039370208341,0.2,0,1
"RP11-286O18.1",0.711929149460148,0.264039370208341,0.2,0,1
"RP11-368P15.3",0.711929149460148,0.264039370208341,0.2,0,1
"RP11-753D20.3",0.711929149460148,0.264039370208341,0.2,0,1
"LINC00521",0.711929149460148,0.264039370208341,0.2,0,1
"RP11-138H8.3",0.711929149460148,0.264039370208341,0.2,0,1
"CTD-3037G24.4",0.711929149460148,0.264039370208341,0.2,0,1
"RP11-297C4.1",0.711929149460148,0.264039370208341,0.2,0,1
"RP11-21B23.1",0.711929149460148,0.264039370208341,0.2,0,1
"RP11-405F3.5",0.711929149460148,0.264039370208341,0.2,0,1
"RP11-486L19.2",0.711929149460148,0.264039370208341,0.2,0,1
"RP11-138I1.3",0.711929149460148,0.264039370208341,0.2,0,1
"RP11-17M24.2",0.711929149460148,0.264039370208341,0.2,0,1
"RP11-378E13.4",0.711929149460148,0.264039370208341,0.2,0,1
"AC091199.1",0.711929149460148,0.264039370208341,0.2,0,1
"RP11-700H6.2",0.711929149460148,0.264039370208341,0.2,0,1
"RP11-25I11.1",0.711929149460148,0.264039370208341,0.2,0,1
"RP11-484N16.1",0.711929149460148,0.264039370208341,0.2,0,1
"RP5-872K7.7",0.711929149460148,0.264039370208341,0.2,0,1
"RP5-955M13.4",0.711929149460148,0.264039370208341,0.2,0,1
"CTD-2265O21.7",0.711929149460148,0.264039370208341,0.2,0,1
"CTD-3032J10.3",0.711929149460148,0.264039370208341,0.2,0,1
"CTC-523E23.5",0.711929149460148,0.264039370208341,0.2,0,1
"CTD-3162L10.4",0.711929149460148,0.264039370208341,0.2,0,1
"CTB-147N14.6",0.711929149460148,0.264039370208341,0.2,0,1
"CTD-2537I9.16",0.711929149460148,0.264039370208341,0.2,0,1
"AP000345.2",0.711929149460148,0.264039370208341,0.2,0,1
"LINC00317",0.711929149460148,0.264039370208341,0.2,0,1
"LINC00113",0.711929149460148,0.264039370208341,0.2,0,1
"AP000569.9",0.711929149460148,0.264039370208341,0.2,0,1
"RP5-836J3.1",0.711956602719369,0.266044981929855,0.6,0.5,1
"AC115522.3",0.711977021551856,0.259121069381043,1,1,1
"RP11-462B18.2",0.71203191992629,0.260622625791166,1,0.833,1
"RP11-363E6.4",0.712104384808597,0.255942579738986,1,1,1
"RP11-481J2.4",0.712224235558756,0.24896144175963,1,1,1
"RP11-749H20.1",0.71242972055118,0.260647175920999,0.4,0.5,1
"SCGB1B2P",0.712842765384111,0.252649908434924,1,1,1
"RP11-509A17.3",0.71286161788328,0.264723503227706,0.4,0.5,1
"MIR4435-2HG",0.713083278018257,-0.00591653916253526,1,1,1
"ILF3-AS1",0.713194279456659,0.0660082551305416,1,1,1
"RP11-817O13.9",0.713240789792118,0.247355429509083,1,1,1
"RP11-401H2.1",0.713515973245379,0.259707296849824,0.4,0.5,1
"RP11-302M6.5",0.713543650709836,0.265052562605204,0.6,0.833,1
"CDR1-AS",0.713558439029261,0.243823313234824,1,1,1
"RP5-1112D6.4",0.713719564105119,0.254613519957782,1,1,1
"RP11-206M11.7",0.713738950956994,0.257132250408389,0.4,0.833,1
"RP11-455F5.5",0.714060314625159,0.259258060742563,0.6,0.5,1
"RP11-420B22.1",0.714188029492342,0.264485948099263,0.6,0.667,1
"RP11-67L2.2",0.714320432033537,0.193863966245921,1,1,1
"RP5-906A24.2",0.71432643531228,0.265208481602108,0.6,0.5,1
"RP11-787D18.2",0.714428293531709,0.258931136087425,1,1,1
"RP1-230L10.1",0.714457698098867,0.261095851361417,0.2,0.333,1
"RP11-147L13.14",0.714645120061081,0.21049151878482,1,1,1
"AC005235.1",0.714724414519217,0.264193936866614,0.6,0.5,1
"RP11-110I1.11",0.714845579774497,0.236229835027898,1,1,1
"GHET1",0.714858117125655,0.257964397639378,0.8,0.667,1
"EIF2B5-AS1",0.714894734818367,0.255829761426473,1,1,1
"AC005324.6",0.7148949990279,0.258555193675604,0.4,0.5,1
"AC090044.2",0.714912906456939,0.264248476155495,0.2,0.167,1
"RP11-710E1.2",0.715011699440637,0.259772913386923,0.2,0.333,1
"CH17-264L24.1",0.715218217334838,0.255576939049635,1,1,1
"RP5-1031J8.1",0.715457652308477,0.251484582523871,1,1,1
"CTD-2085J24.3",0.715546291964822,0.2573210069581,0.4,0.833,1
"RP11-78I14.1",0.71556819397838,0.264792865116762,0.4,0.333,1
"RP11-373D23.3",0.71557753524113,0.265165247481558,0.4,0.5,1
"AC084193.1",0.715884650252157,0.257158347014267,0.6,0.833,1
"RP11-362K2.2",0.715933012260902,0.210860910017409,1,1,1
"RP5-940J5.8",0.71595276292963,0.262212446524224,0.6,0.833,1
"FAM167A-AS1",0.716144628736677,0.237552898304685,1,1,1
"LINC00242",0.716468998662586,0.264548350391477,0.4,0.5,1
"RP5-823G15.5",0.716789380705323,0.261610435554557,0.8,1,1
"RP11-506O24.1",0.716824121866662,0.264935434308745,0.2,0.167,1
"CTD-2544H17.1",0.717017393041188,0.267648393632721,0.8,0.667,1
"RP11-527H14.4",0.717103351472421,0.245494142280552,1,0.833,1
"RP11-302F12.10",0.717313975978663,0.265663511980738,0.4,0.5,1
"GS1-24F4.2",0.717422929927848,0.250867070356774,1,1,1
"RP11-161M6.2",0.717670098585161,0.264285542563707,0.8,0.5,1
"RP11-61I13.3",0.717672165315607,0.197592764976414,1,1,1
"RP11-210K20.2",0.717718071256729,0.2645007562063,1,0.667,1
"RP11-504I13.3",0.717726107630836,0.270250852411972,0.8,0.5,1
"PCOLCE-AS1",0.717802288439964,0.261941118880723,1,1,1
"RP11-334C17.6",0.717972606621403,0.254378984080629,1,0.833,1
"LINC00309",0.718139876637827,0.260462775591724,1,1,1
"AC091801.1",0.718297317268522,0.252315903546142,1,0.833,1
"RP11-327I22.5",0.71845394616331,0.263794896235972,0.8,0.833,1
"RP11-328C8.4",0.718501558841577,0.265563471462178,0.8,0.667,1
"DAB1-AS1",0.71862249254055,0.265343239343611,0.2,0.167,1
"RP11-210M15.1",0.718646551733784,0.264732989544236,0.6,0.5,1
"ARRDC3-AS1",0.718750058674625,0.241977043875929,1,1,1
"RP3-449M8.9",0.718996805260544,0.262049963010658,0.8,0.833,1
"HCG24",0.719363130758575,0.263160882167333,1,1,1
"RP11-567N4.3",0.72001324895483,0.249238859997702,1,1,1
"XIAP-AS1",0.720028686689772,0.256846646981664,0.4,0.667,1
"AC092652.1",0.720131280960668,0.265187929987916,1,0.833,1
"MIR365B",0.720510133277755,0.264104799331862,0.4,0.5,1
"CTD-3025N20.3",0.720595515283168,0.221498759218055,1,1,1
"ASMTL-AS1",0.720675745707229,0.179850346064436,1,1,1
"RP11-791G15.2",0.720713550423979,0.259636429402014,0.4,0.5,1
"LINC01114",0.720913955588508,0.215134453033898,1,1,1
"C3orf79",0.721199083212351,0.264172496205535,1,0.667,1
"RP11-678G14.3",0.721272770208646,0.25751274550124,1,1,1
"AC108463.1",0.72176576573673,0.260455101954409,0.2,0.333,1
"RP4-677H15.4",0.722028521936761,0.261679268737161,0,0.167,1
"RP5-956O18.3",0.722028521936761,0.261679268737161,0,0.167,1
"AC103563.9",0.722028521936761,0.261679268737161,0,0.167,1
"RP13-494C23.1",0.722028521936761,0.261679268737161,0,0.167,1
"CTB-79E8.2",0.722028521936761,0.261679268737161,0,0.167,1
"CTB-43E15.2",0.722028521936761,0.261679268737161,0,0.167,1
"RP3-483K16.4",0.722028521936761,0.261679268737161,0,0.167,1
"RP4-584D14.6",0.722028521936761,0.261679268737161,0,0.167,1
"RP11-1144P22.1",0.722028521936761,0.261679268737161,0,0.167,1
"RP11-568J23.5",0.722028521936761,0.261679268737161,0,0.167,1
"HCG25",0.72203084861799,0.194848626157851,1,1,1
"MIR2052HG",0.722114426825256,0.20392460828713,1,1,1
"UBL7-AS1",0.722305036164578,0.229232897226317,1,1,1
"GHRLOS",0.722327629471581,0.2350226595053,1,1,1
"RP1-302D9.2",0.722644422934674,0.258005016861029,0.4,0.333,1
"RP11-697H9.2",0.722921885019704,0.262074614824066,1,1,1
"TH2LCRR",0.723050920074669,0.24583420601566,1,1,1
"CTD-2162K18.3",0.723133720662901,0.262768429662549,0.6,0.667,1
"RP11-278A23.4",0.723313511823246,0.264107721614909,0.4,0.333,1
"RP4-591C20.9",0.723341548671828,0.235599837602754,1,1,1
"RP11-680F20.10",0.7234619246362,0.25624092786651,0.6,0.833,1
"CTD-2105E13.14",0.723617853973846,0.265771063484979,0.8,0.833,1
"RP11-635L1.3",0.723680482546737,0.257254339905749,0.6,0.833,1
"RP11-690J15.1",0.723682731976054,0.252661270682567,1,1,1
"RP11-325L12.7",0.723761294966574,0.26116389842031,0.8,0.833,1
"RP11-794M8.1",0.723822625930006,0.259622782099048,0.4,0.667,1
"ALG13-AS1",0.723848471203901,0.262176981186408,1,0.833,1
"RP11-111I12.1",0.723862118640643,0.264525674135684,0.4,0.333,1
"RP11-26L16.1",0.723903796683195,0.264626045609715,0.4,0.333,1
"RP11-7F18.2",0.724101861107341,0.25407140095295,1,1,1
"RP11-527L4.6",0.724161459668993,0.260322147551789,0.2,0.5,1
"RP11-379L18.1",0.724604084117631,0.265305882834967,0.2,0.167,1
"RP11-456O19.2",0.724651909230195,0.256916973145405,0.8,0.833,1
"CTD-2378E21.1",0.724920767946342,0.268594103939153,1,0.833,1
"RP4-758J18.13",0.725236478844209,0.221280736069539,1,1,1
"RP11-64P14.7",0.725544618223531,0.258450341543356,0.8,1,1
"RP11-575L7.2",0.725648050090915,0.247881603418006,1,1,1
"MIAT",0.725684896922947,0.00703215159469499,1,1,1
"RP4-718N17.2",0.725748186092477,0.232415051145734,1,1,1
"RP5-881P19.7",0.725809307295224,0.258788739383077,0.4,0.5,1
"NHEG1",0.726330293349456,0.265882777175812,0.6,0.5,1
"RP11-104O19.4",0.72670387643273,0.252376542179381,1,1,1
"RP11-134K13.4",0.726801392113136,0.255998072679759,1,1,1
"AC091729.9",0.726915691037696,0.228716964458162,1,1,1
"AC016644.1",0.726974072418715,0.26349100816922,0.8,0.833,1
"RP11-459K23.2",0.727236744868946,0.256390707086202,0.6,0.667,1
"RP11-410N8.4",0.727566666827057,0.254794639257865,1,1,1
"CTC-546K23.1",0.727601314098044,0.254689193125203,1,1,1
"RP11-161I2.1",0.727754173820125,0.224186973214589,1,1,1
"RP11-778H2.1",0.727793407419867,0.264348383938617,0.6,0.333,1
"RP4-760C5.5",0.72780321126335,0.259427679679107,0.4,0.667,1
"CTD-2532D12.4",0.727805853586883,0.264432072278653,0.4,0.167,1
"ABALON",0.728226004682896,0.259787095935077,0.2,0.5,1
"RP11-173P15.9",0.728246642214132,0.264530946546663,0.8,0.667,1
"RP5-1182A14.5",0.728522303094662,0.264918575716954,0.2,0.167,1
"RP11-160E2.6",0.728548233705,0.252141449795092,1,1,1
"RP11-430B1.2",0.72889838616762,0.226324322449487,1,1,1
"RP11-428C19.5",0.728994179605746,0.259670239328978,0.4,0.333,1
"RP11-474D1.4",0.729211884050285,0.264507650758327,0.6,0.667,1
"CTD-2562J15.6",0.729230407017552,0.214999048913374,1,1,1
"AC016710.1",0.729586140972201,0.260445867884482,0.2,0.333,1
"SYNPR-AS1",0.729677980833256,0.24676115533714,0.8,1,1
"RP11-789C2.1",0.729983190410878,0.241915048762116,1,1,1
"LINC01534",0.730027397719604,0.256640981805266,1,1,1
"RP11-167N5.5",0.730139685010856,0.255282286053848,1,1,1
"RP11-394I13.2",0.730288981988598,0.25842286308237,0.6,0.833,1
"AC004837.5",0.730360622955273,0.264743991851833,0.4,0.167,1
"RP13-348B13.2",0.730433369065903,0.263081130039657,0.2,0.167,1
"CTD-3193O13.1",0.730433369065903,0.264320244187024,0.2,0.167,1
"TUSC8",0.730835737197832,0.264263435479615,0.4,0.5,1
"RP11-30L3.2",0.730913983412956,0.262968338209321,1,0.667,1
"RP11-774D14.1",0.731055347949556,-0.0106159756509013,1,1,1
"AF129408.17",0.731172526726206,0.252670349296472,0.6,1,1
"CTD-2256P15.4",0.731265888600862,0.257814004805951,0.4,0.5,1
"RP1-111D6.3",0.731393200007804,0.271955726577205,0.8,0.667,1
"RP11-47I22.2",0.731514364361254,0.261643763386358,1,1,1
"RP11-348B17.1",0.731850518374355,0.259725130145527,0.6,0.833,1
"RP1-273G13.3",0.731879806134866,0.262346118117322,0.8,1,1
"RP11-354O24.1",0.732006788358143,0.263836020357744,0.2,0,1
"AC007950.1",0.732006788358143,0.263836020357744,0.2,0,1
"RP5-1142A6.10",0.732006788358143,0.263836020357744,0.2,0,1
"RP11-46C24.3",0.732006788358143,0.263836020357744,0.2,0,1
"RP11-579A4.1",0.732006788358143,0.263836020357744,0.2,0,1
"CH507-39O4.1",0.732006788358143,0.263836020357744,0.2,0,1
"MIS18A-AS1",0.732110946893578,0.25264327104262,1,1,1
"AC068831.10",0.732252078495222,0.257653224003084,1,1,1
"RP11-334G22.1",0.732538090690681,0.26184299433465,0.8,0.833,1
"RP11-596C23.2",0.732557431520687,0.21947935827148,1,1,1
"CTD-2201G3.1",0.73265207641861,0.223526683001628,1,1,1
"RP11-93H24.3",0.732905107254453,0.209783994986081,1,1,1
"RP11-212D3.4",0.73290562246005,0.265215741614683,0.2,0.167,1
"RP11-165H23.1",0.73290562246005,0.265215741614683,0.2,0.167,1
"RP11-1078H9.2",0.733085089656894,0.26402918483877,0.4,0.333,1
"CH17-373J23.1",0.733165898560184,0.264363954115301,0.4,0.333,1
"RP11-158K1.3",0.733216270005208,0.257764925631741,1,1,1
"RP11-185E12.2",0.733272461958549,0.259576023466149,0.2,0.333,1
"CTD-2027I19.3",0.733381627130184,0.237973320228374,1,1,1
"RP11-259P1.1",0.733762732162374,0.265309422439229,0.6,0.667,1
"RP4-604K5.3",0.73383332538641,0.263742538517007,0.6,0.667,1
"RP11-129M6.1",0.733893174235765,0.259542066108741,0.4,0.667,1
"RP11-393I23.4",0.734248426276563,0.264125669367528,0.6,0.667,1
"AP001258.4",0.734306776053237,0.251725034123412,1,1,1
"CTC-378H22.2",0.734706287268471,0.262742925617281,0.8,0.667,1
"RP11-855A2.3",0.735053696614336,0.264178153465993,0.4,0.333,1
"AC159540.3",0.73516093132847,0.260536389028758,0.4,0.333,1
"RP11-676J12.6",0.73523901613125,0.260008289412272,0.2,0.333,1
"CTD-2541J13.1",0.735358897078202,0.187207088094443,1,1,1
"MFI2-AS1",0.735746283829052,0.168002846417186,1,1,1
"RP11-225N10.1",0.735762248228728,0.258802566688875,1,1,1
"RP11-96C23.10",0.735847699729621,0.259629323075788,1,1,1
"RP11-227H4.5",0.735909148143327,0.264571609717381,0.6,0.667,1
"RP11-561I11.3",0.735928486313005,0.257795312609727,0.6,0.5,1
"CTD-2561B21.5",0.735945794490876,0.266054714554874,0.4,0.5,1
"AC093802.1",0.736038720538837,0.257289187417332,1,1,1
"RP11-181G12.2",0.736334509719719,0.261481696387355,1,1,1
"SH3RF3-AS1",0.736761025503777,0.258438267556422,0.4,0.667,1
"RP11-83N9.6",0.737025989654681,0.264522728503374,0.4,0.333,1
"RP11-46O21.2",0.737081205283638,0.264151912972971,1,0.667,1
"RP11-973H7.1",0.737105273721176,0.265882339929645,0.6,0.667,1
"PACRG-AS3",0.737485207551993,-0.0113749377507568,1,1,1
"L29074.3",0.737605961019256,0.258184816842153,1,0.833,1
"AP001891.1",0.737910767051382,0.259315047849961,0.4,0.333,1
"RP11-122K13.7",0.737968456730614,0.26136487404758,1,1,1
"RP11-40H20.4",0.738037499341148,0.259993436285771,0.8,0.833,1
"AC093843.1",0.738348212991117,0.25975939905903,0.2,0.167,1
"RP11-103H7.1",0.738348212991117,0.25975939905903,0.2,0.167,1
"RP11-402L5.1",0.738422173089097,0.265495843605782,0.2,0.167,1
"RP1-81D8.3",0.738563646783245,0.239136318362153,1,1,1
"LINC01584",0.738599071854537,0.26184894004587,0.6,0.833,1
"RP11-365P13.5",0.738682141087518,0.251637274084193,1,1,1
"CTA-392C11.2",0.738924312790938,0.250623798933966,1,1,1
"DBH-AS1",0.739259983624709,0.238931301033975,1,1,1
"AP000797.4",0.739353915378876,0.256381377085066,0.8,0.833,1
"CTD-2031P19.5",0.739441297433508,0.266189338001083,0.8,0.667,1
"RP11-624A4.1",0.739498296768968,0.26090348734132,1,1,1
"RP11-219J21.1",0.739761423001934,0.257929728611612,0.8,0.667,1
"LINC00163",0.739841418240341,0.26436636353545,0.4,0.167,1
"RP11-359P5.1",0.739860810811306,0.250967129439916,1,1,1
"AC060834.3",0.739884326667484,0.258354745129733,0.4,0.333,1
"RP5-1177M21.1",0.740001535191353,0.253909481504727,0.2,0.5,1
"RP11-310E22.5",0.740157281778025,0.2050933926791,1,1,1
"PACERR",0.740410219448767,0.264755657121587,0.4,0.167,1
"CTB-50L17.9",0.740410219448767,0.264755657121587,0.4,0.167,1
"LRP4-AS1",0.740573860803257,0.155226181118101,1,1,1
"GLIS3-AS1",0.740605278044427,0.264201619668829,0.8,0.667,1
"FRMD6-AS2",0.74065048248076,0.247981948066682,1,1,1
"AC083843.2",0.740808263011707,0.257684117552083,0.4,0.667,1
"ATP11A-AS1",0.740938786536175,0.262251259931334,0.8,0.833,1
"SEPSECS-AS1",0.741159336240566,0.258955517083791,0.2,0.167,1
"AC008277.1",0.741256450258654,0.263360673333473,1,0.667,1
"RP5-1050D4.3",0.74126038905041,0.259671022303186,1,1,1
"RP11-927P21.1",0.74129479415289,0.186226037669572,1,1,1
"LINC00158",0.741348903291817,0.216066437966449,1,1,1
"AC106870.2",0.741441281900546,0.264692064156843,0.2,0.167,1
"RP11-390D11.1",0.741500923364634,0.247508511508932,1,1,1
"CTC-296K1.4",0.741513321788719,0.265046637720222,0.6,0.333,1
"RP11-64B16.4",0.74167697309384,0.263792700819404,0.4,0.333,1
"RP4-738P15.1",0.741778795719329,0.257441565433819,0.4,0.667,1
"CTC-439O9.3",0.741861190516728,0.264141774625155,0.4,0.333,1
"RP1-76B20.11",0.741909117879902,0.258782038398716,0.6,0.667,1
"AC010987.5",0.74191806844689,0.256720524911326,0.4,0.833,1
"RP5-940J5.9",0.741942213458206,0.254249218341124,1,1,1
"RP11-452L6.1",0.742030380454911,0.12817409123482,1,1,1
"RP11-338E21.1",0.742164350263477,0.259192560512219,0.4,0.667,1
"RP11-561B11.6",0.742284055998356,0.260186215270966,0.2,0.333,1
"RP5-884G6.2",0.742497698508032,0.251812674620115,1,1,1
"RP11-473M20.16",0.743062850387303,0.263557054392905,0.4,0.833,1
"RP11-175K6.1",0.743099239344215,0.267549827844837,1,0.833,1
"LINC01489",0.743240691105545,0.264463465763383,0.4,0.167,1
"RP11-28H5.2",0.743337949606155,0.261170827674147,0.8,0.833,1
"RP11-401O9.4",0.743855764403894,0.251729663567156,1,1,1
"RP11-209D14.2",0.744034299866567,0.253427649943973,0.8,1,1
"LINC01597",0.744143791130657,0.244727711231592,0.8,1,1
"LINC00266-1",0.744151964758004,0.183224829482,1,1,1
"RP11-118E18.4",0.744254058776434,0.259977771629885,0.2,0.167,1
"ZBTB20-AS2",0.744291018339844,0.252254921063306,1,1,1
"PEX5L-AS2",0.744386482867209,0.217027679561051,1,0.833,1
"CCDC148-AS1",0.744494467357887,0.250764270289179,1,1,1
"GS1-57L11.1",0.744612190079367,0.283240197857721,1,1,1
"RP11-404P21.3",0.744655481667181,0.25978291824804,0.2,0.333,1
"RP11-716O23.2",0.744947111067768,0.258198319007706,0.6,0.667,1
"RP5-936J12.1",0.74498353895093,0.264289151732873,0.6,0.5,1
"C1QTNF9-AS1",0.745175930315983,0.264103032351965,0.8,0.667,1
"AC133680.1",0.745196068425071,0.188887340603613,1,1,1
"RP11-674P19.2",0.745231832159817,0.255937686789149,1,1,1
"CTA-407F11.7",0.745296194390552,0.264524197694501,0.4,0.333,1
"LINC01511",0.745339727226286,0.258648167211731,0.4,0.667,1
"RP11-583F2.2",0.745571451860374,0.259367581629117,0.8,1,1
"RP11-630C16.2",0.745749775062715,0.217145629854605,1,1,1
"RP11-1090M7.1",0.745779474238588,0.258461121172968,1,0.833,1
"RP5-1125N11.2",0.745804557633494,0.26119251464364,1,1,1
"RP1-178F15.4",0.745810038277074,0.25574953576033,1,1,1
"CH17-140K24.1",0.745879907712417,0.259453489095037,0.8,0.833,1
"AC104088.1",0.745946334855247,0.262833201358426,1,1,1
"RP5-1101C3.1",0.746042542233829,0.245599776575983,1,1,1
"RP11-463I20.2",0.746220733587524,0.26584048693578,0.2,0.333,1
"RP11-883G14.3",0.746220733587524,0.26584048693578,0.2,0.333,1
"AC016292.1",0.746263783796513,0.265477873323257,0.8,0.833,1
"RP11-111F5.4",0.74627884025442,0.26061362834468,1,0.833,1
"FOXN3-AS1",0.746292532795746,0.26041077336696,1,1,1
"RNF219-AS1",0.746328662911031,0.122654299479438,1,1,1
"XXbac-BPG252P9.9",0.746347837219288,0.262847575275291,0.6,0.667,1
"AC005624.2",0.746357321447549,0.263421948622151,0.4,0.5,1
"RP11-302F12.3",0.746555720920116,0.254933161611747,0.8,0.833,1
"AC093382.1",0.746685329671604,0.262246353483683,0.8,0.833,1
"ATXN2-AS",0.74674321063472,0.258938171710727,0.4,0.667,1
"RP1-127H14.3",0.746849768674043,0.265125591017426,0.2,0.333,1
"RP11-10C8.2",0.746859558194488,0.258923984965491,1,1,1
"GPC6-AS1",0.746876183709506,0.264904145343287,0.6,0.5,1
"PRKAR2A-AS1",0.74708569118481,0.244032173366105,1,1,1
"RP11-839D17.3",0.74711009495863,0.241138062743071,1,1,1
"RP11-192H6.2",0.747166694620796,0.26385836051694,0.4,0.5,1
"CTD-2649C14.3",0.747232191142507,0.264410867738151,0.6,0.5,1
"LINC00939",0.747425718240326,0.257560686033957,0.6,0.5,1
"LINC01515",0.747473763331058,0.122473877209111,1,1,1
"RP11-463J7.2",0.74751947306759,0.261590073233418,0.8,1,1
"VLDLR-AS1",0.747590978784336,0.142617770177537,1,1,1
"TM4SF19-AS1",0.74760569896963,0.247236133011756,1,0.833,1
"WEE2-AS1",0.74761420730422,0.201156308112819,1,1,1
"DHRS4-AS1",0.747679236561864,0.178610718808551,1,1,1
"RP11-360L9.8",0.747694278861548,0.258060950616577,0.2,0.333,1
"LINC01164",0.747717475522467,0.266922998348924,0.4,0.333,1
"CADM2-AS1",0.747797872614446,0.257572972791264,1,1,1
"FRY-AS1",0.748156761320687,0.202429356382237,1,1,1
"RP11-881M11.4",0.748334023110792,0.257397241044557,0.6,0.833,1
"CTC-264K15.6",0.748551261402746,0.264104325439578,0.4,0.333,1
"RP11-234G16.5",0.748599621388381,0.259465149911946,0.8,1,1
"RP11-127I20.5",0.748628583986924,0.25837257590903,0.8,0.833,1
"CTD-2517M22.9",0.74878501477214,0.261526464760555,0.2,0.333,1
"LINC00606",0.749085396728032,0.260993572954225,0.4,0.5,1
"GRM7-AS1",0.749176096223553,0.188088663221852,1,1,1
"CTD-2201E18.5",0.749334935330231,0.250193693552179,1,1,1
"RP11-56F10.3",0.749360463432177,0.245726499802622,1,1,1
"RP11-761N21.1",0.749396286573529,0.2653326155934,0.6,0.5,1
"ZRANB2-AS1",0.749468557965298,0.217185825085839,1,1,1
"LINC01020",0.749617627878765,0.266166170356234,0.2,0.5,1
"LINC01001",0.74961909523107,0.146719387073719,1,1,1
"RP11-190C22.9",0.74965898609522,0.264600912244183,0.2,0.167,1
"RP1-67K17.3",0.74965898609522,0.264600912244183,0.2,0.167,1
"RP11-650K20.3",0.74965898609522,0.264600912244183,0.2,0.167,1
"AC006946.15",0.749678679384768,0.24777674505294,1,1,1
"KC6",0.749798338593591,0.257732573150538,1,1,1
"RP11-141E13.1",0.74982798444418,0.225003970398976,1,1,1
"AC092620.3",0.74990013671611,0.268569798227597,1,0.667,1
"CNTFR-AS1",0.750053686456732,0.264627056511663,0.8,0.667,1
"RP11-534L6.2",0.75040684533803,0.259552926075268,1,1,1
"RP11-340F14.6",0.750510781728881,0.251195036996343,1,1,1
"AC008592.7",0.750709642294725,0.263965669579965,0.6,0.333,1
"RP11-172F10.1",0.750800110732621,0.263377330363347,1,1,1
"RP11-304L19.12",0.751161515674637,0.248734958325433,1,1,1
"LINC00511",0.751408830584524,0.138231133027893,1,1,1
"RP5-856G1.2",0.751598470484043,0.265503972874547,0.6,0.5,1
"RP11-340A13.2",0.751963952854716,0.258752942122582,0.4,0.333,1
"RP11-355I22.2",0.752005426964952,0.267159637096675,0.8,0.833,1
"ZEB2-AS1",0.752097143525503,0.228742141422922,1,1,1
"AP001468.58",0.752100122949506,0.263306540907111,1,0.833,1
"CTD-2095E4.5",0.752310061682434,0.24955114809091,1,1,1
"CTB-43P18.1",0.752485210337362,0.263780777866021,0.8,0.5,1
"AC093381.2",0.752629132974352,0.265441683201532,0.2,0.167,1
"RP11-18B16.2",0.752645546886302,0.257240142169801,0.8,0.833,1
"RP5-872K7.8",0.752745413114394,0.26196814714345,0,0.333,1
"RP11-643G5.6",0.752956858079202,0.258057662381947,0.6,0.667,1
"TMEM108-AS1",0.752963647625408,0.265667346384893,0.2,0.167,1
"RP11-266J6.2",0.753214982953691,0.259978599083657,1,0.833,1
"RP5-1029F21.4",0.753348390068626,0.254784439937074,1,1,1
"ST3GAL4-AS1",0.753990006862531,0.223513346432999,1,1,1
"AC003973.4",0.753992125849238,0.258174984374871,0.8,0.833,1
"LY86-AS1",0.754048566339785,0.218771417869869,1,1,1
"RP11-762H8.1",0.754119447822645,0.260690540245449,0.2,0.333,1
"RP11-63G10.2",0.754268833491213,0.260955192931601,0.8,1,1
"RP11-634B7.4",0.754591028765378,0.254609476185417,1,1,1
"ADGRA1-AS1",0.754772902348929,0.253961468514753,1,1,1
"RP11-554D13.1",0.754891146271564,0.257634869155391,0.4,0.333,1
"CTC-215O4.4",0.754903156580584,0.265179720503129,0.8,0.5,1
"RP11-426C22.6",0.754967595675072,0.260243594651462,0.2,0.333,1
"CTD-3118D11.3",0.75506737023312,0.258526668797379,0.4,0.5,1
"RP11-47J17.2",0.75510813608998,0.260397894431594,0.2,0.5,1
"RP11-110I1.14",0.755302782314934,0.260304988549283,0.4,0.5,1
"RP11-475A13.1",0.75563440247626,0.26555288198716,0.2,0.167,1
"RP11-166P13.4",0.755684009705058,0.24979552828611,1,1,1
"RP11-21G20.3",0.755891466208659,0.264131237351456,0.8,0.667,1
"SLFNL1-AS1",0.756068283882198,0.24299229478269,1,1,1
"RP11-178L8.3",0.756399939657255,0.262441937354527,1,0.833,1
"RP11-287D1.4",0.756693623960586,0.257508329285791,1,1,1
"Z83001.1",0.756889067858953,0.237121958096908,1,1,1
"LINC00092",0.75695895037356,0.241334082652553,1,1,1
"RP11-407N8.6",0.756973848733783,0.260200140165106,0.8,0.833,1
"D21S2088E",0.757056484958949,0.264924833364623,0.6,0.333,1
"CTA-384D8.34",0.757278395880283,0.262852169670042,0.6,0.5,1
"RP13-941N14.1",0.757334609126754,0.133815100556849,1,1,1
"RP11-848P1.5",0.757680975036631,0.258960083513472,1,1,1
"AC010649.1",0.75780197682465,0.2640058563589,1,0.833,1
"DPYD-AS1",0.757810515626274,0.202146389699677,1,1,1
"RP11-49I4.3",0.757899491793099,0.264001761201226,0.6,0.333,1
"RP11-290C10.1",0.757952764283802,0.264066479731064,0.4,0.167,1
"LINC01136",0.758032428251123,0.258606263615946,0.4,0.5,1
"RP11-669C19.1",0.758150892623808,0.264898332737917,1,0.667,1
"FRMPD3-AS1",0.758288434346378,0.265363936829022,0.8,0.833,1
"RP11-804F13.1",0.758425607048864,0.255400882279263,0.8,1,1
"LINC01260",0.758451135721623,0.129036407446887,1,1,1
"RP11-576E20.1",0.758454333200312,0.254266089381301,1,1,1
"CTD-2047H16.5",0.758515139435225,0.266675661711215,0.6,0.5,1
"LL22NC03-2H8.4",0.75868042714136,0.264051062399676,0.6,0.5,1
"RP11-128A17.1",0.758690660607644,0.228617456224722,1,1,1
"RP1-28H20.3",0.758723310697093,0.256876467418593,0.8,0.833,1
"AP004372.1",0.758905263491251,0.244422897455636,1,1,1
"RP11-466A19.1",0.758921621006109,0.261633009843873,0.4,0.5,1
"RP11-51M24.1",0.759011637981482,0.26555730394062,0.8,0.667,1
"CTD-2013N17.7",0.759059899191518,0.255624484705686,1,1,1
"RP11-192P3.4",0.759382210175302,0.252881323437693,1,1,1
"RP11-51J9.5",0.759383384830345,0.240441533458685,1,1,1
"C1QTNF1-AS1",0.759482163834269,0.26565372519192,0.6,0.167,1
"COL4A2-AS1",0.759672618924723,0.260936627848221,0.2,0.333,1
"RP11-20J15.3",0.759937040787921,0.262566933776519,1,1,1
"RP11-459I19.1",0.760008063333094,0.25698881007325,0.8,1,1
"RP11-536O18.1",0.76008111312066,0.264154505536335,0.4,0.167,1
"RP11-93I21.3",0.760087261015759,0.256415578170502,1,1,1
"RP11-875O11.2",0.760149267200451,0.26001765995575,0.4,0.5,1
"RP11-225H22.4",0.760414264935617,0.264525383231482,0.6,0.5,1
"BANCR",0.760641214542805,0.260782895402926,0.2,0.333,1
"CTD-2653D5.1",0.760686627529451,0.264203780085274,0.4,0.167,1
"TTTY13",0.761027663391035,0.264563589305465,0.4,0.167,1
"CTA-31J9.2",0.761268672093013,0.258057596600059,1,0.667,1
"RP11-398C13.6",0.761328557184759,0.243480019109806,1,1,1
"FLJ35934",0.761416229683487,0.265761171059737,1,0.667,1
"CTD-3239E11.2",0.761434570135924,0.244527239873039,1,1,1
"CTD-3113P16.11",0.761556905699044,0.188059407624888,1,1,1
"RP4-541C22.5",0.761659680980492,0.264921506645344,0.8,0.667,1
"RP11-22L13.1",0.761706034535998,0.260464957845098,0.2,0.333,1
"LL0XNC01-237H1.2",0.761753882433379,0.217952179474049,1,1,1
"RP11-442O1.3",0.761771206699023,0.259665576913776,0.8,0.667,1
"RP11-11M20.4",0.761815836955695,0.250008208759888,1,1,1
"RP11-203F10.5",0.762129666877566,0.262094269440932,0,0.167,1
"AGBL5-AS1",0.762129666877566,0.262094269440932,0,0.167,1
"RP11-287D1.2",0.762129666877566,0.262094269440932,0,0.167,1
"RP1-122O8.7",0.762129666877566,0.262094269440932,0,0.167,1
"RP11-17A4.4",0.762129666877566,0.262094269440932,0,0.167,1
"AC145123.2",0.762129666877566,0.262094269440932,0,0.167,1
"LINC00437",0.762129666877566,0.262094269440932,0,0.167,1
"AC084809.3",0.762129666877566,0.262094269440932,0,0.167,1
"RP5-1016A21.1",0.762129666877566,0.262094269440932,0,0.167,1
"RP4-569D19.8",0.762129666877566,0.262094269440932,0,0.167,1
"AP000469.2",0.762129666877566,0.262094269440932,0,0.167,1
"RP11-441O15.3",0.762309552229268,0.134393443644166,1,1,1
"RP11-498C9.3",0.762471709575375,0.255438092488121,0.8,1,1
"SLC25A25-AS1",0.762508133958368,0.176722733879796,1,1,1
"GPC6-AS2",0.762560665221479,0.25952672181544,0.4,0.5,1
"RP11-370I10.2",0.762701317860389,0.257844533199596,1,1,1
"RP11-506D12.5",0.762765658006331,0.267594094607172,0.6,0.333,1
"CTD-2260A17.1",0.762844680711593,0.259008886092415,1,1,1
"RP11-548L20.1",0.763069304806121,0.263261107926513,0.8,1,1
"RP11-320M16.2",0.763341784056418,0.192912716436806,1,1,1
"KIAA0196-AS1",0.763380529974198,0.258040533730834,0.4,0.5,1
"MIR3180-4",0.763411102199775,0.264073660566007,0.6,0.5,1
"RP11-385F5.4",0.763710565464803,0.214863747054955,1,1,1
"CLRN1-AS1",0.763766870700512,0.239595619483485,1,1,1
"RP11-379J13.2",0.763886562879759,0.263027845702805,0.8,0.667,1
"CTD-2587H19.3",0.764083597375409,0.242903096108395,1,1,1
"C1RL-AS1",0.764128465337192,0.264410493780632,1,1,1
"RP4-665J23.2",0.764170486236134,0.206570929392305,1,1,1
"AC007743.1",0.76440102960963,0.214756332626601,1,1,1
"RP11-930O11.1",0.764453783632388,0.225330065599474,1,1,1
"RP11-1136J12.1",0.764552375582215,0.251930252988196,1,1,1
"LINC01107",0.764565662268317,0.264122538059849,0.6,0.5,1
"RP11-332J15.1",0.764592329926753,0.24020096570339,1,1,1
"CTD-2050E21.1",0.764622137944183,0.261373747908024,0.2,0.167,1
"RP11-554A11.8",0.764791131525092,0.244064466217595,1,1,1
"RP11-405M12.3",0.76486555223155,0.264722499997823,0.4,0.333,1
"RP11-544A12.4",0.765053590862732,0.241253281152788,1,1,1
"CTD-2366F13.2",0.765099387339139,0.25870420322315,0.8,1,1
"CTD-2325P2.4",0.765197860816305,0.246306041109862,1,1,1
"RP11-303E16.3",0.765244233013996,0.255290547936423,0.8,0.833,1
"CTB-49A3.5",0.765279386215889,0.260265677062453,0.2,0.333,1
"AC009518.8",0.765334871800756,0.254963357540622,0.8,0.833,1
"RP11-47I22.1",0.765385100739839,0.257766354430658,1,1,1
"CTD-2334D19.1",0.765503486077204,0.227811327991672,1,1,1
"RP1-10C16.1",0.766289211920823,0.249251394296663,1,1,1
"SMC2-AS1",0.766316058833086,0.240199506232463,1,1,1
"FTX",0.766385474672459,0.00877485160684177,1,1,1
"CTD-2035E11.5",0.766403066860258,0.231652390201627,1,1,1
"HCG18",0.766429100041345,0.26295473640506,1,0.667,1
"RP11-147L13.11",0.766473314319287,0.152642404511481,1,1,1
"RP11-284F21.11",0.766557260099003,0.264254518050632,1,0.833,1
"RP11-561O23.5",0.766612785664157,0.264418965629635,1,0.833,1
"AC011524.1",0.76662381820234,0.230902738962944,1,1,1
"RP11-227D13.1",0.766707945662729,0.259541919604817,0.6,0.833,1
"PCAT6",0.766961337423802,0.245097840715918,1,1,1
"AC073842.19",0.767020891394684,0.25883578397964,1,1,1
"BX322557.13",0.767175961148003,0.260834884245897,0.2,0.333,1
"HCG9",0.767450652475703,0.256140894185022,0.6,0.833,1
"RP11-43F13.3",0.767676545963749,0.264983312843667,0.8,0.667,1
"RP11-326C3.11",0.767741948089289,0.252761307089167,1,1,1
"RP11-693J15.4",0.768020908904969,0.264553929341237,0.4,0.333,1
"RP11-148L24.1",0.768021732298368,0.264092987057585,1,1,1
"RP11-26M5.2",0.768091969891356,0.253544125275668,0.4,0.333,1
"LINC01231",0.768330599288124,0.257229783812194,0.4,0.667,1
"AC016910.1",0.768402523292554,0.258241513220328,1,1,1
"CTB-119C2.1",0.768449049130943,0.231507205948688,1,1,1
"RP4-534N18.2",0.768475333397689,0.263628837927971,0.4,0.333,1
"FAM83C-AS1",0.768490045096116,0.264084805821243,0.6,0.667,1
"RP11-82O19.1",0.768777269737262,0.140985984045228,1,1,1
"RP11-703M24.5",0.768879818139535,0.220542257607396,1,1,1
"CTC-336P14.1",0.768956641952664,0.253299752596105,1,1,1
"AC009502.4",0.76923095557704,0.255559587278832,1,0.833,1
"RP11-818O24.3",0.769246045313314,0.264093959722804,0.4,0.5,1
"AC087491.2",0.769324713851349,0.264683350986698,0.4,0.167,1
"CTD-2203K17.1",0.769483719217145,0.25355633602428,1,1,1
"RP5-837M10.4",0.769760286260833,0.255621587794598,0.4,0.667,1
"RP11-177H2.2",0.769778505713092,0.263767326408823,0.2,0.333,1
"RP1-137D17.2",0.7698240627668,0.257023253829177,0.8,1,1
"RP11-315L6.1",0.769864633096574,0.250469322381161,1,1,1
"AC073321.4",0.770032923931397,0.263372119292085,0.6,0.5,1
"RP11-355B11.2",0.770062901061002,0.151610335872979,1,1,1
"CTB-58E17.5",0.77012329561481,0.258453478292345,0.6,0.667,1
"RP1-35C21.1",0.770163091996108,0.264008949436789,0.4,0.167,1
"LLNLR-284B4.1",0.770298139719219,0.260448643120133,0.2,0.333,1
"RP11-862L9.3",0.770372058426734,0.25372036810943,1,1,1
"RP11-481J13.1",0.770405050487034,0.256879896302365,1,1,1
"CASC8",0.770571826355025,0.254710308637513,1,1,1
"TUSC7",0.770617544509902,0.269053638261823,0.6,0.5,1
"AC009542.2",0.770834580751014,0.262361222162558,1,0.667,1
"RP11-177F15.1",0.771159519078082,0.263372501439867,0.8,0.667,1
"RP11-87C7.3",0.771554675000465,0.260782117007778,0.6,0.167,1
"RP11-52E20.1",0.771691136208627,0.260442627036844,0.2,0.333,1
"CTD-2308L22.1",0.771878423972549,0.259388884426345,0.6,0.5,1
"RP11-1B20.1",0.771998021960126,0.250043728314163,0.8,0.833,1
"AC131056.3",0.772015264315819,0.24798722923963,1,1,1
"AC073316.1",0.772079766706358,0.264962936732095,1,1,1
"PRRT3-AS1",0.772188089591952,0.179504476343869,1,1,1
"RP11-30K9.5",0.772314343394273,0.245507581115699,1,1,1
"RP11-10A14.4",0.772522454333325,0.23901378396168,1,1,1
"RP11-900F13.3",0.772585111923119,0.252188197799352,1,1,1
"AC144836.1",0.772665484126827,0.26308403826436,1,1,1
"CTB-55O6.10",0.772714848526966,0.260745501957336,0.4,0.5,1
"RP11-407G23.1",0.773042186648258,0.259722478572587,0.4,0.333,1
"CTD-2176I21.2",0.773126308909662,0.264636017337992,0.4,0.167,1
"CTA-223H9.9",0.773157511340677,0.253824389930734,1,1,1
"LINC00906",0.77319315621134,0.256570912528651,1,1,1
"VPS9D1-AS1",0.773543584710754,0.249524534855891,1,1,1
"RP11-135A1.2",0.773608087315692,0.255308555543944,0.6,0.833,1
"SPATA3-AS1",0.773616330295158,0.263303252709976,0.6,0.833,1
"WWC2-AS1",0.773706407749637,0.259843922415102,0.2,0.333,1
"RP11-266N13.2",0.773972439241116,0.240134640936677,1,1,1
"RP11-845M18.7",0.774085496119528,0.263926934086007,0.2,0.333,1
"CTD-2185K10.1",0.774155941563605,0.247942390206385,1,1,1
"RP4-753F5.1",0.774244166432465,0.26406317725869,0.4,0.5,1
"RP4-535B20.1",0.774499356594102,0.257742238260867,0.6,0.667,1
"AC004066.3",0.77462160718027,0.267718129954196,0.4,0.5,1
"CTD-3037G24.5",0.774716579498117,0.264923677915464,0.4,0.167,1
"CTD-3138B18.5",0.774720773380417,0.174892513422847,1,1,1
"HOXB-AS3",0.774757171686719,0.263652048356604,0.2,0.167,1
"RP11-515O17.3",0.774757171686719,0.263652048356604,0.2,0.167,1
"CTD-3214H19.6",0.774757171686719,0.263985489260548,0.2,0.167,1
"LINC00599",0.774990606144734,0.0983603556044546,1,1,1
"LINC01391",0.775023860997149,0.260367089976958,0.2,0.167,1
"RP11-219E7.4",0.775080800598261,0.252871619989842,1,1,1
"VAV3-AS1",0.775154613456609,0.266495313107026,1,1,1
"RP1-90G24.10",0.775191894822141,0.0848864001693256,1,1,1
"AC090505.6",0.775255819482325,0.251001274667552,1,1,1
"AC108004.3",0.775281261284116,0.255243748567194,0.4,0.833,1
"RP11-1055B8.10",0.775338261228266,0.252881887770806,0.8,0.833,1
"RP11-486O13.4",0.775483539518933,0.0658580538203699,1,1,1
"AC079807.2",0.775504163929991,0.234584479750933,1,1,1
"CTD-2517M22.17",0.775548804940916,0.254184966028825,1,1,1
"LINC00894",0.77557717180422,0.0250368201703579,1,1,1
"RP11-285C1.2",0.775632304345654,0.262850856361181,0.2,0.5,1
"RP11-554D15.3",0.775850927066468,0.248610029009727,1,1,1
"LINC01276",0.776243916265655,0.260461721403984,0.2,0.333,1
"CTD-2349P21.12",0.776297111825063,0.24222813451611,1,1,1
"RP11-165E7.1",0.77648105740659,0.215515747004123,1,1,1
"RP3-395M20.2",0.776572576783095,0.262257083404964,0,0.167,1
"RP1-224A6.3",0.776572576783095,0.262257083404964,0,0.167,1
"RP11-147C23.1",0.776572576783095,0.262257083404964,0,0.167,1
"RP11-466F5.10",0.776572576783095,0.262257083404964,0,0.167,1
"LINC01438",0.776572576783095,0.262257083404964,0,0.167,1
"RP3-390M24.1",0.776572576783095,0.262257083404964,0,0.167,1
"CTB-133P21.1",0.776572576783095,0.262257083404964,0,0.167,1
"RP11-6D1.3",0.776572576783095,0.262257083404964,0,0.167,1
"RP11-146N23.4",0.776572576783095,0.262257083404964,0,0.167,1
"RP11-540H22.2",0.776572576783095,0.262257083404964,0,0.167,1
"RP11-190J1.3",0.776572576783095,0.262257083404964,0,0.167,1
"CTD-2021H9.2",0.776572576783095,0.262257083404964,0,0.167,1
"RP11-151G14.2",0.776572576783095,0.262257083404964,0,0.167,1
"AC100830.5",0.776572576783095,0.262257083404964,0,0.167,1
"RP11-565F19.3",0.776572576783095,0.262257083404964,0,0.167,1
"RP11-691H4.3",0.776572576783095,0.262257083404964,0,0.167,1
"RP4-796I8.1",0.776572576783095,0.262257083404964,0,0.167,1
"CTC-400I9.2",0.776572576783095,0.262257083404964,0,0.167,1
"AL157359.4",0.776572576783095,0.262257083404964,0,0.167,1
"RP4-564F22.6",0.776580362930335,0.227139809149326,1,1,1
"RP11-804A23.1",0.776587259888438,0.259910623115344,0.2,0.333,1
"RP11-452K12.7",0.776759713334012,0.253450020112287,1,1,1
"RP11-54O15.3",0.777060007443723,0.221089140638364,1,1,1
"AC013463.2",0.777092456910671,0.111473806069044,1,1,1
"RP11-92G12.3",0.777281021062432,0.213892222545362,1,1,1
"RP11-831F12.2",0.777410333397063,0.259305904627424,1,1,1
"RP11-148B3.2",0.777419716557627,0.263817285437743,0.6,0.333,1
"WASF3-AS1",0.777455641726858,0.259058126843339,0.8,1,1
"CTC-559E9.4",0.777833738676573,0.212867667265731,1,1,1
"RP11-367J11.3",0.777891893776817,0.253121583952918,1,1,1
"AC092635.1",0.777974397015658,0.262654600319898,0.6,0.667,1
"F10-AS1",0.778043950562063,0.264421273501981,0.4,0.167,1
"CTD-2568A17.8",0.77812383119199,0.264350797020906,0.2,0.333,1
"GS1-433O24.1",0.778202723370183,0.254716872778323,1,1,1
"LINC01579",0.778332914913167,0.247866119353321,1,1,1
"CTD-2081C10.1",0.778519504513673,0.256825068123335,0.6,0.833,1
"EHD4-AS1",0.778711608542825,0.260342889061468,0.2,0.333,1
"CTB-133G6.2",0.778788560050411,0.254642142376567,1,0.833,1
"RP11-256I23.3",0.778810665610916,0.25832631547706,0.4,0.667,1
"CTD-3234P18.6",0.779049511905964,0.262579602017293,1,0.833,1
"RP11-362A1.1",0.779066852025181,0.25157747293049,1,0.833,1
"INTS6-AS1",0.77917474389891,0.153096709229478,1,1,1
"PCDH9-AS2",0.779220850301984,-0.110863703038962,1,1,1
"RP11-234G16.4",0.779271421458841,0.262637237376087,0.6,0.667,1
"RP11-409I10.2",0.779419690349345,0.258869584957872,0.6,0.5,1
"RP1-292B18.3",0.77942273389805,0.259921025711972,0.2,0.333,1
"ATP13A5-AS1",0.779530923940486,0.255202173810771,0.8,1,1
"RP11-522B15.4",0.779591070356649,0.259619039305925,0.6,0.5,1
"AC087501.1",0.779662081792936,0.246149116174746,1,1,1
"RP11-524O1.4",0.779673213689768,0.262807719487975,0.8,0.833,1
"RP5-1024N4.2",0.779996380535031,0.263216729812469,0.8,0.833,1
"RP4-580N22.2",0.780423261227462,0.259653210156902,0.4,0.667,1
"CTD-2043I16.1",0.780435136614129,0.258280030338651,1,1,1
"RP11-84A19.3",0.780442060117629,0.263704459860398,0.2,0,1
"AL672294.1",0.780442060117629,0.263704459860398,0.2,0,1
"AC068492.1",0.780442060117629,0.263704459860398,0.2,0,1
"AC113618.1",0.780442060117629,0.263704459860398,0.2,0,1
"RP11-552M14.1",0.780442060117629,0.263704459860398,0.2,0,1
"RP11-733C7.1",0.780442060117629,0.263704459860398,0.2,0,1
"RP11-489G11.3",0.780442060117629,0.263704459860398,0.2,0,1
"RP3-470L22.1",0.780442060117629,0.263704459860398,0.2,0,1
"RP5-1120P11.3",0.780442060117629,0.263704459860398,0.2,0,1
"XX-C2158C6.1",0.780442060117629,0.263704459860398,0.2,0,1
"MAGI2-AS1",0.780442060117629,0.263704459860398,0.2,0,1
"CTA-305I2.1",0.780442060117629,0.263704459860398,0.2,0,1
"CTD-2281E23.1",0.780442060117629,0.263704459860398,0.2,0,1
"RP11-662B19.2",0.780442060117629,0.263704459860398,0.2,0,1
"RP11-22C11.2",0.780442060117629,0.263704459860398,0.2,0,1
"RP11-91N2.3",0.780442060117629,0.263704459860398,0.2,0,1
"RP11-111F5.8",0.780442060117629,0.263704459860398,0.2,0,1
"LINC01506",0.780442060117629,0.263704459860398,0.2,0,1
"RP11-399H11.3",0.780442060117629,0.263704459860398,0.2,0,1
"RP11-43N5.1",0.780442060117629,0.263704459860398,0.2,0,1
"RP11-804L24.2",0.780442060117629,0.263704459860398,0.2,0,1
"RP11-304L19.2",0.780442060117629,0.263704459860398,0.2,0,1
"RP11-327F22.5",0.780442060117629,0.263704459860398,0.2,0,1
"RP11-676J12.8",0.780442060117629,0.263704459860398,0.2,0,1
"RP5-1067M6.3",0.780442060117629,0.263704459860398,0.2,0,1
"RP11-118B18.2",0.780442060117629,0.263704459860398,0.2,0,1
"RP11-756J15.3",0.780442060117629,0.263704459860398,0.2,0,1
"RP11-63N3.1",0.780442060117629,0.263704459860398,0.2,0,1
"RP4-550H1.5",0.780442060117629,0.263704459860398,0.2,0,1
"LINC00489",0.780442060117629,0.263704459860398,0.2,0,1
"KB-1440D3.14",0.780442060117629,0.263704459860398,0.2,0,1
"MESTIT1",0.780587790864751,0.264354009823771,0.6,0.5,1
"RP11-249M12.2",0.780638472806303,0.259898876363247,0.2,0.333,1
"AC010890.1",0.780807217555416,0.195420364041896,1,1,1
"CTA-984G1.5",0.781088208670961,0.258344773766762,1,1,1
"AC074212.6",0.781237039994633,0.250251301413691,1,1,1
"AC008067.2",0.781262486722412,0.256330981606312,1,1,1
"MTUS2-AS2",0.78139723325824,0.265274293455581,0.6,0.5,1
"LINC00900",0.781410991619641,0.261469608325157,1,0.833,1
"RP11-170M17.1",0.781668455316292,0.201476419150394,1,1,1
"CTC-499J9.1",0.78174579948001,0.263544077360533,0.8,0.833,1
"RP11-553P9.2",0.781823891188286,0.253213921386275,1,1,1
"KB-1410C5.5",0.781927805120079,0.256833606672832,0.8,0.833,1
"CTD-2619J13.14",0.782087898396915,0.239370740439276,1,1,1
"CTD-2044J15.1",0.782125913660446,0.240255175876316,1,1,1
"UBA6-AS1",0.782164737897272,0.141743394118738,1,1,1
"LINC00994",0.782180690744192,0.265443277677022,0.6,0.5,1
"LINC00551",0.782492907196907,0.254776735044282,0.8,0.833,1
"RP11-526H11.1",0.782562516168649,0.26064918468706,0.2,0.333,1
"DCUN1D2-AS",0.782646255220044,0.263454054665881,0.4,0.667,1
"RP11-439C15.4",0.783019721251926,0.238239816880873,1,1,1
"RP11-419I17.2",0.783042528339392,0.256837071417188,1,1,1
"RP11-398E10.1",0.783124145914921,0.257043300059212,0.8,0.833,1
"RP11-370I10.10",0.783311952748885,0.258845435777718,0.4,0.5,1
"AC012360.4",0.783400542675118,0.262568713398141,0.6,0.667,1
"RP5-1021I20.2",0.78342103939335,0.260416776472931,0.4,0.5,1
"CLIP1-AS1",0.783489726999091,0.256486790380097,1,1,1
"AC098820.2",0.783502341283891,0.264325964365402,0.6,0.5,1
"AGBL1-AS1",0.783799769285339,0.259677950733415,0.4,0.333,1
"RP11-384P7.7",0.783863630047997,0.230112894701286,1,1,1
"PYCARD-AS1",0.783896241255867,0.256530152835813,0.6,0.833,1
"CTB-181F24.1",0.783898107635403,0.264022644312299,0.4,0.333,1
"CTB-118P15.2",0.783951279298056,0.264420649775769,0.8,0.833,1
"AC139712.4",0.784049690062387,0.262109584830629,0.2,0.333,1
"RP11-23F23.2",0.784121741370613,0.257460924724747,0.6,0.833,1
"RP11-154B12.3",0.78428474135991,0.242678609124843,0.8,1,1
"GTSCR1",0.784308231799558,0.243725470094365,1,1,1
"RP11-292D4.1",0.78438471664864,0.264266312594987,0.2,0.167,1
"AC015922.6",0.78438471664864,0.264266312594987,0.2,0.167,1
"CTD-2026K11.4",0.784557213917077,0.262975634611849,0.6,0.667,1
"AC069155.1",0.784604455841404,0.263560868760262,0.8,0.667,1
"RP11-326A19.4",0.784765095795655,0.258238130698134,1,1,1
"FAM183CP",0.78485186994068,0.26535480627281,0.4,0.167,1
"RP11-89M20.2",0.784898833782561,0.255227099386148,0.6,0.833,1
"RP1-151F17.1",0.784991286908658,0.263514119893028,0.6,0.5,1
"RP11-439E19.9",0.785436218315771,0.264081367053197,0.4,0.333,1
"GM140",0.785877621628285,0.260617327531904,0.2,0.167,1
"AC099754.1",0.78593204754738,0.260756822719878,0.4,0.667,1
"RP11-98D18.1",0.785939023665919,0.26218153490831,1,0.833,1
"RP5-1004I9.1",0.785990764271768,0.260762515949608,0.2,0.333,1
"PTENP1-AS",0.786013085444394,0.229122414220649,1,1,1
"RP11-290K4.2",0.786020444256191,0.253112716898744,1,1,1
"DKFZP434A062",0.786240252921593,0.252464556828306,1,1,1
"RP11-563P16.1",0.786351171244648,0.212511203048585,1,1,1
"RP11-579D7.4",0.786495265365886,0.260376875088604,0.2,0.333,1
"RP5-1069C8.2",0.786521299697994,0.259317484429285,0.6,1,1
"AC138035.1",0.786619675203073,0.246367451707896,1,1,1
"AC018737.3",0.786698299922062,0.263477824717556,0.4,0.5,1
"PCF11-AS1",0.786755981179629,0.176369442293076,1,1,1
"RP11-152N13.16",0.786787499235119,0.25538891046966,1,1,1
"RP11-672A2.5",0.786825055635756,0.260730357031323,0.2,0.333,1
"SNHG25",0.786900840212668,0.0830289155291188,1,1,1
"AC005042.4",0.786947821161605,0.198484673922965,1,1,1
"AC005037.3",0.787226883000401,0.188374068888035,1,1,1
"TAT-AS1",0.787259302230523,0.256112499617121,0.8,1,1
"LINC00506",0.787290017063526,0.110180569846923,1,1,1
"CTD-2245F17.6",0.787308319193988,0.253561811836368,0.8,0.667,1
"CTD-2515H24.2",0.787670576111509,0.258483769159054,0.4,0.5,1
"FAM222A-AS1",0.787693677261279,0.202581467862428,1,1,1
"RP11-998D10.4",0.787758901278287,0.261355266585991,0.2,0.167,1
"CTD-2026K11.6",0.788053555615455,0.263443940772847,0.4,0.5,1
"AC018866.1",0.78812808799512,0.256631458387762,0.4,0.5,1
"RP11-256I9.2",0.788193263127748,0.264038259145583,0.6,0.5,1
"RP11-490B18.6",0.78856765005663,0.253253850306062,0.8,1,1
"AC023469.2",0.788715744440214,0.259881282039227,0.6,0.667,1
"AC007128.1",0.788908075094771,0.25684477939833,1,1,1
"MAPT-AS1",0.789044706178177,0.0843517157116944,1,1,1
"YEATS2-AS1",0.789059201864622,0.254769926042464,1,1,1
"RP11-46H11.12",0.789200330960527,0.262951918194486,0.6,0.667,1
"RP11-755F10.1",0.789232269619828,0.254422860719423,0.6,0.833,1
"LINC01089",0.789259812435046,0.259630707297754,0.2,0.167,1
"LINC01021",0.789315434554545,0.260379942974188,0.2,0.167,1
"TTTY10",0.789487130092388,-0.115611994115549,1,1,1
"RP11-839G9.1",0.789623751034986,0.264546930095598,0.2,0.167,1
"LINC00184",0.78969368795584,0.257753416160333,0.4,0.667,1
"RP4-693M11.3",0.789703980513821,0.263455016912497,0.8,0.833,1
"RP11-1008C21.1",0.790082619760265,0.249925567136677,1,1,1
"RP11-138E9.2",0.790145785946522,0.260101563257494,0.2,0.333,1
"RP11-506F3.1",0.790243300748752,0.258159510509944,1,1,1
"CTB-178M22.2",0.790603242804618,0.257194309792779,0.8,0.833,1
"RP11-370P15.2",0.790690433145823,0.266401109441267,0.6,1,1
"DGCR9",0.790769341871222,0.250795117107276,1,1,1
"LINC00523",0.790855012670685,0.259496219496195,0.2,0.167,1
"RP11-775H9.2",0.790871485970555,0.201503465346664,1,1,1
"AC018462.2",0.790988171116974,0.230641549402017,1,1,1
"RP6-24A23.3",0.791071883515812,0.251708355354764,0.8,1,1
"RP11-16N11.2",0.791130640954352,0.225486570311223,1,1,1
"RP11-513D5.2",0.791211500932585,0.263482373940392,0.6,0.5,1
"RP11-120J1.1",0.791238323952654,0.189483335461098,1,1,1
"LINC00565",0.79124771048428,0.266198287809302,0.6,0.5,1
"AC092667.2",0.791256516459549,0.253722813045323,0.8,1,1
"RP4-760C5.3",0.791309143365221,0.264081098154387,0.8,0.667,1
"RP11-7O11.3",0.791314171237277,0.219099020485259,1,1,1
"SNHG18",0.791374239717975,0.221682058727491,1,1,1
"RP11-168E17.1",0.791444158549466,0.264141749462568,0.6,0.667,1
"RP11-87E22.2",0.791534019721107,0.261001411892673,0.2,0.333,1
"RP11-680F8.3",0.791629193704593,0.242142593975587,1,1,1
"RP11-556N4.1",0.791827321832911,0.260215627522007,0.4,0.333,1
"AC108142.1",0.791854829534883,0.176091028777966,1,1,1
"RP11-252E2.1",0.792150762064457,0.260567913858189,1,1,1
"RP11-496I9.1",0.792176021426548,0.250867410247724,1,1,1
"RP11-168L22.2",0.792195733644528,0.26337672604092,0.4,0.167,1
"RP3-522J7.7",0.792247949414501,0.255648224001024,0.8,0.667,1
"RP11-238K6.2",0.792775688150811,0.255287768868803,0.8,1,1
"RP11-467C18.1",0.792783959584259,0.260817535360093,0.2,0.333,1
"RP1-92C4.2",0.792783959584259,0.260817535360093,0.2,0.333,1
"RP5-1039K5.13",0.792836616182176,0.20879305569554,1,1,1
"RP11-100M12.3",0.792852765543145,0.250925759108117,1,0.833,1
"RP1-149L1.1",0.792938359574267,0.257121333369262,1,1,1
"XX-C2158C12.2",0.792997332004276,0.256288003099391,0.6,0.667,1
"RP11-407A16.3",0.793138743149442,0.261320572074664,0.2,0.167,1
"AC073957.15",0.793451489202194,0.248105785229931,1,1,1
"AP000797.3",0.793504324697923,0.207343318337136,1,1,1
"RP11-396O20.2",0.793580939706367,0.260486947044305,0.2,0.333,1
"RP11-347I19.8",0.793637028175551,0.263296934926436,0.4,0.5,1
"RP11-1149M10.2",0.793678464015427,0.259052916565418,0.8,0.667,1
"RP11-376O6.2",0.793710790611001,0.258555265089743,0.6,0.667,1
"RP11-20B24.4",0.793877736530233,0.260653911156323,0.2,0.167,1
"NAV2-AS2",0.793932610156588,0.256409606283878,0.4,0.5,1
"RP11-253E3.3",0.793963031973399,0.257990928991171,0.8,0.667,1
"RP11-462G22.2",0.794136742262095,0.260921445525501,0.8,0.833,1
"RP11-231D20.2",0.794150742142873,0.252028062971805,1,1,1
"AC018685.1",0.794270126648005,0.264200234555273,0.4,0.333,1
"TMC3-AS1",0.794555353561611,0.185257486710839,1,1,1
"LINC01049",0.794655796260021,0.263998514564592,0.4,0.333,1
"RP11-368I7.4",0.794916406005428,0.263068433562565,1,0.833,1
"CITF22-1A6.3",0.794972305422263,0.255245036719278,0.8,1,1
"CTD-2515O10.5",0.795093896504489,0.264134965303926,0.6,0.5,1
"AC005550.3",0.795184330776689,0.262080039417566,0.6,0.5,1
"RP11-61A14.4",0.79518845196055,0.259435668656709,0.4,0.333,1
"MTUS2-AS1",0.795348695277456,0.256341491798652,0.6,0.833,1
"CKMT2-AS1",0.795506174019929,0.0514588154071994,1,1,1
"RP11-722M1.1",0.795575606618833,0.257016592156149,1,1,1
"RP11-344N10.2",0.795597451713264,0.258042563140472,0.4,0.667,1
"RP11-700J17.2",0.795651600874108,0.257311049231607,1,1,1
"RP5-968D22.3",0.795693785131803,0.252607432771536,1,1,1
"CTD-2165H16.4",0.795759460500234,0.251196369383082,1,1,1
"LA16c-316G12.2",0.795887284160195,0.259941074750953,0.8,1,1
"RP11-758M4.4",0.79590386617926,0.260042783646443,0.8,1,1
"RP11-540O11.6",0.795959806118805,0.243584521059817,1,1,1
"UBXN10-AS1",0.796011541334825,0.257758058921883,0.6,0.667,1
"RP11-42O4.2",0.796106516939042,0.263877589885054,0.4,0.167,1
"RP11-97C16.1",0.796218683776179,0.205177177510494,1,1,1
"RP11-901H12.1",0.79640742702245,0.260555463753807,0.8,1,1
"RP5-858B6.3",0.796459551429654,0.258286202633208,0.8,0.833,1
"RP11-697E22.1",0.796793688222361,0.259157257711185,1,1,1
"RP11-77K12.10",0.796808006416808,0.261522444334001,1,1,1
"RP11-521E5.1",0.796943254690382,0.265081635772368,0.2,0.333,1
"MNX1-AS2",0.796958261878608,0.26391686983957,0.4,0.167,1
"AC087499.10",0.797000213775106,0.263966020267416,0.4,0.167,1
"RP11-122G18.10",0.797090665989594,0.226841306552664,1,1,1
"LAMP5-AS1",0.797237855036396,0.259652760593775,0.4,0.667,1
"NKILA",0.79727195767364,0.263812585595841,0.6,0.667,1
"RP11-10A14.5",0.797391231359559,0.251214986448543,1,1,1
"RP11-108H9.1",0.797705848338012,0.251521489672934,0.6,0.833,1
"LL21NC02-21A1.1",0.797712104025933,0.259159583893951,0.4,0.333,1
"AC015987.1",0.797948944909093,0.264490716033227,0.8,0.5,1
"RP11-111A21.1",0.798007519760324,0.184249527179467,1,1,1
"CTD-2017C7.2",0.798106174497051,0.231850855821165,1,1,1
"RP11-16B13.1",0.798299438856693,0.148181004174302,1,1,1
"AC073333.8",0.798589303362921,0.242418901371038,0.8,1,1
"RP5-1024C24.1",0.798596394233744,0.250349160241925,1,1,1
"HIF1A-AS2",0.798800791488634,0.22409077820959,1,1,1
"AC007391.2",0.799030841761596,0.263869536190864,0.4,0.167,1
"AC024704.2",0.799184901940418,0.263622659310133,0.8,0.667,1
"RP11-202D18.2",0.799485159483186,0.259084016447736,0.2,0.5,1
"RP13-766D20.4",0.799635935334186,0.254143983807451,1,0.833,1
"RP11-756P10.4",0.799738976430044,0.249047958660335,1,0.833,1
"RP11-259O18.5",0.799770196623962,0.143936087429926,1,1,1
"RP11-1103G16.1",0.799999125778391,0.24433777900684,1,1,1
"RP11-421L21.3",0.800262831386071,0.175728090937919,1,1,1
"RP11-98D18.3",0.800265774084899,0.249101342402008,1,1,1
"RP11-537A6.9",0.800519870394914,0.258319241242458,0.4,0.5,1
"RP11-448P19.1",0.800538246068591,0.256659229710027,1,1,1
"RP11-159M11.2",0.800570991156505,0.263887226188844,0.8,0.5,1
"AC118754.4",0.800843101820836,0.264135731833584,0.6,0.5,1
"EAF1-AS1",0.801249470119067,0.254722339396857,1,1,1
"RP1-102D24.5",0.801351675859863,0.265168084169908,0.6,0.667,1
"RP11-532F6.3",0.801403338534114,0.258106917961922,0.4,0.5,1
"RP1-206D15.6",0.801474812362293,0.251320738313604,0.8,0.667,1
"CTD-2154B17.4",0.801501722427265,0.264207716517646,0.4,0.5,1
"U47924.31",0.801618323394659,0.255915571712958,0.8,0.667,1
"RP11-702B10.1",0.801767845834973,0.264935616676203,0.8,0.833,1
"RP11-64B16.5",0.801971616814174,0.2582857339185,0.8,0.833,1
"RP11-360F5.3",0.802058002751388,0.265450977761071,0.8,0.667,1
"RP11-20I20.4",0.802190973700648,0.263577670603448,0.6,0.333,1
"RP11-521D12.1",0.802240672904567,0.236582821529622,1,1,1
"CTC-369A16.2",0.802450703210862,0.260902050761741,0.4,0.333,1
"THRA1/BTR",0.802539247433268,0.264393051033207,0.2,0.167,1
"RP11-26M5.3",0.802843748237632,0.24193836066069,1,0.833,1
"AC004069.2",0.802960010867443,0.256092435398631,1,1,1
"CTD-3096P4.1",0.802974069809804,0.263787858282721,0.4,0.167,1
"MIR1302-10",0.802998584486551,0.252979680788361,0.4,0.667,1
"RP11-108L7.14",0.803103559857252,0.263999986847004,0.4,0.5,1
"CTD-2201E9.4",0.803105132867595,0.262534233312381,0.8,0.833,1
"RP11-807H17.1",0.803235120421936,0.244603001739325,1,1,1
"MTOR-AS1",0.803306503065012,0.260298360743765,0.4,0.333,1
"RP11-625L16.3",0.803306503065012,0.260298360743765,0.4,0.333,1
"RP11-3D4.4",0.803589349391118,0.251710239684975,0.8,1,1
"MGC39584",0.803695145091708,0.243684601554938,0.8,0.667,1
"LINC01087",0.80369934912382,0.260444102408242,0.4,0.5,1
"RP1-85F18.6",0.803710496643608,0.261075267932511,1,1,1
"RP13-1032I1.7",0.803712875089623,0.234525405320389,1,1,1
"RP11-384K6.8",0.803898529268488,0.210510757872499,1,1,1
"RP11-373N22.3",0.803948769868265,0.028442605049158,1,1,1
"RP11-619J20.1",0.803983560327108,0.272453717977112,0.8,0.833,1
"CTB-13F3.1",0.80399906271931,0.251714877325691,1,1,1
"RP11-218M22.1",0.804003319608332,0.192075960801833,1,1,1
"SIRPG-AS1",0.804049352567139,0.26323108103831,0.4,0.5,1
"CECR3",0.804064670987123,0.257156867864865,0.8,0.833,1
"LINC00982",0.804215236191896,0.187467427560752,1,1,1
"RP11-573D15.9",0.804667548110673,0.246261979010311,1,1,1
"RP11-710F7.3",0.804680234999857,0.241911656094349,1,1,1
"RP13-297E16.4",0.804841529905872,0.258785696976739,1,1,1
"CTC-325H20.4",0.804981321766312,0.260228357842559,0.8,1,1
"LINC00609",0.805190492665608,-0.0995182893999398,1,1,1
"CSE1L-AS1",0.805222320916985,0.253853296006606,1,0.833,1
"U95743.1",0.805326277288061,0.254659360514762,0.8,1,1
"RP11-481E4.2",0.805477034692849,0.263819936366314,0.4,0.167,1
"RP11-182N22.8",0.80547764898711,0.260045917085217,0.4,0.5,1
"LINC00391",0.805610008203135,0.259397974476347,0.4,0.667,1
"CTC-207P7.1",0.805798976116723,0.262241765095168,0.6,0.833,1
"LINC01342",0.805824409918327,0.264289907969731,0.4,0.167,1
"RP11-96D1.11",0.805824409918327,0.264289907969731,0.4,0.167,1
"RP11-13K12.1",0.806013727532876,0.246657883767567,1,1,1
"RP11-557N21.1",0.806099818597839,0.261692208706388,1,1,1
"RP11-465I4.2",0.806161574258979,0.256015457463917,1,1,1
"DLGAP1-AS4",0.806202195826905,0.235500683387358,1,1,1
"RP4-583P15.10",0.806351738724376,0.257788334826263,1,1,1
"RP3-467K16.2",0.806400788026942,0.264583777297172,0.8,0.667,1
"AC017074.1",0.806593315028991,0.264283883913941,0.2,0.167,1
"LINC00457",0.806665135518978,0.24882188770284,1,1,1
"AC004471.10",0.806673858687148,0.260429732410961,0.4,0.333,1
"RP11-166N17.1",0.80676691759701,0.260889335749951,0.2,0.333,1
"RP11-849F2.9",0.806797644772859,0.252220136241898,1,1,1
"RP11-696N14.1",0.806800357134175,0.163014949325708,1,1,1
"UCHL1-AS1",0.806943813182004,0.256878117627715,1,1,1
"LINC01386",0.806984613018739,0.263573791455546,0.6,0.5,1
"LINC01445",0.807006448380649,0.181167942605193,1,1,1
"RP1-67K17.4",0.807259392395526,0.263928929176457,0.4,0.5,1
"LINC00858",0.807343316792749,0.258518017242934,1,1,1
"RP11-326K13.4",0.807502101847162,0.24686447736434,1,1,1
"RP11-2O17.2",0.807675286533131,0.199989779404645,1,1,1
"CACNA2D3-AS1",0.80772463217162,0.231509136700931,1,1,1
"RP11-598C10.1",0.807852806742736,0.259179237918632,0.2,0.333,1
"XX-C2158C6.3",0.807884278277772,0.260042606589925,0.4,0.5,1
"RP1-310O13.7",0.808022210122664,0.263759388641301,0.8,0.833,1
"RP5-965G21.4",0.808058723683761,0.264189185123939,0.8,0.667,1
"RP11-708J19.1",0.808162784528114,0.218397604910686,1,1,1
"AC007064.24",0.808177322892319,0.258854098660279,0.6,0.667,1
"FRMD6-AS1",0.808263451551351,0.237266363050819,1,1,1
"RP13-516M14.4",0.80845176407938,0.256975783026287,0.8,0.833,1
"AC092597.3",0.808533329752716,0.264302781789493,0.2,0.167,1
"RP11-369E15.3",0.808748780650662,0.255157563710579,0.4,0.667,1
"RP11-500C11.3",0.808845569425005,0.263933473043806,0.6,0.5,1
"RP4-548D19.3",0.808888272393007,0.202797463685255,1,1,1
"RP11-34A14.3",0.808907322235711,0.2613307686564,1,0.833,1
"RP11-359D24.1",0.808945737988035,0.263108743703369,1,0.833,1
"LINC01460",0.808950515140768,0.257480135534363,0.6,0.667,1
"RP1-45I4.2",0.808952611108169,0.250137481326441,0.6,0.833,1
"CPEB2-AS1",0.809028827634906,0.18179306364985,1,1,1
"CTD-2320G14.2",0.809163949312012,0.251348085792718,0.8,1,1
"RP11-420K14.8",0.809300455537943,0.259802200190831,1,1,1
"LINC01290",0.809350245088242,0.256985078074163,1,1,1
"LINC01478",0.809392819302376,0.262335791106099,0.8,1,1
"TERC",0.809396404121478,0.260489078665156,0.6,0.333,1
"CTD-2147F2.1",0.809477058352714,0.249265877699231,1,1,1
"DLGAP1-AS5",0.809761951188292,0.234622577395845,1,1,1
"CTB-5E10.3",0.809800405693487,0.26021184313525,0.8,0.833,1
"DARS-AS1",0.809899646122061,0.248614885085749,1,1,1
"RP11-615I2.6",0.810484876349061,0.243148204432568,1,1,1
"RP11-823E8.3",0.810887836516933,0.264325252712433,0.4,0.167,1
"RP1-212P9.3",0.81092473063655,0.263133712380887,0.6,0.667,1
"RP11-135D11.2",0.810969314633146,0.258231065270512,0.8,0.833,1
"ZBTB11-AS1",0.811096740512896,0.25527004147602,1,1,1
"RP11-399K21.14",0.81110522961558,0.258686834105838,0.8,1,1
"RP11-710F7.2",0.811179038098146,0.264187789702713,0.2,0.333,1
"RP1-288L1.5",0.81144725160114,0.26041139214747,0.2,0.167,1
"MED4-AS1",0.81150168567379,0.263985006264999,0.2,0.5,1
"PCCA-AS1",0.811577400240396,0.249922815043317,1,1,1
"RP11-203P2.2",0.811606302418446,0.259624638797549,0.2,0.167,1
"SMAD1-AS1",0.811699661197328,0.260836314797967,0.2,0.333,1
"RP11-1018N14.5",0.811746729320983,0.25695981435447,1,0.833,1
"FOXP4-AS1",0.811876294787527,0.254203857605881,1,1,1
"XXyac-YM21GA2.3",0.811943532552861,0.261761938512927,0.2,0.167,1
"RP11-474D1.1",0.811993046903835,0.264936673654679,0.2,0.167,1
"RP1-168L15.5",0.81209722281198,0.24131509442192,1,1,1
"CTD-2526A2.2",0.812182891265239,0.264030157951734,0.4,0.167,1
"AC093627.10",0.812214482679961,0.248891938630607,0.8,1,1
"CTC-503J8.4",0.812291693344509,0.264206581681259,0.6,0.5,1
"LINC01455",0.812868844611186,0.260181613867732,0.4,0.5,1
"RP11-178L8.9",0.813086935746662,0.254557926970419,0.8,0.833,1
"PRR29-AS1",0.813106377426559,0.256802260461118,1,0.833,1
"CTC-551A13.2",0.813258880327462,0.251043910645353,1,1,1
"RP11-90L1.8",0.813399978456675,0.263619072070417,0.4,0.5,1
"RP11-470M17.2",0.813468014013205,0.261505308405369,0.2,0.167,1
"NCAM1-AS1",0.813484988298028,0.260154508094095,0.6,0.833,1
"RP11-503D12.1",0.813593900100083,0.261330232975895,0.2,0.333,1
"CTD-2021H9.1",0.813645481028349,0.259930913687919,0.4,0.333,1
"RP11-816J6.3",0.813776545911425,0.263358141655868,0.6,0.5,1
"MIR3681HG",0.814166753086623,0.13719670010336,1,1,1
"RP11-115C21.2",0.81430476193878,0.240575167511649,1,1,1
"RP11-256L11.3",0.814362568911853,0.258718258321423,0.6,0.833,1
"RP11-963H4.3",0.814469868475359,0.236996530049946,1,1,1
"CTA-221G9.12",0.815025614323298,0.252115834434703,1,1,1
"DLGAP1-AS2",0.815146724584537,0.216576284201779,1,1,1
"RP11-343H5.6",0.815486229163742,0.263896524980229,0.4,0.167,1
"RP11-711C17.1",0.815587965433418,0.263420606462552,0.6,0.667,1
"MIR378D2",0.815900035468843,0.260301962586162,0.4,0.5,1
"RP3-403L10.3",0.816164346052347,0.248852500103113,1,0.833,1
"RP11-1060G2.2",0.81620247152507,0.252781808342764,1,1,1
"RP11-945A11.2",0.8162308943831,0.263048791208782,0.4,0.5,1
"TSPOAP1-AS1",0.816344205694221,0.232646703970613,1,1,1
"LINC00290",0.816398485036865,0.203626296655456,1,1,1
"AC073218.1",0.81640868382423,0.24181907227143,1,1,1
"RP3-402G11.25",0.816503899347127,0.255492945494193,1,1,1
"AL163953.2",0.816673700978307,0.264086812361954,0.4,0.167,1
"CTD-2245F17.2",0.816673700978307,0.264086812361954,0.4,0.167,1
"AC006041.1",0.816728173202043,0.263993659860418,0.4,0.333,1
"RP11-90J7.3",0.816728625863929,0.252041991533815,1,1,1
"RP5-1172N10.2",0.816920120268873,0.263950098786959,0.4,0.333,1
"RP11-1026M7.2",0.817035826996661,0.257504700437552,0.8,1,1
"CTD-2619J13.23",0.817264141794091,0.263682908365673,0.4,0.5,1
"RP11-379K22.2",0.817359041943733,0.264367118608052,0.8,0.5,1
"RP11-57J16.1",0.817469312996895,0.258075310413714,0.6,0.667,1
"AC007317.1",0.817586055661687,0.261008467041493,0.2,0.333,1
"CTD-2012I17.1",0.817658375133018,0.260146622560807,0.4,0.5,1
"TNKS2-AS1",0.817692389908276,0.251657362103866,0.8,0.833,1
"RP11-116A1.1",0.817725250785753,0.247831874780973,1,1,1
"RP11-276H19.2",0.81774798291132,0.263592959153957,0.4,0.167,1
"RP11-130C6.1",0.818125287178065,0.261277093514838,0.2,0.333,1
"RP3-324O17.8",0.818215077987739,0.265405986493637,0.2,0.167,1
"ELDR",0.818262607089125,0.258321636901011,1,1,1
"CTD-2377D24.6",0.818395053194223,0.255523642965177,1,1,1
"RP11-287F9.2",0.818509925047084,0.258119720538915,1,1,1
"RP11-461K13.1",0.818519171614343,0.259982869331006,0.6,0.5,1
"RP11-285E18.2",0.818537268811451,0.233741991833187,1,1,1
"RP11-554D14.7",0.818710478746138,0.259476884627108,0.8,0.833,1
"RP11-21A7A.2",0.818727894793628,0.119634988582894,1,1,1
"RP13-349O20.2",0.818880112630903,0.261230913068046,0.2,0.333,1
"CADM2-AS2",0.818975171510681,0.252654027640369,1,1,1
"AC005592.3",0.819071572129728,0.260746222397112,0.4,0.333,1
"AC011625.1",0.819114895302829,0.258892157568484,0.4,0.5,1
"RP11-673P17.4",0.819138052621352,0.263934287031506,0.2,0.167,1
"AC007228.9",0.819685921322158,0.254472758495742,0.8,0.833,1
"RP11-459O16.8",0.819800835935889,0.24815737497014,1,1,1
"RP11-161H23.9",0.819973573973858,0.258234946086302,1,1,1
"RP11-863K10.7",0.820030852228103,0.263191412346814,0.6,0.5,1
"RP11-359K18.3",0.820189567085212,0.260509753242236,0.4,0.5,1
"RP11-403I13.5",0.820308341405,0.242597524900772,1,1,1
"RP11-678G14.4",0.82039890920295,0.260533504817368,0.4,0.333,1
"RP5-1024G6.7",0.82085929040297,0.259078671769264,0.6,0.667,1
"FLNB-AS1",0.820898395291819,0.264492974990718,0.2,0.167,1
"RP11-89F3.2",0.820999960580323,0.256365645818308,0.4,0.833,1
"MCM8-AS1",0.821128750010735,0.246762586872605,1,1,1
"AC092675.3",0.821298533185355,0.261755737512769,0.8,0.5,1
"RP11-173A6.3",0.821307042029215,0.261223980661448,0.2,0.333,1
"RP11-799O21.2",0.821404195063535,0.162422496193815,1,1,1
"RP11-82L20.1",0.821623168592253,0.260074084106237,0.8,0.833,1
"RP11-25O10.2",0.821800122269869,0.263608810015955,0.4,0.167,1
"RP11-439E19.10",0.821874226411563,0.224770936050231,1,1,1
"CTD-2587H24.5",0.821967406833213,0.254953049766852,0.8,1,1
"GS1-124K5.4",0.822094457200222,0.193129958126005,1,1,1
"RP11-506N2.1",0.822177756387232,0.251566677837516,0.8,1,1
"RP11-379I19.1",0.822305856632037,0.255123058978604,0.6,0.667,1
"RP11-362K14.6",0.822364873834264,0.255479838330978,1,1,1
"RP11-507K2.3",0.822735803310799,0.259972888445514,0.4,0.5,1
"CTA-363E19.2",0.822736641738168,0.264727860394189,0.8,0.667,1
"AC068538.4",0.822907213270886,0.263931635325162,0.2,0.167,1
"RP11-89N17.1",0.823011615268757,0.259032869841681,1,1,1
"ZMYND10-AS1",0.823137242132209,0.263960690109937,0.4,0.167,1
"MIR194-2HG",0.82335919017692,0.261173328241894,0.4,0.5,1
"RP11-1084A12.2",0.823382601680406,0.264212408031036,0.2,0.167,1
"RP11-28G8.1",0.823382601680406,0.264212408031036,0.2,0.167,1
"RP11-945A11.1",0.82361801969561,0.253720383539691,1,1,1
"CTB-58E17.9",0.823640744018256,0.265640362077809,0.4,0.5,1
"RP11-388C12.1",0.823754118683899,0.258847817224262,1,1,1
"RP11-364C11.2",0.824121354674443,0.259860716226527,1,1,1
"LINC01571",0.824128643483849,0.260131159088232,0.6,0.5,1
"LINC00376",0.824230277812309,0.259077787784022,0.6,0.833,1
"RP5-1070G24.2",0.824374321911247,0.262532073545467,0.6,0.667,1
"MIR124-2HG",0.825466087409488,0.21224163056184,1,1,1
"EBLN3P",0.825477619480935,0.0874381412448695,1,1,1
"AC006262.5",0.825524750784165,0.258207997482048,1,1,1
"CTD-2291D10.1",0.825535698048183,0.25456253104297,1,1,1
"TEX26-AS1",0.825614904729987,0.256513550068512,0.6,0.833,1
"AC012442.6",0.825900779925086,0.254648044730948,1,1,1
"RP4-794H19.1",0.825915349753456,0.228065602108883,1,1,1
"RP11-667M19.10",0.825984678802012,0.256816311034155,0.6,0.667,1
"CTD-2371O3.2",0.826015802911907,0.245210666426905,0.8,0.833,1
"RP11-440G9.1",0.826169307266594,0.259621150446694,1,1,1
"CTD-3154N5.1",0.82639286826558,0.259957978235857,0.6,0.667,1
"CTD-2553C6.1",0.826466615701579,0.265921387321181,0.8,0.667,1
"RP11-781M16.2",0.826542447919714,0.260103051346682,0.2,0.333,1
"RP11-401P9.6",0.826548871055558,0.260029861475285,0.4,0.333,1
"RP11-122G18.12",0.826644436711786,0.240966093952716,1,1,1
"LINC01018",0.8268232517547,0.264716772369018,0.6,0.667,1
"RP11-384F7.2",0.826975510061794,0.0397777846329626,1,1,1
"RP11-1299A16.3",0.827000282868615,0.203981727025293,1,1,1
"CTD-2566J3.1",0.827248377064213,0.255606316681799,0.6,0.333,1
"AC005808.3",0.827373330917106,0.261268006236891,1,0.833,1
"RP3-462D8.2",0.827566425598495,0.252056396455044,0.2,0.5,1
"RP11-61J19.5",0.827636141289808,0.216815287292453,1,1,1
"RP11-19E11.1",0.827800972161314,0.26128173244327,0.4,0.333,1
"DLGAP1-AS1",0.827803489228966,0.224792289587305,1,1,1
"RP11-1252I4.2",0.827837314945713,0.18946118062038,1,1,1
"RP11-820I16.1",0.82788789628964,0.263950712247642,0.2,0.333,1
"RP11-96D1.7",0.828044378607506,0.263543169381013,0.4,0.667,1
"RP11-895K13.2",0.8281029017426,0.262844418649251,0.8,0.833,1
"LINC00941",0.828206456440046,0.263239595304705,1,0.667,1
"STEAP3-AS1",0.828359842786405,0.257366253169644,0.6,0.833,1
"RP11-147L13.12",0.828362162505855,0.236021840507179,1,1,1
"RP11-45A17.4",0.828432650602354,0.254949690968154,0.8,0.833,1
"RP11-134G8.7",0.828561224185244,0.138142718530351,1,1,1
"RP11-676J12.9",0.828569568721418,0.263891264121555,0.4,0.167,1
"LINC00969",0.828745962589391,0.129374954160924,1,1,1
"AC079135.1",0.828832947587179,0.149334675807875,1,1,1
"RP11-141A19.2",0.82885469208365,0.259106910923625,1,1,1
"RP11-408E5.5",0.828867020200955,0.266109711876405,0.8,0.5,1
"CH17-140K24.2",0.829234325147167,0.24972897428168,1,1,1
"LINC00928",0.829265435761699,0.264244539250114,0.2,0.333,1
"TTTY22",0.829395169757232,0.26054957160073,0.2,0.167,1
"RP11-231E19.1",0.829456926675555,0.263317215737429,0.2,0.167,1
"RP11-328J14.1",0.829456926675555,0.263317215737429,0.2,0.167,1
"HRAT17",0.829456926675555,0.26261130189653,0.2,0.167,1
"RP11-410K21.2",0.829456926675555,0.263361642548395,0.2,0.167,1
"AP006216.10",0.829456926675555,0.263361642548395,0.2,0.167,1
"RP11-304L19.8",0.829456926675555,0.263650656641373,0.2,0.167,1
"LINC01595",0.829456926675555,0.26261130189653,0.2,0.167,1
"AC053503.11",0.829533909953512,0.244530228493421,1,1,1
"AC011995.1",0.829603872410393,0.263893991325586,0.4,0.5,1
"RP11-632F7.3",0.829790888500963,0.255326966523237,1,1,1
"RP11-20I23.7",0.829867408658193,0.264819577809628,0.8,0.5,1
"RP11-20G6.2",0.829931529407101,0.261252114930978,0.2,0.333,1
"RP3-395M20.9",0.83004783493593,0.261594196597542,0.4,0.5,1
"RP11-61L14.6",0.830069203788181,0.263830813244131,0.4,0.167,1
"RP11-110A12.2",0.830582572495296,0.240640418661983,1,1,1
"RP11-156K13.1",0.830644659043727,0.0945491025497756,1,1,1
"KB-1205A7.2",0.830796605585094,0.261071617604535,0.2,0.333,1
"RP11-867G2.6",0.830796605585094,0.261071617604535,0.2,0.333,1
"AP005135.2",0.830946519607345,0.264057472991031,0.4,0.333,1
"RP11-793H13.11",0.831089180499817,0.243223969175808,1,1,1
"RP11-74J13.8",0.831293355317443,0.171921695173634,1,1,1
"FGD5-AS1",0.831337194627175,0.0429595147359128,1,1,1
"RP11-470F18.1",0.831378765828812,0.259155075284041,0.6,0.5,1
"AC159540.2",0.831678769029208,0.261725857191782,1,1,1
"RP11-403P17.4",0.831703176511576,0.262273337019242,0.6,0.667,1
"RP11-391J2.3",0.831809130268072,0.258867002969347,0.6,0.5,1
"WI2-87327B8.2",0.832119154026265,0.266406285318787,0.2,0.333,1
"LINC00269",0.832225395356011,0.260086351767579,0.4,0.667,1
"RP11-383H17.4",0.83224443660865,0.263979321300925,0.8,1,1
"FLJ45079",0.832313550105403,0.261124367673233,0.4,0.333,1
"RP5-1050D4.5",0.832429737768143,0.263564145192644,0.8,0.667,1
"CTD-2243E23.1",0.832435291495142,0.264849073230393,0.6,0.5,1
"HCG16",0.832553885341325,0.259046926203142,0.8,0.833,1
"RP11-308B5.2",0.83262482689836,0.265343228645321,0.2,0.333,1
"RP11-182J1.13",0.832687510076017,0.261763766843857,0.2,0.333,1
"RP11-809N8.4",0.832718826586175,0.233996627327592,1,1,1
"RP11-204E9.3",0.832853905360557,0.219865490881779,1,1,1
"RP1-111B22.3",0.832953777522587,0.26150928169359,1,1,1
"RP11-431J24.2",0.833081557939637,0.260817837448825,0.2,0.167,1
"AP000146.2",0.83315379588606,0.249288002923317,1,0.833,1
"RP11-394O2.3",0.833425144312479,0.208647926597378,1,1,1
"B4GALT1-AS1",0.833443606554667,0.264022073212474,0.8,0.667,1
"ZNF529-AS1",0.83356876338713,0.143083636147538,1,1,1
"RP5-1096J16.1",0.83362230283619,0.256459169484201,0.8,0.667,1
"ASB16-AS1",0.833869818664114,0.206034065022851,1,1,1
"RP11-25I15.3",0.834156796472985,0.265177194748953,1,0.667,1
"CTBP1-AS2",0.834205943450803,0.186221046667879,1,1,1
"RP1-153P14.5",0.834277599694071,0.261708658255967,0.2,0.167,1
"RP11-322D14.2",0.834277599694071,0.261708658255967,0.2,0.167,1
"RP11-22N19.2",0.834316570119864,0.263840079609126,1,0.667,1
"AC093901.1",0.834547247891824,0.253811327761044,0.8,1,1
"RP11-25I9.2",0.834554028687104,0.261205325483309,0.2,0.333,1
"RP11-585P4.5",0.834557967037485,0.244537845272351,0.8,1,1
"RP1-63M2.7",0.834585795020194,0.259966908572789,0.6,0.667,1
"RP11-381N20.2",0.834640689129028,0.262472886202525,0.6,0.667,1
"DNAJC9-AS1",0.834710851102596,0.248879041959384,1,1,1
"RP11-543D10.2",0.834810049468698,0.263492813509964,0.6,0.5,1
"RP11-336A10.2",0.834849180892826,0.226426303557088,1,1,1
"RP11-298E9.6",0.835067871930028,0.260481235456384,0.4,0.5,1
"RP11-814H16.2",0.835155878375991,0.255480271705516,1,1,1
"RP11-493E12.1",0.835199914267921,0.261868287605015,1,0.833,1
"RP11-295P9.6",0.835200041087663,0.260514222334912,0.4,0.333,1
"AC106873.4",0.835285075321565,0.263700436712365,0.6,0.5,1
"RP11-752D24.2",0.835449607854566,0.258114334679057,0.4,0.5,1
"RP11-304M2.5",0.835781684186285,0.260306213652881,0.2,0.167,1
"NAV2-AS3",0.83586706719002,0.260677666167074,1,0.667,1
"RP11-448G15.1",0.835867106260314,0.264199188775931,0.4,0.167,1
"RP11-510M2.1",0.83590562998708,0.25063102842567,1,1,1
"RP11-715J22.4",0.836166403910643,0.247865586427608,1,1,1
"CTB-25B13.9",0.836188537449918,0.253547326499924,0.8,0.667,1
"C1orf220",0.836217544173647,0.258189703211199,1,1,1
"RP11-259K15.2",0.836295406330005,0.117612598484726,1,1,1
"CYP4A22-AS1",0.836337653732913,0.244335290494921,1,1,1
"VAC14-AS1",0.836447790352514,0.2378795610677,1,1,1
"RP11-1000B6.5",0.836754490868753,0.25549717191414,0.6,0.5,1
"RP11-219A15.2",0.83697033277957,0.261486827083336,0.2,0.167,1
"CTC-559E9.1",0.837184774228073,0.241949128125431,1,1,1
"RP11-452L6.8",0.837309350869238,0.262820198706887,0.8,0.667,1
"LINC00867",0.837330715949065,0.263267887682392,0.8,0.667,1
"CTD-2302E22.6",0.837337262369516,0.260301789219315,0.6,0.833,1
"RP3-348I23.2",0.837371818371698,0.243011528669334,1,1,1
"CTA-384D8.33",0.837461075714657,0.261604851046991,0.2,0.333,1
"RP11-380I10.4",0.837480277079383,0.241989819309789,1,1,1
"RP11-400D2.3",0.837511256869216,0.263761378082636,0.4,0.167,1
"CTD-3184A7.4",0.837587625285911,0.149960247114472,1,1,1
"RP11-19O2.1",0.837721765646714,0.267466059761348,0.4,0.5,1
"RP11-13J8.1",0.837764099727629,0.260984753487659,0.4,0.5,1
"RP11-324J13.2",0.837805096506592,0.26042898660468,0.2,0.167,1
"AC009403.2",0.837953153637321,0.0952249545651033,1,1,1
"RP11-20B24.5",0.83795457810206,0.245010116782048,1,1,1
"RP11-22P6.2",0.838032133282944,0.221494354342184,1,1,1
"RP11-798K3.2",0.838569707501188,0.231644746290946,1,1,1
"RP11-157L3.12",0.838577353395715,0.252192144948306,1,1,1
"RP11-203B9.4",0.838592127386505,0.208479618770731,1,1,1
"AC005597.1",0.838804558979225,0.250667603371943,1,1,1
"CTD-2547G23.2",0.838933063670766,0.259825591046973,0.4,0.333,1
"AP000688.29",0.838964836902931,0.124951109139253,1,1,1
"RP5-951N9.1",0.839029650757018,0.262014297702521,1,1,1
"RP11-843P14.1",0.839034766184157,0.262647888246286,0.6,0.667,1
"RP3-355L5.4",0.839186341691886,0.260597502973635,0.6,0.667,1
"RP11-54A4.2",0.839269880654874,0.25189979192611,1,1,1
"AF186192.1",0.839560209618481,0.255028488230095,0.8,1,1
"IL12A-AS1",0.83972039217434,0.226215094134148,1,1,1
"RP11-640N11.2",0.839746475833225,0.205628305153245,1,1,1
"RP11-497H16.9",0.839769459498941,0.237580196160696,0.8,1,1
"RP11-273G15.2",0.839925026238713,0.168334618458913,1,1,1
"RP11-843B15.2",0.840214232974803,0.261602062646765,0.6,0.667,1
"RP11-800A18.4",0.840309473015084,0.26212171034401,0.2,0.167,1
"RP11-53A1.3",0.840323913259868,0.209387652545869,1,1,1
"RP11-80H5.2",0.840339997280833,0.260326505149607,0.4,0.667,1
"RP11-356I2.4",0.840446938198316,0.228137706062185,1,1,1
"RP11-259K5.2",0.840521583812006,0.256317105622553,0.4,0.833,1
"CASC11",0.840730560877882,0.258342031343008,1,0.833,1
"RP11-383D22.1",0.840748846506487,0.261601841013181,0.2,0.333,1
"RP11-418I22.3",0.840974377009659,0.200283343772641,1,1,1
"RP11-120K24.3",0.841078948941304,0.257728405667704,0.8,1,1
"CTB-113P19.4",0.841216426097437,0.257099830062152,1,0.667,1
"RP11-164J13.1",0.841268047853902,0.245850912908133,1,1,1
"MAFA-AS1",0.841356309266347,0.261142532272367,0.2,0.167,1
"RP1-90J4.1",0.841588906294918,0.259976140352619,0.4,0.333,1
"RTCA-AS1",0.841600844549311,0.251650500826949,1,1,1
"RP11-624L4.2",0.841724022686889,0.26302378314078,0.4,0.333,1
"RP11-36B15.1",0.842099587797215,0.263435268771589,0.2,0,1
"RP11-45F15.1",0.842099587797215,0.263435268771589,0.2,0,1
"CTC-508F8.1",0.842335612891948,0.262005578168039,1,0.833,1
"CTC-338M12.1",0.842503498791819,0.259201626102267,0.2,0.667,1
"RP11-188C12.3",0.842654827769269,0.26124917200155,0.4,0.5,1
"AC004692.4",0.842673128253269,0.263791927204351,0.2,0.333,1
"RP11-829H16.3",0.84276825104345,0.235277320606115,1,1,1
"LINC01163",0.84281330769419,0.255671290163619,1,0.833,1
"RP11-74C3.1",0.842918344679589,0.257648031096416,0.8,0.833,1
"FAM181A-AS1",0.843046098596493,0.25714519898219,1,1,1
"CTD-2006K23.1",0.843225907914229,0.261873990335215,0.2,0.167,1
"RP11-307E17.8",0.843290286002626,0.253676827307175,1,1,1
"GACAT1",0.843366576287614,0.256312980837627,0.8,0.833,1
"RP11-381N20.1",0.843424165279907,0.261466297897127,0.2,0.333,1
"IGSF11-AS1",0.843434819943735,0.262583461123099,0.6,0.333,1
"RP11-434H6.7",0.843659256028561,0.224731704325853,1,1,1
"KCNAB1-AS2",0.843753373021536,0.260829680424192,0.2,0.333,1
"DIRC3-AS1",0.843767701464968,0.200037550674824,1,1,1
"ID2-AS1",0.843871330967119,0.235379978845448,1,1,1
"CTD-2066L21.1",0.844071465591772,0.260647359175535,0.2,0.167,1
"RP11-98G7.1",0.844173624332516,0.24596856304843,1,1,1
"RORA-AS2",0.844180115992935,0.261659107963788,0.2,0.333,1
"MIF-AS1",0.844257162663004,0.257873989842196,1,1,1
"RP11-321M21.3",0.844379708744778,0.258841754770719,0.8,0.667,1
"RP11-245J9.5",0.844441892823739,0.254882226984918,0.8,0.833,1
"CTD-2538C1.2",0.844481322561347,0.24483833396664,1,1,1
"RP11-81H14.2",0.844634751931964,0.2495986596216,1,1,1
"MIR8069-1",0.844664154161516,0.200833176154231,1,1,1
"RP11-501E14.1",0.844849032227821,0.259210233197611,0.8,0.667,1
"RP11-667K14.5",0.844967793843797,0.251971078994186,1,1,1
"RP11-798L4.1",0.844970610143925,0.253438024926848,1,1,1
"RP4-665J23.4",0.845045867867675,0.264349040606548,0.4,0.167,1
"RP11-218D6.4",0.84510714538525,0.25996153521527,0.4,0.667,1
"SAP30L-AS1",0.845112825362784,0.140758590548909,1,1,1
"CTD-3064H18.4",0.845281699114582,0.258324530994046,0.6,0.667,1
"RP11-757F18.5",0.845305760627822,0.264439046909189,0.2,0.167,1
"RP11-536G4.1",0.845497127059082,0.260566439061719,0.4,0.667,1
"AC007091.1",0.845733452667413,0.252375669475792,1,1,1
"AC007349.4",0.846001881182392,0.26000737084978,0.8,0.833,1
"STT3A-AS1",0.846044216728184,0.238363595262664,1,1,1
"AC004471.9",0.846355249512208,0.256951303181897,0.8,0.833,1
"RP11-195C7.1",0.8465144753555,0.152737104056214,1,1,1
"RP11-157E16.1",0.847020663831,0.25304624920442,1,1,1
"ABCC5-AS1",0.847264381245421,0.259122245595804,1,0.833,1
"JRKL-AS1",0.847277067195624,0.261167113367954,0.6,0.667,1
"RP11-723D22.3",0.847277320902674,0.260368331261628,0.8,0.667,1
"RP11-266L9.5",0.84728872825092,0.233995448439787,1,1,1
"CTD-2034I21.1",0.847299729814677,0.242045334533012,1,1,1
"CTD-3157E16.2",0.84734313623881,0.252292640842872,1,1,1
"LHX5-AS1",0.847521390047987,0.24965797543819,1,1,1
"RP11-876F14.1",0.847544132188724,0.262774469176475,0.6,0.333,1
"RP11-533E19.5",0.847549697255827,0.254495572539436,1,1,1
"RP11-152P23.2",0.847865923506334,0.262659130376911,0.6,0.5,1
"CTC-551A13.1",0.847991602220852,0.257256863795175,0.6,0.833,1
"RP11-863P13.1",0.848080453006432,0.264091966679402,0.4,0.167,1
"RP11-871F6.3",0.848213749631287,0.255938293571408,1,1,1
"RP11-10N23.5",0.848266948427252,0.261655404693838,0.2,0.167,1
"AC007182.6",0.848266948427252,0.261655404693838,0.2,0.167,1
"RP11-386B13.4",0.848270073117232,0.263212896441897,0.4,0.333,1
"RP11-343K8.3",0.848417058621264,0.256887552618424,1,1,1
"CTD-3222D19.12",0.848586843139311,0.253974850069728,1,1,1
"RP11-552E20.4",0.848653583409876,0.25927391003545,1,1,1
"RP11-388K12.2",0.848711435648757,0.248653917311566,1,1,1
"RP11-563K23.1",0.848897864032987,0.248546999111169,1,1,1
"RP11-40E6.1",0.848979453353201,0.193876417288654,1,1,1
"AC096554.1",0.849017690725136,0.260988743775497,0.2,0.167,1
"RP11-79P5.9",0.849194704347925,0.226516726064793,1,1,1
"RP11-1348G14.5",0.849526294640988,0.252433150269635,1,1,1
"AC013264.2",0.849681364930607,0.259701250205758,0.4,0.5,1
"TCF4-AS2",0.849793613180724,0.264642575830642,0.6,0.5,1
"GACAT2",0.849864806110662,0.250470792069998,1,1,1
"RP11-373E16.4",0.84991811950634,0.257315409879327,0.6,0.333,1
"C9orf41-AS1",0.84999254902801,0.205434185588885,1,1,1
"CTC-529G1.1",0.850164023837313,0.254865291217847,0.8,0.833,1
"LINC00106",0.850194622728354,0.202388397519377,1,1,1
"ATXN8OS",0.850253923217864,0.246795445528737,1,1,1
"LINC01205",0.850320899109464,0.254155917379281,1,1,1
"RP11-85E16.1",0.850333320262356,0.259112165711439,0.6,0.667,1
"C5orf17",0.850461704464158,0.217939862998882,1,1,1
"RP11-362K14.7",0.850485217465935,0.257624022191584,1,1,1
"RP5-1027G4.3",0.850508675033785,0.259959414790178,0.4,0.5,1
"RP11-158M2.5",0.850601879890866,0.261210290918757,1,0.833,1
"RP11-304L19.11",0.850678988697817,0.25826630935658,0.8,1,1
"AC020743.3",0.850781778285705,0.261284354450743,0.4,0.667,1
"CTA-221G9.7",0.850814657396344,0.263321256370246,0.6,0.5,1
"RP11-13A1.3",0.851189203350237,0.234904126964878,1,1,1
"RP1-30M3.5",0.851320465386271,0.248466395132796,1,1,1
"RP1-12G14.5",0.851408973346924,0.264158530474818,0.2,0.167,1
"RP11-380M21.4",0.851408973346924,0.264158530474818,0.2,0.167,1
"RP11-474B12.1",0.85154813015177,0.252628604272414,1,1,1
"RP11-395A13.2",0.851914342619138,0.203995238415342,1,1,1
"RP3-395M20.12",0.851968900792243,0.240041526170001,1,1,1
"AL109761.5",0.852091447046233,0.247680894962895,1,1,1
"RP11-48G14.1",0.852163884522124,0.258505615313247,1,0.833,1
"UBOX5-AS1",0.852469237218697,0.216525832484303,1,1,1
"RP11-328K4.1",0.852743535768632,0.226994857932644,1,1,1
"RP11-499A10.3",0.852977702661157,0.259167631047573,0.8,0.667,1
"RP11-310I24.1",0.853019067215127,0.263557301832748,0.2,0.333,1
"RP11-314B1.2",0.853216650900804,0.226719648773103,1,1,1
"RP11-554D14.8",0.853224644113107,0.256612706424687,0.8,1,1
"EGFR-AS1",0.85325914450356,0.262777196746419,0.8,0.5,1
"AP000477.3",0.853334943342092,0.264614410819541,0.2,0.5,1
"RP11-379P15.1",0.8533395408052,0.258641648403097,0.6,0.833,1
"RP11-797M17.1",0.853428860050117,0.259037220805836,0.8,0.833,1
"CTC-359M8.1",0.85346374208225,0.26013335418935,1,0.833,1
"RP11-474G23.3",0.853580831028646,0.18412266284182,1,1,1
"RP11-1148L6.5",0.853767264018326,0.258365632143494,0.4,0.5,1
"RP11-96A15.1",0.85388540644214,0.253943161516915,1,1,1
"PCDH9-AS1",0.854062535936915,0.167850049422875,1,1,1
"RP11-704C2.1",0.854062772221455,0.263396479044931,0.4,0.167,1
"RP11-511B23.1",0.854064575451219,0.264065558645839,0.4,0.5,1
"LOH12CR2",0.854284426475502,0.233671388154184,1,1,1
"RP11-347H15.4",0.854492950593455,0.261336460793132,0.4,0.333,1
"CTD-2247C11.1",0.854498525928584,0.261330367713743,0.2,0.167,1
"PRRX2-AS1",0.854498525928584,0.261330367713743,0.2,0.167,1
"RP11-289H16.1",0.854634539547687,0.0311263399707424,1,1,1
"AC107057.1",0.854675136151047,0.263599687382311,0.2,0.167,1
"RP11-762H8.5",0.854675136151047,0.263599687382311,0.2,0.167,1
"RP11-348M17.2",0.854691308577488,0.261438533167231,0.4,0.333,1
"RP11-686D16.1",0.854708074717707,0.208870499596893,1,1,1
"RP11-318E3.9",0.854864532205261,0.254857826780142,0.6,0.833,1
"SLC6A1-AS1",0.854988850466498,-0.00486937346089289,1,1,1
"AC092301.3",0.855139752362137,0.261093256871545,0.8,0.833,1
"RP4-616B8.4",0.855141356897604,0.258738235098828,0.6,0.667,1
"ATP1B3-AS1",0.855149734243779,0.263799936295071,0.2,0.333,1
"RP4-543J13.1",0.855236590318492,0.264117562184342,0.8,0.667,1
"LINC01031",0.855269469596138,0.240821769595448,1,1,1
"RP11-455B3.1",0.855302991892104,0.254783128831496,1,1,1
"AC004051.2",0.855309905321269,0.264502797328695,0.6,0.5,1
"RP11-44K6.3",0.855355055677553,0.256379173441152,1,1,1
"RP11-677I18.3",0.855704444632449,0.264303383005517,0.8,0.667,1
"CTD-3035K23.6",0.855848759032504,0.262874899136258,0.4,0.667,1
"AC011243.1",0.856112343066813,0.261224090676428,0.2,0.333,1
"RP11-114B7.6",0.85612269865172,0.264209402320319,0.4,0.667,1
"CTB-31O20.2",0.85612820959361,0.194527465758435,1,1,1
"RP11-486F17.1",0.856129960374033,0.261672231251642,0.2,0.167,1
"RP1-148H17.1",0.856164764397774,0.259780081221106,1,1,1
"AC018816.3",0.856266526801833,0.139669370646786,1,1,1
"CTA-407F11.8",0.856587554326275,0.253526090900136,1,1,1
"RP5-968J1.1",0.856955297074038,0.220286631764199,1,1,1
"RP11-1109F11.3",0.857069647627219,0.257110475982975,1,1,1
"RP11-303E16.7",0.857507161696544,0.262371559041802,0.6,0.5,1
"RP11-253I19.3",0.857648306537608,0.227736730042194,1,1,1
"ABCA9-AS1",0.857669690054376,0.220472733639804,1,1,1
"RP11-66B24.5",0.857700618316526,0.253905317934598,1,1,1
"RP11-12L8.1",0.857724228983772,0.255158886326413,0.4,0.5,1
"CTD-2537O9.1",0.857855021765474,0.196047763193513,1,1,1
"CTB-187M2.2",0.857938969849458,0.263755359177432,0.4,0.5,1
"RP11-17G12.2",0.858087534613047,0.263276073095658,0.6,0.5,1
"RP11-57H12.5",0.858124260375112,0.251854689326276,1,0.833,1
"HNCAT21",0.858277279993831,0.261939020350011,0.6,0.667,1
"RP11-85O21.2",0.858433426014134,0.263662296696258,0.4,0.333,1
"RP11-296A18.6",0.858465316926748,0.259736054311505,0.6,0.667,1
"RP11-231L11.1",0.858468273811575,0.261117920039154,0.2,0.333,1
"AC093110.3",0.858586289955477,0.236582397518971,1,1,1
"RP11-776H12.1",0.858850473023576,0.118781930221327,1,1,1
"RP11-428G5.5",0.858862802999114,0.262807625112238,0.4,0.667,1
"CTD-2227E11.1",0.858961011498502,0.26387780838184,0.2,0.167,1
"RP11-463J10.2",0.858961011498502,0.26387780838184,0.2,0.167,1
"RP11-92B11.4",0.858961011498502,0.26387780838184,0.2,0.167,1
"CTA-286B10.7",0.858961011498502,0.26387780838184,0.2,0.167,1
"RP11-21M24.3",0.859040740933873,0.26365666328183,0.2,0.167,1
"RP11-310H4.1",0.859089079904343,0.262998451041563,1,0.833,1
"RP11-1228E12.2",0.859109571708947,0.192051715391833,1,1,1
"RP3-399L15.1",0.859345386764034,0.261636928342596,0.2,0.333,1
"AC004510.3",0.859396506547769,0.263680528128819,0.2,0.167,1
"PHF1",0.859430124655918,0.134720242004635,1,1,1
"LINC01152",0.859514916689747,0.249987056410958,1,1,1
"RP11-138H11.1",0.859778910743294,0.258349114536515,1,0.667,1
"bP-2189O9.3",0.860231764682044,0.263622261168261,0.4,0.333,1
"RP1-122K4.2",0.860285366355274,0.261505370658261,0.8,0.667,1
"RP5-1142A6.5",0.860390306172485,0.260575591144006,0.2,0.167,1
"CTD-2380F24.1",0.860418576898269,0.191384334676113,1,1,1
"CH17-340M24.3",0.860476681844171,0.212627482951774,1,1,1
"AP000350.5",0.860512502302276,0.244195935973536,0.8,1,1
"RP11-567C2.1",0.860636004368868,0.254419380581144,1,1,1
"RP11-138I1.4",0.860769073361549,0.260616640731017,0.2,0.5,1
"RP11-517A5.5",0.861092475334328,0.249693512476648,1,1,1
"RP11-475O23.2",0.861126431490811,0.263746244441004,0.2,0.333,1
"RP11-945C19.4",0.861191692499443,0.165920967246267,1,1,1
"RP5-884C9.2",0.861362312727153,0.229094774868576,1,1,1
"RP11-574H6.1",0.861530168703155,0.261371085065758,0.2,0.333,1
"RP5-1027O15.1",0.861694506889513,0.263941997378879,0.2,0.333,1
"RP11-608O21.1",0.862202528947323,0.205462797032845,1,1,1
"RP11-857B24.5",0.862276981685926,0.252527427403116,1,1,1
"RP11-295M18.6",0.862564769824427,0.263296857395894,0.2,0.167,1
"RP11-218I7.2",0.862573044422439,0.261718231683826,0.2,0.333,1
"RP11-244N9.6",0.862660593671601,0.263058011055484,0.4,0.5,1
"RP11-386G11.5",0.862756687165903,0.24334874473301,1,1,1
"RP11-359G22.4",0.862839290556161,0.261754822270866,0.6,0.833,1
"RP11-159D12.11",0.862855384793427,0.256648020946264,0.8,1,1
"AC004941.3",0.862996686786836,0.262778793318502,0.4,0.5,1
"CTA-243E7.1",0.863026175095694,0.24725375668626,1,1,1
"RP11-260M19.2",0.863444884824932,0.149028684980492,1,1,1
"CTD-2244C20.2",0.863464641377031,0.261580689510414,0.2,0.333,1
"RP11-80H5.9",0.86358132304125,0.192263791930688,1,1,1
"RP11-107E5.4",0.863699768179146,0.233284573753897,1,1,1
"RP13-314C10.5",0.863738769887613,0.25788381295653,1,1,1
"RP11-543F8.2",0.863857292924358,0.243745088373331,1,0.833,1
"DNM3OS",0.86404669968179,0.259050545008049,1,0.667,1
"AC009227.3",0.8641362115273,0.26215023359764,0.2,0.167,1
"RP11-543A18.1",0.8641362115273,0.26215023359764,0.2,0.167,1
"TAPT1-AS1",0.864171350873834,0.0120583635219151,1,1,1
"PTGES2-AS1",0.864209178854103,0.260597101594403,0.8,0.833,1
"PCDH9-AS3",0.864280760932022,0.190983718257841,1,1,1
"RP11-1060G2.1",0.864362088112766,0.234032460751645,1,1,1
"MIRLET7BHG",0.864493654986698,0.0852422669670632,1,1,1
"CTD-2333K2.1",0.864523425870181,0.261555629582972,0.2,0.167,1
"AC104532.3",0.864614232222068,0.260770110506615,0.2,0.333,1
"FAM83H-AS1",0.864640657018329,0.23613069768505,1,1,1
"CTD-2373H9.5",0.864775389802301,0.259903276931801,0.6,0.667,1
"AC092159.2",0.865044153703978,0.256418040281795,1,1,1
"BRWD1-AS2",0.865111060377832,0.257513049078447,0.8,0.667,1
"RP11-589P10.7",0.865114212760123,0.256251194269776,1,1,1
"RP11-775D22.3",0.865154610056428,0.250066071225036,1,1,1
"RP4-781K5.6",0.865158175981005,0.262752922931638,0.4,0.667,1
"AC079354.5",0.865225731897119,0.263555694184166,0.4,0.167,1
"LINC01502",0.865234492765293,0.262839123389576,0.6,0.333,1
"CACNA1G-AS1",0.865351726767931,0.261533118993586,0.4,0.333,1
"RP11-160H12.2",0.865522719370231,0.0714683432618697,1,1,1
"RP11-155O18.6",0.865560302482334,0.260853835083108,0.4,0.5,1
"RP11-329J18.3",0.865569129179327,0.260186857760453,1,0.833,1
"C11orf44",0.86561022171881,0.259070181498183,0.4,0.667,1
"RP11-45M22.3",0.86567393337411,0.256589488655626,1,1,1
"CTD-3065B20.3",0.865713196667395,0.249977666927354,0.8,1,1
"CTD-3118D11.2",0.865713919248123,0.262266637142453,1,0.833,1
"CTD-2298J14.2",0.865822595448743,0.223663127534767,1,1,1
"RP11-767N15.1",0.865830207367095,0.258549507106562,0.8,0.667,1
"RP1-125I3.2",0.865854015053835,0.236518444585258,1,1,1
"CTD-2313P7.1",0.866584665026955,0.254192485452863,1,1,1
"RP11-34N19.1",0.866710783328281,0.26323764667001,0.2,0.333,1
"MED14OS",0.866774882442793,0.257837088119564,0.6,0.833,1
"RP11-379H8.1",0.866799836342972,0.168692968747636,1,1,1
"RP11-575F12.2",0.866814766856329,0.261169195881303,0.4,0.5,1
"RP11-465N4.4",0.866843230877213,0.262981213079428,0.6,0.667,1
"LLNLR-246C6.1",0.866917487036031,0.26085666145103,0.4,0.333,1
"RP3-394A18.1",0.866946873687582,0.256655680076662,1,1,1
"RP11-112J3.16",0.867076262288355,0.171777010815997,1,1,1
"RP11-1018N14.1",0.867108130834236,0.258902764597984,0.8,0.833,1
"RP1-80N2.3",0.867262131770373,0.261746273961078,0.2,0.333,1
"RP11-25H12.1",0.867405294893982,0.248533709659199,1,1,1
"RP11-466A19.3",0.867542949651118,0.225430791326704,1,1,1
"RP4-758J18.10",0.867608517761574,0.261773327848512,0.2,0.333,1
"LINC01618",0.867719450167636,0.254184438891275,1,1,1
"PTPRJ-AS1",0.867834895775034,0.262906689509892,0.4,0.333,1
"AC092687.5",0.8679572230879,0.262354271636036,0.6,0.5,1
"CTD-2528L19.6",0.868013431409971,0.191030608268242,1,1,1
"AP001059.5",0.868238646172528,0.260967508383458,0.6,0.5,1
"CTB-147C22.9",0.868291668537183,0.245437269355741,1,1,1
"CTB-158D10.3",0.868309946027646,0.261421157202138,0.2,0.167,1
"AL592528.1",0.868352348932807,0.261407705370202,0.2,0.333,1
"RP11-329B9.1",0.868525701081036,0.262533594634074,0.4,0.667,1
"RP11-180O5.2",0.86861306385229,0.263596880398685,0.2,0.167,1
"RP11-142A23.1",0.86861306385229,0.263596880398685,0.2,0.167,1
"RP11-349A8.3",0.86861306385229,0.263596880398685,0.2,0.167,1
"AC108066.1",0.868795974924135,0.260915633591319,0.2,0.5,1
"RP11-136I14.5",0.868884655575482,0.256121316483273,1,1,1
"RP1-29C18.10",0.868974259158425,0.258895879129918,0.2,0.333,1
"RP11-520D19.2",0.86901493761182,0.255911992634339,1,0.833,1
"CTD-2012K14.8",0.86913053920097,0.239427276840858,1,1,1
"RP3-322G13.7",0.869468822945613,0.262258766852784,0.6,0.5,1
"LINC01624",0.869500638438792,0.25827686214438,1,0.833,1
"WI2-85898F10.1",0.869524383450239,0.262780550676302,0.6,0.667,1
"KB-1507C5.4",0.869532219270703,0.151696835624841,1,1,1
"LINC00387",0.869549730846765,0.260225230584498,0.8,0.833,1
"LINC01100",0.869651614580011,0.258579693499117,0.8,0.667,1
"PGM5P3-AS1",0.869741538036486,0.263950567086678,0.4,0.333,1
"RP11-361H10.7",0.869966908102856,0.263543208107271,0.4,0.333,1
"AC067959.1",0.870003852028114,0.146838881419048,1,1,1
"RP11-398J10.2",0.870097020421528,0.26367460004446,0.4,0.167,1
"RP1-67A8.3",0.870347713935301,0.262356678173847,0,0.167,1
"RP11-218M22.2",0.870347713935301,0.262356678173847,0,0.167,1
"RP11-441F2.5",0.870347713935301,0.262356678173847,0,0.167,1
"RP3-333B15.4",0.870347713935301,0.262356678173847,0,0.167,1
"RP11-494O16.4",0.870347713935301,0.262356678173847,0,0.167,1
"AL589986.2",0.870347713935301,0.262312251362882,0,0.167,1
"MIR7515HG",0.870347713935301,0.262312251362882,0,0.167,1
"AC062032.1",0.870347713935301,0.262312251362882,0,0.167,1
"RP11-319E12.1",0.870347713935301,0.262312251362882,0,0.167,1
"AC106786.1",0.870347713935301,0.262312251362882,0,0.167,1
"AJ011932.1",0.870347713935301,0.262312251362882,0,0.167,1
"RP11-128P17.2",0.870347713935301,0.262564261057039,0,0.167,1
"RP11-67L3.5",0.870347713935301,0.262645692266826,0,0.167,1
"AC007879.4",0.870347713935301,0.262645692266826,0,0.167,1
"RP11-457P14.5",0.870347713935301,0.262645692266826,0,0.167,1
"LINC01298",0.870347713935301,0.262645692266826,0,0.167,1
"AP006547.3",0.870347713935301,0.262645692266826,0,0.167,1
"RP11-883G14.4",0.870347713935301,0.262645692266826,0,0.167,1
"CTD-2008P7.10",0.870347713935301,0.262645692266826,0,0.167,1
"RP5-963E22.6",0.870347713935301,0.262645692266826,0,0.167,1
"CITF22-49E9.3",0.870347713935301,0.262645692266826,0,0.167,1
"CTC-384G19.1",0.870347713935301,0.261606337521983,0,0.167,1
"RP11-775G23.1",0.870347713935301,0.261606337521983,0,0.167,1
"CTC-756D1.2",0.870501314680257,0.257088991132997,1,1,1
"CTC-250I14.3",0.870759772775579,0.260056102323688,0.8,1,1
"RP3-326I13.1",0.870776788388631,0.261757514805228,0.6,0.667,1
"RP11-728E14.3",0.870820006288349,0.263595293120906,0.4,0.333,1
"RP11-410L14.2",0.870991257268648,0.12366839455456,1,1,1
"ENO1-AS1",0.871066020086581,0.259089673181135,0.8,0.833,1
"RP11-403P17.3",0.871071874665605,0.251202652834761,1,0.833,1
"RP11-122C5.3",0.871475207904738,0.261586636995541,0.2,0.333,1
"RP11-360I2.1",0.871512269058442,0.253854038125458,1,1,1
"LINC00603",0.87152717316558,0.253655343547071,1,1,1
"RP5-1142A6.8",0.87192877004221,0.260909171437968,0.8,0.833,1
"RP11-54A9.1",0.871988904523618,0.250694681049127,1,1,1
"RP11-20I23.13",0.872003901321898,0.236770989734595,1,1,1
"RP11-383J24.1",0.87223682911026,0.2638330961955,0.2,0.167,1
"CTC-558O2.2",0.872420117105393,0.261880852113172,0.2,0.333,1
"RP11-701H16.4",0.872649881992963,0.263215251520603,0.4,0.333,1
"RP5-1022P6.7",0.872650144273329,0.261459366769885,0.2,0.333,1
"RP11-169K17.3",0.87282129141732,0.260630702797215,0.4,0.5,1
"RP11-563N4.1",0.872826884010927,0.245795037861971,1,1,1
"RP13-895J2.3",0.872838757361281,0.263686561929455,0.4,0.167,1
"RP11-640I15.1",0.872838757361281,0.263686561929455,0.4,0.167,1
"RP11-328P23.4",0.872888631427028,0.254632533554873,1,1,1
"RP11-662M24.1",0.87301071065434,0.25819875665017,0.8,0.833,1
"AC098973.2",0.87343180761139,0.25774885877681,1,1,1
"RP11-23E10.3",0.873492360195967,0.237932100066946,1,1,1
"AC008746.3",0.873554821873857,0.230092107189106,1,1,1
"RP3-402G11.28",0.873843177712561,0.254207345439206,1,1,1
"RP11-21L23.3",0.87409291120524,0.260475679677814,0.2,0.333,1
"RP11-536G4.2",0.874102785786508,0.252639516264788,1,1,1
"LL09NC01-139C3.1",0.874241362530938,0.263277232380384,0.4,0.5,1
"AC002463.3",0.874458512763721,0.261039050551736,1,1,1
"RP11-267M23.4",0.874556192453078,0.189401122764845,1,1,1
"RP11-542K23.7",0.874801724431844,0.253779040335743,1,1,1
"TMEM246-AS1",0.874961562916946,0.190032193679061,1,1,1
"AP000289.6",0.875073534143012,0.261567846928894,0.2,0.333,1
"RP3-510H16.3",0.875083255915189,0.2628431317362,0.4,0.5,1
"RP11-111A22.1",0.875469317529259,0.244233135531605,1,1,1
"CTA-481E9.4",0.875589566434575,0.248148888133378,1,1,1
"CTC-420A11.2",0.875621528855844,0.260674951022036,0.8,1,1
"GSN-AS1",0.875636196723712,0.231053586479504,1,1,1
"C3orf67-AS1",0.87568639694057,0.193498212717,1,1,1
"RP11-507B12.2",0.875831339766485,0.172847465111082,1,1,1
"RP11-138I17.1",0.875916173095794,0.141518838305148,1,1,1
"AC006460.2",0.876081150891227,0.255773918539126,0.8,1,1
"AC092535.3",0.876287389416842,0.261931914905921,0.8,0.833,1
"LINC01206",0.876352917266373,0.257597433313335,1,1,1
"RP11-216B9.9",0.876412550902006,0.261413236321547,0.4,0.333,1
"RP1-111C20.4",0.876450746196586,0.13795334038839,1,1,1
"LANCL1-AS1",0.87647973066693,0.184610537505002,1,1,1
"LINC01581",0.876580241463879,0.263524292244857,0.2,0.333,1
"PLCE1-AS2",0.876605879198362,0.263094290592421,0.4,0.5,1
"HCG17",0.876621979682154,0.126414764695599,1,1,1
"DPYD-AS2",0.876633969180739,0.26336947174759,0.2,0,1
"RP11-216N14.9",0.876633969180739,0.26336947174759,0.2,0,1
"PROX1-AS1",0.876633969180739,0.26336947174759,0.2,0,1
"AC009229.5",0.876633969180739,0.26336947174759,0.2,0,1
"CTD-2647L4.5",0.876633969180739,0.26336947174759,0.2,0,1
"RP11-33I11.2",0.876633969180739,0.26336947174759,0.2,0,1
"RP11-63M22.1",0.876633969180739,0.26336947174759,0.2,0,1
"RP11-244M2.1",0.876791648666141,0.138351204970134,1,1,1
"RP11-552F3.13",0.876803748905635,0.261353094339215,0.2,0.333,1
"RP11-107N15.1",0.876915201187873,0.260544646189852,0.8,0.667,1
"RP11-45A12.2",0.876923588681673,0.259828940337196,0.4,0.5,1
"AC003956.1",0.876939169344342,0.257094344459353,0.6,0.833,1
"RAPGEF4-AS1",0.876949832490207,0.202335459795528,1,1,1
"RP11-867G23.8",0.876993355174457,0.230850839466987,1,1,1
"RP11-251G23.5",0.877223681066595,0.244144397553121,1,1,1
"RP11-33B1.4",0.877430827359031,0.262804831038772,0.8,0.5,1
"RP11-453A12.1",0.877502656593917,0.260845050094628,0.8,0.833,1
"RP11-680F20.4",0.877571051192494,0.263193242080956,0.2,0.167,1
"AC010761.13",0.8777001962619,0.2632347506041,0.6,0.5,1
"RP11-115D19.4",0.878028236008781,0.263575758518716,0.4,0.333,1
"RP1-41C23.4",0.878235155224973,0.263633660075735,0.2,0.167,1
"RP11-332H14.2",0.878290752042722,0.204687169012412,1,1,1
"TMEM44-AS1",0.878351678198784,0.151438519497804,1,1,1
"RP11-277P12.20",0.878423283084147,0.181113683918301,1,1,1
"RP11-359B12.2",0.878557406714941,0.255029719632945,1,1,1
"RP11-49K4.2",0.878718411079919,0.262358076122498,0.6,0.5,1
"ATP13A4-AS1",0.878813722853221,0.260764088694498,0.4,0.333,1
"CTD-2235C13.2",0.878942672581517,0.256979044249922,0.6,0.833,1
"RP11-223P11.3",0.878960367011354,0.233474668278641,1,1,1
"HTT-AS",0.8790523567856,0.253700421356913,1,1,1
"CTD-2047H16.4",0.879171006872302,0.0958802824384821,1,1,1
"LINC00880",0.879186474622916,0.215460656415238,1,1,1
"CTB-33G10.6",0.879214858534423,0.263353820657359,0.2,0.167,1
"CTD-2118P12.1",0.879299148708745,0.254611336698126,0.8,1,1
"PKNOX2-AS1",0.879656735110153,0.260835622156116,0.4,0.5,1
"CTD-2024I7.13",0.879702828971654,0.255144321374962,0.6,0.667,1
"RP11-567G24.3",0.880105850597222,0.259800923413246,0.2,0.5,1
"RP11-400N9.1",0.88055548627804,0.260745257561876,0.4,0.5,1
"AL022341.3",0.880587944125853,0.257584923368744,1,1,1
"RP11-1072A3.4",0.881121941749732,0.25985658942652,0.6,0.667,1
"RP11-544A12.8",0.881151664871269,0.180102074641058,1,1,1
"AC007405.4",0.881186333984205,0.200282855975044,1,1,1
"AP000892.4",0.881504853680231,0.219730041078555,1,1,1
"CTC-806A22.1",0.881535937110304,0.213685111168716,1,1,1
"CTC-471J1.11",0.881589759885998,0.251362620604301,1,1,1
"CTD-2371O3.3",0.881603018217279,0.186402968999346,1,1,1
"RP11-38M8.1",0.881813799496832,0.247584539003106,1,1,1
"RP11-151A10.3",0.881879573928275,0.263471363080485,0.2,0.167,1
"RP13-20L14.6",0.881951472659717,0.259852617443326,1,0.833,1
"XXyac-YX155B6.5",0.88209982862133,0.241901979195959,1,1,1
"RP11-92C4.3",0.882101808993425,0.262563152602285,0.8,0.667,1
"RP5-1139I1.1",0.882125653744906,0.25442178622519,1,1,1
"RP11-255H23.4",0.882222777152872,0.254246470335126,1,1,1
"RP5-1022P6.5",0.882492431210711,0.262920310348552,1,0.667,1
"ERVH-1",0.882531168573518,0.26209684886087,0.2,0.167,1
"RP11-44N12.2",0.882531168573518,0.26209684886087,0.2,0.167,1
"AP001048.4",0.882531168573518,0.26209684886087,0.2,0.167,1
"CTA-293F17.1",0.882652549093652,0.249921782011109,1,1,1
"RP13-577H12.2",0.882859984214636,0.260658599050798,0.2,0.333,1
"RP4-734C18.1",0.882927672972067,0.261298265604944,0.4,0.333,1
"DDR1-AS1",0.883027948054284,0.261686000844258,0.2,0.5,1
"RP1-142L7.5",0.883033112335589,0.259244028095986,0.8,1,1
"RP11-494H4.3",0.883155477153762,0.263488916902291,0.2,0.167,1
"RP11-432J24.5",0.883164252967556,0.261858065765859,0.4,0.333,1
"RP11-669M16.2",0.883186833794627,0.255815999188782,1,1,1
"RP11-616K22.2",0.883393941082219,0.261017988458701,0.8,0.833,1
"AP003068.9",0.883405172521455,0.260982036445361,0.2,0.167,1
"RP11-273B20.3",0.883565129883635,0.264474214502652,0.6,0.333,1
"FOXD2-AS1",0.88360977591688,0.264026653228978,0.8,0.667,1
"RP11-150C16.1",0.883720194439534,0.226301243249259,1,1,1
"RP11-304M2.3",0.8837603943903,0.226636774904996,1,1,1
"LINC00623",0.883772409093819,0.0799437053627503,1,1,1
"CTD-2341M24.1",0.883932866502007,0.15334970168665,1,1,1
"RP11-650J17.1",0.884079564843485,0.135071592895085,1,1,1
"RP1-267L14.3",0.884146710301269,0.260068457189758,0.6,0.5,1
"USP30-AS1",0.88422044391881,0.261270373376548,0.2,0.333,1
"RP11-727A23.7",0.884683432591124,0.260515615710037,0.2,0.5,1
"RP13-507P19.2",0.884905195536195,0.260444118320807,0.4,0.333,1
"CTC-529I10.1",0.884945507805945,0.242995202216258,1,1,1
"RP11-565A3.2",0.885026137971904,0.25610139949308,1,1,1
"AC011239.1",0.885152943345617,0.263373697867964,0.4,0.333,1
"RP11-678G15.2",0.885564260414738,0.263106660927511,0.4,0.333,1
"RP11-567L7.5",0.885682476674589,0.256555105293335,1,0.833,1
"RP4-533D7.4",0.885719072623207,0.263824008410255,0.2,0.167,1
"RP11-154J22.1",0.885889940393011,0.21620261496418,1,1,1
"RP11-148E17.1",0.885921014425056,0.25985302205101,0.8,0.667,1
"LINC00624",0.885972434931017,0.223045618815759,1,1,1
"ERICH3-AS1",0.886113791228021,0.25234416340393,0.8,1,1
"LINC01197",0.88639972038416,0.200986077333727,1,1,1
"RP5-828H9.1",0.886572003413831,0.2631291076821,0.2,0.167,1
"RP11-646I6.6",0.886572828713032,0.23551367610856,1,1,1
"RP11-411H5.1",0.886710177033627,0.256828616614886,1,1,1
"RP11-540O11.7",0.886887995577615,0.252681308888429,1,0.833,1
"RP11-363E6.3",0.887072877704757,0.255498528130221,0.8,0.833,1
"RP11-580I1.1",0.88708660677077,0.22426661465975,1,1,1
"RP11-383M4.6",0.887175265892879,0.252639171497805,1,1,1
"RP11-95D17.1",0.887244606279366,0.238535683259959,1,1,1
"RP11-25I15.2",0.887347237644821,0.263129723701732,0.6,0.5,1
"LINC00972",0.887579346584548,0.259739692465887,0.4,0.5,1
"RP11-340I6.8",0.887639721629618,0.194086588464113,1,1,1
"RP11-166O4.6",0.887664689773055,0.200738387832635,1,1,1
"CTD-2008L17.2",0.88881151306257,0.255274618165424,1,1,1
"FAM87B",0.888855268566299,0.263644787812364,0.4,0.167,1
"RP11-568A7.4",0.888855268566299,0.263644787812364,0.4,0.167,1
"CTC-296K1.3",0.888855268566299,0.263644787812364,0.4,0.167,1
"RP5-1025A1.3",0.888894443307056,0.247279635250338,0.8,1,1
"RP3-395P12.2",0.889027339226777,0.262680594369837,0.6,0.667,1
"RP11-138B4.1",0.889170857624731,0.263625715619486,0.2,0.167,1
"RP11-540O11.4",0.889317501820341,0.236530183786693,1,1,1
"RP11-883A18.3",0.889376700202186,0.249751320746371,1,1,1
"ZNF385D-AS1",0.889418402672815,0.262099869117896,0.8,0.833,1
"RP11-396N11.1",0.889581889731952,0.261681890083279,0.4,0.333,1
"CTD-3193K9.4",0.889884820710035,0.195435169647167,1,1,1
"YTHDF3-AS1",0.889964661149715,0.255501778862115,1,1,1
"RP11-158M2.2",0.889983999851917,0.2617477991256,0.2,0.333,1
"CTA-929C8.8",0.890003751553416,0.255876046934716,1,1,1
"RP1-167G20.1",0.890373376264858,0.240413985278523,1,1,1
"LMLN-AS1",0.890631801863698,0.26115195707539,1,0.833,1
"AC005740.6",0.89074810692942,0.262646434851587,0.6,0.833,1
"ODF2-AS1",0.890816859178162,0.260824647317316,0.4,0.5,1
"RP11-455F5.6",0.890823223904907,0.255790605523131,0.8,0.833,1
"RP11-422P22.1",0.891011355872773,0.263485188127881,0.4,0.333,1
"CASC20",0.891340394354117,0.256681576520297,0.6,0.667,1
"HMGN3-AS1",0.891465382843805,0.251250354859888,1,0.833,1
"MME-AS1",0.891610660847505,0.261182290635906,0.2,0.333,1
"RP11-586L23.1",0.891675173377789,0.263969281984764,0.4,0.167,1
"RP11-320N21.2",0.891730514808339,0.262314104459623,1,0.833,1
"RP11-250B2.5",0.891819201003236,0.237569398611964,1,1,1
"RP11-474I16.8",0.891963444236015,0.262428083669839,0.6,0.5,1
"RP5-899E9.1",0.892202049335072,0.263308558808,0.4,0.5,1
"LA16c-361A3.3",0.892304384331557,0.263465801614608,0.2,0.333,1
"CTD-2297D10.2",0.892317741947873,0.258136026805201,0.8,0.667,1
"RP11-447B18.1",0.892361510842527,0.263893182145909,0.2,0.333,1
"TMPO-AS1",0.892427694766257,0.24004536731768,1,1,1
"CTB-35F21.5",0.89244250369541,0.262088169407794,0.6,0.5,1
"RP11-78O7.2",0.892579001950085,0.248572718088869,0.8,1,1
"TTC3-AS1",0.892631078443981,0.246824413729858,1,1,1
"RP11-379J5.5",0.89264566522452,0.252252332233181,0.8,0.833,1
"AC141928.1",0.892891870098527,0.257854288311502,0.8,0.833,1
"CTB-32H22.1",0.893027073123182,0.263109513239719,0.2,0.5,1
"AC008278.2",0.893090649705187,0.263108376644417,0.4,0.5,1
"RP1-272L16.1",0.893233153319857,0.261956359815668,0.2,0.167,1
"RP11-413H22.2",0.89334108445138,0.255592530622874,1,1,1
"RP11-266K4.9",0.893544320536193,0.219357909188326,1,1,1
"GRM5-AS1",0.893636776732282,0.262242095882273,0.8,0.667,1
"GRPEL2-AS1",0.893792999296541,0.227381790559676,1,1,1
"MALAT1",0.894177506526894,0.0432137296864683,1,1,1
"AC078883.3",0.894223066956008,0.263294387630126,0.6,0.5,1
"KB-1183D5.13",0.894295986265012,0.261499449691534,0.4,0.333,1
"PCAT7",0.894396178652951,0.254019693269105,1,1,1
"CTA-342B11.1",0.894406134580803,0.263483381361805,0.2,0.167,1
"CTB-49A3.2",0.894481773706929,0.261878645534862,0.6,0.667,1
"RP11-445N20.3",0.894650175879995,0.259458901935761,0.8,0.667,1
"RP11-860B13.3",0.894825540674745,0.26190764028999,0.2,0.333,1
"LINC01611",0.894897406209754,0.252052772940066,1,1,1
"CTD-2555I5.1",0.895088255134989,0.23919893455096,1,0.833,1
"RP11-412P11.1",0.895108245052902,0.26214588396137,0.8,0.333,1
"CTD-2037L6.2",0.895144191796717,0.26675446999153,0.2,0.333,1
"RP11-166B2.7",0.895152296081143,0.261323498701973,0.2,0.167,1
"AC104667.3",0.895165288264015,0.263249213535765,0.6,0.5,1
"RP11-492I21.1",0.895385676534489,0.262851184001416,0.4,0.167,1
"RP11-153K11.3",0.895754204533985,0.261810655632917,0.8,1,1
"UBAC2-AS1",0.89588684187958,0.249416770403472,1,1,1
"RP11-349P19.1",0.896005504130137,0.259918843631127,1,0.833,1
"RP11-61L19.2",0.896254682522714,0.263332710547498,0.2,0.333,1
"CTA-445C9.14",0.896673123049674,0.244109809578053,1,1,1
"CTD-2547L24.4",0.896716889291346,0.26023501053536,0.8,0.667,1
"RP11-713P17.3",0.896761944664168,0.251120699710421,1,1,1
"CTC-524C5.2",0.896789795383475,0.225889768847031,1,1,1
"RP11-458D21.1",0.896865579815884,0.221816136397198,1,1,1
"RFPL1S",0.896961760238109,0.123139234334685,1,1,1
"RP5-968P14.2",0.897032281104737,0.261687007591227,0.2,0.333,1
"RP5-1148A21.3",0.897100178632331,0.261087146586164,0.6,0.5,1
"AC020594.5",0.897177670141302,0.201805569795636,1,1,1
"RP11-350N15.3",0.897184540443219,0.255905717355999,0.8,0.667,1
"LINC00685",0.897210098369745,0.150742989398748,1,1,1
"RP3-508I15.9",0.897225643760504,0.233289520409838,1,1,1
"RP11-255G12.2",0.897282549835932,0.257520597390041,0.8,1,1
"C1orf143",0.897313970916792,0.263672730303572,0.2,0.167,1
"RP11-65M17.1",0.897354036787607,0.262543468345882,0.8,0.667,1
"RP11-797D24.3",0.897597561899024,0.249878141447038,1,1,1
"RP11-334A14.5",0.897915538512703,0.261883577222917,0.2,0.167,1
"RP11-550H2.2",0.89805809149576,0.262765681529315,0.4,0.5,1
"RP11-180M15.3",0.89817096845526,0.238152639991841,1,1,1
"AC000403.4",0.898194064973308,0.262341617087915,0.6,0.667,1
"FREM2-AS1",0.898267015748053,0.263543131112014,0.2,0.167,1
"RP11-262A16.1",0.898267015748053,0.263543131112014,0.2,0.167,1
"CTD-2358C21.4",0.898267015748053,0.263543131112014,0.2,0.167,1
"CTC-490G23.4",0.898267015748053,0.263543131112014,0.2,0.167,1
"RP11-543H12.1",0.89826870424847,0.258821722348005,0.6,0.5,1
"NFE4",0.898387445480036,0.260905186573679,0.6,0.667,1
"RP4-726N1.2",0.898445598593566,0.260343432819137,0.4,0.5,1
"CTC-484P3.3",0.898532395725702,0.254239867322081,0.6,0.667,1
"CTD-2531D15.5",0.898569889590359,0.260469224681452,0.2,0.333,1
"RP11-123M6.2",0.898593500732712,0.225494735089218,1,1,1
"CTA-109P11.4",0.898908725600535,0.253621232874572,1,1,1
"NLGN4Y-AS1",0.898959290303383,0.25877012068492,0.4,0.5,1
"LA16c-325D7.1",0.899021349609481,0.262208822954389,0.2,0.167,1
"RP11-536K7.5",0.899154316603098,0.259195309624465,0.8,0.667,1
"RP11-360K13.1",0.89923525412354,0.251683075166511,1,1,1
"LL0XNC01-250H12.3",0.899239813855375,0.263566804270603,1,0.667,1
"RP11-15A1.3",0.899254600960273,0.213276197145556,1,1,1
"RP11-324E6.6",0.899330542560154,0.254883895317199,0.8,1,1
"RP11-138J23.1",0.899559935325483,0.263495393074624,0.2,0.167,1
"CTD-2532K18.1",0.899630226704162,0.239671685395103,1,1,1
"AC013402.5",0.89994731331794,0.263941169715106,0.4,0.5,1
"BHLHE40-AS1",0.899971836521954,0.226064488869347,1,1,1
"RP11-351J23.2",0.900015286169663,0.262932036130113,0.4,0.167,1
"EPB41L4A-AS2",0.900129045352766,0.261995126810795,0.6,0.5,1
"AC007163.6",0.900155200112498,0.23534318747429,1,1,1
"LINC00336",0.900161221359823,0.257723604039202,0.4,0.5,1
"AC131097.4",0.90021064945527,0.259940355398016,0.6,0.833,1
"RUVBL1-AS1",0.900271468708402,0.261452442103717,0.2,0.333,1
"RP11-114F3.4",0.900356134655375,0.263315746293431,0.2,0.167,1
"RP11-527N12.2",0.900356134655375,0.262982305389487,0.2,0.167,1
"RP11-544I20.2",0.900356134655375,0.263026732200452,0.2,0.167,1
"AP000473.6",0.900418912825737,0.259855835686595,1,1,1
"EGOT",0.900672133457392,0.261560704937206,0.6,0.667,1
"PLS1-AS1",0.900797741707365,0.261250323000217,0.4,0.667,1
"RP11-161D15.3",0.900848932643294,0.263466147515953,0.6,0.667,1
"JMJD1C-AS1",0.900897493503067,0.259954328155205,0.4,0.5,1
"PLCG1-AS1",0.900914016096253,0.212251307554187,1,1,1
"RP11-605F22.2",0.900921456055837,0.253060763919359,0.6,0.833,1
"RP11-66D17.5",0.900941382354047,0.261026624151142,0.4,0.5,1
"ZBTB20-AS1",0.900969018543504,0.234668426941427,1,1,1
"AC009961.3",0.901111235597699,0.152839051960685,1,1,1
"RP4-791M13.5",0.901154694538004,0.263338198758877,0.2,0.167,1
"LINC00701",0.901246042703247,0.26322721477438,0.2,0.167,1
"RP11-2L8.2",0.901396057504391,0.262863867448375,0.6,0.5,1
"KCNQ1DN",0.901729369109118,0.245222777495498,1,1,1
"RP11-325K19.1",0.901989249148169,0.229650768723125,1,1,1
"RP11-166B2.5",0.90201243767213,0.262063207775361,0.8,0.833,1
"NAV2-AS4",0.902084595100299,0.263683944797553,0.2,0.333,1
"CTD-2058B24.2",0.902093982537523,0.0546615469796428,1,1,1
"RP11-356C4.3",0.902576080669927,0.251187035569577,1,1,1
"RP11-22A3.1",0.902599847397694,0.258470224559844,0.8,0.667,1
"RP11-347I19.7",0.902765853058473,0.258799260390303,0.6,0.833,1
"RP11-147L13.2",0.902782366842873,0.260158148214699,0.6,0.667,1
"RP11-996F15.6",0.902818402368896,0.252985335822434,1,1,1
"RP11-3D4.3",0.902832155247671,0.237567977427054,1,1,1
"AC011524.3",0.902895500419243,0.258826809606557,0.6,0.5,1
"RP3-406P24.3",0.902972843485006,0.233096249153869,1,1,1
"AC110781.3",0.903235031883558,0.261133342915932,0.4,0.667,1
"AC009120.10",0.903260233110158,0.252000801449321,1,0.833,1
"CTC-499B15.5",0.903531661699932,0.237657777484808,1,1,1
"RP11-854K16.3",0.903974977022675,0.263300149262004,0.2,0.333,1
"AC010761.8",0.903974977022675,0.263300149262004,0.2,0.333,1
"RP11-930P14.1",0.903996287469145,0.262859737510692,0.6,0.833,1
"CTD-2311M21.3",0.904040792020929,0.261411425735029,0.4,0.5,1
"RP11-390F4.3",0.904096071228118,0.252053204373017,1,1,1
"AC011343.1",0.90410975821583,0.248817332886644,1,1,1
"CTC-340D7.1",0.9041732954082,0.198485716629903,1,1,1
"AIRN",0.904228693360682,0.260345053940118,0.2,0.667,1
"RP11-229P13.22",0.904329914145695,0.264634858807104,0.8,0.667,1
"RP4-799D16.1",0.90457111342018,0.262164583619623,1,0.833,1
"CTD-2197I11.1",0.904660809790771,0.247702635967658,0.8,1,1
"RP3-416J7.4",0.904753529602111,0.261613832464097,0.2,0.333,1
"RP11-461A8.1",0.904857200909886,0.263897230809062,0.8,0.667,1
"CTD-2350C19.2",0.905026423586691,0.257751973482632,0.8,0.833,1
"MACC1-AS1",0.905036517215384,0.263304921592167,0.4,0.167,1
"RP11-291L22.4",0.90514765474825,0.247395588287668,1,1,1
"AC093323.3",0.905260255883503,0.192710177324567,1,1,1
"LINC00471",0.905318345292427,0.237784041293922,1,1,1
"RP11-486P11.1",0.905400246096343,0.253686238992596,0.6,1,1
"RP11-4C20.3",0.905402956367317,0.257345936926046,1,1,1
"LINC00229",0.905486530042454,0.26194637043386,0.2,0.333,1
"CTD-2587H24.10",0.90557255407113,0.255506134258194,1,1,1
"RP11-1069G10.1",0.905583514322987,0.249062535567662,1,1,1
"RP11-35P15.1",0.905859387179148,0.26259214931876,0.2,0.167,1
"CH507-513H4.1",0.905891319746045,0.0354334278834691,1,1,1
"RP11-626G11.1",0.905908234595219,0.247521093827548,1,1,1
"RP11-383G10.5",0.905996992466684,0.262994270431531,0.4,0.333,1
"LINC00381",0.906316863013826,0.260373749791334,1,1,1
"RP5-1103G7.10",0.90665664286018,0.262648238787643,0.4,0.167,1
"LINC00508",0.906681681123516,0.263498574130937,0.2,0.167,1
"AC073342.12",0.906761323973934,0.153750778563907,1,1,1
"FLJ42969",0.907066552220119,0.259152128729041,0.8,0.833,1
"LINC01348",0.907143819732069,0.262011397107694,0.6,0.5,1
"AP001626.1",0.907186581349198,0.263182504608527,0.2,0.333,1
"RP11-269G24.4",0.907644164402667,0.262294484912316,0.2,0.167,1
"RP11-686G23.2",0.907685071668376,0.205881629072441,1,1,1
"RP11-208K4.1",0.907726726117082,0.257907816541481,1,0.833,1
"RP11-510J16.5",0.907753035615104,0.209567340012238,1,1,1
"RP11-317G6.1",0.90785058550027,0.22184702256384,1,1,1
"RP11-460I13.2",0.908049380329989,0.260561269126832,0.8,0.833,1
"AC091133.1",0.908092898240213,0.187728909177925,1,1,1
"RP11-460B17.3",0.908136393101325,0.234153838326953,1,1,1
"RP11-448G4.4",0.908189009984753,0.262131364632602,0.6,0.667,1
"RP11-748L13.6",0.90841954560664,0.262406123110285,0.4,0.5,1
"RP11-61J19.3",0.908717988986428,0.257620889631593,0.8,0.5,1
"NOVA1-AS1",0.908739171890083,0.0865820944528163,1,1,1
"RP11-531A24.3",0.908873108755985,0.230654539346686,1,1,1
"CTD-3074O7.2",0.909107988770288,0.263174636372423,0.4,0.333,1
"RP11-597M12.2",0.909305520493397,0.263295412920871,0.4,0.167,1
"C10orf25",0.90931349796812,0.255967930190458,1,1,1
"AL121656.5",0.909315003250209,0.240472370443853,1,0.833,1
"RP11-131L12.4",0.909357144811337,0.250497655123926,1,1,1
"LINC01355",0.909580528178169,0.150327751350283,1,1,1
"CTD-2650P22.1",0.909950415251244,0.255403349398608,1,1,1
"AFAP1-AS1",0.910023655818043,0.259418388267613,0.6,0.667,1
"SNHG19",0.910025358969941,0.149917376860795,1,1,1
"RP11-884K10.7",0.910058799709013,0.223444455322888,1,1,1
"RP11-300M24.1",0.910410364786989,0.261665200332917,0.2,0.167,1
"NTM-AS1",0.910610919365167,0.193075575997393,1,1,1
"PRMT5-AS1",0.910651693156365,0.261210198804324,0.6,0.5,1
"RP11-105N14.1",0.91080999670771,0.255628041592463,0.8,1,1
"AC064874.1",0.910851430646533,0.26130660468187,0.6,0.667,1
"RP11-342I1.2",0.910866700108559,0.261918391588785,0.2,0.167,1
"LINC01388",0.910883037068601,0.259886593472813,0.4,0.5,1
"CTC-550B14.7",0.911021680972365,0.250970153991398,1,1,1
"RP11-873E20.1",0.911123515802225,0.260999744713672,1,0.833,1
"AC009518.4",0.911157796589699,0.260545488188724,0.6,0.667,1
"RP11-173P15.3",0.91116329476017,0.263238744113181,0.2,0.333,1
"RP11-463J10.3",0.91116329476017,0.263238744113181,0.2,0.333,1
"AC006372.4",0.911234591249256,0.263682868660664,0.8,0.833,1
"DLGAP1-AS3",0.91127605876139,0.261159837179551,1,0.833,1
"CTB-25B13.5",0.911310689225897,0.255704323561033,1,1,1
"AC084219.4",0.911475490054626,0.229880657261746,1,1,1
"RP11-157P1.4",0.911672958713359,0.249160806418578,1,1,1
"RP11-625I7.1",0.911815975438619,0.257425414008792,0.6,1,1
"RP11-678G14.2",0.911836106752903,0.189381413261253,1,1,1
"RP1-293L6.1",0.911881422370788,0.24182561497722,1,1,1
"RP11-595B24.1",0.911932085498769,0.254555608858884,1,1,1
"RP11-860B13.1",0.9122233231827,0.261364348937205,0.2,0.5,1
"LINC01546",0.912554142648487,0.25391364927425,1,1,1
"RP11-193H5.1",0.912582278912057,0.259486334773242,0.8,0.667,1
"ACVR2B-AS1",0.912706394530742,0.262548552349187,0.6,0.667,1
"RP11-424G14.1",0.912821585571783,0.239201530946836,0.8,0.833,1
"RP11-950C14.3",0.913160766676506,0.225491476099954,1,1,1
"RUSC1-AS1",0.91323304822567,0.243957192979918,1,1,1
"RP1-68D18.4",0.913253324230212,0.255825810254625,0.6,0.667,1
"LINC01250",0.913367397233218,0.116613661852553,1,1,1
"CTC-340I23.2",0.913388635969043,0.25763041404772,0.8,0.667,1
"DLGAP2-AS1",0.91363229739512,0.256141141371963,0.8,0.833,1
"RP11-1020M18.10",0.913815757298089,0.262298831000854,0.8,1,1
"AC007009.1",0.91385043677925,0.262025009553108,0.2,0.167,1
"RP11-45P15.4",0.913871364741884,0.257600128329736,1,1,1
"LINC01396",0.913939659718031,0.239315436217126,1,1,1
"SIDT1-AS1",0.914178123695369,0.253627370096286,0.6,0.833,1
"RP11-541G9.1",0.914227199001062,0.209059254939665,1,1,1
"RP11-277B15.3",0.914300434587519,0.245213702391643,1,1,1
"RP11-338L22.2",0.914328753114773,0.257610556600443,0.8,0.5,1
"RP3-510O8.4",0.91439380517981,0.262159709666265,0.2,0.167,1
"RP5-965F6.2",0.914478889921507,0.1070541345541,1,1,1
"RP1-30E17.2",0.914627715255377,0.216175682607432,1,1,1
"LPP-AS2",0.914787644446768,0.256919392462192,1,1,1
"CTD-2547L16.1",0.914852781639481,0.236155429396388,1,1,1
"RP11-490M8.1",0.914949426795358,0.243169637661282,1,1,1
"RP11-111J6.2",0.915007116591241,0.250630385758976,1,1,1
"SEMA3F-AS1",0.915089488373377,0.262256076864783,1,1,1
"RP11-669E14.6",0.915099049070812,0.260010794446426,0.4,0.333,1
"RP11-202G11.2",0.915210969052291,0.258076015274287,0.6,0.667,1
"CTD-3193O13.12",0.915254284276538,0.261264589874231,0.8,0.833,1
"AC105393.1",0.915301516031036,0.261328558338898,0.4,0.333,1
"RP11-108M9.6",0.915396220218715,0.25667498445125,0.8,0.667,1
"CTD-3220F14.1",0.915497622199819,0.242105089122301,1,1,1
"RP11-66B24.1",0.915518779629905,0.163267524386138,1,1,1
"AC005498.4",0.915542075650372,0.254843233591965,0.8,1,1
"RP11-92B11.3",0.915575428660236,0.261454967634419,0.4,0.167,1
"AC091633.3",0.915627375215358,0.263107153462335,0.6,0.667,1
"AC116366.6",0.915649154693717,0.261740739318293,0.2,0.333,1
"AC000068.5",0.915865684100472,0.250627231824106,1,1,1
"RP11-180M15.4",0.915950984881806,0.255355275500605,0.8,1,1
"RP11-281O15.4",0.916104254804739,0.20498551715693,1,1,1
"TP53TG1",0.916112900098872,0.179024547495366,1,1,1
"RP11-1101K5.1",0.916124969980249,0.243396175549908,1,1,1
"SNHG10",0.916178411644822,0.21071837181021,1,1,1
"TCEB3-AS1",0.916315503920976,0.106041041335077,1,1,1
"TET2-AS1",0.916361373750214,0.262234362271138,0.4,0.5,1
"RP11-400F19.6",0.916545928369864,0.231874126933069,1,1,1
"CTD-3051D23.4",0.916800461205051,0.260547804310168,0.8,0.833,1
"ARHGEF3-AS1",0.916812588587889,0.255052417020598,1,1,1
"RP11-1084E5.1",0.917075363030108,0.228550535908703,1,1,1
"RP11-10O17.3",0.91732263542385,0.207890888530551,1,1,1
"RP11-541F9.2",0.917372846706804,0.249845121696947,0.8,1,1
"RP11-219D15.3",0.917593999533279,0.263156926520195,0.4,0.167,1
"TTTY15",0.917617726745341,0.00440070119037306,0.8,0.833,1
"AC009133.15",0.917689131232955,0.263298982805909,0.2,0.167,1
"CTA-204B4.2",0.917779252222517,0.137114440138881,1,1,1
"RP11-12D24.10",0.918128052312079,0.262452066675845,0.6,0.667,1
"RP1-315G1.3",0.918171033747343,0.245699435565931,1,1,1
"RP13-1016M1.2",0.918764658816393,0.263416812561764,0.6,0.333,1
"RP1-39G22.7",0.918775213071315,0.188877058917,1,1,1
"RP11-1023P17.2",0.918833362600745,0.246195278311996,1,1,1
"HDAC11-AS1",0.919026030716105,0.247778963830043,1,1,1
"RP1-137D17.1",0.919267067021283,0.240794079539585,1,1,1
"RP4-781K5.2",0.919318334606643,0.25930567479715,0.8,0.667,1
"RP11-362I1.1",0.919606261569412,0.263053143427626,0.4,0.333,1
"AC022201.4",0.919753422319862,0.261865026665234,0.4,0.5,1
"ARAP1-AS1",0.920055765164088,0.259180926298467,0.2,0.333,1
"RP11-46C24.7",0.920220053958066,0.199375573184194,1,1,1
"RP11-978I15.10",0.92022174056407,0.262678520939856,0.6,0.833,1
"HSPC324",0.920302110950754,0.256819771510592,1,0.833,1
"LINC00449",0.920491833385143,0.25945486012261,0.6,0.667,1
"LINC01224",0.920607541882307,0.256499793154509,0.8,1,1
"RP11-321A17.4",0.92061077432957,0.235663049048695,1,1,1
"RP4-655C5.4",0.92066370412038,0.262372431057952,0.8,0.833,1
"RP11-184E9.1",0.920749562209768,0.259065628234614,1,1,1
"RP11-625H11.2",0.920997778993471,0.258895996705618,0.8,0.667,1
"RP11-738E22.3",0.921010088580996,0.263409962251604,0.4,0.167,1
"RP5-1044H5.1",0.921017089925601,0.159999971782891,1,1,1
"RP3-437I16.1",0.921083654068644,0.259750896743847,1,0.833,1
"RP11-830F9.5",0.921126253350529,0.263386909633403,0.8,0.667,1
"RP11-143I21.1",0.921137104221375,0.261740047909619,0.4,0.333,1
"RP11-31F15.2",0.921159125839426,0.16682552733806,1,1,1
"CTB-49A3.4",0.921354716936668,0.254091163950332,0.8,1,1
"RP11-680F20.9",0.921359049065204,0.251915651914727,1,1,1
"AC007620.3",0.921393155203381,0.248718067367045,1,1,1
"RP11-390E23.3",0.921569628050032,0.257429585841237,1,1,1
"RP11-677M14.7",0.921619496950144,0.195173576292391,1,1,1
"RP11-651P23.5",0.921665059264883,0.257166377452445,1,1,1
"RP11-795J1.1",0.921676540507348,0.194218775556779,1,1,1
"RP11-713M15.1",0.921679407156818,0.262988471290083,0.2,0.167,1
"RP11-234B24.2",0.921723153184433,0.242634738264731,1,1,1
"RP11-167P22.3",0.921774097084169,0.26348940876106,0.2,0.167,1
"RP11-530C5.2",0.921774097084169,0.26348940876106,0.2,0.167,1
"LINC00654",0.921782218055754,0.257188817834212,1,1,1
"RP11-247A12.2",0.921791661576271,0.239980150135569,1,1,1
"RP11-165M1.3",0.921817038891997,0.26085455129336,0.4,0.333,1
"RP13-317D12.3",0.921983683908657,0.263471758737918,0.4,0.167,1
"AC011747.3",0.922195844679856,0.258870633138683,1,1,1
"MLIP-AS1",0.922228719921766,0.255256603814345,1,1,1
"RP11-268I9.3",0.9222791701655,0.26176613742743,1,1,1
"RP11-637A17.2",0.92237331044093,0.243471320806219,1,1,1
"CTD-2184D3.5",0.922648202575234,0.253486499793858,1,1,1
"RP11-770G2.2",0.922708193783138,0.196175751350379,1,1,1
"RP11-665C16.6",0.922743151963895,0.261072236173557,0.8,0.833,1
"RP11-11C20.3",0.9228637587608,0.248999141426199,1,1,1
"AC006296.1",0.923141674903677,0.262441214454524,0.6,0.667,1
"AC005609.17",0.923817978848081,0.262401098558726,0.4,0.333,1
"CTD-3012A18.1",0.92394516603092,0.260846463618212,0.6,0.667,1
"AC012074.2",0.924157383778172,0.243158041500883,1,1,1
"RP11-190C22.8",0.924207413412886,0.259085537519998,0.6,0.833,1
"RP11-348F1.3",0.924310350683524,0.251913219015531,1,1,1
"RP11-29H23.4",0.924376201116526,0.262255551573654,0.4,0.333,1
"URB1-AS1",0.924424785644405,0.226864359627518,1,1,1
"SRGAP3-AS2",0.924472481008897,0.263231295436463,0.4,0.167,1
"CH17-125A10.2",0.924488188680707,0.179976246145645,1,1,1
"RP11-727F15.9",0.924528652381472,0.237813865907093,1,1,1
"RP11-798K3.3",0.924533779665872,0.260504039416705,0.8,0.667,1
"RP11-110I1.12",0.924764962335318,0.249474144845895,1,1,1
"RP11-269F19.2",0.924832871569185,0.241937024666531,1,1,1
"LA16c-395F10.2",0.924923617029084,0.250891806994304,0.8,1,1
"RP1-151F17.2",0.924934928253722,0.223016619870722,1,1,1
"RP5-1121H13.3",0.925050187391682,0.254895932746889,0.8,1,1
"HORMAD2-AS1",0.925597910717908,0.251051575181975,1,1,1
"RP11-95P2.3",0.925622541283674,0.258921425371893,0.6,0.833,1
"AC139099.6",0.925912569693435,0.256826657495094,1,0.833,1
"CTD-2525I3.3",0.925923738956896,0.249835628243353,1,1,1
"RP11-1250I15.3",0.925929005170671,0.258210102392879,0.6,0.5,1
"RP11-6E9.5",0.925986969826237,0.259908607498957,1,0.833,1
"RP11-439K3.3",0.926040190482391,0.261393033475803,1,0.667,1
"CTD-2213F21.2",0.926129425155149,0.227376940712922,1,1,1
"RP11-524K22.1",0.926140401229266,0.260895102313635,0.4,0.167,1
"RP1-140A9.1",0.926274572061927,0.257807016520222,0.8,0.833,1
"RP11-90E5.1",0.926358110643258,0.26383836649207,0.6,0.5,1
"CALML3-AS1",0.926462331980488,0.261900835138746,1,0.667,1
"CACNA1C-AS2",0.926504353187976,0.261163875826566,1,0.833,1
"CELF2-AS2",0.926544004593545,0.236085362538672,1,1,1
"RP11-817G13.3",0.926880273954063,0.260308298238455,0.8,0.667,1
"SYP-AS1",0.926894925974661,0.263213751062366,0.2,0.333,1
"RP1-17K7.2",0.927004839828598,0.262698754799293,0.4,0.167,1
"RP11-831A10.2",0.927123604010829,0.262538633218421,0.2,0.167,1
"LINC00502",0.927123604010829,0.262538633218421,0.2,0.167,1
"RP11-718G2.5",0.927152989629511,0.258877708951506,0.8,0.833,1
"RP11-240G22.5",0.927367874441983,0.262007141599585,0.2,0.167,1
"RP11-264B14.1",0.92753633904745,0.227737584287334,1,1,1
"RP3-449M8.6",0.927618986201872,0.262909866360292,0.2,0.5,1
"RP11-96O20.5",0.927656150068855,0.259704324890345,1,1,1
"RP11-151A6.6",0.927732835490534,0.260237435532123,0.4,0.667,1
"LUADT1",0.927810667374267,0.2622782848117,0.2,0.333,1
"EGLN3-AS1",0.927944435271196,0.261012766516625,0.4,0.667,1
"LINC00472",0.928007286184372,0.236953768276169,1,1,1
"RP11-320G10.1",0.928018872117594,0.262542424777833,0.4,0.167,1
"RP11-363N22.2",0.928070368292556,0.261449155050772,1,0.833,1
"RP11-61D3.1",0.928182518994261,0.259194964257828,0.6,0.833,1
"CTD-2142D14.1",0.928266870712282,0.260197323782209,0.6,0.5,1
"LINC00574",0.928456532336818,0.245821241544822,1,1,1
"RP11-413N10.3",0.928573241731491,0.142950299051816,1,1,1
"RP11-266K22.2",0.928972081475849,0.204594663300567,1,1,1
"RP11-45K10.2",0.92905343754065,0.263055729934812,0.6,0.5,1
"RP11-436D23.1",0.929149524426054,0.0875403248502846,1,1,1
"LINC00943",0.929195028727099,0.262111468511156,0.2,0.167,1
"CTC-548K16.5",0.929235674117349,0.252332526777219,1,1,1
"RP11-167N4.2",0.929391579782331,0.26024846793625,0.6,0.833,1
"RP11-1124B17.1",0.929392504185553,0.259050961333902,0.6,0.833,1
"RP11-93K22.13",0.9295734785892,0.264784204330936,0.6,0.667,1
"RP11-124N14.3",0.929690062505333,0.262902424204698,0.2,0.333,1
"AC092431.3",0.930284916758294,0.249829998988791,1,1,1
"RP11-508N12.2",0.93034195015646,0.224648853237444,1,1,1
"RP1-127D3.4",0.930403396754679,0.246317495398022,1,1,1
"RP11-354I13.2",0.930453937251885,0.24977177394977,1,1,1
"AC010746.3",0.930591648151042,0.26279335685764,0.4,0.333,1
"RP11-227B21.2",0.930711726003737,0.261905330040618,0.2,0.333,1
"RP11-881M11.2",0.930951676715687,0.260287461828771,0.6,0.667,1
"LINC00395",0.930980990427128,0.259983878611129,0.8,0.667,1
"RP11-3D4.2",0.931089084641455,0.21418359673737,1,1,1
"CTD-3131K8.3",0.931136349859994,0.262342516806779,0.4,0.333,1
"RP11-798M19.6",0.931331874344499,0.138775063153672,1,1,1
"AC009005.2",0.931340827840546,0.258043440027473,0.6,0.667,1
"AC009303.1",0.931372037820404,0.24875610036757,1,1,1
"SH3PXD2A-AS1",0.931448344377551,0.254722788391939,1,0.667,1
"RP11-318A15.8",0.931521047883654,0.262534664832461,0.4,0.333,1
"RP4-681N20.5",0.931975446676442,0.260835227120549,0.4,0.333,1
"RP11-574F11.3",0.932036694705489,0.26226900110777,0.6,0.333,1
"LA16c-360A4.1",0.932224181026911,0.262818253271118,0.4,0.167,1
"A2ML1-AS1",0.932265029280105,0.164121312381583,1,1,1
"RP6-91H8.1",0.932327041321974,0.26139036063356,0.4,0.333,1
"AC027601.1",0.932327041321974,0.26139036063356,0.4,0.333,1
"RP11-13A1.1",0.932336515119202,0.262062526502127,0.2,0.333,1
"EDNRB-AS1",0.932410186332516,0.259444185168838,0.6,0.667,1
"RP11-81F13.2",0.932482049610493,0.26224588341251,0.4,0.333,1
"RP11-288L9.4",0.932554992249121,0.255122004861807,0.8,1,1
"RP11-667K14.3",0.93259278039583,0.252306637174878,1,1,1
"AC005523.3",0.933025235340078,0.253811985862183,1,1,1
"RP11-119H12.6",0.933035971242167,0.259684633494893,0.6,0.833,1
"RP11-886P16.6",0.933126756725669,0.260420572192359,0.6,0.5,1
"RP11-1M18.1",0.933149495910516,0.220550179454252,1,1,1
"C6orf47-AS1",0.93321080291041,0.262948381437194,0.4,0.333,1
"STAU2-AS1",0.933313642576122,0.261695945158472,0.6,0.667,1
"RP11-342M3.5",0.933454888723656,0.241862645461254,1,1,1
"RP11-116N8.4",0.933613162237579,0.261598730203543,0.8,0.333,1
"CTD-2571L23.8",0.933759190741436,0.261637334090196,0.8,0.833,1
"TRIM31-AS1",0.93390115234289,0.261835137023095,0.4,0.5,1
"RP11-390N6.1",0.934053544075253,0.203180849781672,1,1,1
"RP11-626P14.2",0.934170140645347,0.205195379979723,1,1,1
"AC000035.3",0.934280897042672,0.25862073927168,0.6,0.667,1
"RP11-554J4.1",0.934383117798707,0.248752845113042,1,1,1
"AF196970.3",0.934421113591103,0.209920712213338,1,1,1
"RP11-6E9.4",0.934719468584866,0.260180935329927,0.8,0.833,1
"RP11-739N10.1",0.934766616490449,0.255706009698153,1,1,1
"RP11-698F20.3",0.934819939090451,0.261658175971799,0.2,0.167,1
"AP000462.2",0.934908654868235,0.111226802976505,1,1,1
"RP11-543N12.1",0.935022422624388,0.260771830690147,0.4,0.667,1
"RP11-331K21.1",0.935127234153368,0.257209277840805,0.8,0.833,1
"AP000251.3",0.935199389304607,0.26166851685906,0.4,0.667,1
"AC007271.3",0.935468781207848,0.262485143945583,0.2,0.167,1
"RP11-93B14.9",0.935468781207848,0.262485143945583,0.2,0.167,1
"ZBTB20-AS3",0.93555509735426,0.257119807081689,1,0.667,1
"RP11-467P9.1",0.93556422017884,0.25637350299175,1,0.833,1
"RP11-366L5.1",0.935631529372534,0.25724386450991,1,1,1
"RP5-901A4.1",0.935830762413731,0.259890078889371,0.8,0.667,1
"ZMYM4-AS1",0.935988515869087,0.231086219694348,1,1,1
"RP11-321C24.1",0.936016486264826,0.184735887250268,1,1,1
"CTD-2313J23.1",0.936190562405687,0.261186412198881,0.2,0.5,1
"RP11-511B23.3",0.9362773978048,0.262752094233778,0.6,0.167,1
"CTD-2623N2.5",0.936319063741688,0.254520836980031,1,1,1
"RP11-101E14.3",0.936407354469399,0.262378245801617,0.2,0.167,1
"RP11-552E10.1",0.936629032828582,0.259682045249326,0.2,0.5,1
"ASTN2-AS1",0.936666532725875,0.228475391772376,1,1,1
"MAST4-AS1",0.936814542442066,0.261446951175968,0.6,0.667,1
"LINC00909",0.937029192269191,0.14821883279055,1,1,1
"RP11-164O23.7",0.937197951656737,0.259040427762509,0.4,0.5,1
"FLJ21408",0.937284602642063,0.169599050502989,1,1,1
"RP11-351A20.1",0.937335984402571,0.261726056603837,0.4,0.5,1
"MMP25-AS1",0.937451274871729,0.216361910817992,1,1,1
"RP11-266A24.1",0.937548097027474,0.229053007501596,1,1,1
"RP11-10J21.5",0.937856830549102,0.263437153373092,0.2,0.333,1
"RP11-386G11.10",0.937923256667828,0.19006453161655,1,1,1
"RP5-890E16.5",0.938005129757805,0.260138951659393,0.6,0.833,1
"XXbac-BPG27H4.8",0.938213267397157,0.261976189819138,0.4,0.333,1
"SNHG21",0.93824910767412,0.178580880453542,1,1,1
"GNAS-AS1",0.938312800230187,0.229393894198186,1,1,1
"RP11-649A18.12",0.938509571270067,0.261265366086603,1,0.833,1
"RP11-390B4.3",0.93859041188357,0.263435713325542,0.2,0.167,1
"CTC-543D15.8",0.938660947487555,0.253799903011247,1,1,1
"LL0XNC01-237H1.3",0.938678956668013,0.262431681480044,0.2,0.167,1
"RP11-317J10.4",0.938678956668013,0.262431681480044,0.2,0.167,1
"RP11-435O5.6",0.938678956668013,0.262431681480044,0.2,0.167,1
"RP11-676J12.7",0.938678956668013,0.262431681480044,0.2,0.167,1
"RP11-104H15.8",0.938868961602737,0.26249178314644,0.2,0.167,1
"C8orf37-AS1",0.93894546024858,0.115539413051198,1,1,1
"STK24-AS1",0.939006435718863,0.262844962950511,0.6,0.833,1
"RP11-73M18.10",0.939130345665177,0.252222851045511,0.6,0.667,1
"CTB-113P19.5",0.93916326541892,0.253154487798984,1,1,1
"RP1-266L20.4",0.939487098653228,0.195419840563979,1,1,1
"AC018359.1",0.939571460967389,0.233151716013862,1,1,1
"AC139099.4",0.940031540384064,0.262488465082537,0.2,0.333,1
"RP11-358B23.1",0.94006180186146,0.261565005242827,0.6,0.667,1
"RP11-246A10.1",0.9401205930004,0.257511842227422,0.8,0.833,1
"LINC01202",0.940188625272812,0.255848928230443,1,1,1
"RP11-403I13.7",0.940225740105967,0.213069142596977,1,1,1
"RP11-129M16.4",0.940263900869712,0.258186112459958,1,1,1
"RP3-429O6.1",0.940301343521311,0.262930255186009,0.2,0.167,1
"RP11-996F15.5",0.94032489171715,0.246864294670409,1,1,1
"AC068499.10",0.940353388222419,0.25376251446186,1,1,1
"AC008753.6",0.940406104344392,0.246668977854739,1,1,1
"RP11-753N8.1",0.940406792589356,0.262294139306633,0.2,0.167,1
"RP11-454K7.3",0.940406792589356,0.262294139306633,0.2,0.167,1
"AP000770.1",0.940438858132343,0.261741713909016,0.2,0.333,1
"RP11-661A12.12",0.940546957318051,0.26126944703749,0.6,0.5,1
"RP11-56L13.7",0.940603846883184,0.262657946342759,0.2,0.167,1
"RP11-130C19.3",0.94071347789196,0.256636484638087,1,0.833,1
"AC016994.2",0.940818780694645,0.259727572860679,0.6,0.5,1
"RP11-281A20.1",0.940832213704039,0.247312742474145,1,1,1
"RP4-530I15.9",0.940886122767046,0.261840113781551,0.2,0.333,1
"CTD-3126B10.1",0.941037977806438,0.262185982410935,0.4,0.333,1
"RP11-57G10.8",0.941079021105364,0.254892768436497,1,1,1
"RP11-108P20.4",0.941114757635131,0.260105428297191,0.6,0.833,1
"CTD-3037G24.3",0.94112113671178,0.246791236729629,1,1,1
"LINC00544",0.941151668270641,0.260276840751397,0.6,0.667,1
"RP11-2E11.6",0.941484630834205,0.261295153935395,0.8,0.667,1
"KB-1471A8.1",0.941561833117479,0.25855685877751,1,1,1
"RP11-17G12.3",0.941650101180509,0.262597497433713,0.4,0.167,1
"PTPRD-AS2",0.941769997110651,0.2615868704555,0.8,0.667,1
"RP11-255C15.3",0.941813714751351,0.25681105487898,0.6,0.667,1
"RP11-38G5.2",0.941824933668583,0.260371539402616,0.6,0.667,1
"RP5-1017F8.2",0.941914001769821,0.261443604695546,0.4,0.5,1
"RP3-410C9.2",0.942048969299146,0.261843535502381,0.2,0.333,1
"UCKL1-AS1",0.942103672308886,0.259453027894166,1,1,1
"RP11-297D21.4",0.942482754494221,0.116527048757699,1,1,1
"RP11-538D16.3",0.942843484142176,0.263163974481742,0.2,0.167,1
"AC012494.1",0.942881732019103,0.245565256702859,1,1,1
"RP11-374A4.1",0.942978800631235,0.202751640532485,1,1,1
"AC078842.4",0.943081632499663,0.256749434577174,0.8,0.667,1
"RP11-403B2.7",0.943101860738254,0.20494275811656,1,1,1
"RP11-756P10.5",0.943307832468831,0.260810465467228,0.6,0.333,1
"RP5-1093G23.1",0.943374670775056,0.164579910526849,1,1,1
"RP11-1081M5.2",0.943394442428066,0.260960817042902,0.4,0.167,1
"RP11-263J14.1",0.94347640874461,0.263289884272523,0.2,0.333,1
"RP11-109M19.1",0.943573974774702,0.263547376864449,0.2,0.167,1
"RP11-950C14.7",0.943999357602976,0.238484506123417,1,1,1
"RP11-260E18.1",0.944032648170493,0.253651663756102,1,1,1
"RP11-982M15.2",0.94462138591055,0.25938715611421,0.6,0.833,1
"RP11-18H21.1",0.94465266523015,0.263208376185538,0.2,0.167,1
"RP3-365O12.2",0.94465266523015,0.263208376185538,0.2,0.167,1
"RP11-706C16.7",0.94465266523015,0.263208376185538,0.2,0.167,1
"RP11-519G16.5",0.94465266523015,0.263208376185538,0.2,0.167,1
"LINC00316",0.94465266523015,0.263208376185538,0.2,0.167,1
"RP11-216N14.8",0.944678331949431,0.262675432000528,0.2,0.333,1
"AP001136.2",0.944678331949431,0.262675432000528,0.2,0.333,1
"AP4B1-AS1",0.944790515762858,0.234398125970457,1,1,1
"RP11-386G11.8",0.944940168075032,0.263082963459705,0.2,0.167,1
"RP11-560A15.3",0.944940168075032,0.263082963459705,0.2,0.167,1
"RP11-211N8.2",0.945002401637854,0.262227546891106,0.2,0.333,1
"RP11-702F3.4",0.945002401637854,0.262227546891106,0.2,0.333,1
"CTC-332L22.1",0.945068122751092,0.257495414367274,0.6,0.833,1
"LL09NC01-254D11.1",0.94508962559814,0.259634646423363,0.4,0.833,1
"RP11-65M17.3",0.94514623079431,0.220471356069098,1,1,1
"RGS5",0.94518129388344,0.160984055877238,1,1,1
"RP11-524N5.1",0.945273868144515,0.25659971812735,0.8,1,1
"RP11-281O15.8",0.945309575364963,0.257510574274617,1,1,1
"MACROD2-AS1",0.945378065994088,0.25308813817642,1,1,1
"LINC01103",0.945757317599676,0.22103265925362,1,1,1
"RP11-476F14.1",0.945794567714956,0.263058697928914,0.2,0.167,1
"RP11-428K3.1",0.946523936688263,0.263228628008932,0.2,0.167,1
"AF241725.4",0.946564982796392,0.262087583415735,0.4,0.167,1
"RP11-15H20.7",0.946790428359129,0.261917153284386,0.4,0.667,1
"RP11-356O9.2",0.946794504757494,0.261259458886885,0.4,0.5,1
"RP1-56K13.2",0.947052707333438,0.261938014887766,0.2,0.333,1
"LINC01491",0.947336067884641,0.263095086277092,0.2,0.167,1
"RP11-655C2.3",0.947547143452135,0.259053087594846,0.6,0.833,1
"RP11-48B3.3",0.947557761498548,0.261073000026984,0.4,0.5,1
"ERICD",0.947571159605076,0.262545753432857,1,0.833,1
"MIR4432HG",0.94771701557488,0.26245128628539,0.4,0.167,1
"RP11-239L20.6",0.947734269771389,0.248944224821266,1,1,1
"RP11-47G4.2",0.947822507166093,0.259831502043483,0.8,1,1
"RP11-90K17.2",0.947848218984236,0.261707871869404,0.8,0.833,1
"RP11-401N18.1",0.948013924736056,0.261745391921524,0.4,0.5,1
"RP11-454C18.1",0.948201831921212,0.260558730364289,0.4,0.333,1
"CTD-2315E11.1",0.948242505698299,0.166181935373305,1,1,1
"RP1-149A16.3",0.948330605292238,0.259905901351531,0.6,0.833,1
"CTD-2369P2.5",0.948678535646744,0.245632889391204,1,1,1
"RP1-90K10.4",0.948740964760483,0.255970297288308,1,1,1
"MSC-AS1",0.949112425779072,0.206417644756384,1,1,1
"AC005534.8",0.949368924648867,0.258960154788165,1,0.833,1
"AC114730.7",0.949530615474143,0.261249884083617,0.2,0.333,1
"RP11-119D9.1",0.949608423188515,0.19719110844634,1,1,1
"RP11-297M9.1",0.949772214035537,0.262473448326632,0.8,0.833,1
"RP11-432I5.2",0.949822455302442,0.26138843367754,0.6,0.5,1
"U73166.2",0.949959021924759,0.233034675489949,1,1,1
"RP11-758P17.3",0.950002979545825,0.262156595011758,0.4,0.667,1
"RP11-513D5.5",0.950009112625871,0.259453476945494,0.8,1,1
"CTC-529L17.2",0.950256737954627,0.25579862901399,1,1,1
"CTB-191K22.5",0.950259269230263,0.26108230346417,0.6,0.333,1
"RP11-388C12.5",0.95036661264673,0.261228874851494,0.4,0.333,1
"SPATA13-AS1",0.950504387135427,0.263150659760059,0.4,0.333,1
"RP11-121A14.2",0.950510594193128,0.260091136216037,0.4,0.333,1
"LINC01602",0.950522447851909,0.262225061779274,0.2,0.167,1
"RP11-367N14.3",0.950665231144962,0.248439246243385,1,1,1
"NAMA",0.950678141528572,0.23852657605223,1,1,1
"RP3-526F5.2",0.951083980812205,0.258414067902284,1,1,1
"RP11-354P11.4",0.951225505781646,0.262991019384514,0.4,0.333,1
"RP11-641D5.2",0.951229282392907,0.262234221283272,0.2,0.333,1
"RP3-510L9.1",0.951253985497279,0.145997113509565,1,1,1
"RP11-173C1.1",0.951411632671236,0.261073750849306,0.8,0.667,1
"RP11-76G10.1",0.951466297932303,0.238146865971346,1,1,1
"CTC-304I17.5",0.95158663427663,0.254395967933847,0.8,1,1
"CTD-2283N19.1",0.951587853320316,0.261216021297131,0.4,0.5,1
"RP11-386G21.1",0.951717970167716,0.255096895710996,0.6,0.667,1
"FGF12-AS3",0.951738236146138,0.259984059974562,0.4,0.5,1
"AC013269.3",0.951825683263093,0.261160105921169,0.6,0.833,1
"IBA57-AS1",0.951838798357626,0.253232954386698,1,1,1
"RP11-91I20.1",0.951961591830944,0.259886155576924,0.8,0.833,1
"RP11-390P24.1",0.952317985464903,0.229920974968566,1,1,1
"ANKRD34C-AS1",0.952351886862897,0.113578606507647,1,1,1
"CTD-2135J3.3",0.952535715970432,0.251813667176071,1,1,1
"RP11-156K23.3",0.952548846870387,0.261335272655928,0.6,0.5,1
"RP4-697P8.3",0.952666957325352,0.263382044785201,0.2,0.167,1
"CTB-39G8.2",0.952678141611123,0.262018699376458,0.4,0.167,1
"GAS6-AS2",0.952685307593655,0.25321461329873,1,1,1
"RP11-462G12.4",0.952875480174797,0.261768395668687,0.4,0.333,1
"AC005754.7",0.952885196907459,0.244872065300229,1,1,1
"RP11-91G21.1",0.952890042558339,0.251768146122814,1,1,1
"RP11-686O6.2",0.952910984081216,0.249334226080734,1,1,1
"SZT2-AS1",0.95301513711891,0.262439416803186,0.4,0.5,1
"RP11-314A20.5",0.953047237913036,0.262604961113706,0.2,0.167,1
"RP11-267N12.1",0.953063169783825,0.25261568597315,1,1,1
"AC092295.4",0.953159514466359,0.241346544294061,1,1,1
"C7orf65",0.953218676756338,0.261901632167731,0.2,0.5,1
"RP11-425A23.1",0.953559242845638,0.232601278176329,1,1,1
"RP4-545L17.11",0.953897204392643,0.260813611562894,0.6,0.833,1
"RP4-682C21.5",0.953925231639689,0.255832891211057,1,0.833,1
"RP11-542K23.10",0.954295927436002,0.26243724042832,0.4,0.333,1
"RP5-837I24.2",0.954555922945436,0.255752563452817,0.8,1,1
"RP11-513N24.1",0.954623069337673,0.262891594917805,0.4,0.167,1
"CTD-3128G10.6",0.954667403407019,0.262387663880128,0.2,0.333,1
"RP11-298D21.3",0.954706953464976,0.239933949717882,1,1,1
"RP11-760H22.2",0.955071396832377,0.153602806514097,1,1,1
"RP11-20I23.8",0.955076728841806,0.254088165811841,1,1,1
"RP11-460B17.2",0.955123272275555,0.261802974196081,0.6,0.5,1
"KB-1592A4.15",0.95514089907397,0.256565663096266,1,1,1
"RP11-67K19.3",0.955146200643052,0.261158134571997,0.6,0.5,1
"RP11-350G8.5",0.955252387194241,0.257424781169772,0.8,1,1
"RP11-523H24.3",0.955425012005192,0.261151021153204,0.6,0.667,1
"RP11-78B10.2",0.955516062732687,0.261541555810049,0.6,0.667,1
"RP11-78L16.1",0.955783880410756,0.249027254114938,1,1,1
"RP3-523E19.2",0.955811867660564,0.185719759847444,1,1,1
"LINC01565",0.955911871047166,0.262165678165041,0.4,0.333,1
"RP11-213G2.2",0.956056226622213,0.190762858211434,1,1,1
"AC093690.1",0.956307254555183,0.259914993689372,0.6,0.667,1
"RP11-24N18.1",0.956340617999974,0.246725706504979,1,0.833,1
"LINC00621",0.956357747809325,0.234179867367733,1,1,1
"DPP10-AS2",0.956946022201641,0.261999955259393,0.2,0.167,1
"CTC-563A5.2",0.956946022201641,0.261999955259393,0.2,0.167,1
"RP11-874J12.4",0.956946022201641,0.261999955259393,0.2,0.167,1
"RP11-354M20.3",0.956971411947757,0.226482962775403,1,1,1
"RP13-126C7.1",0.957029721976175,0.261964314618966,0.6,0.833,1
"RP11-46I1.1",0.957325763459214,0.262189101955907,0.4,0.333,1
"RP11-371A19.2",0.957835408067524,0.263099039979971,0.4,0.5,1
"RP11-762E8.1",0.957956161438372,0.258787563784702,0.8,1,1
"CTC-329D1.2",0.958175318446254,0.144220737395035,1,1,1
"RP11-513G11.4",0.958844022594501,0.254104806592236,0.8,1,1
"SRGAP3-AS3",0.958931668339226,0.262330536038923,0.4,0.333,1
"LINC00559",0.958968173561893,0.260123433491091,0.8,0.667,1
"EPN2-AS1",0.959182912185407,0.200302737578691,1,1,1
"KANSL1-AS1",0.959253733096545,0.225532926068346,1,1,1
"LINC01215",0.959272890723389,0.263053242107775,0.4,0.5,1
"CTD-2310F14.1",0.95967013127601,0.255307592931683,1,1,1
"TMEM254-AS1",0.959925428990178,0.164026213369423,1,1,1
"RP11-513M1.1",0.960000431854669,0.256336073940483,1,1,1
"RP11-152K4.2",0.960007334879781,0.236504151137821,1,1,1
"FAM85B",0.960131930700751,0.113397378812923,1,1,1
"RP11-160E2.19",0.960157675114666,0.261521561850533,0.4,0.333,1
"AC083864.3",0.960177173082692,0.261456996928166,1,1,1
"LINC00886",0.960701669159015,0.15830194402006,1,1,1
"AC002306.1",0.960810283044138,0.261939887370293,0.4,0.333,1
"CTB-35F21.4",0.960894096283381,0.262314062100389,0.6,0.667,1
"RP11-439H8.4",0.961038939038609,0.25273610895412,1,1,1
"CTB-178M22.1",0.961158198807421,0.239905287054614,1,1,1
"AC074289.1",0.961174914355433,0.168654011806217,1,1,1
"RP1-27K12.4",0.961184956850372,0.259493667654191,0.8,0.667,1
"RP11-569A11.1",0.96118839808463,0.238132776160805,1,1,1
"PKIA-AS1",0.961357332810154,0.235817339110112,1,1,1
"RP11-628E19.2",0.96147069938752,0.263154731491234,0.2,0.167,1
"RP11-550A5.2",0.96147069938752,0.263154731491234,0.2,0.167,1
"RP11-168J19.2",0.96147069938752,0.263154731491234,0.2,0.167,1
"CTD-2213F21.3",0.96147069938752,0.263154731491234,0.2,0.167,1
"RP11-414C23.1",0.961540308483965,0.237055027190896,0.8,0.833,1
"RP1-40E16.11",0.961585266934971,0.243418188753163,1,1,1
"RP11-845C23.3",0.961604772288696,0.262629536814977,0.2,0.333,1
"RP11-443B20.1",0.961700560081598,0.262555281815071,0.6,0.5,1
"FLJ12825",0.961984757420072,0.220465819944847,1,1,1
"RP11-505E24.3",0.962019452111472,0.247693825466377,1,1,1
"LL22NC03-N95F10.1",0.962060208080055,0.262471809849336,0.2,0.167,1
"RP11-422N16.3",0.962355893480703,0.262485759943689,0.4,0.333,1
"RP11-1094H24.3",0.962356273417359,0.262100362920327,0.8,0.833,1
"RP11-333A23.3",0.962456129907865,0.262826685706021,0.2,0.167,1
"CTD-2647L4.1",0.962527847057638,0.196176788581183,1,1,1
"CTB-50L17.16",0.963291192485935,0.248566930790065,1,1,1
"RP11-64B16.3",0.963611595792826,0.261659078204232,0.4,0.333,1
"AC011294.3",0.96387409183357,0.260554663385296,1,0.667,1
"CTD-2545H1.2",0.963927253672316,0.262130110446682,0.8,0.667,1
"STX17-AS1",0.964073896203676,0.23565073469645,1,1,1
"RP11-316M1.3",0.964185523097597,0.262964227879433,0.2,0.167,1
"AC079767.4",0.964185523097597,0.262964227879433,0.2,0.167,1
"RP11-89H19.2",0.964185523097597,0.262964227879433,0.2,0.167,1
"KB-1836B5.4",0.964462380222278,0.261032196597142,0.4,0.333,1
"RP11-283G6.3",0.964926603684107,0.259855770410914,0.4,0.667,1
"RP11-212P7.2",0.964974395332271,0.175600946353967,1,1,1
"AC013480.2",0.964983855379116,0.262214161122574,0.4,0.167,1
"RP11-422P24.12",0.965012847242844,0.262307685259441,1,0.833,1
"RP11-481J2.2",0.965120384851117,0.250448106967299,1,1,1
"RP11-981G7.3",0.965142106205858,0.262498042788017,0.4,0.333,1
"RP4-555D20.2",0.965238065148681,0.153871563949196,1,1,1
"RP11-46I8.3",0.965285748675697,0.262631981950794,0.6,0.667,1
"FLJ37453",0.965318776907752,0.132300013048725,1,1,1
"RP11-114H21.2",0.965469195976429,0.260017396589125,0.6,0.667,1
"RP11-819C21.1",0.965497058531188,0.19502159715582,1,1,1
"EPB41L4A-AS1",0.96557191734177,0.188749030361209,1,1,1
"RP11-77H9.8",0.965605719163342,0.260927318311078,0.6,0.833,1
"AC007193.6",0.965642315852912,0.126320902267051,1,1,1
"RP11-51G5.1",0.965972080085144,0.261594890077548,0.4,0.5,1
"LINC01428",0.966004913835649,0.256280363351841,1,0.833,1
"RP11-440G5.2",0.966058289306128,0.262757529180387,0.2,0.167,1
"AP000266.7",0.966162456140166,0.263247292974994,0.8,0.667,1
"HMGA1P4",0.966284695352265,0.263112822246333,0.8,0.667,1
"RP11-358M14.2",0.966641433775142,0.26289503317569,0.4,0.167,1
"RP11-344P13.4",0.966741514065965,0.261328518876961,0.6,0.5,1
"SEMA3B-AS1",0.96686131945788,0.226383997202838,1,1,1
"RP6-109B7.4",0.966967140934964,0.250698653874321,1,1,1
"RP11-530I17.1",0.967046115290366,0.259494709486908,1,1,1
"RP11-109E12.1",0.96719703241205,0.259702339862874,0.4,0.667,1
"RP1-159A19.4",0.967215077623754,0.261551575808683,0.4,0.5,1
"RP11-20I23.6",0.96746515251717,0.197533177495079,1,1,1
"RP11-428C19.4",0.967548023353974,0.245800355862175,1,1,1
"SMAD5-AS1",0.96757557424378,0.2621211435344,0.4,0.5,1
"CTD-2410N18.3",0.967612635714552,0.260768899188811,0.6,0.667,1
"UGDH-AS1",0.967741065849898,0.0987871849332608,1,1,1
"RP11-728K20.2",0.967816578023398,0.262797300002728,0.2,0.333,1
"RP11-341G23.2",0.967841492573562,0.250661581392075,1,1,1
"NALCN-AS1",0.96787943943067,0.218164161457977,1,1,1
"RP11-301O19.1",0.967947394445392,0.240367930561463,1,1,1
"AC092657.2",0.968267492012762,0.261808428402198,0.6,0.5,1
"CTD-2199O4.1",0.968517442658102,0.262522419494525,0.2,0.333,1
"AC006019.4",0.968546577940303,0.262152814268136,0.2,0.333,1
"AC010136.2",0.96861392642752,0.263021164397668,0.6,0.5,1
"CTB-76P12.1",0.968759226299517,0.262312648497604,0.2,0.167,1
"AC140481.8",0.96893834014742,0.25567199670857,1,0.833,1
"RP11-326G21.1",0.968999165017132,0.222571597239626,1,1,1
"RP11-220C2.1",0.969028740601257,0.233520892629315,1,1,1
"AC007099.1",0.969119963869403,0.241376396958088,1,1,1
"AC005220.3",0.969192116916754,0.257391045491611,1,0.833,1
"CTD-2201E9.1",0.969588216660539,0.262676729145235,0.2,0.167,1
"RP11-192H23.7",0.969588216660539,0.262676729145235,0.2,0.167,1
"CTC-203F4.2",0.970077087533752,0.256477086453839,1,1,1
"RP1-65P5.3",0.970148045522959,0.187418730901268,1,1,1
"CARMN",0.970323170821033,0.217624245571438,1,1,1
"CDKN2B-AS1",0.970396885426594,0.217131885682817,1,1,1
"CTC-241N9.1",0.970442309724823,0.234009855374854,1,1,1
"RP11-154H23.5",0.970524087149457,0.263274788309115,0.2,0.167,1
"RP4-598P13.1",0.970534346403206,0.227680274244814,1,1,1
"CTC-510F12.7",0.97054055564438,0.264189872523427,0.8,0.667,1
"RP11-35O15.1",0.970561881203674,0.263003231401855,0.2,0.333,1
"IQCA1-AS1",0.970625728204295,0.262654352045317,0.2,0.333,1
"RP11-497G19.2",0.970673980025115,0.2627697616674,0.2,0.333,1
"RP11-298I3.1",0.970731907835309,0.222286085894429,1,1,1
"CTC-339D2.1",0.970734345758455,0.262494542285439,0.2,0.167,1
"IGBP1-AS1",0.970734345758455,0.262494542285439,0.2,0.167,1
"RP11-232C2.2",0.970734345758455,0.262494542285439,0.2,0.167,1
"AC005618.6",0.970790062833901,0.244726492549758,1,1,1
"MCCC1-AS1",0.970888630698676,0.262531195840481,0.2,0.333,1
"CTD-3096M3.1",0.970888630698676,0.262531195840481,0.2,0.333,1
"AC092162.1",0.970965307890698,0.24486026819205,1,1,1
"MEIS1-AS3",0.971117697633368,0.25713001134942,1,1,1
"RP13-820C6.2",0.971129103494945,0.261992775620995,0.2,0.167,1
"AC087294.2",0.971187845211956,0.203471128524389,1,1,1
"RP11-384G23.1",0.971509583232268,0.247053067004318,1,1,1
"RP11-326A19.3",0.971527070919019,0.262290325957864,0.2,0.167,1
"CTD-2293H3.2",0.971557819235727,0.209589693135426,1,1,1
"AC002331.1",0.97161789844229,0.262681095562026,0.4,0.333,1
"RP11-357N13.1",0.971813472036298,0.251952548630676,0.8,1,1
"RP11-977G19.11",0.971853664839736,0.236040867220237,1,1,1
"RP11-90M2.5",0.971911336706515,0.257635506862981,0.8,1,1
"RP11-432I5.6",0.972018622670295,0.251790595697722,1,0.833,1
"RP11-379B18.6",0.97218221450385,0.165292268783557,1,1,1
"PTPRD-AS1",0.972269977480112,0.196139075884008,1,1,1
"RP11-504P24.9",0.972357365736781,0.257591291938477,1,0.833,1
"FLJ41941",0.97262014644458,0.261238644024006,0.6,0.5,1
"RP11-189E14.5",0.972748583858768,0.262421856159578,0.4,0.333,1
"RP11-359I18.5",0.972759849347374,0.262384391302299,0.4,0.333,1
"LINC00996",0.972973721756081,0.260060811298628,0.4,0.5,1
"CTD-2316B1.1",0.972994949497046,0.25895284281461,0.6,0.667,1
"PWAR6",0.973238268487505,0.101967356189343,1,1,1
"RP11-303E16.5",0.973412572204155,0.254994133164227,1,0.5,1
"RP11-290F5.2",0.973505853319975,0.257899414761519,1,0.833,1
"CTD-2588J1.1",0.97386471284255,0.263030968223324,0.2,0.333,1
"RP11-143E21.6",0.974377817634983,0.25041706741574,1,1,1
"RP11-523O18.1",0.974648326726697,0.259740123891009,1,1,1
"RP11-113D6.6",0.97470774709993,0.262808675716186,0.8,0.667,1
"RP11-534C12.1",0.974789312126109,0.262951476004671,0.4,0.167,1
"RP11-263E1.1",0.974806607327166,0.261216314801445,0.4,0.5,1
"CTD-2013N24.2",0.975507399897233,0.227526349168111,1,1,1
"TPRG1-AS1",0.975604854076366,0.257153935093358,1,0.833,1
"RP11-104J23.1",0.975636594381385,0.262328605129964,0.2,0.167,1
"RP11-434E6.5",0.975660019907289,0.261723767319078,0.6,0.667,1
"RP11-131K5.2",0.975768774795634,0.262121253622801,0.2,0.333,1
"RP11-326L2.1",0.975965054150254,0.261312937841998,0.8,0.5,1
"RP5-1180E21.5",0.97627143255935,0.252846493987086,1,0.833,1
"CDC37L1-AS1",0.976670904554897,0.233135748976801,1,1,1
"RP11-334C17.5",0.976778790896831,0.204281064521821,1,1,1
"RP11-378A13.2",0.976791185954887,0.261361777674697,0.8,0.667,1
"RP11-3B12.3",0.976814661628831,0.257778063488439,0.8,0.667,1
"NEBL-AS1",0.976896346271171,0.255657446923448,1,1,1
"AC099342.1",0.976899339527975,0.260653494012935,0.8,0.667,1
"RP11-706O15.1",0.976902425238202,0.241099648352973,1,1,1
"LINC01336",0.976904131491036,0.258536774991301,0.8,0.833,1
"RP11-208N14.4",0.977059894474862,0.257566714380692,0.8,0.833,1
"RP11-99H20.1",0.977251852684154,0.25673927176324,0.6,1,1
"RP3-388N13.3",0.977319028690155,0.261553077865039,0.4,0.5,1
"KCNJ2-AS1",0.977413689023201,0.228272988899081,1,1,1
"RP11-1000B6.3",0.977494629589476,0.0847519462219989,1,1,1
"CTA-992D9.10",0.977625045825041,0.262670193715766,0.2,0.167,1
"AC018755.17",0.977716396585895,0.262248671704745,0.4,0.5,1
"RP11-440D17.3",0.977832687113289,0.252604178258263,0.8,0.833,1
"RP11-83M16.6",0.977873827199007,0.235037039541579,1,1,1
"RP1-20C7.6",0.978006650540986,0.259754073667152,1,0.833,1
"RP11-412H9.2",0.978031273019992,0.262204177663699,0.2,0.5,1
"RP11-5O24.1",0.97805562949518,0.253606546015913,1,1,1
"CTD-2531D15.4",0.978315324115641,0.263212854799887,0.2,0.167,1
"PCAT18",0.978315324115641,0.263212854799887,0.2,0.167,1
"CTD-2653M23.3",0.978330050231666,0.249440485256141,1,1,1
"RP11-399E6.4",0.978474471221198,0.262048261208653,0.2,0.333,1
"MAFTRR",0.978555857444164,0.250439086479446,1,1,1
"CTD-2619J13.27",0.978642069872227,0.261091336822639,0.6,0.5,1
"RP11-369K17.1",0.978771429556875,0.253158699494708,1,1,1
"XXbac-BPG249D20.9",0.979355084561054,0.262629395260259,0.2,0.167,1
"MRGPRF-AS1",0.979355084561054,0.262629395260259,0.2,0.167,1
"LL22NC03-32F9.1",0.979355084561054,0.262629395260259,0.2,0.167,1
"RP11-452J21.2",0.979378995895706,0.262359267154924,0.4,0.333,1
"RP5-867C24.5",0.97944864571834,0.261435722650014,0.4,0.333,1
"AC096669.3",0.979492961673172,0.261705865630454,0.4,0.333,1
"RP11-281P23.2",0.979502731938014,0.227403270499479,1,1,1
"AC026150.8",0.979507113403758,0.237510941549429,1,1,1
"LINC00839",0.979649616132398,0.213813573567149,1,1,1
"CCDC39-AS1",0.979742279985785,0.257891498248871,0.6,0.833,1
"AC002064.5",0.979774734305146,0.241841557965715,1,1,1
"RP11-127B20.3",0.979932417625936,0.197969556426188,1,1,1
"AC015923.1",0.98011158081142,0.257325450927256,0.6,0.667,1
"LINC01372",0.980175667569098,0.211185922955932,1,1,1
"RP11-767I20.1",0.980354456804945,0.242866348559361,1,1,1
"OSTN-AS1",0.980453286956665,0.263735309501641,0.2,0.333,1
"RP11-401P9.5",0.980604740995506,0.251221187549654,1,1,1
"AP000344.3",0.980709192258879,0.259878354843773,0.6,0.667,1
"RP11-571L19.7",0.980750463315147,0.176437987683342,1,1,1
"LINC01449",0.980894040604013,0.253619516773842,1,1,1
"RP11-191N8.2",0.981186674628717,0.262574312133457,0.4,0.333,1
"RP11-513M16.7",0.98146588842543,0.259606065558543,0.6,0.667,1
"RP11-514F3.4",0.981804806881908,0.262684233111709,0.2,0.167,1
"RP11-123K3.9",0.981804806881908,0.262684233111709,0.2,0.167,1
"LINC01076",0.981882091077876,0.259024280095863,0.8,0.833,1
"PEX5L-AS1",0.982059406043914,0.246800613461665,1,0.667,1
"RP11-52J3.2",0.982087619038154,0.261286562111014,0.4,0.333,1
"RP4-742J24.2",0.982114888268649,0.256924403772935,0.8,0.667,1
"RP11-778O17.4",0.982236285593979,0.261310329377312,0.6,0.667,1
"RP11-317L10.1",0.982365008417849,0.262053439593251,0.4,0.5,1
"LINC01304",0.982612275673727,0.262829297211916,0.2,0.167,1
"RP11-439C8.1",0.982612275673727,0.262829297211916,0.2,0.167,1
"RP11-53L24.1",0.982612275673727,0.262829297211916,0.2,0.167,1
"RP11-31I22.2",0.982612275673727,0.262829297211916,0.2,0.167,1
"RP5-1125A11.4",0.982800039253868,0.261040831446672,0.2,0.333,1
"RP11-153F10.2",0.982862133943131,0.261460908761062,0.6,0.667,1
"RP11-527L4.5",0.982864524838296,0.261208062511953,0.6,0.667,1
"LINC00589",0.982909700668668,0.259330744649892,0.8,0.833,1
"RP11-442H21.2",0.983047614750699,0.261901179591398,0.2,0.333,1
"RP11-252A24.3",0.983151474002716,0.253101102902832,1,0.833,1
"RP1-56K13.5",0.983345009355809,0.262995090814509,0.2,0.333,1
"CTC-268N12.2",0.983410798519136,0.259622333944059,0.6,0.833,1
"MYCNOS",0.983452232828621,0.25639418930054,0.8,0.833,1
"XXbac-BPG299F13.17",0.983517573083684,0.227789466461725,1,1,1
"CTD-2527I21.15",0.983585233878157,0.256313995944579,0.6,1,1
"RP11-14O19.2",0.983763659165632,0.262341974218759,0.2,0.167,1
"RP11-57A1.1",0.983763659165632,0.262341974218759,0.2,0.167,1
"CH507-9B2.8",0.983763659165632,0.262341974218759,0.2,0.167,1
"RP11-286E11.1",0.983769826352465,0.0499920429032111,1,1,1
"CTD-2555C10.3",0.983884830310365,0.262369619163865,0.4,0.5,1
"AC007383.3",0.984993889950216,0.253724911762437,1,1,1
"RP11-133L14.5",0.985062902419591,0.262291837182672,0.4,0.333,1
"RP11-476K15.1",0.985114298137625,0.255112366850903,1,1,1
"LINC00284",0.985262562029034,0.260730982865239,1,1,1
"RP4-777O23.1",0.985299056397064,0.262766436406521,0.2,0.167,1
"LINC01509",0.985299056397064,0.262766436406521,0.2,0.167,1
"RP11-4N23.4",0.985299056397064,0.262766436406521,0.2,0.167,1
"RP11-335I12.2",0.985299056397064,0.262766436406521,0.2,0.167,1
"AC009262.2",0.985442285657861,0.257126039843115,0.8,0.833,1
"RP11-203J24.8",0.985485968507949,0.262725103595377,0.6,0.5,1
"RP11-572M11.1",0.985867738758676,0.261230855798582,0.6,0.667,1
"RP11-15E18.1",0.985966526813497,0.202088595149696,1,1,1
"TRAF3IP2-AS1",0.986136109507764,0.0658612728846588,1,1,1
"RP4-660H19.1",0.986137186049188,0.243109967963878,1,1,1
"CTD-2036P10.6",0.986214101586131,0.253887966003755,1,1,1
"RP11-244N9.4",0.986295720555541,0.250798477196942,1,1,1
"NFYC-AS1",0.986398848862984,0.237415431917667,1,1,1
"LINC00608",0.986463460044409,0.262667120157004,0.4,0.167,1
"CTD-2619J13.3",0.986519262216064,0.235509915371183,1,1,1
"RP11-399F2.2",0.986568890022389,0.258020187809659,0.8,1,1
"HAS2-AS1",0.986622858015782,0.243874036161159,1,1,1
"RP11-297C4.2",0.98664852570772,0.255484777850777,1,1,1
"NORAD",0.986653393466648,0.0533174233506375,1,1,1
"RP11-1049H7.2",0.987005663342251,0.263148716947112,0.4,0.333,1
"RP11-426C22.5",0.987012992087595,0.117707805164172,1,1,1
"RP4-761J14.10",0.987055832289458,0.258361529102827,0.8,0.667,1
"CTB-46B19.2",0.987076239627589,0.240182173170503,1,1,1
"RP11-490O6.2",0.987271790458265,0.255036774038557,1,1,1
"RP11-488C13.5",0.987307874424921,0.178372448248259,1,1,1
"MIR3945HG",0.987414175403949,0.262445487155984,0.8,0.667,1
"RP11-631F7.2",0.987425803949907,0.263047522720639,0.2,0.167,1
"RP11-243J18.2",0.987514236396524,0.262284527121096,0.4,0.333,1
"RP11-615I2.1",0.987608731518356,0.249998794524387,1,1,1
"TMEM220-AS1",0.98763485065271,0.177457512273301,1,1,1
"RP11-849H4.4",0.987953609769925,0.255049265959938,1,1,1
"KB-1107E3.1",0.987954770900699,0.260462231514273,0.2,0.5,1
"RP11-455F5.3",0.988069810322801,0.218395111461069,1,1,1
"RP11-42O15.3",0.988084073534869,0.251941938603412,0.8,1,1
"RP11-396F22.1",0.988342139061702,0.261225192269357,0.8,0.667,1
"RP11-253A20.1",0.988505166695287,0.260936329088235,0.8,0.5,1
"RP4-734G22.3",0.988521852872603,0.260582592744396,0.6,0.667,1
"RP11-659P15.1",0.988590560868032,0.262522405177107,0.4,0.333,1
"AC007228.11",0.988605801769217,0.163690673348412,1,1,1
"RP11-770G2.5",0.988757418560938,0.262493853113152,0.4,0.667,1
"CTB-152G17.6",0.98896569119619,0.216850331601051,1,1,1
"RP11-973N13.3",0.989189151381369,0.242989600935965,1,1,1
"LINC01173",0.989228020667972,0.262221745804094,0.4,0.5,1
"TTTY14",0.989299830978138,-0.020797567183213,1,1,1
"AC005355.2",0.989325529467058,0.261930602483977,0.6,0.333,1
"RP11-111K18.2",0.989382458299439,0.248928555793662,0.8,1,1
"RP13-131K19.1",0.989495623956432,0.24889547700811,1,1,1
"RP11-45A16.4",0.989657300761644,0.23718660803874,1,1,1
"RP11-295I5.4",0.989728048283122,0.255130139318705,0.8,1,1
"RP4-536B24.3",0.989774276891564,0.255546679059988,1,1,1
"AC133644.2",0.989811011756086,0.26269660122014,0.2,0.333,1
"RP11-473M20.9",0.989828935685523,0.256751616148487,0.8,1,1
"RP11-1L9.1",0.990029409314869,0.261026510283717,0.6,0.667,1
"RP11-631F7.1",0.990237692484765,0.24629332735698,1,1,1
"AC084082.3",0.990396006249899,0.262702720422238,0.4,0.167,1
"RP11-783K16.5",0.990414461171069,0.262274421887936,0.4,0.333,1
"RP1-253P7.4",0.990570985321063,0.258550299166505,0.8,0.833,1
"RP11-684B21.1",0.990724836438829,0.261111371213553,0.8,0.667,1
"RP11-662J14.2",0.990766382735212,0.260629236275992,0.6,0.667,1
"RP11-486M23.2",0.990879167226279,0.262409550837378,0.2,0.333,1
"RP11-202H2.1",0.990915049128106,0.261317023540941,0.6,0.667,1
"RP11-538C21.2",0.991046989133954,0.244435728273963,1,1,1
"LA16c-312E8.2",0.991606196466271,0.262248046685118,0.8,0.833,1
"LINC01574",0.991650111187407,0.257199129953032,1,1,1
"RP11-550P17.5",0.991682474907684,0.25585639022567,1,1,1
"RP11-16E18.3",0.991837300212909,0.249666105677783,1,1,1
"RP4-799P18.2",0.991891139593063,0.262819976564757,0.2,0.167,1
"RP11-428L21.1",0.991891139593063,0.262819976564757,0.2,0.167,1
"XXbac-BPG299F13.14",0.991891139593063,0.262819976564757,0.2,0.167,1
"CTD-2540L5.5",0.991891139593063,0.262819976564757,0.2,0.167,1
"RP11-571L19.8",0.99198220595684,0.256793300558752,0.6,0.833,1
"AF131216.6",0.992090356884975,0.258115491314584,0.8,0.833,1
"CTD-2342J14.6",0.992350314389153,0.253365441549138,1,0.833,1
"RP11-284F21.9",0.992351191811848,0.258152766497447,1,0.833,1
"RP11-296O14.3",0.992549055664759,0.090433779992844,1,1,1
"RP11-556H2.4",0.99276026365957,0.260617203038486,0.2,0.5,1
"RP11-318A15.2",0.992887279009983,0.247473099507766,1,1,1
"RP11-359E19.2",0.993114632898543,0.262595823107377,0.2,0.333,1
"CTD-2525I3.6",0.993191005174121,0.251004200345156,1,1,1
"AP001469.5",0.993322523703236,0.258923753989736,0.8,0.667,1
"RP11-307O13.1",0.99343871104022,0.260163930638099,0.8,0.5,1
"RP11-834C11.8",0.993623021273362,0.262682434391346,0.2,0.167,1
"LINC01077",0.993623021273362,0.262682434391346,0.2,0.167,1
"RP11-785G17.1",0.99381545952009,0.261735888490584,0.6,0.667,1
"BRWD1-AS1",0.993829769515508,0.258248939320871,1,0.833,1
"RP11-380D11.2",0.99386538814168,0.261510146888389,0.2,0.5,1
"RP11-643A5.2",0.993927494649925,0.261171579078443,0.6,0.5,1
"RP11-3L21.2",0.994036746794182,0.262327297685557,0.2,0.167,1
"CTD-2503I6.1",0.994036746794182,0.262327297685557,0.2,0.167,1
"RP11-146F11.1",0.994203543303436,0.224412778109688,1,1,1
"AP000472.3",0.994547588413544,0.262156171547147,0.4,0.333,1
"PRICKLE2-AS3",0.994735989215582,0.258536128309065,0.8,0.667,1
"RP11-321P16.1",0.994833181701268,0.262993958603898,0.2,0.167,1
"RP11-348F1.2",0.99489046949586,0.171920877554028,1,1,1
"LINC01153",0.995035004247372,0.262241499575804,0.2,0.333,1
"RP11-295I5.3",0.995171795362744,0.238268455724322,1,1,1
"RP5-1092A3.4",0.995544328216455,0.232861695191503,1,1,1
"RP4-724E13.2",0.995556097769419,0.239024267779486,1,1,1
"RP11-261C10.5",0.995733358511706,0.252461011773658,1,1,1
"RP1-202O8.3",0.995773751722632,0.257769786688512,1,0.833,1
"RP1-15D23.2",0.995813554347879,0.235401317730437,1,1,1
"RP11-1C1.4",0.996008359889842,0.26226523460287,0.2,0.333,1
"AC005606.14",0.996053715142219,0.262880615148047,0.8,0.667,1
"AC004775.5",0.996193982170568,0.262706895672188,0.2,0.167,1
"LINC01109",0.996335672570281,0.259389352159786,0.6,0.667,1
"RP11-883G14.2",0.996351050752675,0.262927137431568,0.2,0.167,1
"RP11-141J13.3",0.996370468755306,0.262803038546266,0.4,0.167,1
"RP11-162G10.5",0.996479093439999,0.249721809889698,1,1,1
"RP11-16E23.5",0.996679233384316,0.262387641525257,0.6,0.5,1
"RP11-312J18.6",0.996704743326454,0.262595422566835,0.2,0.167,1
"RP5-837J1.6",0.996714261072708,0.262000915924288,0.4,0.5,1
"RP11-181K12.2",0.99678366915147,0.262334632529219,0.2,0.167,1
"RP1-68D18.3",0.99678366915147,0.262334632529219,0.2,0.167,1
"RP11-107F6.3",0.99678366915147,0.262334632529219,0.2,0.167,1
"SPIN4-AS1",0.996888910786693,0.26144987339389,0.4,0.333,1
"RP11-218E20.5",0.996954809982724,0.261436985063416,0.8,0.667,1
"RP1-60O19.2",0.997074817125675,0.249338764370893,0.8,1,1
"RP11-488C13.6",0.997170247693057,0.258233323984618,1,1,1
"CTD-2349P21.6",0.997713808559253,0.261545785971798,0.4,0.5,1
"RP11-434C1.2",0.997778828478758,0.253520312156212,0.8,1,1
"RP5-899B16.1",0.99782561141986,0.258544074231005,1,1,1
"RP1-35C21.2",0.997888897358325,0.233408060286234,1,1,1
"AF124730.4",0.99818116288199,0.262505382480159,0.4,0.167,1
"RP11-434P11.2",0.998395616430119,0.262744809262207,0.6,0.667,1
"AP001062.7",0.998443871453617,0.244359588259428,1,1,1
"RP11-818F20.5",0.998522310399118,0.255988493014699,1,1,1
"AC016682.1",0.998554620078292,0.257496150699471,1,1,1
"LINC01248",0.998854594879788,0.255942284487958,1,1,1
"AL133247.2",0.998929589621151,0.262873543566364,0.2,0.167,1
"MAGI2-AS2",0.998929589621151,0.262873543566364,0.2,0.167,1
"RP11-372K14.2",0.99892979362814,0.255338950336217,1,1,1
"RP11-329E24.6",0.999375801533392,0.261225567852053,0.4,0.5,1
"RP11-298H24.1",0.999421272420599,0.256986141393611,0.8,1,1
"RP11-1113L8.1",0.999422407965217,0.250665458981963,1,1,1
"AC137723.5",0.999447275567526,0.253565225352766,1,1,1
"RP11-137H2.4",0.999449960743944,0.261244665386142,0.8,0.667,1
"RP11-363J20.2",0.999703560222823,0.22830226182146,1,1,1
"RP11-77H9.2",0.999728609611769,0.236615671140995,1,1,1
"RP11-182L21.6",0.999836380925526,0.171827154517878,1,1,1
"RP11-497E19.1",0.999851197636072,0.248692085766605,1,1,1
"RP11-77P6.2",0.999899486666236,0.221426273514782,1,1,1
"CTD-2058B24.3",0.999967066420448,0.228186987277651,1,1,1
"RP11-616M22.12",NA,0.249784835384706,0,0.333,NA
"RP11-227D2.3",NA,0.244668767766564,0,0.333,NA
"RP11-236J17.6",NA,0.258674208013573,0.4,0.167,NA
"FER1L6-AS2",NA,0.12084028511807,0.8,1,NA
"CTD-2335O3.3",NA,0.249927921981751,0,0.167,NA
"AF003625.3",NA,0.236939435725065,0,0.167,NA
"RP11-571O6.1",NA,0.247134814073651,0,0.167,NA
"RP11-713M6.2",NA,0.253446295128659,0.2,0.333,NA
"TSIX",NA,0.375063700874529,0.8,0.667,NA
"NAV2-AS1",NA,0.267271708322252,0.2,0.333,NA
"RP11-300J18.2",NA,0.276867277371641,0.2,0.333,NA
"RP11-32B5.8",NA,0.25179406457473,0.2,0.333,NA
"RP11-605F22.1",NA,0.273195570150588,0.2,0.333,NA
"RP11-333E1.2",NA,0.266578931991576,0.2,0.333,NA
"AC124861.1",NA,0.249366942271108,0.2,0.333,NA
"RP11-379C10.4",NA,0.265844432002539,0.4,0.5,NA
"LINC00840",NA,0.250504040047716,0.6,0.5,NA
"RP11-375H19.2",NA,0.269232305966982,0.4,0.333,NA
"CTA-833B7.2",NA,0.273907639676337,0.4,0.333,NA
"BACH1-AS1",NA,0.279589144898025,0.4,0.333,NA
"RP11-575B7.3",NA,0.249328750564485,0.2,0.167,NA
"AC092580.4",NA,0.26868907334229,0.2,0.167,NA
"AC106874.1",NA,0.251683588014551,0.2,0.167,NA
"AC013275.2",NA,0.253580691240737,0.2,0.167,NA
"RP11-1336O20.2",NA,0.267355160523114,0.2,0.167,NA
"NHS-AS1",NA,0.272018469515767,0.2,0.167,NA
"LINC00200",NA,0.269173424246272,0.2,0.167,NA
"RP11-300J18.1",NA,0.268355710744647,0.2,0.167,NA
"RP11-1123I8.1",NA,0.251266800970866,0.2,0.167,NA
"RP4-753D10.5",NA,0.302302346399316,0.2,0.167,NA
"DSCAM-AS1",NA,0.268678793651063,0.2,0.167,NA
"AP001065.15",NA,0.269704789302007,0.2,0.167,NA
"AC003958.2",NA,0.255930237051551,0.2,0.167,NA
"LINC00702",NA,0.25085972977583,0.8,0.833,NA
"RP5-952N6.1",NA,0.628908909185211,1,1,NA
"LINC00499",NA,1.13346076429265,1,1,NA
"LINC01060",NA,0.128950065185999,1,1,NA
"XIST",NA,0.272369284055314,1,1,NA
"LINC01242",NA,0.0331681847768981,1,1,NA
"RP5-1029K10.2",NA,0.197261841133169,1,1,NA
"AC003005.2",NA,0.162194758157079,1,1,NA
"RP11-335E6.2",NA,0.263034405833794,0,0,NA
"RP11-152H18.4",NA,0.263034405833794,0,0,NA
"RP11-3B12.5",NA,0.263034405833794,0,0,NA
"RP11-1028N23.3",NA,0.263034405833794,0,0,NA
"LINC01287",NA,0.263034405833794,0,0,NA
"LINC00709",NA,0.263034405833794,0,0,NA
