"","p_val","avg_log2FC","pct.1","pct.2","p_val_adj","cluster","gene"
"LINC01608",0,6.23441398276113,0.753,0.028,0,"OPALIN+ Oligodendrocytes","LINC01608"
"LINC00639",0,2.39680689633413,0.73,0.215,0,"OPALIN+ Oligodendrocytes","LINC00639"
"RP3-399L15.3",0,3.00376730164328,0.764,0.281,0,"OPALIN+ Oligodendrocytes","RP3-399L15.3"
"RP11-298D21.1",0,2.22967060499957,0.663,0.185,0,"OPALIN+ Oligodendrocytes","RP11-298D21.1"
"LINC00320",0,3.12869447367828,0.577,0.136,0,"OPALIN+ Oligodendrocytes","LINC00320"
"RP11-81H3.2",0,3.35700913474964,0.533,0.097,0,"OPALIN+ Oligodendrocytes","RP11-81H3.2"
"MIR219A2",0,2.48332263628152,0.628,0.192,0,"OPALIN+ Oligodendrocytes","MIR219A2"
"CTD-2049O4.1",0,2.906644494099,0.578,0.142,0,"OPALIN+ Oligodendrocytes","CTD-2049O4.1"
"LINC00609",0,0.996533964082543,0.732,0.33,0,"OPALIN+ Oligodendrocytes","LINC00609"
"RP11-1055B8.3",0,3.69599164403411,0.465,0.078,0,"OPALIN+ Oligodendrocytes","RP11-1055B8.3"
"LINC01630",0,2.80664986760523,0.541,0.155,0,"OPALIN+ Oligodendrocytes","LINC01630"
"RP11-50D16.4",0,3.95727271845723,0.438,0.078,0,"OPALIN+ Oligodendrocytes","RP11-50D16.4"
"HPN-AS1",0,3.11308524995119,0.386,0.079,0,"OPALIN+ Oligodendrocytes","HPN-AS1"
"LINC01170",0,1.86732385689532,0.505,0.212,0,"OPALIN+ Oligodendrocytes","LINC01170"
"AC007163.3",0,6.29454502931367,0.291,0.007,0,"OPALIN+ Oligodendrocytes","AC007163.3"
"LINC00844",0,2.68279665627932,0.379,0.101,0,"OPALIN+ Oligodendrocytes","LINC00844"
"AC012593.1",0,1.67003396033866,0.503,0.227,0,"OPALIN+ Oligodendrocytes","AC012593.1"
"MIR181A1HG",0,1.52365624721878,0.709,0.438,0,"OPALIN+ Oligodendrocytes","MIR181A1HG"
"LURAP1L-AS1",0,3.5895681228557,0.332,0.072,0,"OPALIN+ Oligodendrocytes","LURAP1L-AS1"
"RP11-286E11.1",0,1.54168404427621,0.495,0.248,0,"OPALIN+ Oligodendrocytes","RP11-286E11.1"
"RP4-537K23.4",0,3.92715067984625,0.286,0.05,0,"OPALIN+ Oligodendrocytes","RP4-537K23.4"
"LINC00877",0,2.34092211801322,0.372,0.145,0,"OPALIN+ Oligodendrocytes","LINC00877"
"CPB2-AS1",0,1.62416863864939,0.507,0.29,0,"OPALIN+ Oligodendrocytes","CPB2-AS1"
"DUBR",0,1.53976681349434,0.601,0.385,0,"OPALIN+ Oligodendrocytes","DUBR"
"OLMALINC",0,1.3695993434299,0.562,0.347,0,"OPALIN+ Oligodendrocytes","OLMALINC"
"LINC01099",0,4.4069914530504,0.234,0.033,0,"OPALIN+ Oligodendrocytes","LINC01099"
"LINC01411",0,2.3920949041026,0.299,0.099,0,"OPALIN+ Oligodendrocytes","LINC01411"
"RP11-557H15.4",0,2.41268227579533,0.263,0.073,0,"OPALIN+ Oligodendrocytes","RP11-557H15.4"
"DLEU2",0,0.824825450599207,0.752,0.565,0,"OPALIN+ Oligodendrocytes","DLEU2"
"AC073283.4",0,1.6491297627717,0.379,0.193,0,"OPALIN+ Oligodendrocytes","AC073283.4"
"CTC-529P8.1",0,1.78160737750094,0.29,0.126,0,"OPALIN+ Oligodendrocytes","CTC-529P8.1"
"RP11-381K20.2",0,1.64333515222734,0.413,0.254,0,"OPALIN+ Oligodendrocytes","RP11-381K20.2"
"RP4-613B23.1",0,1.67615818050915,0.428,0.271,0,"OPALIN+ Oligodendrocytes","RP4-613B23.1"
"RP11-446H18.5",0,2.62027455930278,0.247,0.101,0,"OPALIN+ Oligodendrocytes","RP11-446H18.5"
"NUTM2A-AS1",0,1.074458803788,0.758,0.632,0,"OPALIN+ Oligodendrocytes","NUTM2A-AS1"
"LINC01010",0,5.47496720349213,0.128,0.007,0,"OPALIN+ Oligodendrocytes","LINC01010"
"CTA-392E5.1",0,4.78789764172438,0.126,0.014,0,"OPALIN+ Oligodendrocytes","CTA-392E5.1"
"RP11-141M1.3",5.12484413118208e-319,1.4485093177239,0.393,0.229,1.37022957535415e-314,"OPALIN+ Oligodendrocytes","RP11-141M1.3"
"RP1-223B1.1",6.39470552994012e-311,1.45634933990505,0.314,0.151,1.70975241754009e-306,"OPALIN+ Oligodendrocytes","RP1-223B1.1"
"RP11-557H15.3",3.19252695513874e-294,2.65958370136276,0.13,0.03,8.53585931995444e-290,"OPALIN+ Oligodendrocytes","RP11-557H15.3"
"LINC00862",4.1378203571852e-294,1.64546348378926,0.362,0.215,1.10632902890061e-289,"OPALIN+ Oligodendrocytes","LINC00862"
"AC004158.3",3.10338090681972e-293,1.5773938349778,0.393,0.25,8.2975095305639e-289,"OPALIN+ Oligodendrocytes","AC004158.3"
"RP11-320P7.2",1.49637355448754e-291,1.73996759779013,0.262,0.119,4.00085397263333e-287,"OPALIN+ Oligodendrocytes","RP11-320P7.2"
"AC018647.3",8.97639412056938e-278,2.56644677147557,0.141,0.039,2.40001849601664e-273,"OPALIN+ Oligodendrocytes","AC018647.3"
"RP4-630C24.3",1.67153280015204e-268,1.16637633881798,0.334,0.174,4.46917724776651e-264,"OPALIN+ Oligodendrocytes","RP4-630C24.3"
"FLJ27354",2.44908048507614e-262,1.82089803889972,0.271,0.139,6.54810649294809e-258,"OPALIN+ Oligodendrocytes","FLJ27354"
"RP11-143A12.3",8.47246829827409e-255,2.92041724566632,0.111,0.025,2.26528384890954e-250,"OPALIN+ Oligodendrocytes","RP11-143A12.3"
"CTD-2545M3.8",3.9099017126687e-254,2.78994933721942,0.118,0.029,1.04539042091623e-249,"OPALIN+ Oligodendrocytes","CTD-2545M3.8"
"RP11-285F7.2",8.92533680136036e-250,1.80896291872731,0.22,0.098,2.38636730057972e-245,"OPALIN+ Oligodendrocytes","RP11-285F7.2"
"LINC01135",7.09508798775271e-230,1.45288808004076,0.335,0.205,1.89701367528544e-225,"OPALIN+ Oligodendrocytes","LINC01135"
"RP11-809C18.3",1.4259422119585e-224,2.71788572704302,0.121,0.035,3.81254169211344e-220,"OPALIN+ Oligodendrocytes","RP11-809C18.3"
"RP11-9G1.3",2.3045081249282e-219,1.73314265159483,0.315,0.2,6.16156337362053e-215,"OPALIN+ Oligodendrocytes","RP11-9G1.3"
"PCDH9-AS2",9.23476799079196e-203,1.56832916939966,0.315,0.2,2.46909991769805e-198,"OPALIN+ Oligodendrocytes","PCDH9-AS2"
"RP11-243A14.1",3.36298494562857e-189,2.33729883359048,0.134,0.048,8.99161284912711e-185,"OPALIN+ Oligodendrocytes","RP11-243A14.1"
"RP11-134G8.7",3.22995338222811e-182,1.79994376171607,0.227,0.123,8.63592635806329e-178,"OPALIN+ Oligodendrocytes","RP11-134G8.7"
"LMCD1-AS1",2.54007461612878e-175,0.576481523677416,0.651,0.534,6.79139750114351e-171,"OPALIN+ Oligodendrocytes","LMCD1-AS1"
"PACRG-AS3",5.55739267647215e-175,1.91695431035066,0.173,0.079,1.48588007990836e-170,"OPALIN+ Oligodendrocytes","PACRG-AS3"
"LINC00601",7.06443725958139e-164,1.89589324694961,0.145,0.061,1.88881859009428e-159,"OPALIN+ Oligodendrocytes","LINC00601"
"RP11-130F10.1",8.18298308642548e-156,1.44436419989464,0.281,0.178,2.18788418781758e-151,"OPALIN+ Oligodendrocytes","RP11-130F10.1"
"PCA3",1.43491327577195e-154,2.01576705741244,0.168,0.082,3.83652762543145e-150,"OPALIN+ Oligodendrocytes","PCA3"
"AC007566.10",1.24541294320208e-139,1.07716123675969,0.398,0.319,3.32986058623941e-135,"OPALIN+ Oligodendrocytes","AC007566.10"
"AF131217.1",3.19811762530478e-131,1.18866760846709,0.345,0.258,8.55080709477739e-127,"OPALIN+ Oligodendrocytes","AF131217.1"
"RP11-71N10.1",4.20980949013899e-130,1.58263141618672,0.184,0.101,1.12557676337846e-125,"OPALIN+ Oligodendrocytes","RP11-71N10.1"
"AP000282.2",1.10450478081866e-124,1.86160480599006,0.153,0.077,2.95311443247485e-120,"OPALIN+ Oligodendrocytes","AP000282.2"
"AC093590.1",7.4922035047951e-122,1.47288441173521,0.161,0.082,2.00319045107707e-117,"OPALIN+ Oligodendrocytes","AC093590.1"
"RP11-496D24.2",1.71069331113046e-120,2.0909011116382,0.111,0.047,4.57388070596951e-116,"OPALIN+ Oligodendrocytes","RP11-496D24.2"
"RAB30-AS1",3.28947633723923e-119,0.970925600603058,0.425,0.371,8.79507288287654e-115,"OPALIN+ Oligodendrocytes","RAB30-AS1"
"LINC00882",1.29867075781352e-106,0.691024349020687,0.552,0.495,3.47225600516602e-102,"OPALIN+ Oligodendrocytes","LINC00882"
"RP11-346D14.1",1.52954013411313e-103,1.94772104013699,0.109,0.049,4.08953145657828e-99,"OPALIN+ Oligodendrocytes","RP11-346D14.1"
"RP11-315E17.1",4.93937642811045e-101,1.86840222671249,0.175,0.106,1.32064107558389e-96,"OPALIN+ Oligodendrocytes","RP11-315E17.1"
"RP11-774D14.1",1.45644185424944e-100,1.16783557191456,0.324,0.262,3.89408858570674e-96,"OPALIN+ Oligodendrocytes","RP11-774D14.1"
"MIRLET7BHG",1.17976883215322e-96,0.64396456410836,0.479,0.426,3.15434792652806e-92,"OPALIN+ Oligodendrocytes","MIRLET7BHG"
"ELMO1-AS1",1.45115263122691e-93,1.33477596109484,0.17,0.1,3.8799467901114e-89,"OPALIN+ Oligodendrocytes","ELMO1-AS1"
"RP4-756G23.5",4.53651465564403e-76,1.71154900020282,0.108,0.056,1.21292792347954e-71,"OPALIN+ Oligodendrocytes","RP4-756G23.5"
"C21orf62-AS1",1.66533827664219e-68,1.04615697126421,0.284,0.226,4.45261495025822e-64,"OPALIN+ Oligodendrocytes","C21orf62-AS1"
"RP11-259K15.2",2.98894850767949e-68,0.913813250735505,0.222,0.156,7.99155162498265e-64,"OPALIN+ Oligodendrocytes","RP11-259K15.2"
"CTD-2058B24.2",3.11892300049375e-68,0.840195172997928,0.253,0.184,8.33906442642013e-64,"OPALIN+ Oligodendrocytes","CTD-2058B24.2"
"RP11-160H12.2",9.27617701258329e-66,1.7475026240654,0.145,0.092,2.48017144785439e-61,"OPALIN+ Oligodendrocytes","RP11-160H12.2"
"RP11-371F15.3",2.5283959597016e-65,1.43536061039657,0.175,0.117,6.76017227745417e-61,"OPALIN+ Oligodendrocytes","RP11-371F15.3"
"SAMMSON",4.0961571735992e-62,1.28695528827052,0.111,0.062,1.09518954350522e-57,"OPALIN+ Oligodendrocytes","SAMMSON"
"GABPB1-AS1",3.62841690148655e-56,0.642492990187295,0.458,0.449,9.70129826950458e-52,"OPALIN+ Oligodendrocytes","GABPB1-AS1"
"RP11-707P17.1",4.7655770530322e-40,0.613498189579403,0.188,0.14,1.27417233666922e-35,"OPALIN+ Oligodendrocytes","RP11-707P17.1"
"RP11-373N22.3",9.2934086316886e-40,0.859151998732289,0.335,0.311,2.48477866585458e-35,"OPALIN+ Oligodendrocytes","RP11-373N22.3"
"RP5-1044H5.1",7.62778136692272e-36,1.56930882580509,0.118,0.083,2.03943990407413e-31,"OPALIN+ Oligodendrocytes","RP5-1044H5.1"
"RP3-406A7.7",5.12295543296203e-35,1.37822471033673,0.11,0.075,1.36972459411106e-30,"OPALIN+ Oligodendrocytes","RP3-406A7.7"
"ZNF667-AS1",8.55177083780965e-35,0.25659858708983,0.105,0.167,2.28648696890517e-30,"OPALIN+ Oligodendrocytes","ZNF667-AS1"
"RP11-21A7A.2",1.25953231382842e-34,1.4416542358285,0.124,0.088,3.36761154748304e-30,"OPALIN+ Oligodendrocytes","RP11-21A7A.2"
"CPEB1-AS1",3.16499734708174e-33,1.15642523354927,0.163,0.127,8.46225340689245e-29,"OPALIN+ Oligodendrocytes","CPEB1-AS1"
"CTD-2378E12.1",1.81064350708029e-32,0.256490964184901,0.097,0.153,4.84111754488058e-28,"OPALIN+ Oligodendrocytes","CTD-2378E12.1"
"PCDH9-AS1",4.15482159027056e-31,1.54630390781715,0.1,0.069,1.11087464859064e-26,"OPALIN+ Oligodendrocytes","PCDH9-AS1"
"RP11-295K2.3",4.59846859522237e-31,0.30548208788259,0.138,0.21,1.22949254830461e-26,"OPALIN+ Oligodendrocytes","RP11-295K2.3"
"ENTPD3-AS1",6.95820434966104e-31,0.847846853671839,0.261,0.231,1.86041509696887e-26,"OPALIN+ Oligodendrocytes","ENTPD3-AS1"
"LINC01505",1.41983928077095e-30,0.43015104408447,0.389,0.355,3.7962242849973e-26,"OPALIN+ Oligodendrocytes","LINC01505"
"RP5-921G16.1",5.35831643961865e-30,0.512985668281914,0.438,0.41,1.43265306646084e-25,"OPALIN+ Oligodendrocytes","RP5-921G16.1"
"CTA-204B4.2",1.14690340856089e-28,1.13180436329659,0.14,0.107,3.06647564346924e-24,"OPALIN+ Oligodendrocytes","CTA-204B4.2"
"RP11-580I1.2",1.85134789774754e-27,0.60423324742775,0.075,0.121,4.9499488742076e-23,"OPALIN+ Oligodendrocytes","RP11-580I1.2"
"CTD-2269F5.1",2.07229403639092e-27,0.28432442300929,0.085,0.132,5.54069256509841e-23,"OPALIN+ Oligodendrocytes","CTD-2269F5.1"
"RP11-580I16.2",1.07367649597181e-26,0.269596875460161,0.133,0.195,2.87068884727983e-22,"OPALIN+ Oligodendrocytes","RP11-580I16.2"
"POT1-AS1",4.38786982351352e-26,0.287252342846213,0.179,0.253,1.17318475471281e-21,"OPALIN+ Oligodendrocytes","POT1-AS1"
"CTD-2260A17.2",1.77546638544044e-24,0.352132145116297,0.149,0.216,4.7470644747521e-20,"OPALIN+ Oligodendrocytes","CTD-2260A17.2"
"JPX",2.44411057681105e-24,0.382944222905438,0.552,0.597,6.53481844921971e-20,"OPALIN+ Oligodendrocytes","JPX"
"RP5-991G20.1",5.38680822005148e-24,0.289726104052739,0.065,0.103,1.44027091379516e-19,"OPALIN+ Oligodendrocytes","RP5-991G20.1"
"LINC00240",2.1171689065958e-23,1.43388367669682,0.124,0.097,5.66067450556519e-19,"OPALIN+ Oligodendrocytes","LINC00240"
"RP11-461O7.1",3.98188060920039e-23,0.517469240805072,0.094,0.141,1.06463541848191e-18,"OPALIN+ Oligodendrocytes","RP11-461O7.1"
"AC073342.12",1.35841372484255e-21,1.20630477859329,0.11,0.084,3.63199077611153e-17,"OPALIN+ Oligodendrocytes","AC073342.12"
"GLIDR",2.32581888906834e-21,0.324112055219955,0.188,0.261,6.21854196370202e-17,"OPALIN+ Oligodendrocytes","GLIDR"
"UGDH-AS1",3.00292617582909e-21,0.824415568329135,0.261,0.247,8.02892371631423e-17,"OPALIN+ Oligodendrocytes","UGDH-AS1"
"LINC01184",3.26457030879283e-20,0.510067966091699,0.438,0.461,8.7284816346194e-16,"OPALIN+ Oligodendrocytes","LINC01184"
"MYLK-AS1",1.21490703188812e-19,0.319302388166856,0.101,0.145,3.24829693115927e-15,"OPALIN+ Oligodendrocytes","MYLK-AS1"
"XIST",4.76703654966753e-17,0.61599775185927,0.145,0.117,1.27456256228461e-12,"OPALIN+ Oligodendrocytes","XIST"
"AP000462.2",8.34669186060652e-17,0.423251790979394,0.072,0.105,2.23165500277036e-12,"OPALIN+ Oligodendrocytes","AP000462.2"
"LINC01182",1.27830759332965e-16,0.352033800202312,0.069,0.1,3.41781101228548e-12,"OPALIN+ Oligodendrocytes","LINC01182"
"EIF3J-AS1",2.52934618118652e-16,0.346671195667822,0.125,0.173,6.76271288463839e-12,"OPALIN+ Oligodendrocytes","EIF3J-AS1"
"AC007038.7",2.98809796889285e-16,0.313911508225403,0.123,0.169,7.98927753942881e-12,"OPALIN+ Oligodendrocytes","AC007038.7"
"ZNF337-AS1",3.97944987479491e-16,0.422488988470638,0.092,0.13,1.06398551302392e-11,"OPALIN+ Oligodendrocytes","ZNF337-AS1"
"RP4-605O3.4",5.68911848206431e-16,0.275720196579898,0.215,0.289,1.52109960854954e-11,"OPALIN+ Oligodendrocytes","RP4-605O3.4"
"RFX3-AS1",1.06477882474408e-15,0.460690492727396,0.352,0.346,2.84689914371824e-11,"OPALIN+ Oligodendrocytes","RFX3-AS1"
"AC007193.6",3.05985157517231e-15,1.02859349739147,0.149,0.129,8.18112515653821e-11,"OPALIN+ Oligodendrocytes","AC007193.6"
"RP11-166B2.8",6.6263219865221e-15,0.351904226843428,0.124,0.168,1.77167970953642e-10,"OPALIN+ Oligodendrocytes","RP11-166B2.8"
"RP11-475O6.1",8.81210764896663e-15,0.368592377782137,0.081,0.113,2.35609322210421e-10,"OPALIN+ Oligodendrocytes","RP11-475O6.1"
"bP-21264C1.2",3.83739246784344e-14,0.3054019341705,0.137,0.184,1.0260036241273e-09,"OPALIN+ Oligodendrocytes","bP-21264C1.2"
"RP5-894A10.2",5.11243273153368e-14,0.801336879717716,0.166,0.147,1.36691113943016e-09,"OPALIN+ Oligodendrocytes","RP5-894A10.2"
"RP11-410L14.2",6.43617504726423e-14,0.379412412434713,0.145,0.195,1.72084012238704e-09,"OPALIN+ Oligodendrocytes","RP11-410L14.2"
"NIFK-AS1",7.2150527320289e-14,0.373466785868335,0.174,0.232,1.92908864896257e-09,"OPALIN+ Oligodendrocytes","NIFK-AS1"
"RP11-692D12.1",8.04015926642877e-14,0.617224985704346,0.325,0.331,2.14969738306506e-09,"OPALIN+ Oligodendrocytes","RP11-692D12.1"
"AC012358.8",3.61459011577237e-13,0.286224378905048,0.082,0.113,9.66432959254058e-09,"OPALIN+ Oligodendrocytes","AC012358.8"
"RORA-AS1",5.65042523174987e-13,0.338007709749135,0.147,0.194,1.51075419421296e-08,"OPALIN+ Oligodendrocytes","RORA-AS1"
"RP11-53O19.1",8.66645248865787e-13,0.479139641617644,0.136,0.182,2.31714940189245e-08,"OPALIN+ Oligodendrocytes","RP11-53O19.1"
"RP11-91P24.7",1.05858411556074e-12,0.330423868907928,0.077,0.106,2.83033634977475e-08,"OPALIN+ Oligodendrocytes","RP11-91P24.7"
"RP11-74J13.8",2.02215322974296e-12,1.06491912517449,0.101,0.083,5.40663109036374e-08,"OPALIN+ Oligodendrocytes","RP11-74J13.8"
"AC011997.1",7.04651169383893e-12,0.374801130524458,0.112,0.149,1.88402583158171e-07,"OPALIN+ Oligodendrocytes","AC011997.1"
"RP11-656D10.3",2.2379701897712e-11,0.347667009162532,0.093,0.124,5.98366089639126e-07,"OPALIN+ Oligodendrocytes","RP11-656D10.3"
"AC144449.1",1.7381741649803e-10,0.900598970798049,0.208,0.198,4.64735626490783e-06,"OPALIN+ Oligodendrocytes","AC144449.1"
"RP11-196G11.2",2.47417622926924e-10,0.903619880263011,0.128,0.112,6.61520498419716e-06,"OPALIN+ Oligodendrocytes","RP11-196G11.2"
"TCEB3-AS1",3.31285655830255e-10,0.481767407417646,0.141,0.184,8.85758457993352e-06,"OPALIN+ Oligodendrocytes","TCEB3-AS1"
"RP11-324I22.4",9.19004825008708e-10,0.419970233292104,0.164,0.213,2.45714320062578e-05,"OPALIN+ Oligodendrocytes","RP11-324I22.4"
"RP11-351M8.2",4.54239704219176e-09,0.878526688685214,0.147,0.135,0.000121450069717081,"OPALIN+ Oligodendrocytes","RP11-351M8.2"
"RP11-88I18.2",5.23692586903186e-09,0.54583652186083,0.087,0.115,0.000140019686960305,"OPALIN+ Oligodendrocytes","RP11-88I18.2"
"LINC01572",1.04236689200172e-08,0.808927268383645,0.199,0.191,0.000278697635914501,"OPALIN+ Oligodendrocytes","LINC01572"
"LINC01285",4.22565784622248e-08,0.916221400185666,0.122,0.109,0.0011298141383445,"OPALIN+ Oligodendrocytes","LINC01285"
"IPO9-AS1",8.33552493458441e-08,0.271722205310012,0.121,0.152,0.00222866930175983,"OPALIN+ Oligodendrocytes","IPO9-AS1"
"RP1-179N16.6",1.79785710750901e-07,0.586040737522009,0.087,0.111,0.00480693054834683,"OPALIN+ Oligodendrocytes","RP1-179N16.6"
"DNAJC27-AS1",2.27215652530211e-07,0.514842848449661,0.14,0.177,0.00607506490170026,"OPALIN+ Oligodendrocytes","DNAJC27-AS1"
"BDNF-AS",2.30587846888518e-07,0.61405083842934,0.296,0.309,0.0061652272622583,"OPALIN+ Oligodendrocytes","BDNF-AS"
"KB-1460A1.5",4.74179202031439e-07,0.611971867151343,0.078,0.101,0.0126781293247146,"OPALIN+ Oligodendrocytes","KB-1460A1.5"
"RP11-799O21.2",9.92203110845969e-07,0.580473206526675,0.119,0.106,0.0265285345746887,"OPALIN+ Oligodendrocytes","RP11-799O21.2"
"FGD5-AS1",1.33495953021368e-06,0.362059561926813,0.191,0.239,0.0356928129593232,"OPALIN+ Oligodendrocytes","FGD5-AS1"
"THUMPD3-AS1",1.68333961332458e-06,0.304902008334434,0.28,0.356,0.0450074512414592,"OPALIN+ Oligodendrocytes","THUMPD3-AS1"
"AC004053.1",2.7462146691501e-06,0.873060677729018,0.087,0.109,0.0734255416090663,"OPALIN+ Oligodendrocytes","AC004053.1"
"RP11-352M15.2",2.9651804191106e-06,0.834416483720697,0.163,0.159,0.07928002886576,"OPALIN+ Oligodendrocytes","RP11-352M15.2"
"AC093388.3",7.43960110177242e-06,1.04390372244721,0.152,0.149,0.198912614658089,"OPALIN+ Oligodendrocytes","AC093388.3"
"RP11-404I7.2",1.23398191450397e-05,0.859792953442395,0.115,0.105,0.329929744480926,"OPALIN+ Oligodendrocytes","RP11-404I7.2"
"RP11-284M14.1",3.44347624495237e-05,0.437693771258592,0.315,0.328,0.920682243612916,"OPALIN+ Oligodendrocytes","RP11-284M14.1"
"RP11-262H14.3",5.12809800796588e-05,0.940824703653609,0.129,0.124,1,"OPALIN+ Oligodendrocytes","RP11-262H14.3"
"SNHG25",6.23170751000673e-05,0.316844010281234,0.097,0.117,1,"OPALIN+ Oligodendrocytes","SNHG25"
"RP11-167P20.1",9.44577554334422e-05,0.730576191456362,0.21,0.21,1,"OPALIN+ Oligodendrocytes","RP11-167P20.1"
"CTD-3131K8.2",0.000127831086898526,0.766785865554374,0.171,0.17,1,"OPALIN+ Oligodendrocytes","CTD-3131K8.2"
"RP11-356J5.12",0.000321117835767593,0.582790962962468,0.084,0.101,1,"OPALIN+ Oligodendrocytes","RP11-356J5.12"
"LINC01102",0.000554643563133687,0.841741422528362,0.142,0.139,1,"OPALIN+ Oligodendrocytes","LINC01102"
"LINC01470",0.000817772002953096,0.674637789620169,0.101,0.094,1,"OPALIN+ Oligodendrocytes","LINC01470"
"CTB-161M19.4",0.000874599174984543,0.839869065774334,0.128,0.124,1,"OPALIN+ Oligodendrocytes","CTB-161M19.4"
"LINC00667",0.00212928578607777,0.707280885150272,0.206,0.217,1,"OPALIN+ Oligodendrocytes","LINC00667"
"CTD-2026D20.2",0.0032775362320809,0.650852715561903,0.097,0.115,1,"OPALIN+ Oligodendrocytes","CTD-2026D20.2"
"CTC-444N24.11",0.00683489350684771,0.342249282228058,0.259,0.312,1,"OPALIN+ Oligodendrocytes","CTC-444N24.11"
"MIR181A2HG",0.0090312926255001,0.866527222212773,0.138,0.138,1,"OPALIN+ Oligodendrocytes","MIR181A2HG"
"LINC006091",0,2.26761151438042,0.99,0.354,0,"Oligodendrocytes","LINC00609"
"RP4-630C24.31",0,2.34328618129752,0.73,0.128,0,"Oligodendrocytes","RP4-630C24.3"
"RP11-286E11.11",0,1.70314878404961,0.781,0.238,0,"Oligodendrocytes","RP11-286E11.1"
"RP11-259K15.21",0,2.36500722075507,0.606,0.095,0,"Oligodendrocytes","RP11-259K15.2"
"LINC006391",0,0.98291705582575,0.795,0.295,0,"Oligodendrocytes","LINC00639"
"AC012593.11",0,1.31492146655637,0.722,0.235,0,"Oligodendrocytes","AC012593.1"
"RP11-298D21.11",0,1.25430845001707,0.739,0.257,0,"Oligodendrocytes","RP11-298D21.1"
"LINC015051",0,2.29489909734545,0.762,0.291,0,"Oligodendrocytes","LINC01505"
"RP1-223B1.11",0,1.90161435013025,0.593,0.128,0,"Oligodendrocytes","RP1-223B1.1"
"KCNQ1OT1",0,1.47779472157697,0.877,0.432,0,"Oligodendrocytes","KCNQ1OT1"
"LINC011701",0,1.30186921457614,0.671,0.233,0,"Oligodendrocytes","LINC01170"
"AC073283.41",0,1.36674102521041,0.607,0.184,0,"Oligodendrocytes","AC073283.4"
"MIR219A21",0,0.86321720764068,0.681,0.26,0,"Oligodendrocytes","MIR219A2"
"CPB2-AS11",0,1.1683536652078,0.71,0.291,0,"Oligodendrocytes","CPB2-AS1"
"CTC-529P8.11",0,1.68691431243362,0.523,0.111,0,"Oligodendrocytes","CTC-529P8.1"
"LMCD1-AS11",0,1.28633608070888,0.91,0.506,0,"Oligodendrocytes","LMCD1-AS1"
"RP11-436D23.1",0,0.856092408246496,0.786,0.384,0,"Oligodendrocytes","RP11-436D23.1"
"RP11-320P7.21",0,1.70824899557321,0.477,0.104,0,"Oligodendrocytes","RP11-320P7.2"
"RP4-565E6.1",0,1.24149816359342,0.656,0.287,0,"Oligodendrocytes","RP4-565E6.1"
"RP11-16D22.2",0,5.25744835265329,0.387,0.022,0,"Oligodendrocytes","RP11-16D22.2"
"RP11-202K23.1",0,4.38229907411497,0.368,0.018,0,"Oligodendrocytes","RP11-202K23.1"
"OLMALINC1",0,0.755388163866585,0.697,0.36,0,"Oligodendrocytes","OLMALINC"
"DUBR1",0,0.680030519643317,0.727,0.4,0,"Oligodendrocytes","DUBR"
"AF131217.11",0,1.13209675860787,0.552,0.235,0,"Oligodendrocytes","AF131217.1"
"CTD-2049O4.11",0,0.488339875945395,0.542,0.227,0,"Oligodendrocytes","CTD-2049O4.1"
"ALOX12-AS1",0,0.928542989857559,0.614,0.304,0,"Oligodendrocytes","ALOX12-AS1"
"VLDLR-AS1",0,1.34857699364432,0.494,0.189,0,"Oligodendrocytes","VLDLR-AS1"
"PWRN1",0,1.18772245802916,0.505,0.205,0,"Oligodendrocytes","PWRN1"
"AC007566.101",0,0.792548533368649,0.595,0.296,0,"Oligodendrocytes","AC007566.10"
"MIR325HG",0,0.774976825064459,0.56,0.269,0,"Oligodendrocytes","MIR325HG"
"CTD-2058B24.21",0,1.05912598040012,0.45,0.16,0,"Oligodendrocytes","CTD-2058B24.2"
"AC093590.11",0,2.03960948616333,0.35,0.061,0,"Oligodendrocytes","AC093590.1"
"LINC008771",0,0.938945680523978,0.458,0.17,0,"Oligodendrocytes","LINC00877"
"RP11-284M14.11",0,0.843812206895808,0.564,0.279,0,"Oligodendrocytes","RP11-284M14.1"
"LUCAT1",0,3.79408155315146,0.304,0.022,0,"Oligodendrocytes","LUCAT1"
"CPEB1-AS11",0,1.6744386266595,0.375,0.094,0,"Oligodendrocytes","CPEB1-AS1"
"AC007193.61",0,1.6870772666915,0.363,0.092,0,"Oligodendrocytes","AC007193.6"
"RP11-156K13.1",0,0.544478687282796,0.432,0.165,0,"Oligodendrocytes","RP11-156K13.1"
"FIRRE",0,1.34517502763929,0.366,0.101,0,"Oligodendrocytes","FIRRE"
"CTD-2130O13.1",0,4.111959746262,0.276,0.017,0,"Oligodendrocytes","CTD-2130O13.1"
"LINC01445",0,2.90738325142577,0.279,0.024,0,"Oligodendrocytes","LINC01445"
"RP11-156L14.1",0,2.52318835165429,0.289,0.036,0,"Oligodendrocytes","RP11-156L14.1"
"HAGLR",0,2.6724758422584,0.271,0.027,0,"Oligodendrocytes","HAGLR"
"RP11-167P20.11",0,1.0300278408435,0.41,0.172,0,"Oligodendrocytes","RP11-167P20.1"
"RP11-196G11.21",0,1.5662020882758,0.313,0.08,0,"Oligodendrocytes","RP11-196G11.2"
"LINC011021",0,1.48270688772984,0.332,0.103,0,"Oligodendrocytes","LINC01102"
"RP11-799O21.21",0,1.46352910239093,0.3,0.075,0,"Oligodendrocytes","RP11-799O21.2"
"RP11-707P17.11",0,0.760180474865378,0.343,0.12,0,"Oligodendrocytes","RP11-707P17.1"
"RP11-285F7.21",0,1.00548797469023,0.319,0.101,0,"Oligodendrocytes","RP11-285F7.2"
"LINC00323",0,4.58458037240492,0.207,0.006,0,"Oligodendrocytes","LINC00323"
"AC073342.121",0,1.60389337103738,0.26,0.06,0,"Oligodendrocytes","AC073342.12"
"PACRG-AS31",0,1.35081588910369,0.267,0.078,0,"Oligodendrocytes","PACRG-AS3"
"LINC00539",0,2.47415620394109,0.222,0.035,0,"Oligodendrocytes","LINC00539"
"BVES-AS1",0,1.5743253239512,0.219,0.046,0,"Oligodendrocytes","BVES-AS1"
"RP5-984P4.6",0,1.53282381058664,0.216,0.046,0,"Oligodendrocytes","RP5-984P4.6"
"SAMMSON1",0,2.12013140963371,0.219,0.051,0,"Oligodendrocytes","SAMMSON"
"LINC01315",0,2.98953712494673,0.185,0.017,0,"Oligodendrocytes","LINC01315"
"RP11-138I17.1",0,2.43144461927955,0.189,0.029,0,"Oligodendrocytes","RP11-138I17.1"
"RP11-480D4.1",0,1.50186842473223,0.208,0.048,0,"Oligodendrocytes","RP11-480D4.1"
"RP11-496D24.21",0,1.37193226939405,0.197,0.042,0,"Oligodendrocytes","RP11-496D24.2"
"RP11-849I19.1",0,1.41779185541181,0.19,0.043,0,"Oligodendrocytes","RP11-849I19.1"
"AL035610.2",0,2.12677357671179,0.193,0.048,0,"Oligodendrocytes","AL035610.2"
"LINC01549",0,3.58189114195773,0.152,0.008,0,"Oligodendrocytes","LINC01549"
"LINC01080",0,2.1206290648941,0.135,0.019,0,"Oligodendrocytes","LINC01080"
"RP5-1180C18.1",0,3.77444849166489,0.103,0.008,0,"Oligodendrocytes","RP5-1180C18.1"
"LINC016301",6.06435195232911e-316,0.448808371830399,0.524,0.227,1.62142578149423e-311,"Oligodendrocytes","LINC01630"
"NEAT1",4.49211848062543e-312,0.408361852945587,0.993,0.843,1.20105771816482e-307,"Oligodendrocytes","NEAT1"
"RAB11B-AS1",2.01929737181888e-307,1.32390906373614,0.208,0.055,5.39899538303215e-303,"Oligodendrocytes","RAB11B-AS1"
"RP11-141M1.31",1.25930857306932e-304,0.695132591472208,0.511,0.236,3.36701333181545e-300,"Oligodendrocytes","RP11-141M1.3"
"CTA-204B4.21",2.31495681787546e-304,1.06139395847657,0.272,0.088,6.18950004395362e-300,"Oligodendrocytes","CTA-204B4.2"
"TMEM246-AS1",4.72922986539936e-294,1.62118180040851,0.152,0.032,1.26445418911183e-289,"Oligodendrocytes","TMEM246-AS1"
"ENTPD3-AS11",2.25032136108285e-291,0.830940379686445,0.448,0.201,6.0166842231272e-287,"Oligodendrocytes","ENTPD3-AS1"
"CTD-2175A23.1",8.77102426882968e-289,1.84757548654696,0.131,0.024,2.34510875875699e-284,"Oligodendrocytes","CTD-2175A23.1"
"AC144449.11",7.85942402543651e-284,1.10570551643267,0.379,0.167,2.10137420168096e-279,"Oligodendrocytes","AC144449.1"
"RP11-81K2.1",1.23176091798109e-281,1.30341990431424,0.199,0.055,3.29335916640605e-277,"Oligodendrocytes","RP11-81K2.1"
"RP11-66B24.1",7.45162433934466e-279,1.36391513707875,0.156,0.035,1.99234079961058e-274,"Oligodendrocytes","RP11-66B24.1"
"PTCSC3",1.06152373782872e-272,1.87212896316782,0.132,0.026,2.83819601783264e-268,"Oligodendrocytes","PTCSC3"
"RORA-AS11",5.12658562090835e-262,1.07681887228432,0.345,0.148,1.37069519746226e-257,"Oligodendrocytes","RORA-AS1"
"AF001548.5",6.85191362331505e-261,1.70836719185005,0.118,0.022,1.83199614546574e-256,"Oligodendrocytes","AF001548.5"
"LINC006671",1.03757683912144e-250,0.838204063506185,0.394,0.18,2.774169194759e-246,"Oligodendrocytes","LINC00667"
"CKMT2-AS1",6.22260579275636e-242,0.82967113204985,0.497,0.267,1.66373811080927e-237,"Oligodendrocytes","CKMT2-AS1"
"RP11-420A23.1",1.21243858578078e-236,0.821308812954321,0.392,0.183,3.24169704680208e-232,"Oligodendrocytes","RP11-420A23.1"
"RP11-71N10.11",1.01492363167159e-235,0.79142242006548,0.27,0.1,2.71360131400032e-231,"Oligodendrocytes","RP11-71N10.1"
"XXbac-BPG154L12.4",7.27236403455967e-235,1.12733808285856,0.349,0.161,1.94441197192022e-230,"Oligodendrocytes","XXbac-BPG154L12.4"
"POT1-AS11",1.4121430021704e-234,0.942983244794861,0.401,0.198,3.77564674490299e-230,"Oligodendrocytes","POT1-AS1"
"LINC00685",7.9460650669032e-225,0.910299785358924,0.303,0.126,2.12453941693791e-220,"Oligodendrocytes","LINC00685"
"ADARB2-AS1",2.96717463315547e-224,1.69050611111989,0.128,0.03,7.93333481666779e-220,"Oligodendrocytes","ADARB2-AS1"
"RP11-346D14.11",3.52925655869947e-224,1.18470442726676,0.169,0.048,9.43617326099478e-220,"Oligodendrocytes","RP11-346D14.1"
"LINC014701",1.37389142711964e-222,1.25214095319672,0.213,0.074,3.67337350868979e-218,"Oligodendrocytes","LINC01470"
"CTC-444N24.111",7.20346733822204e-222,0.700380740240436,0.487,0.259,1.92599106222043e-217,"Oligodendrocytes","CTC-444N24.11"
"LINC006011",3.75340799057268e-217,0.934169199272894,0.203,0.065,1.00354869443942e-212,"Oligodendrocytes","LINC00601"
"RP3-406A7.71",4.73345521745703e-217,1.06648775486678,0.199,0.065,1.26558392149149e-212,"Oligodendrocytes","RP3-406A7.7"
"C21orf91-OT1",6.18378781657582e-215,1.46997236903076,0.12,0.027,1.65335934851788e-210,"Oligodendrocytes","C21orf91-OT1"
"PCA31",2.24596011356036e-208,1.02202870870224,0.231,0.086,6.00502355562634e-204,"Oligodendrocytes","PCA3"
"LINC01137",2.18767725918081e-205,1.34943906985632,0.119,0.027,5.84919268787174e-201,"Oligodendrocytes","LINC01137"
"LINC011821",3.67242868147069e-203,1.31487718179653,0.199,0.07,9.81897256564817e-199,"Oligodendrocytes","LINC01182"
"STX18-AS1",4.27038392046686e-201,0.712415491570037,0.482,0.268,1.14177254881522e-196,"Oligodendrocytes","STX18-AS1"
"UGDH-AS11",1.14455393261107e-191,0.642275493411317,0.424,0.219,3.06019384962221e-187,"Oligodendrocytes","UGDH-AS1"
"LINC008821",2.48593875698134e-190,0.448434442043668,0.74,0.47,6.64665445454101e-186,"Oligodendrocytes","LINC00882"
"RP11-1079K10.3",2.06626556975085e-186,1.38921890223705,0.113,0.027,5.52457425384285e-182,"Oligodendrocytes","RP11-1079K10.3"
"LINC008621",7.24450028726021e-182,0.552789755950301,0.433,0.228,1.93696204180476e-177,"Oligodendrocytes","LINC00862"
"AP000282.21",1.52999233752354e-180,0.850185290923236,0.211,0.08,4.0907405128367e-176,"Oligodendrocytes","AP000282.2"
"LINC011351",8.01037216932851e-179,0.536254441055314,0.416,0.213,2.14173320691336e-174,"Oligodendrocytes","LINC01135"
"GABPB1-AS11",5.57139532655425e-177,0.506491132744433,0.648,0.415,1.48962396846081e-172,"Oligodendrocytes","GABPB1-AS1"
"RP11-774D14.11",1.02522427305449e-175,0.569354016930846,0.455,0.249,2.74114213886578e-171,"Oligodendrocytes","RP11-774D14.1"
"RP1-122P22.2",1.13354513155199e-175,0.687082970971095,0.316,0.148,3.03075961823056e-171,"Oligodendrocytes","RP1-122P22.2"
"LINC01060",1.27955685318301e-175,2.43437633055038,0.109,0.028,3.42115115835541e-171,"Oligodendrocytes","LINC01060"
"SPANXA2-OT1",1.98344862007367e-174,1.23388473055685,0.21,0.085,5.30314657549096e-170,"Oligodendrocytes","SPANXA2-OT1"
"RP11-130F10.11",5.47198730413445e-171,0.516078872140018,0.363,0.181,1.46304524550643e-166,"Oligodendrocytes","RP11-130F10.1"
"RP11-160H12.21",1.14080562506194e-169,0.921564683406597,0.218,0.088,3.0501719997281e-165,"Oligodendrocytes","RP11-160H12.2"
"RP11-418J17.1",1.34231061154947e-169,0.662407098771357,0.443,0.251,3.58893588209982e-165,"Oligodendrocytes","RP11-418J17.1"
"C21orf62-AS11",2.42874679668758e-164,0.494370416037559,0.407,0.214,6.49374031030359e-160,"Oligodendrocytes","C21orf62-AS1"
"DPYD-AS1",1.55425460010868e-160,0.852487839830754,0.196,0.075,4.15561052431057e-156,"Oligodendrocytes","DPYD-AS1"
"RP5-1044H5.11",4.11758684616236e-159,1.09742267092879,0.192,0.075,1.10091919505843e-154,"Oligodendrocytes","RP5-1044H5.1"
"PLS3-AS1",1.52837789002732e-158,1.08485507222364,0.134,0.041,4.08642396456603e-154,"Oligodendrocytes","PLS3-AS1"
"RP5-921G16.11",1.09787720198319e-155,0.413662594267107,0.621,0.381,2.93539427494246e-151,"Oligodendrocytes","RP5-921G16.1"
"RP11-373N22.31",6.55708815907214e-155,0.505178613350746,0.487,0.287,1.75316866109112e-150,"Oligodendrocytes","RP11-373N22.3"
"RP11-337C18.8",3.00350836102421e-154,0.677790944149546,0.372,0.202,8.03048030487044e-150,"Oligodendrocytes","RP11-337C18.8"
"LINC00467",7.29448512191294e-154,1.01055539347213,0.158,0.056,1.95032648704586e-149,"Oligodendrocytes","LINC00467"
"LANCL1-AS1",3.10962498799685e-150,1.16095494745108,0.147,0.051,8.31420433040719e-146,"Oligodendrocytes","LANCL1-AS1"
"RP11-296K13.4",2.05985216297158e-148,0.858194003892153,0.15,0.051,5.50742672813711e-144,"Oligodendrocytes","RP11-296K13.4"
"UBA6-AS1",9.96016911297745e-147,0.437412089914876,0.562,0.34,2.66305041573678e-142,"Oligodendrocytes","UBA6-AS1"
"ELMO1-AS11",9.25139666681916e-146,0.500253315834996,0.235,0.1,2.47354592680744e-141,"Oligodendrocytes","ELMO1-AS1"
"LINC00894",1.98454862974689e-145,0.429392850702569,0.605,0.382,5.30608767135426e-141,"Oligodendrocytes","LINC00894"
"RP13-188A5.1",2.10295414248437e-145,0.772868731295082,0.218,0.095,5.62266849076047e-141,"Oligodendrocytes","RP13-188A5.1"
"AC023590.1",2.53948651394149e-144,1.13692515513752,0.172,0.067,6.78982509232536e-140,"Oligodendrocytes","AC023590.1"
"LINC014111",3.28561595855839e-144,0.437580783774154,0.292,0.136,8.78475138839756e-140,"Oligodendrocytes","LINC01411"
"RP11-809C18.31",3.57156644664986e-137,0.660114136176098,0.139,0.047,9.54929720840773e-133,"Oligodendrocytes","RP11-809C18.3"
"LINC011841",2.03978490251904e-134,0.419342399860507,0.633,0.42,5.45377289386515e-130,"Oligodendrocytes","LINC01184"
"LINC00499",4.74579786291721e-134,1.23892322501113,0.155,0.059,1.26888397460817e-129,"Oligodendrocytes","LINC00499"
"RP5-864K19.4",1.71294509622336e-131,0.423056539411278,0.572,0.364,4.5799013037724e-127,"Oligodendrocytes","RP5-864K19.4"
"FGD5-AS11",5.24160090943847e-130,0.535354809742199,0.359,0.199,1.40144683515656e-125,"Oligodendrocytes","FGD5-AS1"
"RP11-134G8.71",1.8348871424379e-129,0.553243375612312,0.271,0.133,4.90593775273622e-125,"Oligodendrocytes","RP11-134G8.7"
"RP11-580I1.21",3.17960011908955e-129,1.46871749340081,0.195,0.09,8.50129683840973e-125,"Oligodendrocytes","RP11-580I1.2"
"RP11-15E18.1",6.06715435540041e-128,0.996576567099374,0.101,0.03,1.62217506000341e-123,"Oligodendrocytes","RP11-15E18.1"
"DICER1-AS1",8.82062592587361e-127,0.671262617296255,0.278,0.143,2.35837075380083e-122,"Oligodendrocytes","DICER1-AS1"
"RP11-798M19.6",9.24997208302116e-127,0.957958677649299,0.165,0.067,2.47316503583737e-122,"Oligodendrocytes","RP11-798M19.6"
"LINC00987",2.24342937809926e-125,1.1759491702693,0.114,0.037,5.998257128224e-121,"Oligodendrocytes","LINC00987"
"AC018647.31",3.63876886447763e-123,0.685884849309513,0.149,0.056,9.72897631295383e-119,"Oligodendrocytes","AC018647.3"
"FLJ273541",5.51470630545477e-123,0.403559280720239,0.305,0.156,1.47446702488944e-118,"Oligodendrocytes","FLJ27354"
"RP11-381K20.21",1.20469544465621e-122,0.394494986677147,0.454,0.275,3.22099421037732e-118,"Oligodendrocytes","RP11-381K20.2"
"CTD-2260A17.21",4.38948049744968e-121,0.719303399004537,0.311,0.174,1.17361540060312e-116,"Oligodendrocytes","CTD-2260A17.2"
"CTB-161M19.41",6.69205247570296e-121,0.663919103443102,0.225,0.107,1.7892540704287e-116,"Oligodendrocytes","CTB-161M19.4"
"RP4-555D20.2",8.40867798723451e-121,1.39639156372532,0.168,0.074,2.24822823344689e-116,"Oligodendrocytes","RP4-555D20.2"
"bP-21264C1.21",1.13105544537332e-119,0.61431126533492,0.283,0.148,3.02410294429464e-115,"Oligodendrocytes","bP-21264C1.2"
"RP3-525N10.2",1.27492226704902e-119,0.588063229043547,0.333,0.188,3.40875966540897e-115,"Oligodendrocytes","RP3-525N10.2"
"PCDH9-AS11",2.97853293554491e-118,0.862440657410552,0.157,0.064,7.96370350976642e-114,"Oligodendrocytes","PCDH9-AS1"
"RP11-195C7.1",9.44513024496912e-118,0.997875198888707,0.141,0.055,2.52534447359739e-113,"Oligodendrocytes","RP11-195C7.1"
"AC026188.1",2.17206893850281e-116,0.551657964532531,0.286,0.152,5.80746072087497e-112,"Oligodendrocytes","AC026188.1"
"RP11-118B22.4",2.71956251647077e-116,1.31732532194816,0.116,0.041,7.27129430028789e-112,"Oligodendrocytes","RP11-118B22.4"
"AC093388.31",3.7598351057313e-116,0.663434407426552,0.253,0.13,1.00526711221938e-111,"Oligodendrocytes","AC093388.3"
"RAB30-AS11",4.06602818204118e-115,0.311096597122628,0.555,0.356,1.08713395503235e-110,"Oligodendrocytes","RAB30-AS1"
"RP1-179N16.61",7.79699943686003e-113,0.842583752810119,0.189,0.087,2.08468373943327e-108,"Oligodendrocytes","RP1-179N16.6"
"RP11-692D12.11",8.1224438041916e-112,0.360152874251881,0.477,0.301,2.17169779992671e-107,"Oligodendrocytes","RP11-692D12.1"
"AC018890.6",1.43124315707284e-111,0.394760205469319,0.418,0.246,3.82671482906564e-107,"Oligodendrocytes","AC018890.6"
"NNT-AS1",1.46996332990423e-111,0.532178646184498,0.354,0.208,3.93024095516493e-107,"Oligodendrocytes","NNT-AS1"
"RP11-212P7.2",7.02077750106618e-111,0.918234302464301,0.15,0.062,1.87714528046006e-106,"Oligodendrocytes","RP11-212P7.2"
"BDNF-AS1",1.56141752646606e-109,0.369296602990629,0.45,0.277,4.17476204051232e-105,"Oligodendrocytes","BDNF-AS"
"RP11-57H12.3",2.04352707694361e-108,0.969437857179217,0.131,0.051,5.46377834562412e-104,"Oligodendrocytes","RP11-57H12.3"
"ENTPD1-AS1",3.8025786307448e-108,0.32853227877372,0.67,0.484,1.01669544850224e-103,"Oligodendrocytes","ENTPD1-AS1"
"RP4-756G23.51",2.25376683402031e-105,0.682339964954779,0.145,0.059,6.0258963841201e-101,"Oligodendrocytes","RP4-756G23.5"
"PCDH9-AS21",3.01899353971621e-104,0.320176146180103,0.364,0.211,8.07188302713923e-100,"Oligodendrocytes","PCDH9-AS2"
"GLIDR1",3.89012980132991e-104,0.548152399552777,0.357,0.217,1.04010400498158e-99,"Oligodendrocytes","GLIDR"
"FAM222A-AS1",8.48540167296393e-103,0.815344101757193,0.124,0.047,2.26874184530037e-98,"Oligodendrocytes","FAM222A-AS1"
"CTD-3131K8.21",4.60791315304172e-102,0.517433582268002,0.276,0.15,1.23201773972876e-97,"Oligodendrocytes","CTD-3131K8.2"
"RP11-99E15.2",1.31630951752301e-101,0.56488059393562,0.257,0.138,3.51941675700126e-97,"Oligodendrocytes","RP11-99E15.2"
"TAPT1-AS1",1.36311894067905e-100,0.290877157172955,0.712,0.509,3.64457111169357e-96,"Oligodendrocytes","TAPT1-AS1"
"RP11-10L12.4",2.98970614922427e-99,0.632321374971798,0.2,0.098,7.99357733118092e-95,"Oligodendrocytes","RP11-10L12.4"
"CTD-2341M24.1",5.5500914195615e-99,0.524201326232323,0.204,0.1,1.48392794284816e-94,"Oligodendrocytes","CTD-2341M24.1"
"AC011997.11",1.36049001931714e-98,0.610685038521532,0.23,0.121,3.63754216464823e-94,"Oligodendrocytes","AC011997.1"
"RP11-10K16.1",5.30097210563302e-98,0.61087545708868,0.22,0.112,1.4173209118831e-93,"Oligodendrocytes","RP11-10K16.1"
"RP11-83A24.2",2.51185859123413e-97,0.340619048180832,0.485,0.318,6.7159563153827e-93,"Oligodendrocytes","RP11-83A24.2"
"RP11-792A8.4",8.44333382348559e-97,0.776315939523202,0.112,0.041,2.25749416438534e-92,"Oligodendrocytes","RP11-792A8.4"
"AC010884.1",3.67397288046288e-96,1.15350979592727,0.151,0.069,9.82310129049361e-92,"Oligodendrocytes","AC010884.1"
"RP5-894A10.21",4.52481438462862e-95,0.424721352952478,0.253,0.134,1.20979962201815e-90,"Oligodendrocytes","RP5-894A10.2"
"TCEB3-AS11",6.36876822404467e-92,0.544880288390897,0.269,0.153,1.70281756006282e-87,"Oligodendrocytes","TCEB3-AS1"
"RP11-518L10.5",3.43610919578983e-91,0.711365284969297,0.183,0.091,9.18712515678326e-87,"Oligodendrocytes","RP11-518L10.5"
"RP11-172H24.4",6.8883349499274e-90,1.08676318510472,0.103,0.039,1.84173411556209e-85,"Oligodendrocytes","RP11-172H24.4"
"TMEM9B-AS1",3.11326664177675e-89,0.383751468616826,0.224,0.116,8.32394102011851e-85,"Oligodendrocytes","TMEM9B-AS1"
"MCPH1-AS1",1.86527069698676e-85,0.566697948268161,0.288,0.174,4.9871742625335e-81,"Oligodendrocytes","MCPH1-AS1"
"NORAD",2.01599349387133e-84,0.346809789189524,0.463,0.304,5.39016180456378e-80,"Oligodendrocytes","NORAD"
"AC007319.1",3.16255637805613e-83,1.62937668686832,0.155,0.078,8.45572698800868e-79,"Oligodendrocytes","AC007319.1"
"SNHG7",4.84270926035178e-83,0.559324383377231,0.207,0.11,1.29479517494026e-78,"Oligodendrocytes","SNHG7"
"RP11-1000B6.3",6.01739734793838e-83,0.260595230408979,0.525,0.354,1.60887152891828e-78,"Oligodendrocytes","RP11-1000B6.3"
"LINC002401",2.09804706555531e-82,0.534492190560104,0.18,0.091,5.60954843917524e-78,"Oligodendrocytes","LINC00240"
"AB015752.3",4.2481917594508e-82,1.0623430192479,0.106,0.043,1.13583903072436e-77,"Oligodendrocytes","AB015752.3"
"CTC-329D1.2",4.64861989503118e-82,0.611208014971288,0.187,0.096,1.24290150133449e-77,"Oligodendrocytes","CTC-329D1.2"
"AC009120.4",1.59976007369506e-80,0.540770860413757,0.278,0.166,4.27727850903849e-76,"Oligodendrocytes","AC009120.4"
"JPX1",1.90823602478429e-80,0.256229822926839,0.741,0.554,5.10205065946575e-76,"Oligodendrocytes","JPX"
"PSMB1",1.21307839138763e-79,0.347732634538909,0.385,0.246,3.2434076950531e-75,"Oligodendrocytes","PSMB1"
"RP11-351M8.21",1.6976480179504e-79,0.410156832052484,0.225,0.122,4.539001505594e-75,"Oligodendrocytes","RP11-351M8.2"
"RP11-262H14.31",1.74790639885273e-79,0.541200969149056,0.206,0.111,4.67337733861254e-75,"Oligodendrocytes","RP11-262H14.3"
"MIR2052HG",3.34492855663141e-77,0.674399947878304,0.247,0.147,8.9433354818654e-73,"Oligodendrocytes","MIR2052HG"
"RP11-756H20.1",8.00476993698866e-77,0.947681649750277,0.101,0.041,2.14023533805266e-72,"Oligodendrocytes","RP11-756H20.1"
"RP11-74J13.81",6.98226799150996e-76,0.564486541280606,0.156,0.076,1.86684899289002e-71,"Oligodendrocytes","RP11-74J13.8"
"WAC-AS1",1.20925918379369e-74,0.493607309546584,0.265,0.161,3.23319627970919e-70,"Oligodendrocytes","WAC-AS1"
"FAM13A-AS1",3.55627544124402e-72,0.39185750997232,0.249,0.145,9.50841364725413e-68,"Oligodendrocytes","FAM13A-AS1"
"FAM66B",8.0186964894127e-72,0.614534536125882,0.188,0.102,2.14395888037427e-67,"Oligodendrocytes","FAM66B"
"RP11-315E17.11",7.19806113021859e-71,0.464103820649378,0.204,0.113,1.92454560438654e-66,"Oligodendrocytes","RP11-315E17.1"
"AP000688.29",3.46840157201609e-69,0.461682220976234,0.104,0.044,9.27346528309943e-65,"Oligodendrocytes","AP000688.29"
"CTD-2555O16.2",5.00653417923836e-68,0.35711043506611,0.19,0.103,1.33859704350296e-63,"Oligodendrocytes","CTD-2555O16.2"
"CAHM",1.47673422209595e-67,0.531066276031671,0.111,0.049,3.94834428961794e-63,"Oligodendrocytes","CAHM"
"LINC01473",2.0273957992093e-67,0.527322129857009,0.232,0.138,5.42064814834591e-63,"Oligodendrocytes","LINC01473"
"RP11-187O7.3",3.9369261258577e-63,0.332741630580048,0.2,0.115,1.05261593827057e-58,"Oligodendrocytes","RP11-187O7.3"
"RP11-410L14.21",6.22030796529106e-63,0.318509366111433,0.265,0.164,1.66312374067987e-58,"Oligodendrocytes","RP11-410L14.2"
"RP11-120D5.1",1.19635762145446e-62,0.517399440602871,0.154,0.081,3.19870137248278e-58,"Oligodendrocytes","RP11-120D5.1"
"CTC-260E6.6",1.82229214846008e-60,0.791676963112016,0.156,0.086,4.87226251733772e-56,"Oligodendrocytes","CTC-260E6.6"
"LINC01358",2.33973858133034e-59,0.845293547283039,0.107,0.05,6.25575904490294e-55,"Oligodendrocytes","LINC01358"
"SMIM10L1",2.18985126660306e-58,0.695687955377021,0.13,0.067,5.8550053315166e-54,"Oligodendrocytes","SMIM10L1"
"CTC-458I2.2",3.9892313880238e-58,0.485055695751883,0.116,0.056,1.06660079621592e-53,"Oligodendrocytes","CTC-458I2.2"
"NIFK-AS11",5.01357673529849e-56,0.322106109110011,0.299,0.198,1.34048001171676e-51,"Oligodendrocytes","NIFK-AS1"
"TMEM44-AS1",3.79360089452379e-53,0.605316032657394,0.112,0.056,1.01429507116883e-48,"Oligodendrocytes","TMEM44-AS1"
"CTA-292E10.6",8.24155023155262e-53,0.295105207996399,0.217,0.133,2.20354328541022e-48,"Oligodendrocytes","CTA-292E10.6"
"ZNF337-AS11",9.80777365226076e-53,0.428433577725542,0.18,0.106,2.62230444140496e-48,"Oligodendrocytes","ZNF337-AS1"
"RP11-387H17.4",5.33871005750645e-52,0.420642568269279,0.111,0.055,1.4274109080755e-47,"Oligodendrocytes","RP11-387H17.4"
"RP1-8B1.4",7.15213731774702e-52,0.862735379023018,0.115,0.06,1.91226695464602e-47,"Oligodendrocytes","RP1-8B1.4"
"CTD-2269F5.11",1.40445521982751e-50,0.680428343872161,0.177,0.107,3.75509192125282e-46,"Oligodendrocytes","CTD-2269F5.1"
"FLJ21408",2.1739001691628e-50,0.62687495314879,0.109,0.055,5.81235688229058e-46,"Oligodendrocytes","FLJ21408"
"RP11-53O19.11",2.27809458223763e-50,0.380032960719284,0.238,0.155,6.09094148452874e-46,"Oligodendrocytes","RP11-53O19.1"
"PAXBP1-AS1",3.74637602470876e-50,0.608722512278526,0.137,0.076,1.00166855772638e-45,"Oligodendrocytes","PAXBP1-AS1"
"PWRN3",5.88665865752237e-49,1.18788193110963,0.117,0.064,1.57391592526175e-44,"Oligodendrocytes","PWRN3"
"SNHG9",3.24272774638997e-48,0.35461394697541,0.138,0.076,8.67008117552285e-44,"Oligodendrocytes","SNHG9"
"RP1-28O10.1",7.53852674082734e-48,0.962969631093007,0.104,0.054,2.01557589469501e-43,"Oligodendrocytes","RP1-28O10.1"
"SCOC-AS1",4.24537062185434e-47,0.71205434830699,0.109,0.057,1.1350847431652e-42,"Oligodendrocytes","SCOC-AS1"
"RP11-323I15.5",5.39324095126784e-47,0.258560452997257,0.271,0.181,1.44199083314048e-42,"Oligodendrocytes","RP11-323I15.5"
"MRVI1-AS1",1.26970245203724e-46,0.675585132264434,0.112,0.059,3.39480344601196e-42,"Oligodendrocytes","MRVI1-AS1"
"RP11-356J5.121",3.15418208082521e-45,0.36634539905003,0.148,0.086,8.43333662950235e-41,"Oligodendrocytes","RP11-356J5.12"
"LINC01266",2.33130258867094e-44,0.442546841471672,0.182,0.112,6.23320373132949e-40,"Oligodendrocytes","LINC01266"
"OSER1-AS1",7.59463318815631e-44,0.470351192991787,0.136,0.078,2.03057707551735e-39,"Oligodendrocytes","OSER1-AS1"
"AC137934.1",8.98289006154504e-44,0.559236115025241,0.134,0.076,2.4017553157553e-39,"Oligodendrocytes","AC137934.1"
"AC007285.6",2.06282010787376e-43,0.724815441379002,0.114,0.063,5.51536212242207e-39,"Oligodendrocytes","AC007285.6"
"RP11-18H7.1",7.4574001291178e-43,0.57162392605297,0.146,0.086,1.99388507252223e-38,"Oligodendrocytes","RP11-18H7.1"
"RP11-91P24.71",8.92372563000694e-43,0.349164780415392,0.149,0.087,2.38593652169496e-38,"Oligodendrocytes","RP11-91P24.7"
"RP11-267M23.4",1.11346229139293e-40,0.590810089281696,0.101,0.054,2.97706412849727e-36,"Oligodendrocytes","RP11-267M23.4"
"RP11-469A15.2",1.53117290359256e-40,0.332006391055343,0.106,0.056,4.09389699233543e-36,"Oligodendrocytes","RP11-469A15.2"
"TMEM254-AS1",1.88915225829205e-40,0.615792182322914,0.101,0.054,5.05102639299545e-36,"Oligodendrocytes","TMEM254-AS1"
"RP11-111A21.1",7.69398901966608e-39,0.607654351513157,0.132,0.078,2.05714184418812e-34,"Oligodendrocytes","RP11-111A21.1"
"RP11-147L13.11",5.34600781899321e-38,0.379803337129172,0.125,0.072,1.42936211056422e-33,"Oligodendrocytes","RP11-147L13.11"
"RP11-1000B6.8",9.0680174424064e-38,0.456935996983528,0.13,0.077,2.4245158235762e-33,"Oligodendrocytes","RP11-1000B6.8"
"RP3-414A15.2",3.37258946237822e-37,0.425452698264855,0.104,0.057,9.01729244556066e-33,"Oligodendrocytes","RP3-414A15.2"
"RP11-711K1.8",4.52268965235817e-37,0.421889127123451,0.133,0.08,1.209231532351e-32,"Oligodendrocytes","RP11-711K1.8"
"AC037445.1",1.1492081342855e-35,0.620660514574469,0.119,0.07,3.07263778863913e-31,"Oligodendrocytes","AC037445.1"
"OTUD6B-AS1",1.30659617393523e-35,0.29770580315793,0.205,0.138,3.49344619025063e-31,"Oligodendrocytes","OTUD6B-AS1"
"RP11-378J18.9",7.47517821879601e-35,0.318155228919704,0.132,0.079,1.99863840035949e-30,"Oligodendrocytes","RP11-378J18.9"
"FSIP2-AS1",2.34919196850447e-34,0.514264821720466,0.107,0.061,6.2810345661904e-30,"Oligodendrocytes","FSIP2-AS1"
"ZBED5-AS1",3.92224410850782e-34,0.359446998719529,0.123,0.073,1.04869040729174e-29,"Oligodendrocytes","ZBED5-AS1"
"RP11-142A5.1",7.37892713698642e-34,0.548569218094553,0.148,0.094,1.97290374861606e-29,"Oligodendrocytes","RP11-142A5.1"
"CTD-3193K9.4",1.99917495540221e-33,0.489721515020793,0.107,0.062,5.3451940782589e-29,"Oligodendrocytes","CTD-3193K9.4"
"AC007228.11",2.07204209378941e-32,0.40184486258219,0.127,0.078,5.54001894616475e-28,"Oligodendrocytes","AC007228.11"
"RP11-1129I3.1",6.2716023759879e-32,0.516283957381532,0.127,0.079,1.67683832726788e-27,"Oligodendrocytes","RP11-1129I3.1"
"RP11-295K2.31",3.76117737394998e-31,0.275142976942892,0.245,0.177,1.00562599447301e-26,"Oligodendrocytes","RP11-295K2.3"
"RP11-173D3.1",9.1968909102362e-31,0.497733966479922,0.152,0.1,2.45897272266985e-26,"Oligodendrocytes","RP11-173D3.1"
"RP11-1094M14.11",1.33144444755492e-30,0.282136290046456,0.135,0.084,3.55988301942759e-26,"Oligodendrocytes","RP11-1094M14.11"
"CTBP1-AS2",1.45514269434267e-29,0.338536724754157,0.128,0.081,3.89061502186399e-25,"Oligodendrocytes","CTBP1-AS2"
"RP11-410D17.2",4.40903487138718e-29,0.659433127302687,0.17,0.118,1.17884365356279e-24,"Oligodendrocytes","RP11-410D17.2"
"LINC00506",4.17470986799376e-28,0.629507261525766,0.148,0.101,1.11619217740549e-23,"Oligodendrocytes","LINC00506"
"DHRS4-AS1",3.16150878022359e-26,0.277611547244561,0.127,0.082,8.45292602568382e-22,"Oligodendrocytes","DHRS4-AS1"
"LINC01535",6.24119871261314e-25,0.4519196257811,0.116,0.075,1.66870929979138e-20,"Oligodendrocytes","LINC01535"
"CTD-2215E18.1",1.96686280356856e-24,0.250965413482575,0.213,0.156,5.25880107790125e-20,"Oligodendrocytes","CTD-2215E18.1"
"DNAJC3-AS1",1.87994082997945e-23,0.41396196825791,0.137,0.093,5.02639779711605e-19,"Oligodendrocytes","DNAJC3-AS1"
"CTD-2349P21.11",4.18103121543831e-23,0.307372065747345,0.11,0.07,1.11788231607174e-18,"Oligodendrocytes","CTD-2349P21.11"
"LINC00342",9.02611758553669e-22,0.464287294493011,0.122,0.083,2.41331305884495e-17,"Oligodendrocytes","LINC00342"
"RP11-31F15.2",1.20169230008965e-20,0.347282251889382,0.125,0.085,3.21296470274969e-16,"Oligodendrocytes","RP11-31F15.2"
"RP11-727A23.10",3.5037601920762e-20,0.389290858728463,0.12,0.083,9.36800362555414e-16,"Oligodendrocytes","RP11-727A23.10"
"RP11-154D17.1",1.124102215736e-19,0.36666582860144,0.101,0.066,3.00551209421335e-15,"Oligodendrocytes","RP11-154D17.1"
"SLC8A1-AS1",1.21984690140172e-18,1.31453815539882,0.116,0.083,3.26150466027779e-14,"Oligodendrocytes","SLC8A1-AS1"
"RP11-539L10.3",8.17757786308927e-17,0.353293001148743,0.106,0.074,2.18643899325418e-12,"Oligodendrocytes","RP11-539L10.3"
"LINC01260",9.84644177667158e-13,0.416066250480328,0.101,0.074,2.63264313782868e-08,"Oligodendrocytes","LINC01260"
"LINC01252",7.43205625150425e-06,0.298729626100042,0.117,0.099,0.198710887996469,"Oligodendrocytes","LINC01252"
"RNF219-AS1",0,6.67592445064291,0.913,0.043,0,"Astrocytes","RNF219-AS1"
"LINC01088",0,5.40091067842078,0.931,0.11,0,"Astrocytes","LINC01088"
"MAPK4",0,5.57620231262612,0.84,0.082,0,"Astrocytes","MAPK4"
"PTCHD1-AS",0,4.42672901526508,0.82,0.107,0,"Astrocytes","PTCHD1-AS"
"RP11-627D16.1",0,7.93653072377699,0.705,0.011,0,"Astrocytes","RP11-627D16.1"
"RP11-384F7.2",0,2.23270509396288,0.931,0.302,0,"Astrocytes","RP11-384F7.2"
"RP11-776H12.1",0,6.07022934371692,0.558,0.02,0,"Astrocytes","RP11-776H12.1"
"LINC00299",0,5.74159671883582,0.54,0.03,0,"Astrocytes","LINC00299"
"ADAMTS9-AS2",0,2.53949076968265,0.633,0.127,0,"Astrocytes","ADAMTS9-AS2"
"NR2F1-AS1",0,2.79084518355526,0.659,0.16,0,"Astrocytes","NR2F1-AS1"
"MIR4300HG",0,3.9087980714218,0.566,0.101,0,"Astrocytes","MIR4300HG"
"LINC00461",0,2.56908557928011,0.709,0.25,0,"Astrocytes","LINC00461"
"AQP4-AS1",0,4.48765238277069,0.535,0.081,0,"Astrocytes","AQP4-AS1"
"RP11-436K8.1",0,5.88575633664223,0.465,0.019,0,"Astrocytes","RP11-436K8.1"
"RP11-156K13.11",0,2.89196497617565,0.587,0.152,0,"Astrocytes","RP11-156K13.1"
"LINC01094",0,3.20010689942886,0.493,0.069,0,"Astrocytes","LINC01094"
"LINC00836",0,7.71429495119918,0.422,0.009,0,"Astrocytes","LINC00836"
"LINC00511",0,1.79813527531726,0.6,0.211,0,"Astrocytes","LINC00511"
"CTC-498M16.4",0,4.4684026100308,0.354,0.035,0,"Astrocytes","CTC-498M16.4"
"RP11-133F8.2",0,4.17008718575408,0.352,0.034,0,"Astrocytes","RP11-133F8.2"
"NR2F2-AS1",0,1.60043650236034,0.422,0.107,0,"Astrocytes","NR2F2-AS1"
"RP11-597D13.9",0,3.60740153498091,0.347,0.035,0,"Astrocytes","RP11-597D13.9"
"RP11-403A3.3",0,5.69843340978585,0.322,0.015,0,"Astrocytes","RP11-403A3.3"
"RP5-965F6.2",0,4.02258729440276,0.338,0.036,0,"Astrocytes","RP5-965F6.2"
"CTB-113D17.1",0,3.53811677891383,0.364,0.067,0,"Astrocytes","CTB-113D17.1"
"RP11-266O8.1",0,3.34745695788896,0.339,0.065,0,"Astrocytes","RP11-266O8.1"
"CASC2",0,2.37571829080415,0.379,0.111,0,"Astrocytes","CASC2"
"LINC004991",0,3.62882405669886,0.305,0.041,0,"Astrocytes","LINC00499"
"OSMR-AS1",0,2.89747420868815,0.313,0.06,0,"Astrocytes","OSMR-AS1"
"RP11-739G5.1",0,2.88099614926271,0.305,0.066,0,"Astrocytes","RP11-739G5.1"
"RP11-563J2.2",0,2.93775872774763,0.286,0.048,0,"Astrocytes","RP11-563J2.2"
"RP11-26J3.1",0,5.02177165590327,0.246,0.019,0,"Astrocytes","RP11-26J3.1"
"LINC00298",0,5.97145816532836,0.234,0.009,0,"Astrocytes","LINC00298"
"RP4-625H18.2",0,2.12305602229067,0.326,0.105,0,"Astrocytes","RP4-625H18.2"
"MIR92B",0,4.77006833058234,0.233,0.012,0,"Astrocytes","MIR92B"
"TMEM220-AS1",0,4.11666565014469,0.234,0.026,0,"Astrocytes","TMEM220-AS1"
"MIR99AHG",0,1.82076217752404,0.976,0.777,0,"Astrocytes","MIR99AHG"
"RP11-120J1.1",0,3.77585759753548,0.221,0.025,0,"Astrocytes","RP11-120J1.1"
"RP11-230B22.1",0,4.78915908650977,0.218,0.024,0,"Astrocytes","RP11-230B22.1"
"AC079135.1",0,4.03328985359587,0.196,0.023,0,"Astrocytes","AC079135.1"
"CTD-2315E11.1",0,3.82191342317451,0.197,0.026,0,"Astrocytes","CTD-2315E11.1"
"CH17-189H20.1",0,1.26029595908359,0.794,0.628,0,"Astrocytes","CH17-189H20.1"
"GNG12-AS1",0,2.82696196454602,0.197,0.044,0,"Astrocytes","GNG12-AS1"
"EMX2OS",0,3.55075153601929,0.181,0.028,0,"Astrocytes","EMX2OS"
"RP11-507B12.2",0,4.37313770374762,0.17,0.02,0,"Astrocytes","RP11-507B12.2"
"NEAT11",0,1.6143257005581,0.996,0.848,0,"Astrocytes","NEAT1"
"RP11-530C5.1",0,3.757315068993,0.162,0.02,0,"Astrocytes","RP11-530C5.1"
"RP11-16P20.3",0,4.64147900432838,0.149,0.01,0,"Astrocytes","RP11-16P20.3"
"LINC00982",0,5.00396381639757,0.14,0.006,0,"Astrocytes","LINC00982"
"CTC-498M16.2",0,4.14650452160704,0.154,0.02,0,"Astrocytes","CTC-498M16.2"
"AC007193.10",0,3.23204485251119,0.147,0.02,0,"Astrocytes","AC007193.10"
"RP5-968J1.1",0,4.19280569257297,0.139,0.013,0,"Astrocytes","RP5-968J1.1"
"RP11-181B18.1",0,6.75658481268434,0.118,0.003,0,"Astrocytes","RP11-181B18.1"
"VAC14-AS1",0,5.9254996176071,0.119,0.004,0,"Astrocytes","VAC14-AS1"
"RP11-963H4.3",0,5.47132955484754,0.113,0.005,0,"Astrocytes","RP11-963H4.3"
"RP11-798K3.2",0,5.92622101537844,0.111,0.004,0,"Astrocytes","RP11-798K3.2"
"LINC01532",0,6.06424832778056,0.105,0.002,0,"Astrocytes","LINC01532"
"LINC01338",0,6.64609565523245,0.103,0.002,0,"Astrocytes","LINC01338"
"RP11-478B9.1",0,3.93186836723789,0.113,0.013,0,"Astrocytes","RP11-478B9.1"
"LINC00278",1.95209536229866e-316,1.02034486641241,0.27,0.078,5.21931737017793e-312,"Astrocytes","LINC00278"
"TMEM161B-AS1",1.83106396269855e-315,0.996525580441781,0.787,0.622,4.89571571706711e-311,"Astrocytes","TMEM161B-AS1"
"RP11-522B15.3",3.64703560067557e-307,3.67391622938766,0.12,0.017,9.75107908552626e-303,"Astrocytes","RP11-522B15.3"
"CH17-360D5.2",1.43573982457799e-300,4.8157281620272,0.106,0.014,3.83873756897416e-296,"Astrocytes","CH17-360D5.2"
"NRSN2-AS1",1.19972202193229e-299,2.873263816848,0.227,0.068,3.20769677004035e-295,"Astrocytes","NRSN2-AS1"
"RP5-858L17.1",1.59203768301245e-297,2.80542226126187,0.181,0.043,4.25663115307039e-293,"Astrocytes","RP5-858L17.1"
"RP11-467L24.1",1.70945418720069e-297,4.65053017780255,0.101,0.012,4.57056766031847e-293,"Astrocytes","RP11-467L24.1"
"CTC-458G6.2",9.12856998526199e-277,2.95340243149867,0.107,0.015,2.4407057569595e-272,"Astrocytes","CTC-458G6.2"
"RP11-144F15.1",9.92160531055919e-276,2.19980883882514,0.269,0.097,2.65273961188421e-271,"Astrocytes","RP11-144F15.1"
"RP11-679C8.2",1.0791335461497e-274,1.77620262214445,0.378,0.176,2.88527936234046e-270,"Astrocytes","RP11-679C8.2"
"LINC01550",8.53245415978174e-272,2.68981338155981,0.148,0.031,2.28132226870084e-267,"Astrocytes","LINC01550"
"RP11-582J16.4",3.76547680289989e-268,2.88380934834274,0.128,0.024,1.00677553279134e-263,"Astrocytes","RP11-582J16.4"
"KCNMB2-AS1",6.16063864712914e-264,1.7611397327247,0.332,0.142,1.64716995508292e-259,"Astrocytes","KCNMB2-AS1"
"SUCLG2-AS1",8.4048419199728e-253,1.64843579165817,0.366,0.172,2.24720258414313e-248,"Astrocytes","SUCLG2-AS1"
"RP11-390P2.4",4.95111631588192e-249,2.62053933254538,0.115,0.02,1.32377996937735e-244,"Astrocytes","RP11-390P2.4"
"RP11-317N12.1",1.04490430541634e-248,3.01062588571514,0.233,0.083,2.79376064139168e-244,"Astrocytes","RP11-317N12.1"
"LINC00969",9.3608889217599e-245,0.801129929914082,0.791,0.702,2.50282087101095e-240,"Astrocytes","LINC00969"
"KANTR",6.80457646215834e-227,1.21300705351263,0.607,0.461,1.81933960868727e-222,"Astrocytes","KANTR"
"WDR11-AS1",2.62562377161143e-213,1.62845847688699,0.425,0.252,7.02013027815749e-209,"Astrocytes","WDR11-AS1"
"RP4-678D15.1",1.32746262191429e-203,2.84935553710299,0.141,0.037,3.54923681221224e-199,"Astrocytes","RP4-678D15.1"
"LINC00598",6.89840178056895e-187,1.76981438157218,0.234,0.094,1.84442568407072e-182,"Astrocytes","LINC00598"
"MEF2C-AS1",8.82857305733939e-187,1.0741793772277,0.395,0.21,2.36049557834083e-182,"Astrocytes","MEF2C-AS1"
"DPH6-AS1",3.88244777208425e-183,1.12348520103051,0.537,0.375,1.03805006082217e-178,"Astrocytes","DPH6-AS1"
"LINC01515",1.65795239520115e-180,2.46212641123684,0.132,0.036,4.43286731904931e-176,"Astrocytes","LINC01515"
"OTX2-AS1",1.51431802059624e-179,1.04341540590479,0.158,0.048,4.04883209166817e-175,"Astrocytes","OTX2-AS1"
"RP11-37B2.1",1.55383913834029e-174,1.30347213828436,0.47,0.318,4.15449970418045e-170,"Astrocytes","RP11-37B2.1"
"RP11-379B18.6",9.74460717808315e-170,2.50285582122035,0.199,0.079,2.60541562120409e-165,"Astrocytes","RP11-379B18.6"
"MALAT1",1.21630293494456e-168,0.494103490093529,1,1,3.25202915716126e-164,"Astrocytes","MALAT1"
"DANT2",1.51413054911749e-168,0.85987222225352,0.615,0.446,4.04833084917542e-164,"Astrocytes","DANT2"
"AC015691.13",3.16126869085493e-153,1.78389773306518,0.161,0.056,8.45228409873884e-149,"Astrocytes","AC015691.13"
"RP1-78O14.1",1.11850822216335e-145,2.73033015789539,0.151,0.054,2.99055543359814e-141,"Astrocytes","RP1-78O14.1"
"TRAF3IP2-AS1",4.97883602060429e-144,0.753412294138453,0.658,0.53,1.33119138682897e-139,"Astrocytes","TRAF3IP2-AS1"
"MIR9-3HG",5.73187931231227e-138,2.14444744774863,0.165,0.063,1.53253257173293e-133,"Astrocytes","MIR9-3HG"
"C8orf37-AS1",6.9065761466568e-135,1.54897750382986,0.199,0.085,1.84661126433163e-130,"Astrocytes","C8orf37-AS1"
"RP11-446J8.1",4.69997890431916e-132,2.20302293803653,0.159,0.062,1.25663335964781e-127,"Astrocytes","RP11-446J8.1"
"RP11-90C4.1",3.80968216234644e-131,2.68754692836446,0.1,0.028,1.01859471974657e-126,"Astrocytes","RP11-90C4.1"
"RFX3-AS11",1.29946207716719e-130,1.03983331352721,0.47,0.33,3.47437175572191e-126,"Astrocytes","RFX3-AS1"
"RP11-39M21.1",7.48550855815745e-129,2.15679989881276,0.163,0.065,2.00140042319456e-124,"Astrocytes","RP11-39M21.1"
"RP3-331H24.5",3.35602965750543e-125,1.42802849393104,0.156,0.059,8.97301649527226e-121,"Astrocytes","RP3-331H24.5"
"AZIN1-AS1",3.26723469996893e-123,1.39343826345755,0.336,0.206,8.73560541730694e-119,"Astrocytes","AZIN1-AS1"
"CRNDE",2.56763486910546e-119,1.32385609809742,0.295,0.166,6.86508534952727e-115,"Astrocytes","CRNDE"
"SRP14-AS1",7.88566084117461e-118,1.80672472887306,0.196,0.091,2.10838913910486e-113,"Astrocytes","SRP14-AS1"
"MAP3K14",6.20865270986748e-117,1.5285018970917,0.272,0.151,1.66000747503727e-112,"Astrocytes","MAP3K14"
"DRAIC",1.15271264502495e-115,2.17179875567215,0.19,0.089,3.0820077990032e-111,"Astrocytes","DRAIC"
"RP11-561I11.4",1.65521233799468e-113,2.6655116275256,0.115,0.039,4.42554122809637e-109,"Astrocytes","RP11-561I11.4"
"RP11-849I19.11",2.10938603301503e-109,2.0698604917448,0.14,0.055,5.63986543647229e-105,"Astrocytes","RP11-849I19.1"
"RP11-319G6.1",4.66394802820915e-102,0.968627725774557,0.451,0.336,1.24699978430228e-97,"Astrocytes","RP11-319G6.1"
"RP11-404I7.21",7.34318096484408e-101,1.52113528319672,0.196,0.096,1.96334629457036e-96,"Astrocytes","RP11-404I7.2"
"RP11-460M2.1",6.16232356987952e-97,2.45130422828926,0.101,0.035,1.64762045287869e-92,"Astrocytes","RP11-460M2.1"
"RP11-77K12.4",9.22397887265226e-95,2.04375408560933,0.105,0.037,2.46621523118104e-90,"Astrocytes","RP11-77K12.4"
"RP11-617F23.1",3.71148484755101e-90,1.97651340618816,0.119,0.047,9.92339703689714e-86,"Astrocytes","RP11-617F23.1"
"BAALC-AS1",1.3536867721125e-87,1.45525098391072,0.19,0.096,3.6193523225972e-83,"Astrocytes","BAALC-AS1"
"LINC012661",1.93692694142102e-85,1.2522318512875,0.209,0.111,5.17876156327737e-81,"Astrocytes","LINC01266"
"RP11-296O14.3",6.08566930503909e-83,1.14497312373356,0.368,0.269,1.6271254020883e-78,"Astrocytes","RP11-296O14.3"
"LINC00271",2.69896568741081e-82,1.56416885787233,0.215,0.123,7.21622455843028e-78,"Astrocytes","LINC00271"
"AC003991.3",6.00716312991219e-80,2.00253250698966,0.137,0.063,1.60613520604462e-75,"Astrocytes","AC003991.3"
"UFL1-AS1",1.11121916029499e-79,1.61188862000223,0.169,0.085,2.97106666888072e-75,"Astrocytes","UFL1-AS1"
"PRKCA-AS1",8.426056558365e-77,1.74000823383214,0.141,0.066,2.25287474201005e-72,"Astrocytes","PRKCA-AS1"
"AP006621.5",1.04743061214008e-76,1.60119096206103,0.19,0.104,2.80051522767893e-72,"Astrocytes","AP006621.5"
"AP000797.3",1.71918903396505e-73,2.17634709019924,0.111,0.047,4.59659572011235e-69,"Astrocytes","AP000797.3"
"RP11-10L7.1",7.30664010312631e-73,1.90344085069489,0.116,0.051,1.95357636437288e-68,"Astrocytes","RP11-10L7.1"
"MIR193BHG",6.94488178161811e-71,2.19790583833252,0.12,0.055,1.85685304195123e-66,"Astrocytes","MIR193BHG"
"AP000487.6",1.57571513425458e-69,1.35967674632859,0.207,0.121,4.21298955445648e-65,"Astrocytes","AP000487.6"
"ZNF350-AS1",2.28788442925261e-69,1.7912881734277,0.14,0.069,6.11711659849271e-65,"Astrocytes","ZNF350-AS1"
"RP11-511B23.2",1.72538188543405e-66,2.0531114818257,0.115,0.053,4.61315354708502e-62,"Astrocytes","RP11-511B23.2"
"CTD-2047H16.4",3.53381946860861e-66,1.18197365055827,0.248,0.161,9.44837311321885e-62,"Astrocytes","CTD-2047H16.4"
"RP11-3B12.2",1.2619699077792e-65,1.87025436379498,0.191,0.113,3.37412894242924e-61,"Astrocytes","RP11-3B12.2"
"RP5-864K19.41",9.40114265515941e-65,0.817828039166705,0.464,0.387,2.51358351170997e-60,"Astrocytes","RP5-864K19.4"
"RP11-210M15.2",4.27178926980543e-64,1.23616448770593,0.225,0.139,1.14214829706788e-59,"Astrocytes","RP11-210M15.2"
"RP3-414A15.10",1.22741122217183e-63,2.5305890479,0.11,0.051,3.28172938472083e-59,"Astrocytes","RP3-414A15.10"
"TAPT1-AS11",3.35989871833477e-63,0.603773704406252,0.591,0.534,8.98336120321166e-59,"Astrocytes","TAPT1-AS1"
"RP11-799O21.22",4.41252196427373e-61,1.12846937412431,0.18,0.1,1.17977599758787e-56,"Astrocytes","RP11-799O21.2"
"RP11-147L13.15",5.05682280103199e-58,1.8401122600052,0.102,0.046,1.35204271231192e-53,"Astrocytes","RP11-147L13.15"
"ALOX12-AS11",2.59231889298176e-53,0.731579015919116,0.422,0.343,6.93108302416533e-49,"Astrocytes","ALOX12-AS1"
"AC009120.41",4.92857422905797e-53,1.11142184936622,0.253,0.174,1.31775289162323e-48,"Astrocytes","AC009120.4"
"RP11-1114A5.4",5.13279234365859e-53,1.19683483333432,0.257,0.179,1.372354688924e-48,"Astrocytes","RP11-1114A5.4"
"RP11-421L21.3",7.77380882163771e-51,1.4532635658858,0.176,0.108,2.07848326464128e-46,"Astrocytes","RP11-421L21.3"
"CTB-179K24.3",2.33464262798427e-50,1.75004497904425,0.115,0.059,6.24213399444156e-46,"Astrocytes","CTB-179K24.3"
"CTD-2054N24.2",2.93279752805248e-45,1.05905031876984,0.161,0.096,7.84142075075391e-41,"Astrocytes","CTD-2054N24.2"
"CH507-513H4.1",5.26776990334006e-45,0.399886673647275,0.679,0.636,1.40844363905603e-40,"Astrocytes","CH507-513H4.1"
"RP11-4B14.3",3.46480558770754e-43,1.28366308922306,0.164,0.101,9.26385069985365e-39,"Astrocytes","RP11-4B14.3"
"RP4-639F20.1",1.60065266761084e-42,1.39610071121818,0.114,0.061,4.27966503739109e-38,"Astrocytes","RP4-639F20.1"
"RP13-143G15.4",2.72286171160072e-42,1.05128619642589,0.114,0.061,7.28011535830684e-38,"Astrocytes","RP13-143G15.4"
"RP11-284M14.12",3.92548002861526e-40,0.720727865689917,0.383,0.315,1.04955559525086e-35,"Astrocytes","RP11-284M14.1"
"CTD-2007H13.3",3.81724195800744e-39,0.909595680343496,0.332,0.272,1.02061598231245e-34,"Astrocytes","CTD-2007H13.3"
"RP11-420A23.11",7.13331123987965e-38,0.854966111927093,0.275,0.208,1.90723342620662e-33,"Astrocytes","RP11-420A23.1"
"KIF9-AS1",3.64254475262595e-37,0.67382702227941,0.378,0.308,9.73907190509599e-33,"Astrocytes","KIF9-AS1"
"RP11-96H19.1",3.70716769965111e-37,0.740770286564121,0.269,0.202,9.91185427855718e-33,"Astrocytes","RP11-96H19.1"
"RP11-428O18.6",1.74570971211184e-36,1.12501146201323,0.204,0.143,4.66750405727343e-32,"Astrocytes","RP11-428O18.6"
"RP11-370I10.6",2.24068087049714e-36,1.34401008333822,0.174,0.118,5.9909084434482e-32,"Astrocytes","RP11-370I10.6"
"RP11-387H17.41",3.79293343040552e-36,1.30423563846597,0.105,0.058,1.01411661128752e-31,"Astrocytes","RP11-387H17.4"
"RASSF8-AS1",8.51917265400509e-36,1.00907299640215,0.235,0.174,2.27777119250134e-31,"Astrocytes","RASSF8-AS1"
"RP11-131L23.1",6.32416842893914e-35,1.37643345533774,0.102,0.057,1.69089291284546e-30,"Astrocytes","RP11-131L23.1"
"LINC01376",6.5490154372124e-35,0.817715483887432,0.202,0.138,1.75101025744748e-30,"Astrocytes","LINC01376"
"HCG17",6.64614500627918e-34,0.640037617335129,0.442,0.401,1.77697979032886e-29,"Astrocytes","HCG17"
"RP11-441O15.3",2.29979181269436e-33,1.43014508636345,0.129,0.079,6.14895336960091e-29,"Astrocytes","RP11-441O15.3"
"LINC00535",1.83575231341642e-32,1.46801068250423,0.15,0.1,4.90825096038149e-28,"Astrocytes","LINC00535"
"IQCH-AS1",2.8480973847497e-30,1.10506039381649,0.154,0.103,7.61495797760526e-26,"Astrocytes","IQCH-AS1"
"FLG-AS1",1.24185579020482e-29,0.962199356383827,0.213,0.158,3.32034982627062e-25,"Astrocytes","FLG-AS1"
"OLMALINC2",2.05406579392323e-28,0.257990389995247,0.476,0.404,5.49195571321254e-24,"Astrocytes","OLMALINC"
"AC016831.7",6.20979547839896e-28,0.929347946223152,0.275,0.225,1.66031301705953e-23,"Astrocytes","AC016831.7"
"CTD-2337A12.1",1.54031407240547e-26,0.598791866203282,0.223,0.164,4.11833773539052e-22,"Astrocytes","CTD-2337A12.1"
"RP11-197K3.1",2.97221158666536e-26,1.02977464094659,0.134,0.088,7.94680211926717e-22,"Astrocytes","RP11-197K3.1"
"LINC014731",4.09672064952757e-25,1.06394673762908,0.195,0.147,1.09534020006419e-20,"Astrocytes","LINC01473"
"CABIN1",4.82349435380061e-25,0.7809126496458,0.354,0.32,1.28965768537567e-20,"Astrocytes","CABIN1"
"RP11-1007O24.3",4.06666714173015e-24,1.03486804859417,0.15,0.105,1.08730479368439e-19,"Astrocytes","RP11-1007O24.3"
"AC004540.5",6.96516293519528e-24,1.12136359727848,0.182,0.138,1.86227561398316e-19,"Astrocytes","AC004540.5"
"RP11-692D12.12",9.02039457749343e-23,0.618960420780294,0.365,0.324,2.41178289818442e-18,"Astrocytes","RP11-692D12.1"
"GMDS-AS1",2.45728263501934e-22,0.308069432951642,0.517,0.481,6.57003658125121e-18,"Astrocytes","GMDS-AS1"
"PVT1",1.09061016716505e-21,0.823742959757388,0.154,0.109,2.9159644039492e-17,"Astrocytes","PVT1"
"AC002117.1",3.74595348495559e-21,0.972886352744045,0.166,0.122,1.00155558327258e-16,"Astrocytes","AC002117.1"
"RP3-525N10.21",5.26900444130201e-21,0.968813707305943,0.245,0.206,1.40877371747092e-16,"Astrocytes","RP3-525N10.2"
"RP11-317J19.1",1.16609186870834e-20,1.28824288622248,0.124,0.086,3.11777982936548e-16,"Astrocytes","RP11-317J19.1"
"MAMDC2-AS1",1.96564929425255e-20,1.36729576008839,0.121,0.085,5.25555651804304e-16,"Astrocytes","MAMDC2-AS1"
"MIRLET7BHG1",2.50703359227227e-20,0.435618023884274,0.469,0.438,6.70305571565837e-16,"Astrocytes","MIRLET7BHG"
"AC074363.1",2.7442925097156e-20,0.299917058588074,0.245,0.188,7.3374148832266e-16,"Astrocytes","AC074363.1"
"KB-1507C5.4",5.63350568116115e-20,0.845655360473412,0.111,0.073,1.50623041397206e-15,"Astrocytes","KB-1507C5.4"
"CTD-2215E18.11",6.315064643574e-20,0.74884190605895,0.203,0.159,1.68845883375238e-15,"Astrocytes","CTD-2215E18.1"
"RP11-944L7.4",4.85864355536256e-19,0.983477685147117,0.228,0.191,1.29905552739729e-14,"Astrocytes","RP11-944L7.4"
"LINC01301",5.33890584665802e-18,1.17029864097761,0.122,0.087,1.42746325622096e-13,"Astrocytes","LINC01301"
"RP11-486O13.4",7.79149625179853e-18,0.798201218714186,0.256,0.222,2.08321235284337e-13,"Astrocytes","RP11-486O13.4"
"LINC00106",1.08374770435753e-17,1.20337407014527,0.107,0.073,2.89761623714074e-13,"Astrocytes","LINC00106"
"AC005592.2",2.86630626736878e-17,0.765026284733446,0.181,0.141,7.66364306706389e-13,"Astrocytes","AC005592.2"
"TMEM72-AS1",3.24332787119898e-17,1.13662894568056,0.18,0.145,8.67168572922471e-13,"Astrocytes","TMEM72-AS1"
"CH507-528H12.1",6.60369932164049e-17,0.392070475675684,0.572,0.562,1.76563108762702e-12,"Astrocytes","CH507-528H12.1"
"RP11-297D21.4",8.7100889338402e-17,0.940372674809266,0.214,0.178,2.32881647824085e-12,"Astrocytes","RP11-297D21.4"
"LINC01004",6.31548125780648e-16,0.560602516959483,0.376,0.357,1.68857022389972e-11,"Astrocytes","LINC01004"
"TMEM9B-AS11",1.0233504389258e-15,0.868028838597073,0.165,0.128,2.73613206855592e-11,"Astrocytes","TMEM9B-AS1"
"SNHG22",4.16774109670423e-15,0.924403045945034,0.189,0.155,1.11432893702581e-10,"Astrocytes","SNHG22"
"FAM85B",2.67667871517311e-14,0.57005817944429,0.351,0.327,7.15663588075834e-10,"Astrocytes","FAM85B"
"MIATNB",6.78532375981332e-14,0.91333133814829,0.155,0.122,1.81419201366129e-09,"Astrocytes","MIATNB"
"RP11-545I5.3",6.85823092888736e-13,0.924966311406243,0.198,0.169,1.83368520345661e-08,"Astrocytes","RP11-545I5.3"
"SMC5-AS1",2.28268158127271e-12,1.05765096157028,0.128,0.099,6.10320574384884e-08,"Astrocytes","SMC5-AS1"
"CDR1-AS",2.85451497613249e-12,0.914748434704781,0.199,0.171,7.63211669168544e-08,"Astrocytes","CDR1-AS"
"SLC6A1-AS1",3.42554463468124e-12,0.594211850385832,0.166,0.133,9.15887868974722e-08,"Astrocytes","SLC6A1-AS1"
"PCAT1",1.11612722389821e-11,0.682314094138663,0.123,0.094,2.98418935853664e-07,"Astrocytes","PCAT1"
"PKN2-AS1",1.26914051527733e-09,1.02090366157059,0.111,0.087,3.39330099569699e-05,"Astrocytes","PKN2-AS1"
"CTD-2516F10.2",3.20757705961279e-09,0.674380599375351,0.116,0.091,8.57609878428672e-05,"Astrocytes","CTD-2516F10.2"
"RP11-109A6.5",5.84726712413022e-09,1.39773928770131,0.116,0.096,0.00015633838109787,"Astrocytes","RP11-109A6.5"
"LIFR-AS1",1.25336678637446e-08,0.937122216502123,0.109,0.087,0.00033511267767294,"Astrocytes","LIFR-AS1"
"ZNF529-AS1",2.47109682847182e-08,0.991388774894466,0.127,0.105,0.00066069715902851,"Astrocytes","ZNF529-AS1"
"RP11-333E1.1",3.18714979990862e-08,0.818712776918486,0.206,0.189,0.000852148242001569,"Astrocytes","RP11-333E1.1"
"RP1-122P22.21",1.85953986318567e-07,0.672238734868432,0.193,0.172,0.00497185173219954,"Astrocytes","RP1-122P22.2"
"LINC00907",2.09013593673047e-07,1.11453321251364,0.113,0.093,0.00558839645403627,"Astrocytes","LINC00907"
"AC007246.3",6.21118151645193e-07,0.500337057678155,0.269,0.254,0.0166068360205375,"Astrocytes","AC007246.3"
"RP11-98I9.4",1.17466146742094e-06,0.835445200306364,0.101,0.082,0.0314069236544336,"Astrocytes","RP11-98I9.4"
"U91319.1",2.54018711164704e-06,0.279418488174011,0.093,0.122,0.067916982804107,"Astrocytes","U91319.1"
"RP11-418J17.11",5.00713007120834e-06,0.452024292043769,0.29,0.28,0.133875636713898,"Astrocytes","RP11-418J17.1"
"RP11-461O7.11",6.97180023650984e-06,0.708524561369904,0.141,0.125,0.186405022923563,"Astrocytes","RP11-461O7.1"
"SDCBP2-AS1",1.05521758970327e-05,0.736061136153523,0.155,0.139,0.282133526958963,"Astrocytes","SDCBP2-AS1"
"RP4-605O3.41",1.65173283767479e-05,0.578655429233631,0.27,0.266,0.44162380880911,"Astrocytes","RP4-605O3.4"
"PWAR6",1.82558730026591e-05,0.273106384583162,0.34,0.323,0.488107276472097,"Astrocytes","PWAR6"
"RP11-323I15.51",2.06027472519945e-05,0.529766920713611,0.208,0.194,0.550855653276576,"Astrocytes","RP11-323I15.5"
"TTN-AS1",3.14234057434857e-05,0.30126872125813,0.36,0.347,0.840167599363576,"Astrocytes","TTN-AS1"
"NNT-AS11",5.45175849018092e-05,0.598527009067324,0.236,0.23,1,"Astrocytes","NNT-AS1"
"RHOXF1-AS1",5.68985522779586e-05,0.937058938348549,0.146,0.134,1,"Astrocytes","RHOXF1-AS1"
"RP11-665G4.1",0.00019650186575571,0.682716703277767,0.195,0.184,1,"Astrocytes","RP11-665G4.1"
"RP11-727A23.101",0.000246071377951532,0.737894555683254,0.1,0.087,1,"Astrocytes","RP11-727A23.10"
"DNAJC27-AS11",0.000456250460193989,0.732283536405647,0.173,0.164,1,"Astrocytes","DNAJC27-AS1"
"CTD-2378E12.11",0.000497932999449066,0.376132753993138,0.113,0.139,1,"Astrocytes","CTD-2378E12.1"
"LINC012851",0.000662915730654766,0.666925417805035,0.124,0.111,1,"Astrocytes","LINC01285"
"LINC008941",0.000917594501945397,0.322229120433196,0.406,0.419,1,"Astrocytes","LINC00894"
"SLC16A1-AS1",0.00115365011892033,0.34675745682651,0.421,0.446,1,"Astrocytes","SLC16A1-AS1"
"C21orf62-AS12",0.00176527725239027,0.336434575626959,0.252,0.243,1,"Astrocytes","C21orf62-AS1"
"RP5-1021I20.5",0.0021220924577172,0.728145909403891,0.107,0.097,1,"Astrocytes","RP5-1021I20.5"
"RP11-10L12.41",0.00232933824400919,0.315462532124081,0.097,0.117,1,"Astrocytes","RP11-10L12.4"
"NUP50-AS1",0.00369525775810473,0.578743173813955,0.257,0.263,1,"Astrocytes","NUP50-AS1"
"RP11-138A9.2",0.00492982370172018,0.749307023171132,0.109,0.1,1,"Astrocytes","RP11-138A9.2"
"LINC00937",0.00630855305524626,0.405633567010461,0.189,0.181,1,"Astrocytes","LINC00937"
"NIFK-AS12",0.00840595539337758,0.270546724872212,0.186,0.218,1,"Astrocytes","NIFK-AS1"
"SNHG23",0,3.91515199095842,0.913,0.089,0,"Excitatory Neurons (SubtypeA)","SNHG23"
"MIAT",0,3.73572693361639,0.872,0.072,0,"Excitatory Neurons (SubtypeA)","MIAT"
"MIR137HG",0,5.27884827162404,0.766,0.032,0,"Excitatory Neurons (SubtypeA)","MIR137HG"
"STXBP5-AS1",0,3.54339252290622,0.823,0.095,0,"Excitatory Neurons (SubtypeA)","STXBP5-AS1"
"AC159540.1",0,2.87837183814956,0.941,0.239,0,"Excitatory Neurons (SubtypeA)","AC159540.1"
"AC074363.11",0,3.12126721646677,0.82,0.12,0,"Excitatory Neurons (SubtypeA)","AC074363.1"
"RP11-289H16.1",0,2.45700369424302,0.872,0.181,0,"Excitatory Neurons (SubtypeA)","RP11-289H16.1"
"ANKRD34C-AS1",0,4.66479893220725,0.709,0.022,0,"Excitatory Neurons (SubtypeA)","ANKRD34C-AS1"
"LINC01122",0,2.53357238960491,0.8,0.132,0,"Excitatory Neurons (SubtypeA)","LINC01122"
"LINC01250",0,4.72594337327007,0.684,0.028,0,"Excitatory Neurons (SubtypeA)","LINC01250"
"AC091878.1",0,3.05962953456437,0.718,0.066,0,"Excitatory Neurons (SubtypeA)","AC091878.1"
"LINC00632",0,2.42678078437267,0.923,0.28,0,"Excitatory Neurons (SubtypeA)","LINC00632"
"PWAR61",0,2.26891581031548,0.898,0.256,0,"Excitatory Neurons (SubtypeA)","PWAR6"
"PWRN11",0,2.01877281531665,0.824,0.184,0,"Excitatory Neurons (SubtypeA)","PWRN1"
"RFPL1S",0,3.11616798018898,0.665,0.045,0,"Excitatory Neurons (SubtypeA)","RFPL1S"
"KIF9-AS11",0,1.65139704759276,0.869,0.251,0,"Excitatory Neurons (SubtypeA)","KIF9-AS1"
"RP11-766N7.3",0,3.94895251849572,0.65,0.035,0,"Excitatory Neurons (SubtypeA)","RP11-766N7.3"
"LINC01481",0,2.22279415854174,0.851,0.236,0,"Excitatory Neurons (SubtypeA)","LINC01481"
"LINC00599",0,3.28861396485977,0.655,0.041,0,"Excitatory Neurons (SubtypeA)","LINC00599"
"RP11-32K4.1",0,3.38961924836394,0.662,0.051,0,"Excitatory Neurons (SubtypeA)","RP11-32K4.1"
"MEG3",0,3.61296842729589,0.648,0.039,0,"Excitatory Neurons (SubtypeA)","MEG3"
"LINC009371",0,2.13226775736652,0.717,0.118,0,"Excitatory Neurons (SubtypeA)","LINC00937"
"MIR124-2HG",0,3.29621564902755,0.615,0.033,0,"Excitatory Neurons (SubtypeA)","MIR124-2HG"
"RP11-384F7.21",0,1.31951241289029,0.9,0.319,0,"Excitatory Neurons (SubtypeA)","RP11-384F7.2"
"RP11-624C23.1",0,3.48712207925401,0.652,0.074,0,"Excitatory Neurons (SubtypeA)","RP11-624C23.1"
"AC007246.31",0,1.33010288752505,0.77,0.194,0,"Excitatory Neurons (SubtypeA)","AC007246.3"
"LINC00623",0,1.11691602975212,0.798,0.223,0,"Excitatory Neurons (SubtypeA)","LINC00623"
"RP11-745L13.2",0,1.54901052270291,0.853,0.281,0,"Excitatory Neurons (SubtypeA)","RP11-745L13.2"
"RP11-584P21.2",0,1.60599862405142,0.694,0.135,0,"Excitatory Neurons (SubtypeA)","RP11-584P21.2"
"RP11-486O13.41",0,1.38379532274253,0.724,0.167,0,"Excitatory Neurons (SubtypeA)","RP11-486O13.4"
"RP11-586K2.1",0,2.57810615310118,0.609,0.061,0,"Excitatory Neurons (SubtypeA)","RP11-586K2.1"
"LINC01322",0,2.2921899346515,0.663,0.117,0,"Excitatory Neurons (SubtypeA)","LINC01322"
"AP001347.6",0,2.17694225035142,0.659,0.113,0,"Excitatory Neurons (SubtypeA)","AP001347.6"
"UBA6-AS11",0,1.55993305861443,0.859,0.317,0,"Excitatory Neurons (SubtypeA)","UBA6-AS1"
"CTD-2047H16.41",0,1.56003004166783,0.656,0.114,0,"Excitatory Neurons (SubtypeA)","CTD-2047H16.4"
"FAM85B1",0,1.17875636959631,0.807,0.272,0,"Excitatory Neurons (SubtypeA)","FAM85B"
"RP1-111C20.4",0,1.66470153310227,0.655,0.122,0,"Excitatory Neurons (SubtypeA)","RP1-111C20.4"
"RP11-307P5.1",0,3.80540007693261,0.567,0.034,0,"Excitatory Neurons (SubtypeA)","RP11-307P5.1"
"RP11-498P14.5",0,3.1188137889867,0.565,0.04,0,"Excitatory Neurons (SubtypeA)","RP11-498P14.5"
"FLG-AS11",0,1.81517759828501,0.632,0.109,0,"Excitatory Neurons (SubtypeA)","FLG-AS1"
"RP11-624L4.1",0,3.9485097701099,0.543,0.025,0,"Excitatory Neurons (SubtypeA)","RP11-624L4.1"
"CTC-459F4.3",0,2.00089851618819,0.602,0.091,0,"Excitatory Neurons (SubtypeA)","CTC-459F4.3"
"LINC00884",0,2.50292316922129,0.565,0.054,0,"Excitatory Neurons (SubtypeA)","LINC00884"
"DANT21",0,1.4106242421196,0.92,0.413,0,"Excitatory Neurons (SubtypeA)","DANT2"
"RP5-921G16.12",0,1.04846243844851,0.87,0.364,0,"Excitatory Neurons (SubtypeA)","RP5-921G16.1"
"FAM66D",0,0.863627273426986,0.791,0.286,0,"Excitatory Neurons (SubtypeA)","FAM66D"
"RP11-454P21.1",0,2.66487135250537,0.56,0.056,0,"Excitatory Neurons (SubtypeA)","RP11-454P21.1"
"RP11-405A12.2",0,3.39418156740437,0.536,0.033,0,"Excitatory Neurons (SubtypeA)","RP11-405A12.2"
"RP11-484P15.1",0,4.74916229691148,0.508,0.015,0,"Excitatory Neurons (SubtypeA)","RP11-484P15.1"
"MIR325HG1",0,1.65103492789296,0.752,0.262,0,"Excitatory Neurons (SubtypeA)","MIR325HG"
"RP11-96H19.11",0,1.06003387661036,0.647,0.157,0,"Excitatory Neurons (SubtypeA)","RP11-96H19.1"
"AC010127.3",0,3.28539030138851,0.539,0.05,0,"Excitatory Neurons (SubtypeA)","AC010127.3"
"CASC15",0,0.704470571998668,0.624,0.136,0,"Excitatory Neurons (SubtypeA)","CASC15"
"WDR11-AS11",0,0.717402844817463,0.698,0.223,0,"Excitatory Neurons (SubtypeA)","WDR11-AS1"
"CRHR1",0,1.18400197880911,0.615,0.141,0,"Excitatory Neurons (SubtypeA)","CRHR1"
"LINC00662",0,0.711821632560447,0.726,0.252,0,"Excitatory Neurons (SubtypeA)","LINC00662"
"RP5-896L10.1",0,3.53980012822409,0.501,0.028,0,"Excitatory Neurons (SubtypeA)","RP5-896L10.1"
"LINC005351",0,2.50645887751911,0.527,0.056,0,"Excitatory Neurons (SubtypeA)","LINC00535"
"LL22NC03-2H8.5",0,1.26724869505109,0.619,0.15,0,"Excitatory Neurons (SubtypeA)","LL22NC03-2H8.5"
"RP11-413N10.3",0,3.28356062839991,0.49,0.028,0,"Excitatory Neurons (SubtypeA)","RP11-413N10.3"
"FAM66C",0,0.707924983778009,0.677,0.216,0,"Excitatory Neurons (SubtypeA)","FAM66C"
"RP5-864K19.42",0,0.59037782288711,0.808,0.348,0,"Excitatory Neurons (SubtypeA)","RP5-864K19.4"
"XXbac-BPG154L12.41",0,1.36721339012746,0.601,0.142,0,"Excitatory Neurons (SubtypeA)","XXbac-BPG154L12.4"
"U91319.11",0,1.80244137553052,0.526,0.069,0,"Excitatory Neurons (SubtypeA)","U91319.1"
"NUP50-AS11",0,0.595060224503188,0.665,0.214,0,"Excitatory Neurons (SubtypeA)","NUP50-AS1"
"RP11-398K22.12",0,1.44540794988194,0.552,0.102,0,"Excitatory Neurons (SubtypeA)","RP11-398K22.12"
"LINC01284",0,4.26026502936117,0.466,0.016,0,"Excitatory Neurons (SubtypeA)","LINC01284"
"CH17-437K3.1",0,0.266229715934806,0.588,0.139,0,"Excitatory Neurons (SubtypeA)","CH17-437K3.1"
"RP11-206L10.9",0,0.94707893887247,0.6,0.152,0,"Excitatory Neurons (SubtypeA)","RP11-206L10.9"
"RHOXF1-AS11",0,1.43131395640571,0.531,0.088,0,"Excitatory Neurons (SubtypeA)","RHOXF1-AS1"
"RP1-90G24.10",0,3.58159580461454,0.473,0.033,0,"Excitatory Neurons (SubtypeA)","RP1-90G24.10"
"RP11-333E1.11",0,0.951849191298562,0.583,0.144,0,"Excitatory Neurons (SubtypeA)","RP11-333E1.1"
"RP11-144F15.11",0,2.18495710076637,0.506,0.072,0,"Excitatory Neurons (SubtypeA)","RP11-144F15.1"
"LINC01197",0,3.14423318197592,0.462,0.028,0,"Excitatory Neurons (SubtypeA)","LINC01197"
"RP11-319G6.11",0,0.457893455595515,0.737,0.304,0,"Excitatory Neurons (SubtypeA)","RP11-319G6.1"
"RP11-38L15.3",0,2.01593814725249,0.488,0.059,0,"Excitatory Neurons (SubtypeA)","RP11-38L15.3"
"TTTY14",0,1.49663761579213,0.793,0.365,0,"Excitatory Neurons (SubtypeA)","TTTY14"
"RP11-296O14.31",0,0.48169422823655,0.66,0.236,0,"Excitatory Neurons (SubtypeA)","RP11-296O14.3"
"STX18-AS11",0,0.409821623266747,0.68,0.257,0,"Excitatory Neurons (SubtypeA)","STX18-AS1"
"CTD-2260A17.22",0,0.876480853826535,0.571,0.15,0,"Excitatory Neurons (SubtypeA)","CTD-2260A17.2"
"SNAP25-AS1",0,1.96982575015282,0.477,0.059,0,"Excitatory Neurons (SubtypeA)","SNAP25-AS1"
"RP11-636O21.2",0,3.31657026153836,0.444,0.027,0,"Excitatory Neurons (SubtypeA)","RP11-636O21.2"
"RP11-123M6.2",0,4.14108538520214,0.429,0.017,0,"Excitatory Neurons (SubtypeA)","RP11-123M6.2"
"TTTY10",0,1.58912604736835,0.521,0.112,0,"Excitatory Neurons (SubtypeA)","TTTY10"
"LINC00630",0,0.986407992309454,0.537,0.129,0,"Excitatory Neurons (SubtypeA)","LINC00630"
"LINC00476",0,0.353565429838049,0.647,0.239,0,"Excitatory Neurons (SubtypeA)","LINC00476"
"KRTAP5-AS1",0,3.45041820990141,0.429,0.022,0,"Excitatory Neurons (SubtypeA)","KRTAP5-AS1"
"RP11-3B12.21",0,1.70617184824407,0.481,0.08,0,"Excitatory Neurons (SubtypeA)","RP11-3B12.2"
"RP11-554F20.1",0,0.925851552763317,0.55,0.15,0,"Excitatory Neurons (SubtypeA)","RP11-554F20.1"
"EPHA5-AS1",0,4.03192772724967,0.407,0.013,0,"Excitatory Neurons (SubtypeA)","EPHA5-AS1"
"MEG8",0,4.11010310616307,0.406,0.015,0,"Excitatory Neurons (SubtypeA)","MEG8"
"TTN-AS11",0,1.13385109869954,0.698,0.307,0,"Excitatory Neurons (SubtypeA)","TTN-AS1"
"RP11-15E1.5",0,3.05239837679739,0.414,0.025,0,"Excitatory Neurons (SubtypeA)","RP11-15E1.5"
"RP11-295K2.32",0,0.64672392684433,0.534,0.146,0,"Excitatory Neurons (SubtypeA)","RP11-295K2.3"
"CTC-340A15.2",0,5.52860130873956,0.415,0.027,0,"Excitatory Neurons (SubtypeA)","CTC-340A15.2"
"MIR2052HG1",0,1.37375299737522,0.508,0.121,0,"Excitatory Neurons (SubtypeA)","MIR2052HG"
"CH17-125A10.2",0,3.46099342807446,0.406,0.024,0,"Excitatory Neurons (SubtypeA)","CH17-125A10.2"
"RP11-348F1.2",0,2.39847472389118,0.409,0.034,0,"Excitatory Neurons (SubtypeA)","RP11-348F1.2"
"LINC005061",0,1.46946266278154,0.437,0.069,0,"Excitatory Neurons (SubtypeA)","LINC00506"
"AC004053.11",0,1.49395826776349,0.431,0.063,0,"Excitatory Neurons (SubtypeA)","AC004053.1"
"AF146191.4",0,0.60731825345044,0.523,0.155,0,"Excitatory Neurons (SubtypeA)","AF146191.4"
"CTB-12O2.1",0,2.83135131168034,0.396,0.031,0,"Excitatory Neurons (SubtypeA)","CTB-12O2.1"
"PTCHD1-AS1",0,0.402977182418722,0.521,0.158,0,"Excitatory Neurons (SubtypeA)","PTCHD1-AS"
"RP11-410D17.21",0,1.47898940192054,0.45,0.087,0,"Excitatory Neurons (SubtypeA)","RP11-410D17.2"
"RP11-317N12.11",0,1.34342124966835,0.424,0.063,0,"Excitatory Neurons (SubtypeA)","RP11-317N12.1"
"RP4-625H18.21",0,1.50322718245867,0.453,0.094,0,"Excitatory Neurons (SubtypeA)","RP4-625H18.2"
"RP11-259O18.5",0,2.50246107980479,0.393,0.034,0,"Excitatory Neurons (SubtypeA)","RP11-259O18.5"
"NR2F1-AS11",0,0.474560919475942,0.541,0.185,0,"Excitatory Neurons (SubtypeA)","NR2F1-AS1"
"VLDLR-AS11",0,0.618578488786754,0.555,0.199,0,"Excitatory Neurons (SubtypeA)","VLDLR-AS1"
"RP11-580I1.22",0,1.16128078298644,0.425,0.069,0,"Excitatory Neurons (SubtypeA)","RP11-580I1.2"
"BMS1P14",0,1.84177649296099,0.406,0.054,0,"Excitatory Neurons (SubtypeA)","BMS1P14"
"POT1-AS12",0,0.479780704131648,0.543,0.193,0,"Excitatory Neurons (SubtypeA)","POT1-AS1"
"AC005537.2",0,3.31674002499317,0.369,0.019,0,"Excitatory Neurons (SubtypeA)","AC005537.2"
"TMEM72-AS11",0,0.830754453268621,0.461,0.112,0,"Excitatory Neurons (SubtypeA)","TMEM72-AS1"
"RP11-665G4.11",0,1.20108977030687,0.497,0.148,0,"Excitatory Neurons (SubtypeA)","RP11-665G4.1"
"ELFN2",0,2.29039949468414,0.379,0.03,0,"Excitatory Neurons (SubtypeA)","ELFN2"
"RP11-867G2.8",0,3.05533247822075,0.373,0.025,0,"Excitatory Neurons (SubtypeA)","RP11-867G2.8"
"RP11-72M17.1",0,0.863035339556195,0.437,0.089,0,"Excitatory Neurons (SubtypeA)","RP11-72M17.1"
"C3orf67-AS1",0,4.23650264884286,0.364,0.017,0,"Excitatory Neurons (SubtypeA)","C3orf67-AS1"
"LINC012521",0,1.57736963307103,0.41,0.065,0,"Excitatory Neurons (SubtypeA)","LINC01252"
"NOVA1-AS1",0,1.20540052386634,0.418,0.073,0,"Excitatory Neurons (SubtypeA)","NOVA1-AS1"
"RP11-510J16.5",0,2.55866632224751,0.371,0.026,0,"Excitatory Neurons (SubtypeA)","RP11-510J16.5"
"MIR4435-2HG",0,0.665053485764716,0.445,0.101,0,"Excitatory Neurons (SubtypeA)","MIR4435-2HG"
"RP11-273G15.2",0,2.91541974195637,0.364,0.022,0,"Excitatory Neurons (SubtypeA)","RP11-273G15.2"
"PHF1",0,0.44840476040105,0.467,0.13,0,"Excitatory Neurons (SubtypeA)","PHF1"
"PWRN4",0,4.7235982481289,0.347,0.01,0,"Excitatory Neurons (SubtypeA)","PWRN4"
"TTTY15",0,0.902711946656187,0.438,0.102,0,"Excitatory Neurons (SubtypeA)","TTTY15"
"CTC-535M15.2",0,5.55696648590611,0.353,0.017,0,"Excitatory Neurons (SubtypeA)","CTC-535M15.2"
"RP11-370I10.61",0,0.938512521075264,0.421,0.089,0,"Excitatory Neurons (SubtypeA)","RP11-370I10.6"
"RP11-109A6.51",0,1.30751260491385,0.39,0.063,0,"Excitatory Neurons (SubtypeA)","RP11-109A6.5"
"SNHG221",0,0.499520734540067,0.45,0.124,0,"Excitatory Neurons (SubtypeA)","SNHG22"
"RP11-260M19.2",0,4.57508098641056,0.334,0.01,0,"Excitatory Neurons (SubtypeA)","RP11-260M19.2"
"FAM66A",0,1.96891940319671,0.363,0.041,0,"Excitatory Neurons (SubtypeA)","FAM66A"
"MCPH1-AS11",0,0.274166205647896,0.479,0.157,0,"Excitatory Neurons (SubtypeA)","MCPH1-AS1"
"RP11-664H17.1",0,2.97914513347468,0.345,0.023,0,"Excitatory Neurons (SubtypeA)","RP11-664H17.1"
"RP11-436D23.11",0,1.25242019371659,0.734,0.413,0,"Excitatory Neurons (SubtypeA)","RP11-436D23.1"
"CTD-2537O9.1",0,1.9849884279077,0.356,0.036,0,"Excitatory Neurons (SubtypeA)","CTD-2537O9.1"
"CCNT2-AS1",0,1.46580701104968,0.39,0.072,0,"Excitatory Neurons (SubtypeA)","CCNT2-AS1"
"RP11-284N8.3",0,3.73707600475897,0.329,0.012,0,"Excitatory Neurons (SubtypeA)","RP11-284N8.3"
"CTD-2020K17.1",0,1.69467448217081,0.351,0.036,0,"Excitatory Neurons (SubtypeA)","CTD-2020K17.1"
"RP11-461O7.12",0,0.716733630782463,0.408,0.093,0,"Excitatory Neurons (SubtypeA)","RP11-461O7.1"
"JAZF1-AS1",0,2.51615691517405,0.338,0.025,0,"Excitatory Neurons (SubtypeA)","JAZF1-AS1"
"RP3-428L16.1",0,3.64003668711057,0.324,0.012,0,"Excitatory Neurons (SubtypeA)","RP3-428L16.1"
"WAC-AS11",0,0.310253686549044,0.455,0.144,0,"Excitatory Neurons (SubtypeA)","WAC-AS1"
"RP11-654A16.3",0,2.23328098034662,0.348,0.037,0,"Excitatory Neurons (SubtypeA)","RP11-654A16.3"
"RP11-379B18.61",0,1.13705775267843,0.371,0.061,0,"Excitatory Neurons (SubtypeA)","RP11-379B18.6"
"FAM95B1",0,1.52721010449669,0.355,0.045,0,"Excitatory Neurons (SubtypeA)","FAM95B1"
"RP11-2E11.9",0,4.08224992905152,0.317,0.009,0,"Excitatory Neurons (SubtypeA)","RP11-2E11.9"
"MIR4500HG",0,3.49501492731518,0.325,0.017,0,"Excitatory Neurons (SubtypeA)","MIR4500HG"
"AC008074.3",0,2.37249897674243,0.33,0.025,0,"Excitatory Neurons (SubtypeA)","AC008074.3"
"CPEB2-AS1",0,1.54513921801236,0.356,0.051,0,"Excitatory Neurons (SubtypeA)","CPEB2-AS1"
"OTUD6B-AS11",0,0.53459381054436,0.421,0.116,0,"Excitatory Neurons (SubtypeA)","OTUD6B-AS1"
"AC004540.51",0,0.512883680354437,0.414,0.111,0,"Excitatory Neurons (SubtypeA)","AC004540.5"
"RP11-53O19.12",0,0.405698099759548,0.436,0.135,0,"Excitatory Neurons (SubtypeA)","RP11-53O19.1"
"RP11-739G5.11",0,1.7850911263392,0.363,0.064,0,"Excitatory Neurons (SubtypeA)","RP11-739G5.1"
"RP11-386G11.10",0,1.56841860429793,0.347,0.049,0,"Excitatory Neurons (SubtypeA)","RP11-386G11.10"
"RP11-112J3.16",0,1.43450007899814,0.337,0.041,0,"Excitatory Neurons (SubtypeA)","RP11-112J3.16"
"CTD-2378E12.12",0,0.580127029007236,0.398,0.104,0,"Excitatory Neurons (SubtypeA)","CTD-2378E12.1"
"ZNF667-AS11",0,0.43706642009124,0.41,0.116,0,"Excitatory Neurons (SubtypeA)","ZNF667-AS1"
"LINC01277",0,2.38169978814739,0.322,0.029,0,"Excitatory Neurons (SubtypeA)","LINC01277"
"INHBA-AS1",0,3.47586151242513,0.308,0.015,0,"Excitatory Neurons (SubtypeA)","INHBA-AS1"
"PWRN31",0,1.75441275673925,0.333,0.041,0,"Excitatory Neurons (SubtypeA)","PWRN3"
"AC009948.5",0,0.842121047864997,0.353,0.061,0,"Excitatory Neurons (SubtypeA)","AC009948.5"
"USP3-AS1",0,1.01289377244802,0.365,0.073,0,"Excitatory Neurons (SubtypeA)","USP3-AS1"
"ZNF790-AS1",0,0.611720576068502,0.38,0.089,0,"Excitatory Neurons (SubtypeA)","ZNF790-AS1"
"RP11-173D3.11",0,1.08854517445242,0.367,0.077,0,"Excitatory Neurons (SubtypeA)","RP11-173D3.1"
"LINC00407",0,2.16506841967797,0.319,0.03,0,"Excitatory Neurons (SubtypeA)","LINC00407"
"LINC00923",0,2.91098276989236,0.312,0.026,0,"Excitatory Neurons (SubtypeA)","LINC00923"
"P3H2-AS1",0,2.57208719948918,0.303,0.018,0,"Excitatory Neurons (SubtypeA)","P3H2-AS1"
"RP11-541G9.1",0,5.06764808236374,0.29,0.005,0,"Excitatory Neurons (SubtypeA)","RP11-541G9.1"
"MAMDC2-AS11",0,1.20980459998334,0.343,0.059,0,"Excitatory Neurons (SubtypeA)","MAMDC2-AS1"
"RP11-535M15.1",0,0.996452037881756,0.347,0.067,0,"Excitatory Neurons (SubtypeA)","RP11-535M15.1"
"RP11-572M11.4",0,0.448985678144668,0.384,0.105,0,"Excitatory Neurons (SubtypeA)","RP11-572M11.4"
"LINC00886",0,0.929849401409703,0.378,0.1,0,"Excitatory Neurons (SubtypeA)","LINC00886"
"CTD-2269F5.12",0,0.935482670095723,0.366,0.088,0,"Excitatory Neurons (SubtypeA)","CTD-2269F5.1"
"RP1-69D17.4",0,2.74851707434845,0.295,0.019,0,"Excitatory Neurons (SubtypeA)","RP1-69D17.4"
"RP4-555D20.21",0,1.4185813859932,0.334,0.059,0,"Excitatory Neurons (SubtypeA)","RP4-555D20.2"
"RP11-382A20.4",0,2.01082692019064,0.309,0.035,0,"Excitatory Neurons (SubtypeA)","RP11-382A20.4"
"RP13-726E6.1",0,0.863109104265469,0.344,0.07,0,"Excitatory Neurons (SubtypeA)","RP13-726E6.1"
"RP3-414A15.101",0,1.923589054285,0.302,0.029,0,"Excitatory Neurons (SubtypeA)","RP3-414A15.10"
"LINC00970",0,2.14261898626674,0.311,0.039,0,"Excitatory Neurons (SubtypeA)","LINC00970"
"AC007563.5",0,1.26328225208365,0.353,0.081,0,"Excitatory Neurons (SubtypeA)","AC007563.5"
"RP11-1263C18.2",0,2.64319791965348,0.29,0.019,0,"Excitatory Neurons (SubtypeA)","RP11-1263C18.2"
"RP11-467K18.2",0,3.63487236791125,0.276,0.012,0,"Excitatory Neurons (SubtypeA)","RP11-467K18.2"
"AC009961.3",0,0.759988044278027,0.33,0.068,0,"Excitatory Neurons (SubtypeA)","AC009961.3"
"RP1-167A14.2",0,0.989911914758374,0.327,0.066,0,"Excitatory Neurons (SubtypeA)","RP1-167A14.2"
"RP3-522D1.1",0,1.60165108089767,0.289,0.029,0,"Excitatory Neurons (SubtypeA)","RP3-522D1.1"
"DRAIC1",0,0.791766577647091,0.333,0.074,0,"Excitatory Neurons (SubtypeA)","DRAIC"
"LINC00159",0,0.737397061132834,0.324,0.066,0,"Excitatory Neurons (SubtypeA)","LINC00159"
"AP000318.2",0,1.56542982269834,0.292,0.035,0,"Excitatory Neurons (SubtypeA)","AP000318.2"
"RP4-784A16.5",0,4.18301286125607,0.26,0.005,0,"Excitatory Neurons (SubtypeA)","RP4-784A16.5"
"RP11-527F13.1",0,1.29113946655006,0.302,0.047,0,"Excitatory Neurons (SubtypeA)","RP11-527F13.1"
"AC073343.13",0,0.818511591756236,0.319,0.064,0,"Excitatory Neurons (SubtypeA)","AC073343.13"
"RAPGEF4-AS1",0,2.92149819298476,0.27,0.016,0,"Excitatory Neurons (SubtypeA)","RAPGEF4-AS1"
"KTN1-AS1",0,0.872975151350698,0.314,0.06,0,"Excitatory Neurons (SubtypeA)","KTN1-AS1"
"CTC-550B14.7",0,2.05123096185182,0.279,0.025,0,"Excitatory Neurons (SubtypeA)","CTC-550B14.7"
"RP3-475N16.1",0,0.993172029039525,0.303,0.051,0,"Excitatory Neurons (SubtypeA)","RP3-475N16.1"
"XACT",0,0.949115803437913,0.289,0.037,0,"Excitatory Neurons (SubtypeA)","XACT"
"SMC5-AS11",0,0.564231655651938,0.326,0.076,0,"Excitatory Neurons (SubtypeA)","SMC5-AS1"
"CTB-113D17.11",0,0.807090823275856,0.326,0.078,0,"Excitatory Neurons (SubtypeA)","CTB-113D17.1"
"ZFHX4-AS1",0,1.84164003674763,0.292,0.044,0,"Excitatory Neurons (SubtypeA)","ZFHX4-AS1"
"CTD-2143L24.1",0,2.48777821759766,0.273,0.027,0,"Excitatory Neurons (SubtypeA)","CTD-2143L24.1"
"RP11-472I20.3",0,1.23549274065636,0.309,0.063,0,"Excitatory Neurons (SubtypeA)","RP11-472I20.3"
"RP11-403B2.7",0,2.12675762143135,0.271,0.026,0,"Excitatory Neurons (SubtypeA)","RP11-403B2.7"
"C17orf100",0,1.86789980806727,0.273,0.029,0,"Excitatory Neurons (SubtypeA)","C17orf100"
"CTC-575N7.1",0,2.17852556256358,0.267,0.025,0,"Excitatory Neurons (SubtypeA)","CTC-575N7.1"
"RP5-1070A16.1",0,4.1257657166316,0.252,0.01,0,"Excitatory Neurons (SubtypeA)","RP5-1070A16.1"
"RP11-266O8.11",0,0.92082744171835,0.315,0.073,0,"Excitatory Neurons (SubtypeA)","RP11-266O8.1"
"CTA-373H7.7",0,4.03256241945189,0.249,0.008,0,"Excitatory Neurons (SubtypeA)","CTA-373H7.7"
"AC079305.11",0,2.04386647782842,0.265,0.027,0,"Excitatory Neurons (SubtypeA)","AC079305.11"
"RP11-580I1.1",0,2.70472873432299,0.254,0.016,0,"Excitatory Neurons (SubtypeA)","RP11-580I1.1"
"RP11-814P5.1",0,4.61672512964992,0.244,0.007,0,"Excitatory Neurons (SubtypeA)","RP11-814P5.1"
"PARD6G-AS1",0,0.791304357417158,0.301,0.065,0,"Excitatory Neurons (SubtypeA)","PARD6G-AS1"
"RP5-827C21.2",0,2.41800057487547,0.256,0.022,0,"Excitatory Neurons (SubtypeA)","RP5-827C21.2"
"RP11-475O6.11",0,0.963839608947616,0.31,0.078,0,"Excitatory Neurons (SubtypeA)","RP11-475O6.1"
"AP000797.31",0,1.78460289739722,0.261,0.03,0,"Excitatory Neurons (SubtypeA)","AP000797.3"
"LINC012601",0,0.916400690063786,0.28,0.054,0,"Excitatory Neurons (SubtypeA)","LINC01260"
"PPP1R26-AS1",0,2.88442726822297,0.24,0.014,0,"Excitatory Neurons (SubtypeA)","PPP1R26-AS1"
"LL0XNC01-237H1.2",0,1.48769771415094,0.257,0.032,0,"Excitatory Neurons (SubtypeA)","LL0XNC01-237H1.2"
"RP11-531A24.5",0,0.765763193422898,0.281,0.057,0,"Excitatory Neurons (SubtypeA)","RP11-531A24.5"
"LINC00665",0,0.552301221429039,0.291,0.067,0,"Excitatory Neurons (SubtypeA)","LINC00665"
"DNAJC3-AS11",0,0.445663634537177,0.299,0.076,0,"Excitatory Neurons (SubtypeA)","DNAJC3-AS1"
"RP11-17A1.3",0,0.837624345078865,0.275,0.053,0,"Excitatory Neurons (SubtypeA)","RP11-17A1.3"
"SLC8A1-AS11",0,0.468716947196086,0.286,0.064,0,"Excitatory Neurons (SubtypeA)","SLC8A1-AS1"
"BBOX1-AS1",0,3.27518752084494,0.234,0.013,0,"Excitatory Neurons (SubtypeA)","BBOX1-AS1"
"AC140912.1",0,2.29818269736724,0.241,0.02,0,"Excitatory Neurons (SubtypeA)","AC140912.1"
"MEG9",0,3.56844213501664,0.229,0.009,0,"Excitatory Neurons (SubtypeA)","MEG9"
"LINC00504",0,1.99793970197612,0.246,0.028,0,"Excitatory Neurons (SubtypeA)","LINC00504"
"AP000487.5",0,0.574532538096562,0.289,0.071,0,"Excitatory Neurons (SubtypeA)","AP000487.5"
"LINC003421",0,0.532620953811695,0.283,0.066,0,"Excitatory Neurons (SubtypeA)","LINC00342"
"CTD-2009A10.1",0,5.26848994324862,0.221,0.005,0,"Excitatory Neurons (SubtypeA)","CTD-2009A10.1"
"RP11-367N14.2",0,0.42700929127119,0.281,0.067,0,"Excitatory Neurons (SubtypeA)","RP11-367N14.2"
"RP11-945C19.4",0,1.01981369568496,0.258,0.044,0,"Excitatory Neurons (SubtypeA)","RP11-945C19.4"
"AC097662.2",0,0.473659822149722,0.284,0.07,0,"Excitatory Neurons (SubtypeA)","AC097662.2"
"RP11-262K1.1",0,4.69556349309306,0.218,0.005,0,"Excitatory Neurons (SubtypeA)","RP11-262K1.1"
"CTC-340D7.1",0,2.08695700379064,0.243,0.03,0,"Excitatory Neurons (SubtypeA)","CTC-340D7.1"
"HHIP-AS1",0,1.11836835933366,0.251,0.039,0,"Excitatory Neurons (SubtypeA)","HHIP-AS1"
"MIR7-3HG",0,5.55680560132396,0.214,0.003,0,"Excitatory Neurons (SubtypeA)","MIR7-3HG"
"AC003075.4",0,1.77603921694407,0.253,0.043,0,"Excitatory Neurons (SubtypeA)","AC003075.4"
"SNAI3-AS1",0,0.793780188383566,0.259,0.049,0,"Excitatory Neurons (SubtypeA)","SNAI3-AS1"
"RP11-318C24.2",0,1.64864520703327,0.238,0.028,0,"Excitatory Neurons (SubtypeA)","RP11-318C24.2"
"RP1-78O14.11",0,0.625295019917969,0.253,0.044,0,"Excitatory Neurons (SubtypeA)","RP1-78O14.1"
"RP11-390N6.1",0,3.14472772048533,0.221,0.012,0,"Excitatory Neurons (SubtypeA)","RP11-390N6.1"
"AC011288.2",0,2.03339598763986,0.238,0.03,0,"Excitatory Neurons (SubtypeA)","AC011288.2"
"RP11-473C19.1",0,2.75526326048363,0.221,0.013,0,"Excitatory Neurons (SubtypeA)","RP11-473C19.1"
"LINC00276",0,2.02640699990502,0.236,0.031,0,"Excitatory Neurons (SubtypeA)","LINC00276"
"AC108142.1",0,2.39506690563595,0.22,0.016,0,"Excitatory Neurons (SubtypeA)","AC108142.1"
"RP11-1C8.4",0,3.50914528961251,0.212,0.009,0,"Excitatory Neurons (SubtypeA)","RP11-1C8.4"
"RP11-78F17.1",0,2.86788960005284,0.216,0.014,0,"Excitatory Neurons (SubtypeA)","RP11-78F17.1"
"SEC24B-AS1",0,0.516825797007547,0.264,0.063,0,"Excitatory Neurons (SubtypeA)","SEC24B-AS1"
"MIR8069-1",0,3.26606954380661,0.211,0.01,0,"Excitatory Neurons (SubtypeA)","MIR8069-1"
"AC009495.4",0,1.95054048369259,0.22,0.021,0,"Excitatory Neurons (SubtypeA)","AC009495.4"
"CYP4A22-AS1",0,3.10133008480744,0.211,0.013,0,"Excitatory Neurons (SubtypeA)","CYP4A22-AS1"
"RP11-399E6.1",0,1.27593585432691,0.227,0.03,0,"Excitatory Neurons (SubtypeA)","RP11-399E6.1"
"C9orf147",0,0.77025085374587,0.256,0.059,0,"Excitatory Neurons (SubtypeA)","C9orf147"
"AC010884.11",0,0.681596920585921,0.257,0.061,0,"Excitatory Neurons (SubtypeA)","AC010884.1"
"RP11-638L3.1",0,1.83507211742768,0.226,0.03,0,"Excitatory Neurons (SubtypeA)","RP11-638L3.1"
"STARD4-AS1",0,2.06271800900852,0.215,0.02,0,"Excitatory Neurons (SubtypeA)","STARD4-AS1"
"A2ML1-AS1",0,0.860601511016134,0.23,0.038,0,"Excitatory Neurons (SubtypeA)","A2ML1-AS1"
"RP11-714G18.1",0,0.479521293511359,0.247,0.056,0,"Excitatory Neurons (SubtypeA)","RP11-714G18.1"
"RP11-384J4.2",0,1.73108867327193,0.221,0.03,0,"Excitatory Neurons (SubtypeA)","RP11-384J4.2"
"RP11-676J15.1",0,3.73313287460268,0.199,0.008,0,"Excitatory Neurons (SubtypeA)","RP11-676J15.1"
"LINC00310",0,1.15335268431783,0.223,0.032,0,"Excitatory Neurons (SubtypeA)","LINC00310"
"RP11-634B7.4",0,2.83073322857401,0.204,0.013,0,"Excitatory Neurons (SubtypeA)","RP11-634B7.4"
"LINC00158",0,1.42586623804502,0.221,0.031,0,"Excitatory Neurons (SubtypeA)","LINC00158"
"AC019118.3",0,2.51662353781717,0.202,0.013,0,"Excitatory Neurons (SubtypeA)","AC019118.3"
"CCDC144NL-AS1",0,0.957811505996819,0.245,0.057,0,"Excitatory Neurons (SubtypeA)","CCDC144NL-AS1"
"AC007091.1",0,5.36391903946455,0.192,0.005,0,"Excitatory Neurons (SubtypeA)","AC007091.1"
"AJ003147.9",0,4.22137104421089,0.192,0.005,0,"Excitatory Neurons (SubtypeA)","AJ003147.9"
"AC159540.2",0,2.56236074666678,0.199,0.013,0,"Excitatory Neurons (SubtypeA)","AC159540.2"
"RP11-368I23.2",0,3.06664896532217,0.202,0.016,0,"Excitatory Neurons (SubtypeA)","RP11-368I23.2"
"RP11-770G2.2",0,1.58711463027271,0.208,0.023,0,"Excitatory Neurons (SubtypeA)","RP11-770G2.2"
"RP11-161I6.2",0,1.95402336488868,0.208,0.024,0,"Excitatory Neurons (SubtypeA)","RP11-161I6.2"
"RP11-374M1.4",0,1.13821388379635,0.216,0.033,0,"Excitatory Neurons (SubtypeA)","RP11-374M1.4"
"RP11-363J20.2",0,3.22666318704216,0.191,0.008,0,"Excitatory Neurons (SubtypeA)","RP11-363J20.2"
"CTD-2012K14.6",0,1.05568917228204,0.221,0.039,0,"Excitatory Neurons (SubtypeA)","CTD-2012K14.6"
"CTD-2349P21.5",0,1.31989850846264,0.215,0.033,0,"Excitatory Neurons (SubtypeA)","CTD-2349P21.5"
"RP11-778J15.1",0,0.697654566603078,0.228,0.048,0,"Excitatory Neurons (SubtypeA)","RP11-778J15.1"
"RP11-318K12.2",0,2.7168233175507,0.189,0.011,0,"Excitatory Neurons (SubtypeA)","RP11-318K12.2"
"RP11-403I13.7",0,1.38986396312929,0.199,0.023,0,"Excitatory Neurons (SubtypeA)","RP11-403I13.7"
"RP11-281O15.4",0,1.14573985787187,0.206,0.03,0,"Excitatory Neurons (SubtypeA)","RP11-281O15.4"
"PRC1-AS1",0,2.2713838407144,0.189,0.013,0,"Excitatory Neurons (SubtypeA)","PRC1-AS1"
"RP11-430H10.4",0,3.58781310583417,0.182,0.007,0,"Excitatory Neurons (SubtypeA)","RP11-430H10.4"
"RP11-712L6.5",0,1.71573330673923,0.195,0.021,0,"Excitatory Neurons (SubtypeA)","RP11-712L6.5"
"AP000230.1",0,1.84640995692042,0.192,0.018,0,"Excitatory Neurons (SubtypeA)","AP000230.1"
"RP1-28O10.11",0,0.81350825910916,0.217,0.043,0,"Excitatory Neurons (SubtypeA)","RP1-28O10.1"
"RP11-15A1.2",0,0.809441326306521,0.219,0.045,0,"Excitatory Neurons (SubtypeA)","RP11-15A1.2"
"MMP25-AS1",0,1.23256556313657,0.198,0.026,0,"Excitatory Neurons (SubtypeA)","MMP25-AS1"
"RP11-314B1.2",0,2.70021994491865,0.184,0.012,0,"Excitatory Neurons (SubtypeA)","RP11-314B1.2"
"GS1-72M22.1",0,2.60964668727865,0.183,0.012,0,"Excitatory Neurons (SubtypeA)","GS1-72M22.1"
"RP4-678D15.11",0,1.07882099531425,0.202,0.032,0,"Excitatory Neurons (SubtypeA)","RP4-678D15.1"
"AC107218.3",0,2.11675802420211,0.185,0.015,0,"Excitatory Neurons (SubtypeA)","AC107218.3"
"RP11-649G15.2",0,0.580811101495181,0.207,0.037,0,"Excitatory Neurons (SubtypeA)","RP11-649G15.2"
"LINC00839",0,2.40045067417758,0.183,0.013,0,"Excitatory Neurons (SubtypeA)","LINC00839"
"RP11-416N4.4",0,2.54505545780011,0.182,0.012,0,"Excitatory Neurons (SubtypeA)","RP11-416N4.4"
"FRY-AS1",0,2.46198885033402,0.18,0.011,0,"Excitatory Neurons (SubtypeA)","FRY-AS1"
"RP11-334C17.5",0,1.03351640318336,0.195,0.027,0,"Excitatory Neurons (SubtypeA)","RP11-334C17.5"
"LINC00152",0,0.529679863111197,0.209,0.041,0,"Excitatory Neurons (SubtypeA)","LINC00152"
"ZMIZ1-AS1",0,1.02290106381266,0.208,0.04,0,"Excitatory Neurons (SubtypeA)","ZMIZ1-AS1"
"SAMD12-AS1",0,1.04453844786275,0.196,0.031,0,"Excitatory Neurons (SubtypeA)","SAMD12-AS1"
"RP11-532F6.4",0,2.12708225796903,0.18,0.015,0,"Excitatory Neurons (SubtypeA)","RP11-532F6.4"
"RP11-124B13.1",0,2.51745083901461,0.178,0.014,0,"Excitatory Neurons (SubtypeA)","RP11-124B13.1"
"RP1-30E17.2",0,2.47994141558966,0.178,0.015,0,"Excitatory Neurons (SubtypeA)","RP1-30E17.2"
"RUNDC3A-AS1",0,2.01477566985101,0.178,0.016,0,"Excitatory Neurons (SubtypeA)","RUNDC3A-AS1"
"RP11-1252I4.2",0,1.58124804540811,0.184,0.023,0,"Excitatory Neurons (SubtypeA)","RP11-1252I4.2"
"AF196970.3",0,0.724733900592815,0.196,0.035,0,"Excitatory Neurons (SubtypeA)","AF196970.3"
"RP11-223C24.1",0,2.17959534767045,0.176,0.015,0,"Excitatory Neurons (SubtypeA)","RP11-223C24.1"
"RP11-290O12.2",0,2.33698131433638,0.173,0.013,0,"Excitatory Neurons (SubtypeA)","RP11-290O12.2"
"RNF139-AS1",0,1.55721152936116,0.181,0.023,0,"Excitatory Neurons (SubtypeA)","RNF139-AS1"
"RP11-620J15.3",0,0.587072098988588,0.194,0.036,0,"Excitatory Neurons (SubtypeA)","RP11-620J15.3"
"RP11-32B5.7",0,1.8927612793732,0.174,0.016,0,"Excitatory Neurons (SubtypeA)","RP11-32B5.7"
"CYYR1-AS1",0,2.30302940787141,0.168,0.012,0,"Excitatory Neurons (SubtypeA)","CYYR1-AS1"
"RP11-282I1.1",0,2.22340509331235,0.173,0.017,0,"Excitatory Neurons (SubtypeA)","RP11-282I1.1"
"CTD-2544M6.1",0,3.61727084908865,0.163,0.009,0,"Excitatory Neurons (SubtypeA)","CTD-2544M6.1"
"NRIR",0,1.90251484799561,0.167,0.015,0,"Excitatory Neurons (SubtypeA)","NRIR"
"RP11-268J15.5",0,1.82445195894376,0.166,0.014,0,"Excitatory Neurons (SubtypeA)","RP11-268J15.5"
"CYP4F26P",0,2.28924266767309,0.165,0.013,0,"Excitatory Neurons (SubtypeA)","CYP4F26P"
"CTD-2140G10.2",0,3.74097460060813,0.157,0.005,0,"Excitatory Neurons (SubtypeA)","CTD-2140G10.2"
"RP11-718O11.1",0,3.44060140641265,0.16,0.008,0,"Excitatory Neurons (SubtypeA)","RP11-718O11.1"
"LINC01106",0,5.43687923507583,0.153,0.002,0,"Excitatory Neurons (SubtypeA)","LINC01106"
"AC018359.1",0,4.53432176728478,0.156,0.005,0,"Excitatory Neurons (SubtypeA)","AC018359.1"
"RP11-1263C18.1",0,2.90570914271309,0.157,0.008,0,"Excitatory Neurons (SubtypeA)","RP11-1263C18.1"
"RP11-459O16.8",0,3.52489457599276,0.155,0.006,0,"Excitatory Neurons (SubtypeA)","RP11-459O16.8"
"TMC3-AS1",0,1.18738350425358,0.175,0.026,0,"Excitatory Neurons (SubtypeA)","TMC3-AS1"
"RP11-445F12.1",0,3.82599198371589,0.154,0.005,0,"Excitatory Neurons (SubtypeA)","RP11-445F12.1"
"RP1-37C10.3",0,1.86484260103027,0.163,0.015,0,"Excitatory Neurons (SubtypeA)","RP1-37C10.3"
"CTA-384D8.36",0,1.35262157803095,0.17,0.023,0,"Excitatory Neurons (SubtypeA)","CTA-384D8.36"
"CTD-2562J17.4",0,4.06214827541706,0.152,0.005,0,"Excitatory Neurons (SubtypeA)","CTD-2562J17.4"
"LHX5-AS1",0,5.02639045071692,0.149,0.003,0,"Excitatory Neurons (SubtypeA)","LHX5-AS1"
"LINC01193",0,3.81858643150678,0.151,0.005,0,"Excitatory Neurons (SubtypeA)","LINC01193"
"RP11-266K4.14",0,1.12434475358778,0.171,0.026,0,"Excitatory Neurons (SubtypeA)","RP11-266K4.14"
"CTC-552D5.1",0,5.4784230038684,0.149,0.004,0,"Excitatory Neurons (SubtypeA)","CTC-552D5.1"
"RP11-547I7.1",0,1.4794174900955,0.164,0.02,0,"Excitatory Neurons (SubtypeA)","RP11-547I7.1"
"AC009264.1",0,1.73113251761156,0.161,0.018,0,"Excitatory Neurons (SubtypeA)","AC009264.1"
"AC007796.1",0,1.47029095034006,0.168,0.025,0,"Excitatory Neurons (SubtypeA)","AC007796.1"
"LINC00290",0,3.28004092864624,0.149,0.007,0,"Excitatory Neurons (SubtypeA)","LINC00290"
"RP11-40E6.1",0,1.07118306084311,0.166,0.025,0,"Excitatory Neurons (SubtypeA)","RP11-40E6.1"
"RP11-317G6.1",0,1.09094014639272,0.165,0.024,0,"Excitatory Neurons (SubtypeA)","RP11-317G6.1"
"RP1-239B22.5",0,3.06171057461202,0.148,0.007,0,"Excitatory Neurons (SubtypeA)","RP1-239B22.5"
"RP11-531A24.3",0,5.432593570844,0.142,0.002,0,"Excitatory Neurons (SubtypeA)","RP11-531A24.3"
"LINC01435",0,3.49718672321615,0.147,0.008,0,"Excitatory Neurons (SubtypeA)","LINC01435"
"RP6-191P20.4",0,4.44112737334747,0.141,0.004,0,"Excitatory Neurons (SubtypeA)","RP6-191P20.4"
"CTD-2293H3.2",0,0.941169166482354,0.16,0.024,0,"Excitatory Neurons (SubtypeA)","CTD-2293H3.2"
"RP11-314P15.2",0,3.95453799716311,0.144,0.009,0,"Excitatory Neurons (SubtypeA)","RP11-314P15.2"
"DPP10-AS1",0,2.61648389307857,0.145,0.011,0,"Excitatory Neurons (SubtypeA)","DPP10-AS1"
"PKI55",0,2.11618460686208,0.146,0.012,0,"Excitatory Neurons (SubtypeA)","PKI55"
"TSC22D1-AS1",0,1.48227721183848,0.15,0.017,0,"Excitatory Neurons (SubtypeA)","TSC22D1-AS1"
"LIN28B-AS1",0,3.04764486014293,0.139,0.007,0,"Excitatory Neurons (SubtypeA)","LIN28B-AS1"
"DLX6-AS1",0,7.2009878554895,0.133,0.001,0,"Excitatory Neurons (SubtypeA)","DLX6-AS1"
"RP11-465I4.2",0,3.23662028256177,0.138,0.006,0,"Excitatory Neurons (SubtypeA)","RP11-465I4.2"
"AC016723.4",0,2.51785514775898,0.142,0.01,0,"Excitatory Neurons (SubtypeA)","AC016723.4"
"AC016768.1",0,2.80904127465333,0.144,0.013,0,"Excitatory Neurons (SubtypeA)","AC016768.1"
"RP11-626P14.2",0,1.62397874329194,0.146,0.016,0,"Excitatory Neurons (SubtypeA)","RP11-626P14.2"
"PRKAG2-AS1",0,1.88412084489628,0.139,0.011,0,"Excitatory Neurons (SubtypeA)","PRKAG2-AS1"
"RP11-242P2.1",0,1.22044059073097,0.149,0.022,0,"Excitatory Neurons (SubtypeA)","RP11-242P2.1"
"AC007740.1",0,6.14573937690189,0.127,0.001,0,"Excitatory Neurons (SubtypeA)","AC007740.1"
"ATXN8OS",0,3.3055218884473,0.131,0.005,0,"Excitatory Neurons (SubtypeA)","ATXN8OS"
"RP11-686D16.1",0,2.48947425242759,0.137,0.012,0,"Excitatory Neurons (SubtypeA)","RP11-686D16.1"
"RP11-310E22.5",0,1.95519715645045,0.14,0.015,0,"Excitatory Neurons (SubtypeA)","RP11-310E22.5"
"RP11-74E22.8",0,2.37911994032156,0.133,0.009,0,"Excitatory Neurons (SubtypeA)","RP11-74E22.8"
"RP11-433J8.1",0,3.20439433984091,0.13,0.006,0,"Excitatory Neurons (SubtypeA)","RP11-433J8.1"
"CTC-236F12.4",0,1.84580991193158,0.135,0.012,0,"Excitatory Neurons (SubtypeA)","CTC-236F12.4"
"RP11-114H23.1",0,1.85413957634549,0.141,0.018,0,"Excitatory Neurons (SubtypeA)","RP11-114H23.1"
"RP11-115H18.1",0,2.81481011338221,0.129,0.007,0,"Excitatory Neurons (SubtypeA)","RP11-115H18.1"
"CTB-178M22.1",0,3.8068980499999,0.124,0.003,0,"Excitatory Neurons (SubtypeA)","CTB-178M22.1"
"LINC01568",0,2.90519945709968,0.127,0.006,0,"Excitatory Neurons (SubtypeA)","LINC01568"
"CTD-2020K17.3",0,4.16806861928114,0.124,0.003,0,"Excitatory Neurons (SubtypeA)","CTD-2020K17.3"
"AC016716.2",0,1.61786600623688,0.135,0.015,0,"Excitatory Neurons (SubtypeA)","AC016716.2"
"CTD-2298J14.2",0,2.20863811766937,0.13,0.01,0,"Excitatory Neurons (SubtypeA)","CTD-2298J14.2"
"RP1-167G20.1",0,2.41637125636073,0.129,0.01,0,"Excitatory Neurons (SubtypeA)","RP1-167G20.1"
"RP4-676J13.2",0,1.26284521691777,0.139,0.02,0,"Excitatory Neurons (SubtypeA)","RP4-676J13.2"
"CTA-276F8.2",0,0.942738648619869,0.136,0.017,0,"Excitatory Neurons (SubtypeA)","CTA-276F8.2"
"AC007131.1",0,4.30636364874609,0.122,0.004,0,"Excitatory Neurons (SubtypeA)","AC007131.1"
"RP11-1081L13.4",0,1.35436122911847,0.128,0.011,0,"Excitatory Neurons (SubtypeA)","RP11-1081L13.4"
"RP11-192H23.6",0,1.14484791285329,0.132,0.017,0,"Excitatory Neurons (SubtypeA)","RP11-192H23.6"
"RP11-579E24.2",0,4.30851097038229,0.12,0.005,0,"Excitatory Neurons (SubtypeA)","RP11-579E24.2"
"ADGRA1-AS1",0,3.01597696558878,0.121,0.006,0,"Excitatory Neurons (SubtypeA)","ADGRA1-AS1"
"RP11-766N7.4",0,3.66654095844045,0.119,0.004,0,"Excitatory Neurons (SubtypeA)","RP11-766N7.4"
"RP6-65G23.3",0,3.02491956273864,0.12,0.006,0,"Excitatory Neurons (SubtypeA)","RP6-65G23.3"
"RP11-706O15.1",0,2.1864547507364,0.123,0.01,0,"Excitatory Neurons (SubtypeA)","RP11-706O15.1"
"PRKG1-AS1",0,2.11731444534672,0.123,0.01,0,"Excitatory Neurons (SubtypeA)","PRKG1-AS1"
"AC008269.2",0,2.84135812568382,0.118,0.006,0,"Excitatory Neurons (SubtypeA)","AC008269.2"
"RP11-813I20.2",0,1.41892749054602,0.127,0.016,0,"Excitatory Neurons (SubtypeA)","RP11-813I20.2"
"MIMT1",0,3.01872904023993,0.117,0.006,0,"Excitatory Neurons (SubtypeA)","MIMT1"
"RP11-259O2.1",0,1.79536900747616,0.12,0.011,0,"Excitatory Neurons (SubtypeA)","RP11-259O2.1"
"CTD-2334D19.1",0,5.51085199303579,0.111,0.002,0,"Excitatory Neurons (SubtypeA)","CTD-2334D19.1"
"RP11-524F11.2",0,1.55067877491513,0.123,0.014,0,"Excitatory Neurons (SubtypeA)","RP11-524F11.2"
"AF064858.8",0,1.67283936427121,0.117,0.009,0,"Excitatory Neurons (SubtypeA)","AF064858.8"
"LINC00620",0,3.68992017001704,0.114,0.006,0,"Excitatory Neurons (SubtypeA)","LINC00620"
"RP11-368L12.1",0,2.25357426574467,0.122,0.014,0,"Excitatory Neurons (SubtypeA)","RP11-368L12.1"
"CTD-2012K14.8",0,1.9247976010246,0.117,0.01,0,"Excitatory Neurons (SubtypeA)","CTD-2012K14.8"
"CTC-499B15.5",0,1.58153555022367,0.121,0.014,0,"Excitatory Neurons (SubtypeA)","CTC-499B15.5"
"HCG24",0,6.22689364278331,0.107,0.001,0,"Excitatory Neurons (SubtypeA)","HCG24"
"SAPCD1-AS1",0,4.57805725156317,0.107,0.002,0,"Excitatory Neurons (SubtypeA)","SAPCD1-AS1"
"RP11-1148O4.2",0,2.33262679314116,0.112,0.007,0,"Excitatory Neurons (SubtypeA)","RP11-1148O4.2"
"FGF12-AS1",0,2.34474208288968,0.11,0.006,0,"Excitatory Neurons (SubtypeA)","FGF12-AS1"
"LINC01012",0,4.17448116434641,0.106,0.002,0,"Excitatory Neurons (SubtypeA)","LINC01012"
"RP11-67M9.1",0,4.52791383308442,0.105,0.002,0,"Excitatory Neurons (SubtypeA)","RP11-67M9.1"
"RP11-214N1.1",0,2.54293904372767,0.11,0.008,0,"Excitatory Neurons (SubtypeA)","RP11-214N1.1"
"RP11-486O13.2",0,2.88901714938458,0.107,0.005,0,"Excitatory Neurons (SubtypeA)","RP11-486O13.2"
"RP11-686G23.2",0,2.31665266274702,0.111,0.01,0,"Excitatory Neurons (SubtypeA)","RP11-686G23.2"
"RP11-438D8.2",0,1.7764148853456,0.11,0.011,0,"Excitatory Neurons (SubtypeA)","RP11-438D8.2"
"AC079154.1",0,4.24380967288986,0.101,0.003,0,"Excitatory Neurons (SubtypeA)","AC079154.1"
"RP11-532F6.5",0,2.02563689696891,0.107,0.009,0,"Excitatory Neurons (SubtypeA)","RP11-532F6.5"
"C8orf34-AS1",0,2.12785389763369,0.106,0.008,0,"Excitatory Neurons (SubtypeA)","C8orf34-AS1"
"AF064858.6",0,1.54021212073498,0.107,0.01,0,"Excitatory Neurons (SubtypeA)","AF064858.6"
"GPR158-AS1",0,3.04119648368946,0.102,0.005,0,"Excitatory Neurons (SubtypeA)","GPR158-AS1"
"RP11-1191J2.2",0,1.99327368770057,0.103,0.01,0,"Excitatory Neurons (SubtypeA)","RP11-1191J2.2"
"RP11-127B20.2",0,2.01127535480764,0.102,0.009,0,"Excitatory Neurons (SubtypeA)","RP11-127B20.2"
"FTX",0,1.00825934865571,0.987,0.913,0,"Excitatory Neurons (SubtypeA)","FTX"
"RP11-650J17.1",1.97626258336499e-323,0.588076694853817,0.232,0.052,5.28393326914296e-319,"Excitatory Neurons (SubtypeA)","RP11-650J17.1"
"RP11-340I6.8",1.97626258336499e-323,1.14590003819075,0.149,0.022,5.28393326914296e-319,"Excitatory Neurons (SubtypeA)","RP11-340I6.8"
"RP13-941N14.1",4.46042465065477e-320,0.613320553087689,0.275,0.07,1.19258373884557e-315,"Excitatory Neurons (SubtypeA)","RP13-941N14.1"
"RP11-363J20.1",4.86753474282796e-320,1.11779118537921,0.141,0.02,1.30143276418991e-315,"Excitatory Neurons (SubtypeA)","RP11-363J20.1"
"MIR34A",7.69912377227331e-319,0.538017328486847,0.27,0.068,2.05851472299272e-314,"Excitatory Neurons (SubtypeA)","MIR34A"
"RP11-65M17.3",9.53088499993653e-317,1.81359586202709,0.109,0.012,2.54827272243303e-312,"Excitatory Neurons (SubtypeA)","RP11-65M17.3"
"RP11-392P7.6",1.42739152000125e-316,0.820522379968183,0.151,0.024,3.81641670702734e-312,"Excitatory Neurons (SubtypeA)","RP11-392P7.6"
"LINC00534",1.44727140737528e-315,1.1805444817536,0.188,0.037,3.86956956189929e-311,"Excitatory Neurons (SubtypeA)","LINC00534"
"SFTPD-AS1",1.46637824604337e-314,1.2037529068097,0.111,0.012,3.92065551644616e-310,"Excitatory Neurons (SubtypeA)","SFTPD-AS1"
"DNAJC27-AS12",4.04672456860645e-314,0.250737486307552,0.419,0.135,1.08197274790831e-309,"Excitatory Neurons (SubtypeA)","DNAJC27-AS1"
"MCM3AP-AS1",5.34328491016329e-313,0.35820619981209,0.288,0.076,1.42863408643036e-308,"Excitatory Neurons (SubtypeA)","MCM3AP-AS1"
"LINC008822",1.02241991775655e-311,0.557363478829725,0.883,0.468,2.73364413410568e-307,"Excitatory Neurons (SubtypeA)","LINC00882"
"RP11-596C23.6",4.25699297211371e-311,0.525261712116901,0.264,0.067,1.13819221095404e-306,"Excitatory Neurons (SubtypeA)","RP11-596C23.6"
"NORAD1",6.14777511561111e-310,0.655804914062368,0.683,0.286,1.64373063266094e-305,"Excitatory Neurons (SubtypeA)","NORAD"
"RP11-629N8.3",3.82763059937415e-308,1.14559197108503,0.144,0.022,1.02339359335467e-303,"Excitatory Neurons (SubtypeA)","RP11-629N8.3"
"AC016831.71",6.2431596429026e-307,0.533985974218347,0.524,0.196,1.66923359372287e-302,"Excitatory Neurons (SubtypeA)","AC016831.7"
"RP11-736K20.5",4.31584916313659e-305,0.762248669176976,0.18,0.035,1.15392859074783e-300,"Excitatory Neurons (SubtypeA)","RP11-736K20.5"
"CDR1-AS1",9.33805995874012e-305,0.687404187982317,0.422,0.145,2.49671709116835e-300,"Excitatory Neurons (SubtypeA)","CDR1-AS"
"RP5-1120P11.1",4.0906990054377e-303,0.902781903491678,0.151,0.025,1.09373019308388e-298,"Excitatory Neurons (SubtypeA)","RP5-1120P11.1"
"ZEB1-AS1",5.34243590129734e-302,0.275541511782334,0.288,0.078,1.42840708692987e-297,"Excitatory Neurons (SubtypeA)","ZEB1-AS1"
"RP11-343H19.1",6.80082377181409e-302,1.22365172942469,0.136,0.02,1.81833625186993e-297,"Excitatory Neurons (SubtypeA)","RP11-343H19.1"
"JAKMIP2-AS1",7.62600784695445e-302,0.378458046900244,0.222,0.051,2.03896571804021e-297,"Excitatory Neurons (SubtypeA)","JAKMIP2-AS1"
"MEF2C-AS11",4.43239658518607e-301,0.356986591372094,0.524,0.199,1.1850898749812e-296,"Excitatory Neurons (SubtypeA)","MEF2C-AS1"
"CTC-467M3.1",7.69028214762652e-301,1.28273906722948,0.149,0.025,2.0561507378109e-296,"Excitatory Neurons (SubtypeA)","CTC-467M3.1"
"CTD-2515A14.1",5.88279976107861e-299,0.561425500633489,0.177,0.034,1.57288417211959e-294,"Excitatory Neurons (SubtypeA)","CTD-2515A14.1"
"ZNF213-AS1",1.53690765081517e-297,0.344274736963358,0.25,0.063,4.10922998598453e-293,"Excitatory Neurons (SubtypeA)","ZNF213-AS1"
"EXOC3-AS1",3.46774091148747e-296,0.864613444290633,0.136,0.021,9.27169887504404e-292,"Excitatory Neurons (SubtypeA)","EXOC3-AS1"
"RP11-463D19.1",1.77389745734051e-295,0.417077847378278,0.22,0.051,4.74286963169132e-291,"Excitatory Neurons (SubtypeA)","RP11-463D19.1"
"SPANXA2-OT11",3.12593561874019e-294,0.543030711056004,0.292,0.082,8.35781406382564e-290,"Excitatory Neurons (SubtypeA)","SPANXA2-OT1"
"ST7-AS2",1.50626579435608e-293,0.936954115590142,0.126,0.018,4.02730285436984e-289,"Excitatory Neurons (SubtypeA)","ST7-AS2"
"RP11-337C18.81",2.31722156928018e-293,0.389415631437427,0.522,0.194,6.19555530978443e-289,"Excitatory Neurons (SubtypeA)","RP11-337C18.8"
"AC004237.1",1.91016330762115e-292,0.906327073764796,0.145,0.024,5.10720363558666e-288,"Excitatory Neurons (SubtypeA)","AC004237.1"
"RP11-3D4.2",3.55101538574419e-291,0.76349725053428,0.156,0.027,9.49434983686425e-287,"Excitatory Neurons (SubtypeA)","RP11-3D4.2"
"AC093375.1",3.64394974492063e-291,1.93337251462885,0.138,0.022,9.7428284329943e-287,"Excitatory Neurons (SubtypeA)","AC093375.1"
"LINC01234",2.32454871033418e-290,1.8835509943583,0.117,0.016,6.21514588682051e-286,"Excitatory Neurons (SubtypeA)","LINC01234"
"AC068490.2",3.11858128071162e-290,2.40039886043697,0.129,0.019,8.33815077023867e-286,"Excitatory Neurons (SubtypeA)","AC068490.2"
"RP11-523L20.2",7.90802989239113e-290,1.98608710126456,0.107,0.013,2.11436995232862e-285,"Excitatory Neurons (SubtypeA)","RP11-523L20.2"
"CTD-2015H6.3",1.00733631099849e-287,1.08186359481534,0.129,0.019,2.69331509471666e-283,"Excitatory Neurons (SubtypeA)","CTD-2015H6.3"
"AC003991.31",2.87202999215499e-287,0.546569672163491,0.224,0.054,7.6789465900248e-283,"Excitatory Neurons (SubtypeA)","AC003991.3"
"AC005592.21",5.57622238588514e-287,0.857728781245813,0.361,0.12,1.49091457931411e-282,"Excitatory Neurons (SubtypeA)","AC005592.2"
"RP11-689P11.2",2.04276858694264e-284,0.741579725638623,0.142,0.023,5.46175037090855e-280,"Excitatory Neurons (SubtypeA)","RP11-689P11.2"
"RP3-510L9.1",1.84524162927469e-281,0.269922504703564,0.293,0.084,4.93362254419174e-277,"Excitatory Neurons (SubtypeA)","RP3-510L9.1"
"RP11-890B15.3",9.52608599081862e-281,0.689924266331481,0.157,0.029,2.54698961136517e-276,"Excitatory Neurons (SubtypeA)","RP11-890B15.3"
"KCNK15-AS1",7.00235284903756e-280,0.642864205854525,0.189,0.041,1.87221908124717e-275,"Excitatory Neurons (SubtypeA)","KCNK15-AS1"
"C1orf132",7.630162204211e-280,0.421709893790089,0.785,0.355,2.04007646853989e-275,"Excitatory Neurons (SubtypeA)","C1orf132"
"RP11-20I20.2",4.20473660951896e-279,0.98122973528051,0.163,0.031,1.12422042728708e-274,"Excitatory Neurons (SubtypeA)","RP11-20I20.2"
"LINC01588",9.29556202814146e-278,0.631626687305978,0.177,0.036,2.48535441946418e-273,"Excitatory Neurons (SubtypeA)","LINC01588"
"RP11-266K4.9",3.81087082425087e-276,1.31692696774471,0.114,0.015,1.01891253227995e-271,"Excitatory Neurons (SubtypeA)","RP11-266K4.9"
"RP11-142A5.11",4.28744314936369e-276,0.504145277647956,0.282,0.081,1.14633367484537e-271,"Excitatory Neurons (SubtypeA)","RP11-142A5.1"
"LINC01210",7.20954469892378e-274,2.26583801999398,0.108,0.014,1.92761596615125e-269,"Excitatory Neurons (SubtypeA)","LINC01210"
"LINC00936",1.98435549915673e-273,1.26515805564083,0.122,0.018,5.30557129809534e-269,"Excitatory Neurons (SubtypeA)","LINC00936"
"RP11-712B9.2",3.32774775127099e-273,0.265762611978869,0.232,0.059,8.89739916257324e-269,"Excitatory Neurons (SubtypeA)","RP11-712B9.2"
"RP11-204E9.3",3.03983791457107e-272,1.56204693299471,0.1,0.012,8.12761463218868e-268,"Excitatory Neurons (SubtypeA)","RP11-204E9.3"
"GRPEL2-AS1",4.98937671988363e-270,0.743983823538084,0.137,0.023,1.33400965359529e-265,"Excitatory Neurons (SubtypeA)","GRPEL2-AS1"
"CTB-171A8.1",7.11992445540473e-269,0.613277643145366,0.149,0.027,1.90365420164156e-264,"Excitatory Neurons (SubtypeA)","CTB-171A8.1"
"CTD-2007H13.31",1.0923572854475e-268,0.301959995097577,0.602,0.241,2.92063567410098e-264,"Excitatory Neurons (SubtypeA)","CTD-2007H13.3"
"LINC01024",3.5694589043589e-268,1.10696330738467,0.114,0.016,9.5436622725844e-264,"Excitatory Neurons (SubtypeA)","LINC01024"
"CTD-2336H13.2",1.8938214589913e-264,1.25401315838783,0.15,0.028,5.06351043490504e-260,"Excitatory Neurons (SubtypeA)","CTD-2336H13.2"
"RP11-304M2.3",5.07393835358727e-264,0.599095728701116,0.149,0.028,1.35661889759863e-259,"Excitatory Neurons (SubtypeA)","RP11-304M2.3"
"RP11-238K6.1",3.66617245540525e-262,1.02907903374536,0.141,0.025,9.80224529401702e-258,"Excitatory Neurons (SubtypeA)","RP11-238K6.1"
"RP11-121C2.2",2.00797370612281e-260,1.10709368030582,0.109,0.015,5.36871929806055e-256,"Excitatory Neurons (SubtypeA)","RP11-121C2.2"
"RP11-134O21.1",1.08385591477855e-259,1.14569724715022,0.126,0.02,2.89790555934342e-255,"Excitatory Neurons (SubtypeA)","RP11-134O21.1"
"AP000462.21",1.96188758225225e-258,0.469980034830371,0.262,0.074,5.24549882866783e-254,"Excitatory Neurons (SubtypeA)","AP000462.2"
"AC007405.4",3.51930578452006e-258,0.972101939577835,0.134,0.023,9.40956787607127e-254,"Excitatory Neurons (SubtypeA)","AC007405.4"
"PSMG3-AS1",7.75901303909303e-257,0.609812881233811,0.155,0.031,2.0745273162623e-252,"Excitatory Neurons (SubtypeA)","PSMG3-AS1"
"FALEC",2.21668274725578e-256,0.830476951849997,0.135,0.024,5.92674466133778e-252,"Excitatory Neurons (SubtypeA)","FALEC"
"RP11-116O11.1",2.38324736188739e-256,1.07395634320398,0.117,0.018,6.3720884714783e-252,"Excitatory Neurons (SubtypeA)","RP11-116O11.1"
"FLJ12825",8.50522620325436e-255,1.08186456552254,0.111,0.016,2.27404232996412e-250,"Excitatory Neurons (SubtypeA)","FLJ12825"
"RP11-136K7.2",1.80268233244771e-254,1.36311653582686,0.128,0.021,4.81983175226544e-250,"Excitatory Neurons (SubtypeA)","RP11-136K7.2"
"AC145124.2",1.2010171180111e-251,0.90033448257262,0.134,0.024,3.21115946842629e-247,"Excitatory Neurons (SubtypeA)","AC145124.2"
"RP11-321C24.1",2.68851327101701e-251,0.404204161952935,0.163,0.034,7.18827793271819e-247,"Excitatory Neurons (SubtypeA)","RP11-321C24.1"
"H1FX-AS1",2.83621086097548e-250,0.780051175625111,0.124,0.02,7.58317697899013e-246,"Excitatory Neurons (SubtypeA)","H1FX-AS1"
"AC037445.11",3.8912149961659e-250,0.358101663046409,0.227,0.06,1.04039415352488e-245,"Excitatory Neurons (SubtypeA)","AC037445.1"
"RP11-768F21.1",4.74516978938738e-248,0.311119927221579,0.193,0.046,1.2687160465885e-243,"Excitatory Neurons (SubtypeA)","RP11-768F21.1"
"CTC-490G23.6",5.71757860169088e-245,0.447200861674225,0.194,0.047,1.52870899073409e-240,"Excitatory Neurons (SubtypeA)","CTC-490G23.6"
"RP11-80H5.9",5.70671770183464e-243,0.373496674766792,0.197,0.048,1.52580511193953e-238,"Excitatory Neurons (SubtypeA)","RP11-80H5.9"
"PKN2-AS11",1.59049824594052e-242,0.972091820949843,0.246,0.072,4.25251516017116e-238,"Excitatory Neurons (SubtypeA)","PKN2-AS1"
"RP11-24I21.1",6.41080177917721e-239,1.3152085011883,0.1,0.014,1.71405607169861e-234,"Excitatory Neurons (SubtypeA)","RP11-24I21.1"
"MIR646HG",1.53270029457944e-238,0.522186939058093,0.414,0.164,4.09798077761704e-234,"Excitatory Neurons (SubtypeA)","MIR646HG"
"USP2-AS1",2.39176427248923e-236,0.453866254223789,0.143,0.028,6.39486013535445e-232,"Excitatory Neurons (SubtypeA)","USP2-AS1"
"CTC-436P18.1",2.93208780353416e-236,0.357555274416222,0.194,0.048,7.83952316030928e-232,"Excitatory Neurons (SubtypeA)","CTC-436P18.1"
"RP11-819C21.1",5.92613776714122e-236,0.497941235859963,0.155,0.033,1.58447145480055e-231,"Excitatory Neurons (SubtypeA)","RP11-819C21.1"
"RP11-506H20.1",7.57756447784753e-233,0.626708031796666,0.135,0.026,2.02601341444209e-228,"Excitatory Neurons (SubtypeA)","RP11-506H20.1"
"DCTN1-AS1",9.89042995928281e-232,0.867817291877451,0.115,0.019,2.64440425821344e-227,"Excitatory Neurons (SubtypeA)","DCTN1-AS1"
"PRCAT47",2.89206162893009e-231,1.0969686882476,0.105,0.016,7.73250517727038e-227,"Excitatory Neurons (SubtypeA)","PRCAT47"
"RP11-377D9.3",4.08667427472848e-231,0.71920243892502,0.108,0.017,1.09265410083415e-226,"Excitatory Neurons (SubtypeA)","RP11-377D9.3"
"RP11-77I22.2",2.78239055041169e-230,0.760198532813311,0.109,0.017,7.43927761463574e-226,"Excitatory Neurons (SubtypeA)","RP11-77I22.2"
"AC004076.5",5.7569608741515e-229,0.983341988191898,0.102,0.015,1.53923862892189e-224,"Excitatory Neurons (SubtypeA)","AC004076.5"
"RP11-90D4.3",1.52425548064908e-228,1.07384174122256,0.115,0.019,4.07540187861143e-224,"Excitatory Neurons (SubtypeA)","RP11-90D4.3"
"LINC01567",4.45935726124451e-228,0.818295984109119,0.115,0.019,1.19229835093894e-223,"Excitatory Neurons (SubtypeA)","LINC01567"
"RP11-446J8.11",7.2368501466385e-228,0.367813479836335,0.212,0.057,1.93491662370674e-223,"Excitatory Neurons (SubtypeA)","RP11-446J8.1"
"RP11-119D9.1",2.2844263162491e-227,0.765083500490058,0.136,0.026,6.10787064175522e-223,"Excitatory Neurons (SubtypeA)","RP11-119D9.1"
"PCF11-AS1",3.2873803768437e-226,0.524980216784094,0.153,0.033,8.789468913567e-222,"Excitatory Neurons (SubtypeA)","PCF11-AS1"
"CTC-260E6.61",8.42710912381624e-225,0.278087161527563,0.255,0.078,2.25315616643475e-220,"Excitatory Neurons (SubtypeA)","CTC-260E6.6"
"RP11-658F2.8",2.07143574657728e-223,0.626366317422467,0.137,0.028,5.53839775562366e-219,"Excitatory Neurons (SubtypeA)","RP11-658F2.8"
"RP11-505E24.2",8.85718466319037e-222,0.297974581122983,0.163,0.037,2.36814546339721e-217,"Excitatory Neurons (SubtypeA)","RP11-505E24.2"
"LINC00571",3.11775634987047e-219,0.779944666573102,0.122,0.023,8.33594515264867e-215,"Excitatory Neurons (SubtypeA)","LINC00571"
"LINC00871",3.31646406550332e-219,2.07626481538177,0.101,0.016,8.86722997193622e-215,"Excitatory Neurons (SubtypeA)","LINC00871"
"RP11-2H3.7",2.05388849631055e-218,0.619044740770676,0.128,0.025,5.49148167258551e-214,"Excitatory Neurons (SubtypeA)","RP11-2H3.7"
"RP11-274B21.9",2.63899467117225e-218,1.24443261151134,0.105,0.017,7.05588005231326e-214,"Excitatory Neurons (SubtypeA)","RP11-274B21.9"
"AP001172.2",2.67064129503881e-218,1.21066232217073,0.101,0.016,7.14049363054525e-214,"Excitatory Neurons (SubtypeA)","AP001172.2"
"BAIAP2-AS1",6.58020509613004e-217,0.793606582359431,0.109,0.018,1.75934943655229e-212,"Excitatory Neurons (SubtypeA)","BAIAP2-AS1"
"AC005609.16",1.24774477628592e-215,0.701358966397996,0.138,0.029,3.33609520835567e-211,"Excitatory Neurons (SubtypeA)","AC005609.16"
"HCG11",2.76055609142419e-214,0.665747497412745,0.115,0.021,7.38089882164086e-210,"Excitatory Neurons (SubtypeA)","HCG11"
"RP11-296E23.1",2.18014880117342e-212,0.76019118965752,0.104,0.017,5.82906384969736e-208,"Excitatory Neurons (SubtypeA)","RP11-296E23.1"
"AC009228.1",1.92908765662178e-211,0.721593766614884,0.113,0.02,5.15780166750964e-207,"Excitatory Neurons (SubtypeA)","AC009228.1"
"AC005786.7",3.54790092737249e-211,0.769006775085912,0.131,0.026,9.48602270951584e-207,"Excitatory Neurons (SubtypeA)","AC005786.7"
"RP11-635N19.1",1.31987610593961e-207,0.373773233897352,0.173,0.043,3.52895274445073e-203,"Excitatory Neurons (SubtypeA)","RP11-635N19.1"
"TRAF3IP2-AS11",1.47474186186767e-206,0.394206054887632,0.885,0.505,3.94301731607558e-202,"Excitatory Neurons (SubtypeA)","TRAF3IP2-AS1"
"GS1-57L11.1",5.94988997643888e-206,0.762761096387218,0.126,0.025,1.59082208300046e-201,"Excitatory Neurons (SubtypeA)","GS1-57L11.1"
"NBAT1",1.99217576025248e-203,0.883709057662651,0.115,0.021,5.32648033018705e-199,"Excitatory Neurons (SubtypeA)","NBAT1"
"TH2LCRR",1.22558389845606e-201,0.804323473658227,0.113,0.021,3.27684366930197e-197,"Excitatory Neurons (SubtypeA)","TH2LCRR"
"CTD-3113P16.11",1.90938011551851e-199,0.879397363542862,0.11,0.02,5.10510961486184e-195,"Excitatory Neurons (SubtypeA)","CTD-3113P16.11"
"AC007285.61",2.19625470104027e-198,0.301282083219133,0.197,0.056,5.87212619417137e-194,"Excitatory Neurons (SubtypeA)","AC007285.6"
"CD81-AS1",3.73846217806226e-196,0.440596735773408,0.143,0.033,9.99552632548508e-192,"Excitatory Neurons (SubtypeA)","CD81-AS1"
"ATP6V0E2-AS1",3.5977200107788e-195,0.373678268007149,0.126,0.026,9.61922399281929e-191,"Excitatory Neurons (SubtypeA)","ATP6V0E2-AS1"
"RP11-16B13.1",2.4623744527382e-194,0.485773923797802,0.191,0.054,6.58365057428613e-190,"Excitatory Neurons (SubtypeA)","RP11-16B13.1"
"GAS1RR",3.5192619236698e-194,0.483949117617827,0.138,0.031,9.40945060531594e-190,"Excitatory Neurons (SubtypeA)","GAS1RR"
"RP11-675F6.3",4.60638306177499e-194,0.89342126553653,0.104,0.018,1.23160863922678e-189,"Excitatory Neurons (SubtypeA)","RP11-675F6.3"
"CTB-129O4.1",4.18759204085731e-193,0.345574548064436,0.128,0.027,1.11963648396402e-188,"Excitatory Neurons (SubtypeA)","CTB-129O4.1"
"LINC00266-1",4.6386809505795e-190,0.356566766552743,0.128,0.028,1.24024412575644e-185,"Excitatory Neurons (SubtypeA)","LINC00266-1"
"RP11-754B17.1",6.29365055457857e-190,0.469448943148866,0.126,0.027,1.68273334877767e-185,"Excitatory Neurons (SubtypeA)","RP11-754B17.1"
"RP11-774O3.3",6.39914774184681e-190,0.584774967001129,0.122,0.025,1.71094013173758e-185,"Excitatory Neurons (SubtypeA)","RP11-774O3.3"
"RP11-803B1.8",4.83445347297276e-187,0.288678944629543,0.159,0.041,1.29258782506873e-182,"Excitatory Neurons (SubtypeA)","RP11-803B1.8"
"DACT3-AS1",1.97418892524042e-186,0.787607943586566,0.108,0.021,5.27838892941532e-182,"Excitatory Neurons (SubtypeA)","DACT3-AS1"
"AC093323.3",4.08875374091999e-186,0.501777230731115,0.118,0.024,1.09321008770978e-181,"Excitatory Neurons (SubtypeA)","AC093323.3"
"DDX11-AS1",8.62084173537664e-179,0.433292966478828,0.119,0.025,2.30495445478765e-174,"Excitatory Neurons (SubtypeA)","DDX11-AS1"
"RAET1E-AS1",2.16805680280955e-176,0.777213269715552,0.115,0.024,5.7967334736719e-172,"Excitatory Neurons (SubtypeA)","RAET1E-AS1"
"RP11-21B21.4",4.49574465205472e-175,0.487719261491362,0.123,0.027,1.20202724761987e-170,"Excitatory Neurons (SubtypeA)","RP11-21B21.4"
"LINC01317",4.32661551975816e-170,1.28418361514397,0.105,0.022,1.15680719151774e-165,"Excitatory Neurons (SubtypeA)","LINC01317"
"RP11-257I14.1",5.14051126075321e-170,0.495823533508313,0.102,0.02,1.37441849578759e-165,"Excitatory Neurons (SubtypeA)","RP11-257I14.1"
"LINCR-0001",3.98448945588399e-169,0.392544644949935,0.159,0.044,1.0653329458197e-164,"Excitatory Neurons (SubtypeA)","LINCR-0001"
"TSPOAP1-AS1",2.6100436724766e-167,0.399535158613917,0.108,0.023,6.9784737671007e-163,"Excitatory Neurons (SubtypeA)","TSPOAP1-AS1"
"AC069513.4",3.94337768766889e-164,0.369771580456754,0.104,0.022,1.05434089235203e-159,"Excitatory Neurons (SubtypeA)","AC069513.4"
"TMEM161B-AS11",2.33214205196364e-163,0.342637408630412,0.918,0.609,6.23544820433517e-159,"Excitatory Neurons (SubtypeA)","TMEM161B-AS1"
"MFI2-AS1",7.45295616901758e-162,0.492842985207108,0.121,0.028,1.99269689091023e-157,"Excitatory Neurons (SubtypeA)","MFI2-AS1"
"AC092684.1",2.39865244611035e-161,1.77465196394103,0.106,0.023,6.41327704516525e-157,"Excitatory Neurons (SubtypeA)","AC092684.1"
"RP11-382A20.5",2.93810289207921e-161,0.264108560270405,0.112,0.025,7.85560570255219e-157,"Excitatory Neurons (SubtypeA)","RP11-382A20.5"
"CTD-3193K9.41",2.98464680654418e-159,0.267619806722903,0.181,0.056,7.98005016665717e-155,"Excitatory Neurons (SubtypeA)","CTD-3193K9.4"
"RP11-244M2.1",2.29786210996959e-158,0.697474804888091,0.161,0.047,6.14379392342571e-154,"Excitatory Neurons (SubtypeA)","RP11-244M2.1"
"SLC2A1-AS1",3.56519900889348e-157,0.312766083597495,0.146,0.04,9.5322725900785e-153,"Excitatory Neurons (SubtypeA)","SLC2A1-AS1"
"A2M-AS1",6.19100969541575e-155,0.375073604831863,0.108,0.024,1.65529026226331e-150,"Excitatory Neurons (SubtypeA)","A2M-AS1"
"RP11-360L9.4",1.14132622399251e-150,0.488082644009554,0.1,0.021,3.05156392508877e-146,"Excitatory Neurons (SubtypeA)","RP11-360L9.4"
"CYP1B1-AS1",8.29460572379049e-146,0.817534086439707,0.113,0.028,2.21772873236986e-141,"Excitatory Neurons (SubtypeA)","CYP1B1-AS1"
"RP11-543C4.1",3.41971813408175e-113,0.291294421257185,0.11,0.031,9.14330037509438e-109,"Excitatory Neurons (SubtypeA)","RP11-543C4.1"
"LINC014702",2.45864754487851e-90,0.77447489373899,0.196,0.084,6.57368594074168e-86,"Excitatory Neurons (SubtypeA)","LINC01470"
"RP11-69I8.3",4.97506497010019e-90,0.266221599447345,0.235,0.109,1.33018312105569e-85,"Excitatory Neurons (SubtypeA)","RP11-69I8.3"
"OTX2-AS11",1.18419434364853e-83,0.306307358052032,0.137,0.053,3.16618041661308e-79,"Excitatory Neurons (SubtypeA)","OTX2-AS1"
"CH507-528H12.11",6.04976624283612e-82,0.322755124753912,0.836,0.53,1.61752600034709e-77,"Excitatory Neurons (SubtypeA)","CH507-528H12.1"
"CH507-513H4.11",2.08563670197824e-70,0.352548299831583,0.898,0.61,5.57636685007922e-66,"Excitatory Neurons (SubtypeA)","CH507-513H4.1"
"RP11-556E13.1",0,9.25520226392462,0.832,0.013,0,"Microglia","RP11-556E13.1"
"RP11-707A18.1",0,6.64114253944086,0.712,0.02,0,"Microglia","RP11-707A18.1"
"DLEU7-AS1",0,7.20312757804506,0.606,0.015,0,"Microglia","DLEU7-AS1"
"CH17-437K3.11",0,4.33895240520125,0.667,0.131,0,"Microglia","CH17-437K3.1"
"MIR646HG1",0,3.36048163314404,0.61,0.142,0,"Microglia","MIR646HG"
"LINC002781",0,4.16469830866488,0.49,0.057,0,"Microglia","LINC00278"
"LINC010941",0,2.54212700129941,0.501,0.079,0,"Microglia","LINC01094"
"MIR223",0,9.99023032139651,0.361,0.001,0,"Microglia","MIR223"
"AP000476.1",0,7.85188974386132,0.362,0.005,0,"Microglia","AP000476.1"
"RP11-489O18.1",0,9.86056410611394,0.341,0.001,0,"Microglia","RP11-489O18.1"
"AC008697.1",0,5.41629328800301,0.354,0.048,0,"Microglia","AC008697.1"
"CCDC26",0,6.42985507493543,0.344,0.038,0,"Microglia","CCDC26"
"ABHD15-AS1",0,3.33759000233058,0.39,0.091,0,"Microglia","ABHD15-AS1"
"LINC01141",0,7.28145611786798,0.304,0.007,0,"Microglia","LINC01141"
"RP11-552D4.1",0,7.57361133315553,0.293,0.002,0,"Microglia","RP11-552D4.1"
"MEF2C-AS12",0,2.06572231785909,0.49,0.204,0,"Microglia","MEF2C-AS1"
"C22orf34",0,2.7569015692119,0.33,0.061,0,"Microglia","C22orf34"
"RP11-480C22.1",0,8.24995871144281,0.268,0.004,0,"Microglia","RP11-480C22.1"
"RP11-588H23.3",0,4.90790403079046,0.278,0.023,0,"Microglia","RP11-588H23.3"
"RP11-756G20.1",0,6.00203277640846,0.256,0.007,0,"Microglia","RP11-756G20.1"
"RP11-455P21.3",0,3.11290008182071,0.332,0.094,0,"Microglia","RP11-455P21.3"
"LINC01410",0,5.1482029584716,0.256,0.02,0,"Microglia","LINC01410"
"MIR34A1",0,3.27077661246656,0.298,0.066,0,"Microglia","MIR34A"
"AC074289.1",0,3.83942992402427,0.257,0.032,0,"Microglia","AC074289.1"
"RP11-16C1.3",0,3.98389638973002,0.25,0.035,0,"Microglia","RP11-16C1.3"
"LINC01091",0,5.37018964190971,0.23,0.024,0,"Microglia","LINC01091"
"RP11-305L7.3",0,3.26590284920783,0.283,0.083,0,"Microglia","RP11-305L7.3"
"RP11-946L16.1",0,7.79483340057004,0.194,0.003,0,"Microglia","RP11-946L16.1"
"RP11-142M10.2",0,5.09599221810321,0.198,0.02,0,"Microglia","RP11-142M10.2"
"MIR222HG",0,3.06266768551489,0.211,0.039,0,"Microglia","MIR222HG"
"LINC01268",0,5.93676829269393,0.176,0.005,0,"Microglia","LINC01268"
"AC009784.3",0,5.67842920305551,0.167,0.009,0,"Microglia","AC009784.3"
"CTD-2282P23.2",0,3.44372480577483,0.181,0.025,0,"Microglia","CTD-2282P23.2"
"LINC01146",0,7.83963298196366,0.155,0.002,0,"Microglia","LINC01146"
"NEAT12",0,0.812707042444665,0.995,0.852,0,"Microglia","NEAT1"
"AC093818.1",0,3.3093542069334,0.169,0.029,0,"Microglia","AC093818.1"
"CTD-2353F22.1",0,4.75553338161513,0.148,0.01,0,"Microglia","CTD-2353F22.1"
"MIR503HG",0,7.12094389935104,0.133,0.002,0,"Microglia","MIR503HG"
"RP3-477O4.14",0,4.37240190867997,0.143,0.017,0,"Microglia","RP3-477O4.14"
"RP11-41O4.1",0,4.12586974310177,0.147,0.022,0,"Microglia","RP11-41O4.1"
"SRGAP2-AS1",0,5.29353117804184,0.134,0.01,0,"Microglia","SRGAP2-AS1"
"RP11-202G18.1",0,6.13657603789726,0.131,0.007,0,"Microglia","RP11-202G18.1"
"GAS6-AS1",0,4.4784045868595,0.136,0.015,0,"Microglia","GAS6-AS1"
"RP11-115J23.1",0,4.24556577139948,0.133,0.013,0,"Microglia","RP11-115J23.1"
"AC024084.1",0,6.79163360679281,0.115,0.002,0,"Microglia","AC024084.1"
"LINC01480",0,7.94230329324082,0.11,0.001,0,"Microglia","LINC01480"
"AP001055.6",0,4.08341982237034,0.116,0.008,0,"Microglia","AP001055.6"
"RP11-693J15.5",0,6.42172594196043,0.106,0.003,0,"Microglia","RP11-693J15.5"
"ITGB2-AS1",0,6.96794625325098,0.103,0.001,0,"Microglia","ITGB2-AS1"
"RP11-834C11.4",0,6.79904445300963,0.101,0.001,0,"Microglia","RP11-834C11.4"
"RP11-6I2.3",0,4.86103726363152,0.106,0.006,0,"Microglia","RP11-6I2.3"
"AC003090.1",6.91691904177745e-323,3.65486733070342,0.138,0.02,1.84937664420004e-318,"Microglia","AC003090.1"
"AC009950.2",1.22824719556134e-320,3.51958197124732,0.157,0.027,3.28396452677235e-316,"Microglia","AC009950.2"
"PVT11",2.12674220374205e-297,2.62655181835234,0.285,0.095,5.68627063014511e-293,"Microglia","PVT1"
"HIF1A-AS2",8.59487557810599e-292,1.73064569870095,0.304,0.101,2.2980118833182e-287,"Microglia","HIF1A-AS2"
"RP11-624C23.11",6.05195566720502e-288,1.55269637158843,0.325,0.114,1.61811138674061e-283,"Microglia","RP11-624C23.1"
"RP11-35G9.5",6.97471366590431e-288,2.41924028851197,0.28,0.093,1.86482919285284e-283,"Microglia","RP11-35G9.5"
"RP11-415J8.3",1.48980802623895e-258,3.0377311764309,0.166,0.038,3.98329971975507e-254,"Microglia","RP11-415J8.3"
"CTD-2020K17.11",1.22427346523795e-256,3.61041373447981,0.197,0.055,3.2733399640067e-252,"Microglia","CTD-2020K17.1"
"NCK1-AS1",7.74519847321819e-247,2.98536978676938,0.178,0.045,2.07083371578435e-242,"Microglia","NCK1-AS1"
"MAP3K141",2.33400201566002e-245,2.00443223150911,0.34,0.146,6.24042118927021e-241,"Microglia","MAP3K14"
"RP11-630C16.2",6.20631784830711e-239,3.25772747655169,0.175,0.045,1.65938320310187e-234,"Microglia","RP11-630C16.2"
"RP11-649G15.21",1.93572285715109e-230,3.51293128804465,0.167,0.042,5.17554220316488e-226,"Microglia","RP11-649G15.2"
"RP11-452H21.1",4.20932169079211e-215,2.02576880893086,0.336,0.156,1.12544634046709e-210,"Microglia","RP11-452H21.1"
"DLEU21",7.38568494845627e-198,0.92566915920031,0.753,0.607,1.97471058466875e-193,"Microglia","DLEU2"
"FAM157C",1.79978127785416e-183,1.82220182907945,0.425,0.266,4.81207520259868e-179,"Microglia","FAM157C"
"XACT1",4.06707736087077e-158,3.94848720028306,0.161,0.053,1.08741447397602e-153,"Microglia","XACT"
"RP11-707P17.12",2.72041525490662e-156,2.05961185145841,0.289,0.139,7.27357426704382e-152,"Microglia","RP11-707P17.1"
"RP11-395G23.3",1.5349674454096e-152,3.3173568470266,0.12,0.032,4.10404245879165e-148,"Microglia","RP11-395G23.3"
"LINC006231",6.16461590115301e-144,1.415927170833,0.418,0.269,1.64823335349128e-139,"Microglia","LINC00623"
"RNASEH2B-AS1",1.88871686434204e-134,2.86597375328749,0.101,0.025,5.0498622801913e-130,"Microglia","RNASEH2B-AS1"
"RP3-522D1.11",7.12219690028433e-132,3.4915400202769,0.14,0.047,1.90426178522902e-127,"Microglia","RP3-522D1.1"
"RP11-488L18.10",2.34970335769408e-131,2.37428517009043,0.123,0.036,6.28240186746667e-127,"Microglia","RP11-488L18.10"
"C1orf1321",6.85591708384122e-130,1.14055414149557,0.509,0.389,1.83306655070663e-125,"Microglia","C1orf132"
"LINC01001",1.46039706526059e-114,2.51548657870969,0.121,0.039,3.90466363338724e-110,"Microglia","LINC01001"
"KB-1507C5.41",1.10902067122136e-112,2.35889914999078,0.167,0.068,2.96518856864455e-108,"Microglia","KB-1507C5.4"
"UBR5-AS1",2.39946385263568e-109,2.32664113968542,0.134,0.048,6.41544650279201e-105,"Microglia","UBR5-AS1"
"RP11-417F21.1",6.004312501002e-105,2.22678638636316,0.117,0.038,1.6053730333929e-100,"Microglia","RP11-417F21.1"
"SLC8A1-AS12",1.65289401928855e-79,1.73881775565629,0.166,0.079,4.4193427393718e-75,"Microglia","SLC8A1-AS1"
"RP11-439A17.10",2.36951840579848e-78,2.3018142265272,0.121,0.049,6.33538136158339e-74,"Microglia","RP11-439A17.10"
"SNHG12",3.02510547785187e-78,2.20933779363955,0.129,0.054,8.08822451613254e-74,"Microglia","SNHG12"
"CTD-2341M24.11",2.60953451597782e-71,1.57626890669315,0.198,0.107,6.97711243536988e-67,"Microglia","CTD-2341M24.1"
"AC009948.51",9.85669645794779e-70,2.18363679130717,0.164,0.084,2.6353849319615e-65,"Microglia","AC009948.5"
"SEMA6A-AS1",6.73999493624087e-69,1.84342483055553,0.198,0.111,1.80207244610272e-64,"Microglia","SEMA6A-AS1"
"RP11-563J2.21",3.30406459053221e-63,1.44116689449259,0.147,0.071,8.83407749570596e-59,"Microglia","RP11-563J2.2"
"ELMO1-AS12",1.87887947590023e-61,1.28938642031647,0.2,0.112,5.02356005471446e-57,"Microglia","ELMO1-AS1"
"CTC-575N7.11",1.39376994799521e-51,2.93956269666933,0.1,0.046,3.72652270995478e-47,"Microglia","CTC-575N7.1"
"AC015691.131",4.31524193780271e-50,1.37970581249391,0.126,0.063,1.15376623691031e-45,"Microglia","AC015691.13"
"FIRRE1",8.73585096457211e-38,1.08980513366584,0.206,0.136,2.33570447239765e-33,"Microglia","FIRRE"
"AC097721.2",1.09896717258407e-36,1.45749318784851,0.163,0.102,2.93830852933803e-32,"Microglia","AC097721.2"
"RP3-475N16.11",1.6047101060901e-35,1.92691055838953,0.125,0.073,4.2905134106531e-31,"Microglia","RP3-475N16.1"
"DPYD-AS11",4.25884392458397e-34,1.29046496565921,0.146,0.089,1.13868710011602e-29,"Microglia","DPYD-AS1"
"SAP30L-AS1",1.79272194762138e-26,1.08882769333359,0.135,0.085,4.79320067135527e-22,"Microglia","SAP30L-AS1"
"RP11-1000B6.31",1.53001755133653e-23,0.782697207806862,0.4,0.379,4.09080792700847e-19,"Microglia","RP11-1000B6.3"
"ZFAS1",1.64903962090557e-20,1.16619681689578,0.179,0.135,4.40903723441521e-16,"Microglia","ZFAS1"
"RP11-557H15.41",3.86750472201818e-20,0.566228050695006,0.179,0.126,1.034054737526e-15,"Microglia","RP11-557H15.4"
"GMDS-AS11",1.00012735385602e-16,0.641970016562111,0.479,0.486,2.67404050600484e-12,"Microglia","GMDS-AS1"
"SBF2-AS1",1.79857638841308e-16,1.587505985875,0.1,0.067,4.80885368970005e-12,"Microglia","SBF2-AS1"
"C8orf37-AS11",4.42044115336093e-16,1.27279723219932,0.133,0.096,1.18189335117411e-11,"Microglia","C8orf37-AS1"
"RP11-16B9.1",1.22594685210371e-14,1.18842498873265,0.115,0.082,3.2778140984697e-10,"Microglia","RP11-16B9.1"
"CH507-513H4.12",3.50915024340252e-11,0.34412389944784,0.6,0.646,9.38241500578532e-07,"Microglia","CH507-513H4.1"
"AP000487.61",7.15641871657027e-10,0.859167951205547,0.157,0.129,1.91341167224939e-05,"Microglia","AP000487.6"
"CTD-2054N24.21",7.22264502949366e-10,1.05845723331086,0.128,0.101,1.93111860153572e-05,"Microglia","CTD-2054N24.2"
"RP11-187O7.31",1.1791283614428e-09,1.59200596558794,0.151,0.126,3.15263549998962e-05,"Microglia","RP11-187O7.3"
"NUP50-AS12",9.49729371746686e-09,0.256385195022696,0.2,0.269,0.000253929142123911,"Microglia","NUP50-AS1"
"KCNMB2-AS11",1.97519968618788e-08,0.263150044266933,0.126,0.171,0.000528109140096052,"Microglia","KCNMB2-AS1"
"LINC008861",1.90192356551708e-07,0.277424125864663,0.097,0.134,0.00508517303712303,"Microglia","LINC00886"
"RP11-421L21.31",3.50961192528756e-07,0.327374075920529,0.086,0.12,0.00938364940464136,"Microglia","RP11-421L21.3"
"EBLN3P",1.23989195109268e-06,0.325298805941942,0.109,0.147,0.0331509910963651,"Microglia","EBLN3P"
"NUTM2B-AS1",4.41133387930441e-06,0.443126195690007,0.442,0.481,0.117945833930962,"Microglia","NUTM2B-AS1"
"RFPL1S1",1.01852696902948e-05,0.856471775783852,0.084,0.115,0.272323555709411,"Microglia","RFPL1S"
"RP11-426C22.5",1.77490451813425e-05,0.819763679748706,0.199,0.186,0.474556221013554,"Microglia","RP11-426C22.5"
"INTS6-AS1",5.0939946915525e-05,0.329306637812238,0.093,0.122,1,"Microglia","INTS6-AS1"
"LIPE-AS1",5.16827600703818e-05,0.264979917887618,0.164,0.206,1,"Microglia","LIPE-AS1"
"TTTY151",0.000562524052712756,1.04046016800099,0.146,0.137,1,"Microglia","TTTY15"
"CTD-2337A12.11",0.000798134212011052,0.678495925892736,0.181,0.17,1,"Microglia","CTD-2337A12.1"
"RP11-83A24.21",0.000921980355974105,0.319990120706551,0.286,0.351,1,"Microglia","RP11-83A24.2"
"MIR181A2HG1",0.00120499177392805,0.32189949132313,0.115,0.141,1,"Microglia","MIR181A2HG"
"RP11-99E15.21",0.00303357467881778,0.82484651677974,0.163,0.156,1,"Microglia","RP11-99E15.2"
"LINC005111",0,3.43191903843824,0.948,0.206,0,"Oligodendrocytes precursor cells (OPCs)","LINC00511"
"RP4-668E10.4",0,8.58445202585012,0.675,0.007,0,"Oligodendrocytes precursor cells (OPCs)","RP4-668E10.4"
"LINC013221",0,3.59797477904784,0.766,0.129,0,"Oligodendrocytes precursor cells (OPCs)","LINC01322"
"RP11-384F7.22",0,1.79193067261953,0.95,0.337,0,"Oligodendrocytes precursor cells (OPCs)","RP11-384F7.2"
"AC007563.51",0,4.38658954873781,0.67,0.066,0,"Oligodendrocytes precursor cells (OPCs)","AC007563.5"
"NOVA1-AS11",0,4.63944153336468,0.641,0.068,0,"Oligodendrocytes precursor cells (OPCs)","NOVA1-AS1"
"SNHG231",0,1.93172856648412,0.673,0.139,0,"Oligodendrocytes precursor cells (OPCs)","SNHG23"
"KCNMB2-AS12",0,2.70101298737125,0.627,0.13,0,"Oligodendrocytes precursor cells (OPCs)","KCNMB2-AS1"
"RP11-69I8.31",0,3.31840566613973,0.572,0.087,0,"Oligodendrocytes precursor cells (OPCs)","RP11-69I8.3"
"RP11-454P21.11",0,3.61979887035373,0.545,0.076,0,"Oligodendrocytes precursor cells (OPCs)","RP11-454P21.1"
"XXbac-BPG55C20.7",0,2.73966279222683,0.637,0.185,0,"Oligodendrocytes precursor cells (OPCs)","XXbac-BPG55C20.7"
"U91319.12",0,3.19257498920514,0.456,0.092,0,"Oligodendrocytes precursor cells (OPCs)","U91319.1"
"AC091878.11",0,2.65893110359911,0.465,0.11,0,"Oligodendrocytes precursor cells (OPCs)","AC091878.1"
"CTD-2058B24.22",0,2.03948483199711,0.53,0.18,0,"Oligodendrocytes precursor cells (OPCs)","CTD-2058B24.2"
"AC005592.22",0,2.52950238304946,0.463,0.121,0,"Oligodendrocytes precursor cells (OPCs)","AC005592.2"
"MIR9-3HG1",0,3.32284593945616,0.388,0.052,0,"Oligodendrocytes precursor cells (OPCs)","MIR9-3HG"
"LINC009372",0,1.99286740792557,0.463,0.16,0,"Oligodendrocytes precursor cells (OPCs)","LINC00937"
"RP11-586K2.11",0,2.97340053396945,0.387,0.099,0,"Oligodendrocytes precursor cells (OPCs)","RP11-586K2.1"
"ZEB1-AS11",0,2.79253457467704,0.361,0.08,0,"Oligodendrocytes precursor cells (OPCs)","ZEB1-AS1"
"AC004540.52",0,2.34046163415983,0.399,0.123,0,"Oligodendrocytes precursor cells (OPCs)","AC004540.5"
"RP11-945C19.41",0,3.86756590682261,0.322,0.047,0,"Oligodendrocytes precursor cells (OPCs)","RP11-945C19.4"
"IPO9-AS11",0,2.19916784443043,0.392,0.123,0,"Oligodendrocytes precursor cells (OPCs)","IPO9-AS1"
"RP11-384J4.21",0,4.22967020455558,0.281,0.033,0,"Oligodendrocytes precursor cells (OPCs)","RP11-384J4.2"
"RP11-176N18.2",0,5.5851200622188,0.26,0.015,0,"Oligodendrocytes precursor cells (OPCs)","RP11-176N18.2"
"ELFN21",0,3.93429365857982,0.293,0.05,0,"Oligodendrocytes precursor cells (OPCs)","ELFN2"
"LINC015501",0,3.15110572673671,0.265,0.029,0,"Oligodendrocytes precursor cells (OPCs)","LINC01550"
"FAM95B11",0,3.29666619335495,0.278,0.062,0,"Oligodendrocytes precursor cells (OPCs)","FAM95B1"
"MIR3681HG",0,4.60664136113,0.233,0.031,0,"Oligodendrocytes precursor cells (OPCs)","MIR3681HG"
"RP11-257I14.11",0,5.07561967674122,0.198,0.015,0,"Oligodendrocytes precursor cells (OPCs)","RP11-257I14.1"
"RP11-675F6.31",0,4.90718483582284,0.192,0.015,0,"Oligodendrocytes precursor cells (OPCs)","RP11-675F6.3"
"RP11-231C18.1",0,4.80380416388338,0.19,0.014,0,"Oligodendrocytes precursor cells (OPCs)","RP11-231C18.1"
"RP11-626P14.21",0,4.79771538493608,0.178,0.018,0,"Oligodendrocytes precursor cells (OPCs)","RP11-626P14.2"
"RP11-278H7.1",0,4.05265373329937,0.175,0.02,0,"Oligodendrocytes precursor cells (OPCs)","RP11-278H7.1"
"CTC-255N20.1",0,3.34458801288194,0.167,0.019,0,"Oligodendrocytes precursor cells (OPCs)","CTC-255N20.1"
"VCAN-AS1",0,6.24344971802982,0.137,0.003,0,"Oligodendrocytes precursor cells (OPCs)","VCAN-AS1"
"ALDH1L1-AS2",0,3.40582086434409,0.143,0.012,0,"Oligodendrocytes precursor cells (OPCs)","ALDH1L1-AS2"
"RP11-328J6.1",0,4.32452797459969,0.123,0.006,0,"Oligodendrocytes precursor cells (OPCs)","RP11-328J6.1"
"AC062021.1",0,6.31784361595883,0.116,0.003,0,"Oligodendrocytes precursor cells (OPCs)","AC062021.1"
"RP11-116O11.11",1.7164709327173e-271,3.97484421842964,0.137,0.02,4.58932833280624e-267,"Oligodendrocytes precursor cells (OPCs)","RP11-116O11.1"
"LRP4-AS1",7.56144950010386e-268,2.39802952992091,0.161,0.026,2.02170475284277e-263,"Oligodendrocytes precursor cells (OPCs)","LRP4-AS1"
"ADAMTS9-AS21",3.7056380979875e-260,0.740760798863823,0.469,0.169,9.90776458258918e-256,"Oligodendrocytes precursor cells (OPCs)","ADAMTS9-AS2"
"DIRC3-AS1",1.60919393695303e-254,3.42886817978401,0.131,0.019,4.30250182923132e-250,"Oligodendrocytes precursor cells (OPCs)","DIRC3-AS1"
"CTC-458G6.21",3.1495598035159e-249,2.68460378014927,0.13,0.018,8.42097804666046e-245,"Oligodendrocytes precursor cells (OPCs)","CTC-458G6.2"
"RP3-523C21.2",4.56734643827709e-244,3.92605381317978,0.104,0.012,1.22117141720214e-239,"Oligodendrocytes precursor cells (OPCs)","RP3-523C21.2"
"ZNF350-AS11",4.25439815731435e-233,2.19228939314834,0.241,0.065,1.13749843532114e-228,"Oligodendrocytes precursor cells (OPCs)","ZNF350-AS1"
"RP11-436D23.12",6.12985623068236e-226,0.974557002976964,0.735,0.425,1.63893966039754e-221,"Oligodendrocytes precursor cells (OPCs)","RP11-436D23.1"
"AC004540.4",1.45400775984109e-223,3.24238438593913,0.102,0.013,3.88758054748711e-219,"Oligodendrocytes precursor cells (OPCs)","AC004540.4"
"LINC004611",1.18764761366228e-217,0.943638527958273,0.588,0.286,3.17541342464884e-213,"Oligodendrocytes precursor cells (OPCs)","LINC00461"
"AC140912.11",7.98659489679654e-215,3.50228310492718,0.161,0.034,2.13537587755649e-210,"Oligodendrocytes precursor cells (OPCs)","AC140912.1"
"TRAF3IP2-AS12",1.39258852720569e-204,0.92374724073351,0.787,0.527,3.72336394518986e-200,"Oligodendrocytes precursor cells (OPCs)","TRAF3IP2-AS1"
"RP11-4B14.31",5.43310801078328e-193,1.78314965513501,0.281,0.096,1.45265008884312e-188,"Oligodendrocytes precursor cells (OPCs)","RP11-4B14.3"
"AC010127.31",1.58517323393e-191,1.74891713311929,0.268,0.089,4.23827767555864e-187,"Oligodendrocytes precursor cells (OPCs)","AC010127.3"
"GDNF-AS1",1.49822323353878e-184,1.75836964152498,0.201,0.054,4.00579945951263e-180,"Oligodendrocytes precursor cells (OPCs)","GDNF-AS1"
"CTD-2005H7.2",7.74793506592285e-183,2.7514209926917,0.137,0.028,2.07156539857579e-178,"Oligodendrocytes precursor cells (OPCs)","CTD-2005H7.2"
"RP11-455P21.31",5.49234514549703e-176,1.357089742714,0.291,0.105,1.46848832155154e-171,"Oligodendrocytes precursor cells (OPCs)","RP11-455P21.3"
"RP11-547I7.11",1.82750698386597e-172,3.13989551403283,0.132,0.028,4.88620542276245e-168,"Oligodendrocytes precursor cells (OPCs)","RP11-547I7.1"
"RP4-565E6.11",1.14226501102822e-171,1.14141366040688,0.571,0.327,3.05407395998615e-167,"Oligodendrocytes precursor cells (OPCs)","RP4-565E6.1"
"FAM66C1",3.2044906626897e-171,1.31263471740914,0.471,0.249,8.56784668483345e-167,"Oligodendrocytes precursor cells (OPCs)","FAM66C"
"PVT12",1.96497864363423e-169,1.33434039787828,0.283,0.102,5.25376339948483e-165,"Oligodendrocytes precursor cells (OPCs)","PVT1"
"CTD-2054N24.22",3.90385199984801e-168,1.60754925007045,0.262,0.092,1.04377290919936e-163,"Oligodendrocytes precursor cells (OPCs)","CTD-2054N24.2"
"LINC008391",3.84822544121473e-157,3.63250512266857,0.117,0.024,1.02890003621758e-152,"Oligodendrocytes precursor cells (OPCs)","LINC00839"
"LINC006232",2.33590421234832e-153,1.01005619608434,0.502,0.268,6.24550709255571e-149,"Oligodendrocytes precursor cells (OPCs)","LINC00623"
"AC007193.101",4.22026543694283e-151,2.03471965038509,0.129,0.029,1.12837236987541e-146,"Oligodendrocytes precursor cells (OPCs)","AC007193.10"
"MEF2C-AS13",1.11581790017067e-150,1.06481223907958,0.441,0.217,2.98336231968631e-146,"Oligodendrocytes precursor cells (OPCs)","MEF2C-AS1"
"MIR99AHG1",1.37979063106152e-149,0.363426328139792,0.949,0.79,3.68914621026919e-145,"Oligodendrocytes precursor cells (OPCs)","MIR99AHG"
"RP11-717F1.2",1.35054362824917e-138,2.05574001225813,0.146,0.039,3.61094849884981e-134,"Oligodendrocytes precursor cells (OPCs)","RP11-717F1.2"
"LINC01006",1.51037400966805e-136,1.56409694418301,0.296,0.128,4.03828698964945e-132,"Oligodendrocytes precursor cells (OPCs)","LINC01006"
"RP11-582J16.41",4.91874721334893e-135,1.64973083699401,0.126,0.03,1.3151254424331e-130,"Oligodendrocytes precursor cells (OPCs)","RP11-582J16.4"
"CTC-525D6.2",5.04804269670472e-132,2.56473940422982,0.118,0.028,1.34969517581794e-127,"Oligodendrocytes precursor cells (OPCs)","CTC-525D6.2"
"RP11-99E15.22",4.80948690635877e-130,1.49653554131948,0.314,0.144,1.28591251415314e-125,"Oligodendrocytes precursor cells (OPCs)","RP11-99E15.2"
"SNAP25-AS11",2.32737477879699e-129,1.94998809000981,0.236,0.094,6.22270194606951e-125,"Oligodendrocytes precursor cells (OPCs)","SNAP25-AS1"
"RP11-39M21.11",8.2522263419243e-129,1.82013315801119,0.197,0.068,2.2063977570403e-124,"Oligodendrocytes precursor cells (OPCs)","RP11-39M21.1"
"MEG31",9.29484746506186e-127,1.78803693497369,0.237,0.094,2.48516336673359e-122,"Oligodendrocytes precursor cells (OPCs)","MEG3"
"CTD-2541J13.2",1.99164389516336e-124,2.34173448247154,0.117,0.028,5.32505828249827e-120,"Oligodendrocytes precursor cells (OPCs)","CTD-2541J13.2"
"RP5-1198O20.4",1.7584109795904e-123,1.98575373949871,0.137,0.038,4.70146343613084e-119,"Oligodendrocytes precursor cells (OPCs)","RP5-1198O20.4"
"RP11-745L13.21",7.08816016865826e-123,0.924390575838341,0.541,0.327,1.89516138429416e-118,"Oligodendrocytes precursor cells (OPCs)","RP11-745L13.2"
"CTD-2537O9.11",1.59526128682368e-119,2.4954144503262,0.177,0.062,4.26525010258047e-115,"Oligodendrocytes precursor cells (OPCs)","CTD-2537O9.1"
"RP11-187O7.32",9.79189945581126e-116,1.56995400126472,0.266,0.118,2.61806015750026e-111,"Oligodendrocytes precursor cells (OPCs)","RP11-187O7.3"
"AC074363.12",3.39103603593151e-115,0.845113354450209,0.37,0.181,9.06661304927007e-111,"Oligodendrocytes precursor cells (OPCs)","AC074363.1"
"MAPT-AS1",9.76649093996278e-113,1.61980867489742,0.218,0.086,2.61126668261785e-108,"Oligodendrocytes precursor cells (OPCs)","MAPT-AS1"
"FAM66D1",1.47404160251617e-110,0.894366328736775,0.524,0.326,3.94114503264749e-106,"Oligodendrocytes precursor cells (OPCs)","FAM66D"
"RP11-277P12.20",2.54025831734259e-108,1.59726912741269,0.115,0.03,6.79188866307888e-104,"Oligodendrocytes precursor cells (OPCs)","RP11-277P12.20"
"RP11-460M2.11",3.27994245234874e-108,2.22098223921714,0.127,0.036,8.76958213484481e-104,"Oligodendrocytes precursor cells (OPCs)","RP11-460M2.1"
"SLC6A1-AS11",1.67681936907403e-104,1.29816670105439,0.274,0.126,4.48331194709322e-100,"Oligodendrocytes precursor cells (OPCs)","SLC6A1-AS1"
"RP11-348F1.21",2.76840727902584e-101,2.2293279668468,0.175,0.066,7.40189054193139e-97,"Oligodendrocytes precursor cells (OPCs)","RP11-348F1.2"
"RP11-15E1.51",5.17574800683796e-96,2.54720042524133,0.159,0.059,1.38383974458827e-91,"Oligodendrocytes precursor cells (OPCs)","RP11-15E1.5"
"OSMR-AS11",1.94029934754943e-95,0.979554585008245,0.209,0.083,5.1877783655429e-91,"Oligodendrocytes precursor cells (OPCs)","OSMR-AS1"
"TTTY141",3.98424100623115e-94,0.636997131418677,0.607,0.396,1.06526651783602e-89,"Oligodendrocytes precursor cells (OPCs)","TTTY14"
"RP11-10K16.11",7.43205343021648e-94,1.33650626842361,0.256,0.12,1.98710812563698e-89,"Oligodendrocytes precursor cells (OPCs)","RP11-10K16.1"
"NR2F1-AS12",2.64290479200069e-92,0.54138957783872,0.396,0.209,7.06633454237224e-88,"Oligodendrocytes precursor cells (OPCs)","NR2F1-AS1"
"LINC01563",1.69403272692246e-88,1.68312307757443,0.121,0.038,4.52933530197259e-84,"Oligodendrocytes precursor cells (OPCs)","LINC01563"
"LINC005991",7.89148838260088e-88,1.60551335619688,0.217,0.099,2.109947248856e-83,"Oligodendrocytes precursor cells (OPCs)","LINC00599"
"EPN2-AS1",6.49506869149557e-84,1.54560614591423,0.119,0.038,1.73658651604517e-79,"Oligodendrocytes precursor cells (OPCs)","EPN2-AS1"
"LINC004761",5.48904622328124e-82,0.989194518482303,0.424,0.272,1.4676062887187e-77,"Oligodendrocytes precursor cells (OPCs)","LINC00476"
"WDR11-AS12",1.32143819778246e-79,0.877111047257137,0.42,0.263,3.53312930941095e-75,"Oligodendrocytes precursor cells (OPCs)","WDR11-AS1"
"PRKCA-AS11",1.53274537658538e-78,1.50785022408358,0.169,0.068,4.09810131337634e-74,"Oligodendrocytes precursor cells (OPCs)","PRKCA-AS1"
"CRNDE1",3.45233676504474e-72,0.830628322013316,0.316,0.172,9.23051280870012e-68,"Oligodendrocytes precursor cells (OPCs)","CRNDE"
"DANT22",6.88654183011977e-69,0.588607589991968,0.622,0.455,1.84125468911912e-64,"Oligodendrocytes precursor cells (OPCs)","DANT2"
"RP11-403A3.31",6.95975787679249e-67,0.38655264815406,0.131,0.048,1.86083046351801e-62,"Oligodendrocytes precursor cells (OPCs)","RP11-403A3.3"
"RP11-120J1.11",3.39284900413355e-65,1.12050719248858,0.121,0.044,9.07146038235188e-61,"Oligodendrocytes precursor cells (OPCs)","RP11-120J1.1"
"ZFHX4-AS11",5.94626053425877e-65,1.79395367984111,0.151,0.065,1.58985167904477e-60,"Oligodendrocytes precursor cells (OPCs)","ZFHX4-AS1"
"AC005537.21",8.57940407879792e-64,2.5359094023209,0.126,0.051,2.2938752685482e-59,"Oligodendrocytes precursor cells (OPCs)","AC005537.2"
"TMEM161B-AS12",4.41665208269077e-60,0.416508022180149,0.795,0.631,1.18088026734903e-55,"Oligodendrocytes precursor cells (OPCs)","TMEM161B-AS1"
"RP11-103J8.1",4.00641605003498e-58,1.98952842382684,0.102,0.037,1.07119545929785e-53,"Oligodendrocytes precursor cells (OPCs)","RP11-103J8.1"
"RP11-849I19.12",1.15735743298076e-56,1.32221200969467,0.14,0.06,3.09442656856065e-52,"Oligodendrocytes precursor cells (OPCs)","RP11-849I19.1"
"KCNQ1OT11",7.90284406179329e-55,0.452217208544832,0.658,0.49,2.11298341680167e-50,"Oligodendrocytes precursor cells (OPCs)","KCNQ1OT1"
"SUCLG2-AS11",1.05135362072534e-54,1.00036930185042,0.304,0.188,2.81100417573334e-50,"Oligodendrocytes precursor cells (OPCs)","SUCLG2-AS1"
"LMCD1-AS12",5.14546518182662e-54,0.325250171838021,0.74,0.557,1.37574302566498e-49,"Oligodendrocytes precursor cells (OPCs)","LMCD1-AS1"
"AC004158.31",2.47920719095656e-53,0.602358790638275,0.423,0.284,6.62865626646055e-49,"Oligodendrocytes precursor cells (OPCs)","AC004158.3"
"GLIDR2",4.99548339082873e-49,0.800855740290811,0.345,0.23,1.33564239420588e-44,"Oligodendrocytes precursor cells (OPCs)","GLIDR"
"RP11-141M1.32",3.98691470384034e-47,0.540986615521189,0.405,0.27,1.06598138436579e-42,"Oligodendrocytes precursor cells (OPCs)","RP11-141M1.3"
"LINC008862",2.16231573019026e-45,1.13093401332635,0.214,0.123,5.7813835678097e-41,"Oligodendrocytes precursor cells (OPCs)","LINC00886"
"LIFR-AS11",1.01164947815914e-44,1.16720879674336,0.164,0.084,2.7048472097541e-40,"Oligodendrocytes precursor cells (OPCs)","LIFR-AS1"
"RP11-373N22.32",1.96318331383032e-44,0.629674351971484,0.43,0.31,5.24896322618813e-40,"Oligodendrocytes precursor cells (OPCs)","RP11-373N22.3"
"RP11-464F9.21",9.51375548798009e-43,1.42401420985512,0.111,0.049,2.54369280482124e-38,"Oligodendrocytes precursor cells (OPCs)","RP11-464F9.21"
"XACT2",1.93094309799326e-42,0.875962449513803,0.126,0.059,5.16276256110458e-38,"Oligodendrocytes precursor cells (OPCs)","XACT"
"RP11-72M17.11",1.39622336925158e-41,1.32607333792484,0.204,0.12,3.73308242236796e-37,"Oligodendrocytes precursor cells (OPCs)","RP11-72M17.1"
"LINC013011",2.19582629659172e-41,1.26669982952206,0.162,0.086,5.87098076919727e-37,"Oligodendrocytes precursor cells (OPCs)","LINC01301"
"LINC009871",4.97223145605683e-40,1.35296355648102,0.103,0.045,1.32942552440592e-35,"Oligodendrocytes precursor cells (OPCs)","LINC00987"
"CTC-458I2.21",4.58961856314251e-39,1.16887134559589,0.126,0.061,1.22712631522741e-34,"Oligodendrocytes precursor cells (OPCs)","CTC-458I2.2"
"CTD-2269F5.13",1.29218860255472e-38,1.18621784373376,0.192,0.112,3.45492466665055e-34,"Oligodendrocytes precursor cells (OPCs)","CTD-2269F5.1"
"RP11-133F8.21",5.3250514360754e-38,1.08488554001664,0.138,0.069,1.42375900246348e-33,"Oligodendrocytes precursor cells (OPCs)","RP11-133F8.2"
"MIAT1",1.10212518432947e-36,0.336605229084969,0.254,0.151,2.94675210534171e-32,"Oligodendrocytes precursor cells (OPCs)","MIAT"
"RP11-21A7A.21",1.95108953894529e-36,0.795558001902355,0.171,0.094,5.21662810027802e-32,"Oligodendrocytes precursor cells (OPCs)","RP11-21A7A.2"
"LINC004071",2.46618137319527e-33,1.85397267642078,0.112,0.057,6.59382913751219e-29,"Oligodendrocytes precursor cells (OPCs)","LINC00407"
"RP11-352M15.21",7.69952022572629e-33,0.726568010261231,0.24,0.154,2.05862072275244e-28,"Oligodendrocytes precursor cells (OPCs)","RP11-352M15.2"
"RP11-38L15.31",1.90118871380526e-31,1.27498165844121,0.166,0.1,5.08320826410113e-27,"Oligodendrocytes precursor cells (OPCs)","RP11-38L15.3"
"PCDH9-AS22",2.0377080646511e-31,0.52728588150017,0.327,0.228,5.44822005245766e-27,"Oligodendrocytes precursor cells (OPCs)","PCDH9-AS2"
"AC003991.32",6.79574187561651e-30,1.280528540371,0.126,0.068,1.81697750528359e-25,"Oligodendrocytes precursor cells (OPCs)","AC003991.3"
"RP11-554F20.11",9.48217250209484e-30,0.884265923284133,0.267,0.187,2.5352484618851e-25,"Oligodendrocytes precursor cells (OPCs)","RP11-554F20.1"
"AC007319.11",3.76125851576076e-29,0.424062843694753,0.153,0.085,1.00564768935895e-24,"Oligodendrocytes precursor cells (OPCs)","AC007319.1"
"KIZ-AS1",1.47409646921365e-28,1.33578272664192,0.105,0.054,3.94129172973655e-24,"Oligodendrocytes precursor cells (OPCs)","KIZ-AS1"
"PVRL3-AS1",2.78158253368456e-27,1.23126820770868,0.111,0.059,7.43711722031242e-23,"Oligodendrocytes precursor cells (OPCs)","PVRL3-AS1"
"RP11-398K22.121",1.07175225878765e-25,0.953163346638065,0.212,0.145,2.86554401432053e-21,"Oligodendrocytes precursor cells (OPCs)","RP11-398K22.12"
"AP000462.22",1.55433023302601e-25,1.04928031909758,0.149,0.09,4.15581274404164e-21,"Oligodendrocytes precursor cells (OPCs)","AP000462.2"
"RP11-379B18.62",6.34029149816618e-25,1.09919706650473,0.148,0.09,1.69520373786469e-20,"Oligodendrocytes precursor cells (OPCs)","RP11-379B18.6"
"SLC8A1-AS13",5.24412905756896e-24,1.14584144134213,0.139,0.084,1.40212278612221e-19,"Oligodendrocytes precursor cells (OPCs)","SLC8A1-AS1"
"AC007038.71",1.41269922071039e-23,0.602378697394344,0.221,0.149,3.77713390641337e-19,"Oligodendrocytes precursor cells (OPCs)","AC007038.7"
"RP11-421L21.32",1.52006951121584e-23,0.808426349891072,0.173,0.112,4.06420985213778e-19,"Oligodendrocytes precursor cells (OPCs)","RP11-421L21.3"
"RP13-941N14.11",1.7546054225649e-23,0.988482600493606,0.144,0.088,4.69128851831177e-19,"Oligodendrocytes precursor cells (OPCs)","RP13-941N14.1"
"GNG12-AS11",1.95841489577458e-23,1.19324734904834,0.108,0.06,5.23621390683249e-19,"Oligodendrocytes precursor cells (OPCs)","GNG12-AS1"
"AP001347.61",2.97777681491523e-22,0.705009120347269,0.235,0.167,7.96168187003885e-18,"Oligodendrocytes precursor cells (OPCs)","AP001347.6"
"RP13-143G15.41",5.30475391716752e-22,0.631251926924612,0.114,0.064,1.41833205483308e-17,"Oligodendrocytes precursor cells (OPCs)","RP13-143G15.4"
"TTN-AS12",9.30670770883889e-22,0.391794804392856,0.436,0.342,2.48833444011226e-17,"Oligodendrocytes precursor cells (OPCs)","TTN-AS1"
"AZIN1-AS11",1.48200309589404e-21,0.502397097234019,0.292,0.217,3.96243167749189e-17,"Oligodendrocytes precursor cells (OPCs)","AZIN1-AS1"
"AP000318.21",4.8408049946551e-21,1.10442131622438,0.105,0.06,1.29428603142093e-16,"Oligodendrocytes precursor cells (OPCs)","AP000318.2"
"ZNF790-AS11",9.26047356188723e-21,0.912165603702733,0.172,0.116,2.47597281624179e-16,"Oligodendrocytes precursor cells (OPCs)","ZNF790-AS1"
"RP3-525N10.22",1.48723471933941e-20,0.64782444839205,0.274,0.206,3.97641946909778e-16,"Oligodendrocytes precursor cells (OPCs)","RP3-525N10.2"
"RP4-639F20.11",3.69478185903202e-20,0.731880018410368,0.111,0.064,9.87873825649393e-16,"Oligodendrocytes precursor cells (OPCs)","RP4-639F20.1"
"RP11-112J3.161",4.69783867110577e-19,1.3187407868267,0.113,0.069,1.25606112549355e-14,"Oligodendrocytes precursor cells (OPCs)","RP11-112J3.16"
"TAPT1-AS12",2.53488444699407e-18,0.2564278181619,0.621,0.535,6.77752054592806e-14,"Oligodendrocytes precursor cells (OPCs)","TAPT1-AS1"
"RP11-131L23.11",5.64451691901284e-18,0.936409143548403,0.101,0.06,1.50917448863646e-13,"Oligodendrocytes precursor cells (OPCs)","RP11-131L23.1"
"RP11-944L7.41",1.04772781235497e-17,0.577585104463838,0.253,0.191,2.80130985189349e-13,"Oligodendrocytes precursor cells (OPCs)","RP11-944L7.4"
"RP5-896L10.11",3.47108603718543e-17,1.41211411446524,0.118,0.075,9.28064273762268e-13,"Oligodendrocytes precursor cells (OPCs)","RP5-896L10.1"
"AC037445.12",3.92614394175035e-17,1.11210390599569,0.118,0.075,1.04973310570579e-12,"Oligodendrocytes precursor cells (OPCs)","AC037445.1"
"UBA6-AS12",1.24850288094829e-16,0.424849138388734,0.444,0.37,3.33812215279144e-12,"Oligodendrocytes precursor cells (OPCs)","UBA6-AS1"
"LINC015721",1.2519536670286e-16,0.445546188187611,0.253,0.189,3.34734851953436e-12,"Oligodendrocytes precursor cells (OPCs)","LINC01572"
"AF146191.41",1.50754335552947e-16,0.739097404749361,0.246,0.191,4.03071866967913e-12,"Oligodendrocytes precursor cells (OPCs)","AF146191.4"
"FLG-AS12",5.15508916917416e-16,0.678624609971636,0.216,0.161,1.3783161911621e-11,"Oligodendrocytes precursor cells (OPCs)","FLG-AS1"
"RP11-714G18.11",1.29177653795228e-15,0.957986797290649,0.115,0.074,3.45382292952302e-11,"Oligodendrocytes precursor cells (OPCs)","RP11-714G18.1"
"SMC5-AS12",1.78520955900241e-15,0.940553643801011,0.145,0.1,4.77311479790474e-11,"Oligodendrocytes precursor cells (OPCs)","SMC5-AS1"
"RP11-197K3.11",1.96818966894322e-15,0.587458882950946,0.138,0.091,5.26234871785348e-11,"Oligodendrocytes precursor cells (OPCs)","RP11-197K3.1"
"RP11-317N12.12",7.64768639501056e-14,0.686015501359832,0.142,0.098,2.04476191143397e-09,"Oligodendrocytes precursor cells (OPCs)","RP11-317N12.1"
"MAMDC2-AS12",1.67698328621837e-13,1.08139242019175,0.126,0.086,4.48375021236207e-09,"Oligodendrocytes precursor cells (OPCs)","MAMDC2-AS1"
"ZNF529-AS11",3.51075521595389e-13,0.745763386723862,0.148,0.105,9.38670622089592e-09,"Oligodendrocytes precursor cells (OPCs)","ZNF529-AS1"
"FAM66A1",5.76877544231289e-13,1.16017847942945,0.109,0.073,1.5423974900112e-08,"Oligodendrocytes precursor cells (OPCs)","FAM66A"
"HCG171",1.23737553288553e-12,0.288020860375374,0.463,0.402,3.30837096227605e-08,"Oligodendrocytes precursor cells (OPCs)","HCG17"
"LINC008841",6.27966049184086e-12,0.941010660526472,0.144,0.106,1.67899282570349e-07,"Oligodendrocytes precursor cells (OPCs)","LINC00884"
"LINC006621",2.5508469857431e-11,0.359052372038337,0.352,0.299,6.82019958578133e-07,"Oligodendrocytes precursor cells (OPCs)","LINC00662"
"RP11-317J19.11",3.1048085016995e-11,0.664222169356886,0.125,0.089,8.30132649099395e-07,"Oligodendrocytes precursor cells (OPCs)","RP11-317J19.1"
"SBF2-AS11",9.72975932259406e-11,0.67953496814,0.101,0.069,2.60144575008197e-06,"Oligodendrocytes precursor cells (OPCs)","SBF2-AS1"
"RP11-210M15.21",5.26434464246971e-10,0.384559515555151,0.19,0.147,1.40752782705713e-05,"Oligodendrocytes precursor cells (OPCs)","RP11-210M15.2"
"LINC01355",7.71284155746728e-10,0.682689920338874,0.114,0.08,2.06218244722003e-05,"Oligodendrocytes precursor cells (OPCs)","LINC01355"
"RP11-656D10.31",9.84702799616613e-10,0.401575082709538,0.151,0.112,2.63279987533494e-05,"Oligodendrocytes precursor cells (OPCs)","RP11-656D10.3"
"RP11-367N14.21",1.42698375240879e-09,0.750530819778745,0.12,0.088,3.81532645881537e-05,"Oligodendrocytes precursor cells (OPCs)","RP11-367N14.2"
"RP11-545I5.31",1.96055404871855e-09,0.485749862761223,0.211,0.17,5.24193336005879e-05,"Oligodendrocytes precursor cells (OPCs)","RP11-545I5.3"
"CTD-2341M24.12",4.97745629306739e-09,0.276379027732808,0.152,0.113,0.000133082248907743,"Oligodendrocytes precursor cells (OPCs)","CTD-2341M24.1"
"AC073343.131",7.70256801276751e-09,0.924671599878922,0.12,0.089,0.000205943560957365,"Oligodendrocytes precursor cells (OPCs)","AC073343.13"
"DPH6-AS11",7.52898207167079e-08,0.276882989987577,0.433,0.392,0.00201302393650262,"Oligodendrocytes precursor cells (OPCs)","DPH6-AS1"
"LINC005062",1.22526219290201e-07,0.962546534094386,0.134,0.106,0.00327598352516211,"Oligodendrocytes precursor cells (OPCs)","LINC00506"
"RP11-679C8.21",1.49945271066631e-07,0.446666781214075,0.235,0.199,0.00400908671250851,"Oligodendrocytes precursor cells (OPCs)","RP11-679C8.2"
"RP11-323I15.52",1.54100445164869e-07,0.428649615489895,0.229,0.193,0.0041201836023731,"Oligodendrocytes precursor cells (OPCs)","RP11-323I15.5"
"PARD6G-AS11",3.28740279771104e-07,0.718678974124829,0.115,0.088,0.00878952886024002,"Oligodendrocytes precursor cells (OPCs)","PARD6G-AS1"
"IDI2-AS1",4.84338416633775e-07,0.583104397705102,0.116,0.088,0.0129497562455372,"Oligodendrocytes precursor cells (OPCs)","IDI2-AS1"
"AC009961.31",1.80212240482738e-06,0.647800407503513,0.12,0.095,0.0481833467378696,"Oligodendrocytes precursor cells (OPCs)","AC009961.3"
"XXbac-BPG154L12.42",4.89785340574786e-06,0.513305285128038,0.217,0.189,0.13095390650948,"Oligodendrocytes precursor cells (OPCs)","XXbac-BPG154L12.4"
"AC009948.52",8.5822452770586e-06,0.599514268671466,0.114,0.091,0.229463491972716,"Oligodendrocytes precursor cells (OPCs)","AC009948.5"
"RP11-142A5.12",1.19988397761307e-05,0.673022901434746,0.125,0.101,0.320812979094407,"Oligodendrocytes precursor cells (OPCs)","RP11-142A5.1"
"RP11-498P14.51",2.20241012685663e-05,0.794191477090789,0.116,0.095,0.588858395617657,"Oligodendrocytes precursor cells (OPCs)","RP11-498P14.5"
"LINC006651",2.77815600202357e-05,0.606495090894597,0.111,0.089,0.742795570261042,"Oligodendrocytes precursor cells (OPCs)","LINC00665"
"CTB-113D17.12",3.95728022231006e-05,0.250804102502427,0.127,0.102,1,"Oligodendrocytes precursor cells (OPCs)","CTB-113D17.1"
"RP4-555D20.22",4.59163112564165e-05,0.815779185288175,0.107,0.088,1,"Oligodendrocytes precursor cells (OPCs)","RP4-555D20.2"
"AC012358.81",6.33297251791255e-05,0.521646383143319,0.125,0.102,1,"Oligodendrocytes precursor cells (OPCs)","AC012358.8"
"RP11-96H19.12",7.7935624059807e-05,0.294222791859573,0.234,0.208,1,"Oligodendrocytes precursor cells (OPCs)","RP11-96H19.1"
"AP000487.51",0.000119820666851878,0.552892288833268,0.113,0.093,1,"Oligodendrocytes precursor cells (OPCs)","AP000487.5"
"MIR2052HG2",0.000246362302318626,0.465704768526126,0.183,0.161,1,"Oligodendrocytes precursor cells (OPCs)","MIR2052HG"
"SEC24B-AS11",0.00052877451271035,0.656726815473618,0.1,0.083,1,"Oligodendrocytes precursor cells (OPCs)","SEC24B-AS1"
"RHOXF1-AS12",0.000879101434027362,0.520623865696057,0.151,0.134,1,"Oligodendrocytes precursor cells (OPCs)","RHOXF1-AS1"
"PCAT11",0.00163297215812213,0.470367964458972,0.114,0.097,1,"Oligodendrocytes precursor cells (OPCs)","PCAT1"
"RP11-499P20.2",0.0031556977725186,0.361378247868996,0.179,0.163,1,"Oligodendrocytes precursor cells (OPCs)","RP11-499P20.2"
"MCM3AP-AS11",0.00372653047728617,0.564990736008458,0.112,0.098,1,"Oligodendrocytes precursor cells (OPCs)","MCM3AP-AS1"
"RP11-295K2.33",0.00519898755320481,0.388082174366317,0.201,0.187,1,"Oligodendrocytes precursor cells (OPCs)","RP11-295K2.3"
"RP5-991G20.11",0.00754352417766202,0.440985128576308,0.104,0.09,1,"Oligodendrocytes precursor cells (OPCs)","RP5-991G20.1"
"CRHR11",0.0098194532871624,0.260291549467523,0.204,0.191,1,"Oligodendrocytes precursor cells (OPCs)","CRHR1"
"RGS5",0,3.44397310327017,0.741,0.092,0,"Endothelial Cells","RGS5"
"HIF1A-AS21",0,4.08800932210174,0.636,0.096,0,"Endothelial Cells","HIF1A-AS2"
"C22orf341",0,3.78390483748607,0.603,0.063,0,"Endothelial Cells","C22orf34"
"PCAT19",0,6.71309673323202,0.498,0.008,0,"Endothelial Cells","PCAT19"
"MIR4435-2HG1",0,2.15179027795444,0.461,0.121,0,"Endothelial Cells","MIR4435-2HG"
"GATA2-AS1",0,5.65888829600105,0.34,0.016,0,"Endothelial Cells","GATA2-AS1"
"FENDRR",0,6.69075866649581,0.319,0.004,0,"Endothelial Cells","FENDRR"
"RBMS3-AS3",0,3.47128251158539,0.368,0.055,0,"Endothelial Cells","RBMS3-AS3"
"RP3-331H24.51",0,3.30521617529339,0.358,0.057,0,"Endothelial Cells","RP3-331H24.5"
"MIR222HG1",0,3.37976543627918,0.328,0.044,0,"Endothelial Cells","MIR222HG"
"RP11-768F21.11",0,4.16501830203408,0.326,0.049,0,"Endothelial Cells","RP11-768F21.1"
"CTD-3179P9.1",0,4.17551181864859,0.297,0.032,0,"Endothelial Cells","CTD-3179P9.1"
"AC013463.2",0,4.55203342584871,0.273,0.048,0,"Endothelial Cells","AC013463.2"
"RP11-902B17.1",0,5.76617390605326,0.23,0.008,0,"Endothelial Cells","RP11-902B17.1"
"RP11-354K1.1",0,6.58768068371556,0.167,0.002,0,"Endothelial Cells","RP11-354K1.1"
"RP11-573D15.2",0,5.29611180041432,0.172,0.009,0,"Endothelial Cells","RP11-573D15.2"
"AC007743.1",0,4.96702103296635,0.173,0.014,0,"Endothelial Cells","AC007743.1"
"RP11-302L19.3",0,6.63639638261896,0.156,0.002,0,"Endothelial Cells","RP11-302L19.3"
"CTD-2135D7.5",0,6.53546889612084,0.141,0.003,0,"Endothelial Cells","CTD-2135D7.5"
"AP000695.4",0,5.11298724160294,0.139,0.007,0,"Endothelial Cells","AP000695.4"
"LINC01290",0,4.59387077229455,0.124,0.007,0,"Endothelial Cells","LINC01290"
"RP11-427M20.1",0,5.33394837213594,0.1,0.004,0,"Endothelial Cells","RP11-427M20.1"
"AC018816.3",2.93349500955657e-318,3.41507659393805,0.345,0.083,7.8432856070514e-314,"Endothelial Cells","AC018816.3"
"LINC001521",5.15546478287944e-292,3.03217525583841,0.257,0.049,1.37841661899848e-287,"Endothelial Cells","LINC00152"
"AC093818.11",1.85063447867843e-264,2.7643059322059,0.211,0.035,4.94804140564253e-260,"Endothelial Cells","AC093818.1"
"LINC00472",4.42140067481104e-263,3.60319583319227,0.158,0.02,1.18214989842423e-258,"Endothelial Cells","LINC00472"
"AC019186.1",1.18180603131726e-246,3.76850170254413,0.148,0.019,3.15979478593295e-242,"Endothelial Cells","AC019186.1"
"MIR155HG",1.92689217641966e-241,4.09188267888036,0.13,0.015,5.15193161209326e-237,"Endothelial Cells","MIR155HG"
"ADAMTS9-AS22",5.89332294232634e-213,1.67998730102864,0.476,0.177,1.57569775508979e-208,"Endothelial Cells","ADAMTS9-AS2"
"CTA-276F8.21",7.34310637588223e-209,4.26462307050615,0.152,0.024,1.96332635171963e-204,"Endothelial Cells","CTA-276F8.2"
"MALAT11",2.07074551899164e-149,0.395553525065706,1,1,5.53655229412794e-145,"Endothelial Cells","MALAT1"
"RP11-488L18.101",2.90400352212011e-146,2.48519787450748,0.171,0.039,7.76443421709254e-142,"Endothelial Cells","RP11-488L18.10"
"RBMS3-AS2",2.34114306231755e-130,3.1530322565988,0.119,0.022,6.25951420571842e-126,"Endothelial Cells","RBMS3-AS2"
"OSMR-AS12",7.15980770013043e-129,1.64658814163648,0.257,0.083,1.91431778478387e-124,"Endothelial Cells","OSMR-AS1"
"RP4-545C24.1",2.12061861393209e-127,2.93775120286097,0.127,0.025,5.66989798807023e-123,"Endothelial Cells","RP4-545C24.1"
"RP11-158M9.1",2.22829103752213e-106,3.41511004961652,0.123,0.028,5.95778174702292e-102,"Endothelial Cells","RP11-158M9.1"
"THSD4-AS1",1.77081575489797e-88,1.41392683199533,0.383,0.204,4.7346300838707e-84,"Endothelial Cells","THSD4-AS1"
"RP11-736K20.51",2.63925903582111e-86,2.74271065344303,0.149,0.045,7.0565868840749e-82,"Endothelial Cells","RP11-736K20.5"
"CH507-513H4.13",7.1170569473497e-83,0.74228778749263,0.766,0.635,1.90288751601289e-78,"Endothelial Cells","CH507-513H4.1"
"AC105402.4",3.32833722477823e-82,0.691174691512813,0.773,0.615,8.89897523788954e-78,"Endothelial Cells","AC105402.4"
"PCAT12",2.40132337455829e-79,1.99888430176114,0.223,0.091,6.42041830655649e-75,"Endothelial Cells","PCAT1"
"RP11-649A16.1",8.50737430118284e-77,1.54507089914555,0.163,0.054,2.27461666690726e-72,"Endothelial Cells","RP11-649A16.1"
"RP11-103J8.11",7.39489572860692e-74,2.68418271882827,0.126,0.038,1.97717327095763e-69,"Endothelial Cells","RP11-103J8.1"
"AC015691.132",2.46246254723228e-73,1.73382356782046,0.177,0.064,6.58388611253495e-69,"Endothelial Cells","AC015691.13"
"CTB-171A8.11",6.45637847014851e-65,2.65259761386716,0.117,0.036,1.72624191156361e-60,"Endothelial Cells","CTB-171A8.1"
"PAXIP1-AS2",1.9659457762592e-63,1.98836020279494,0.109,0.032,5.25634922198424e-59,"Endothelial Cells","PAXIP1-AS2"
"AC007246.32",1.98238581532672e-61,1.30636353904855,0.394,0.249,5.30030495443905e-57,"Endothelial Cells","AC007246.3"
"C1orf1322",3.38532270308647e-61,0.999361038494205,0.528,0.395,9.05133731124229e-57,"Endothelial Cells","C1orf132"
"LINC015151",5.51446418684094e-60,2.30999698217749,0.128,0.044,1.47440228963566e-55,"Endothelial Cells","LINC01515"
"RP5-965F6.21",6.1601286595089e-60,1.7206147356948,0.174,0.069,1.64703359969289e-55,"Endothelial Cells","RP5-965F6.2"
"AC018890.61",5.3704292557386e-54,1.12946511145551,0.409,0.266,1.43589167010683e-49,"Endothelial Cells","AC018890.6"
"RP11-355F16.1",2.92327422165283e-38,2.228120090317,0.115,0.047,7.81595828643316e-34,"Endothelial Cells","RP11-355F16.1"
"NORAD2",1.09975230924382e-37,0.817594091151605,0.441,0.324,2.94040774922521e-33,"Endothelial Cells","NORAD"
"CH507-528H12.12",1.17002191843409e-37,0.695667633860727,0.652,0.559,3.12828760331722e-33,"Endothelial Cells","CH507-528H12.1"
"RP11-608O21.1",2.83620054813654e-37,1.90786384945298,0.12,0.05,7.58314940555265e-33,"Endothelial Cells","RP11-608O21.1"
"A2ML1-AS11",3.12857363027457e-37,2.50502359750403,0.126,0.055,8.36486731526512e-33,"Endothelial Cells","A2ML1-AS1"
"PSMB11",8.33070069789799e-36,0.955032270781429,0.371,0.263,2.22737944559698e-31,"Endothelial Cells","PSMB1"
"SAMD12-AS11",1.65825729744683e-35,2.70536943569901,0.109,0.045,4.43368253618359e-31,"Endothelial Cells","SAMD12-AS1"
"SNHG71",3.98093790746613e-28,1.3586088130114,0.202,0.122,1.06438336831922e-23,"Endothelial Cells","SNHG7"
"RP11-463D19.11",3.92955325334766e-26,1.80843401709803,0.128,0.066,1.05064465334756e-21,"Endothelial Cells","RP11-463D19.1"
"RP11-2B6.3",7.05074938409608e-26,1.12846655564693,0.243,0.159,1.88515886282577e-21,"Endothelial Cells","RP11-2B6.3"
"MEF2C-AS14",1.27546176614713e-25,0.839201895147264,0.327,0.229,3.41020212414759e-21,"Endothelial Cells","MEF2C-AS1"
"DLEU22",2.91678795688194e-25,0.341141657383197,0.723,0.617,7.79861596031525e-21,"Endothelial Cells","DLEU2"
"RP4-678D15.12",2.41728089693945e-23,1.99594590748975,0.1,0.048,6.46308393414702e-19,"Endothelial Cells","RP4-678D15.1"
"AC072062.1",3.97913233358007e-23,1.13056610729572,0.1,0.047,1.0639006120293e-18,"Endothelial Cells","AC072062.1"
"RP11-712B9.21",1.45528936819708e-22,1.83536679121442,0.134,0.075,3.89100718374853e-18,"Endothelial Cells","RP11-712B9.2"
"LINC013761",1.1200006299944e-20,1.25302472717921,0.214,0.143,2.99454568441602e-16,"Endothelial Cells","LINC01376"
"RP11-630C16.21",1.21760893300528e-20,1.27959953291977,0.109,0.056,3.2555210041762e-16,"Endothelial Cells","RP11-630C16.2"
"CTC-425F1.4",1.44611380400507e-20,1.43233895970892,0.109,0.057,3.86647447776835e-16,"Endothelial Cells","CTC-425F1.4"
"RP1-122P22.22",4.31310411985305e-18,0.841857294601703,0.243,0.171,1.15319464852511e-13,"Endothelial Cells","RP1-122P22.2"
"RP3-510L9.11",5.9384859423111e-17,0.959722093055467,0.163,0.103,1.58777298639572e-12,"Endothelial Cells","RP3-510L9.1"
"RP11-703M24.5",3.93041060588545e-16,1.40630502925092,0.111,0.064,1.05087388369559e-11,"Endothelial Cells","RP11-703M24.5"
"SNHG8",5.89630140239924e-15,1.27131781239205,0.102,0.058,1.57649410595948e-10,"Endothelial Cells","SNHG8"
"AC011997.12",4.19526042880786e-11,1.40668133704921,0.179,0.136,1.12168678085036e-06,"Endothelial Cells","AC011997.1"
"AC007319.12",2.30070105586627e-10,0.394435301175445,0.134,0.088,6.15138441306966e-06,"Endothelial Cells","AC007319.1"
"MIATNB1",1.42600433596231e-08,0.769000110174066,0.165,0.124,0.000381270779306243,"Endothelial Cells","MIATNB"
"RP11-631N16.2",1.62449637039248e-08,0.884635014921831,0.12,0.083,0.000434341594551838,"Endothelial Cells","RP11-631N16.2"
"BMS1P141",1.69156611121851e-08,1.61635704476046,0.124,0.091,0.000452274031156492,"Endothelial Cells","BMS1P14"
"RP11-147L13.111",1.34153176072534e-06,0.948479174310817,0.109,0.079,0.0358685346865135,"Endothelial Cells","RP11-147L13.11"
"CTD-2054N24.23",2.33490018401469e-06,0.859304146593644,0.134,0.103,0.0624282262200009,"Endothelial Cells","CTD-2054N24.2"
"LINC006233",5.43558945105958e-06,0.467770886196059,0.316,0.283,0.14533135515298,"Endothelial Cells","LINC00623"
"GMDS-AS12",6.60659500942942e-05,0.445689296711945,0.48,0.486,1,"Endothelial Cells","GMDS-AS1"
"MAP3K142",0.000730936238858724,0.327139803745566,0.191,0.165,1,"Endothelial Cells","MAP3K14"
"FGD5-AS12",0.00373329712145721,0.484564128847844,0.239,0.224,1,"Endothelial Cells","FGD5-AS1"
"RP11-35G9.51",0.00856574345301474,0.337192604832164,0.13,0.111,1,"Endothelial Cells","RP11-35G9.5"
"RGS51",0,5.0580715902644,0.899,0.097,0,"Pericytes","RGS5"
"NR2F2-AS11",0,3.73373385226642,0.84,0.124,0,"Pericytes","NR2F2-AS1"
"CARMN",0,9.25028121575333,0.709,0.003,0,"Pericytes","CARMN"
"MIR4435-2HG2",0,4.79528599848737,0.805,0.115,0,"Pericytes","MIR4435-2HG"
"RP11-649A16.11",0,4.92568628404764,0.696,0.038,0,"Pericytes","RP11-649A16.1"
"ADAMTS9-AS23",0,3.07470780231834,0.768,0.172,0,"Pericytes","ADAMTS9-AS2"
"CASC151",0,3.69350142866852,0.761,0.17,0,"Pericytes","CASC15"
"CTD-3179P9.11",0,4.70480574963294,0.596,0.026,0,"Pericytes","CTD-3179P9.1"
"MSC-AS1",0,7.57310982634814,0.55,0.007,0,"Pericytes","MSC-AS1"
"RP11-759A24.3",0,6.32330425292585,0.549,0.028,0,"Pericytes","RP11-759A24.3"
"RP1-193H18.3",0,7.56631805318417,0.41,0.005,0,"Pericytes","RP1-193H18.3"
"RP13-143G15.42",0,4.3926176127859,0.452,0.055,0,"Pericytes","RP13-143G15.4"
"RBMS3-AS31",0,3.84625905062262,0.452,0.057,0,"Pericytes","RBMS3-AS3"
"HIF1A-AS22",0,2.28724431340232,0.5,0.109,0,"Pericytes","HIF1A-AS2"
"LINC001522",0,4.25625938818434,0.42,0.047,0,"Pericytes","LINC00152"
"RP11-714L20.1",0,7.86844406524286,0.312,0.003,0,"Pericytes","RP11-714L20.1"
"RP3-331H24.52",0,2.95138068409383,0.367,0.061,0,"Pericytes","RP3-331H24.5"
"DIO3OS",0,6.58083977319152,0.206,0.002,0,"Pericytes","DIO3OS"
"RP11-54O7.17",0,7.01531068634695,0.185,0.004,0,"Pericytes","RP11-54O7.17"
"SFTA1P",0,6.78557789126891,0.138,0.002,0,"Pericytes","SFTA1P"
"LINC00924",0,7.70102710843085,0.123,0.002,0,"Pericytes","LINC00924"
"RP4-568F9.6",0,7.93333801575954,0.12,0.002,0,"Pericytes","RP4-568F9.6"
"MALAT12",0,1.16630168014459,1,1,0,"Pericytes","MALAT1"
"AC013463.21",4.55634680706348e-309,3.10343853454817,0.309,0.05,1.21823044580456e-304,"Pericytes","AC013463.2"
"RP11-192P3.4",4.06536477118482e-287,4.7884036137891,0.207,0.024,1.08695657887168e-282,"Pericytes","RP11-192P3.4"
"LINC011971",2.11565785786392e-270,3.60969918298633,0.33,0.066,5.65663441457078e-266,"Pericytes","LINC01197"
"PCAT191",1.28081715571203e-220,2.1974969545096,0.195,0.026,3.42452082922726e-216,"Pericytes","PCAT19"
"NR2F1-AS13",1.80423239819664e-217,1.97828714944689,0.581,0.211,4.82397616305837e-213,"Pericytes","NR2F1-AS1"
"AC007319.13",1.24157254817925e-170,2.05333343854414,0.319,0.082,3.31959252206686e-166,"Pericytes","AC007319.1"
"OSMR-AS13",1.32433953714021e-164,1.90970425843558,0.321,0.084,3.54088662045179e-160,"Pericytes","OSMR-AS1"
"AC015691.133",5.01773571207506e-151,2.17971144645375,0.26,0.063,1.34159199733751e-146,"Pericytes","AC015691.13"
"RBMS3-AS21",4.0488165116709e-135,3.476787798522,0.141,0.023,1.08253207072545e-130,"Pericytes","RBMS3-AS2"
"SLC6A1-AS12",1.62330877458341e-128,2.65208740588541,0.359,0.129,4.34024067060366e-124,"Pericytes","SLC6A1-AS1"
"RP4-545C24.11",1.78476605068068e-106,2.76969713923805,0.138,0.027,4.77192898970492e-102,"Pericytes","RP4-545C24.1"
"RP11-517I3.1",6.92302625129621e-84,2.69312336205694,0.103,0.019,1.85100952880907e-79,"Pericytes","RP11-517I3.1"
"NEAT13",8.08519905925589e-78,0.446237250329519,0.989,0.863,2.16173967247325e-73,"Pericytes","NEAT1"
"DLEU23",6.91083494447833e-77,0.736936321050252,0.819,0.616,1.84774993910517e-72,"Pericytes","DLEU2"
"RP11-96H19.13",6.20922350937079e-76,2.14732118883087,0.395,0.204,1.66016008970047e-71,"Pericytes","RP11-96H19.1"
"EMX2OS1",1.94533400248253e-74,2.08235643015364,0.158,0.044,5.20123952243753e-70,"Pericytes","EMX2OS"
"GATA2-AS11",1.2028922577986e-68,1.92371750724131,0.121,0.029,3.21617302967611e-64,"Pericytes","GATA2-AS1"
"AC105402.41",1.08184080914427e-66,0.727817603126902,0.795,0.617,2.89251777140905e-62,"Pericytes","AC105402.4"
"PSMB12",8.45597486873783e-62,1.24765516887556,0.446,0.262,2.26087400065443e-57,"Pericytes","PSMB1"
"AC018890.62",3.03179588843738e-59,1.1664638407052,0.457,0.267,8.10611266691502e-55,"Pericytes","AC018890.6"
"ZEB1-AS12",5.92135440731091e-59,1.93597553264641,0.235,0.096,1.58319252788272e-54,"Pericytes","ZEB1-AS1"
"RP11-522B15.31",2.8076479881435e-54,2.21688762719361,0.107,0.028,7.50680842589926e-50,"Pericytes","RP11-522B15.3"
"RP13-188A5.11",6.41932209843693e-54,1.74099346030385,0.25,0.11,1.71633414945908e-49,"Pericytes","RP13-188A5.1"
"RP11-39M21.12",3.17081648689785e-50,2.13836467033862,0.187,0.074,8.47781204101877e-46,"Pericytes","RP11-39M21.1"
"RP11-2B6.31",4.97150955401209e-46,1.42852232171417,0.302,0.158,1.32923250945621e-41,"Pericytes","RP11-2B6.3"
"THSD4-AS11",2.28280907383571e-42,1.1148326237471,0.36,0.207,6.10354662071455e-38,"Pericytes","THSD4-AS1"
"CTD-2054N24.24",5.15345262801258e-38,1.39421271980776,0.214,0.1,1.37787862915172e-33,"Pericytes","CTD-2054N24.2"
"RP11-488L18.102",1.48302497534256e-37,1.50680523881291,0.123,0.043,3.9651638765734e-33,"Pericytes","RP11-488L18.10"
"CYP1B1-AS11",2.58565268891627e-36,2.55864529816516,0.104,0.035,6.91325959435542e-32,"Pericytes","CYP1B1-AS1"
"RP11-189B4.7",2.31976209035708e-35,1.78023741873782,0.122,0.044,6.20234790098772e-31,"Pericytes","RP11-189B4.7"
"AC072062.11",2.76368007908576e-31,1.35577532199871,0.123,0.047,7.38925142745159e-27,"Pericytes","AC072062.1"
"AC018816.31",5.98646564907587e-30,1.40745747077667,0.188,0.093,1.60060132059342e-25,"Pericytes","AC018816.3"
"C22orf342",9.92494333623357e-29,0.661492818243012,0.184,0.086,2.65363209980877e-24,"Pericytes","C22orf34"
"FTX1",1.05362780657208e-28,0.308930947369982,0.96,0.92,2.81708466643178e-24,"Pericytes","FTX"
"CH507-513H4.14",1.21142831046511e-27,0.485964935878568,0.73,0.638,3.23899587369055e-23,"Pericytes","CH507-513H4.1"
"RP11-103J8.12",3.13899863616844e-27,1.87642659428055,0.104,0.04,8.39274065352356e-23,"Pericytes","RP11-103J8.1"
"NORAD3",1.11970051496949e-26,0.794254657647445,0.45,0.325,2.99374326687392e-22,"Pericytes","NORAD"
"RP11-608O21.11",7.20064764059554e-26,1.28978652484196,0.122,0.051,1.92523715966603e-21,"Pericytes","RP11-608O21.1"
"AC005592.23",4.43504291641771e-25,1.10227261750644,0.245,0.142,1.1857974245626e-20,"Pericytes","AC005592.2"
"RP11-712B9.22",2.01770859201244e-22,1.57556095849786,0.149,0.075,5.39474746246367e-18,"Pericytes","RP11-712B9.2"
"RP11-244M2.11",3.52554405586831e-20,1.22600062756294,0.121,0.057,9.4262471421751e-16,"Pericytes","RP11-244M2.1"
"RP11-714G18.12",5.54692902409279e-19,1.44368305540168,0.142,0.075,1.48308241317169e-14,"Pericytes","RP11-714G18.1"
"C1orf1323",3.30732074439852e-18,0.581760761053166,0.491,0.398,8.84278347429832e-14,"Pericytes","C1orf132"
"CH507-528H12.13",7.39670949301057e-17,0.44436630521552,0.645,0.56,1.97765821714624e-12,"Pericytes","CH507-528H12.1"
"CTD-3193K9.42",6.27924784440767e-16,1.47109085319567,0.125,0.067,1.67888249615928e-11,"Pericytes","CTD-3193K9.4"
"CTC-425F1.41",2.62742796674827e-15,1.37941789533236,0.111,0.057,7.02495415469486e-11,"Pericytes","CTC-425F1.4"
"RP11-35G9.52",6.50670139790901e-12,0.750069567410637,0.173,0.11,1.73969675275893e-07,"Pericytes","RP11-35G9.5"
"MIR99AHG2",1.21365562979464e-10,0.345292413650946,0.852,0.8,3.24495105738192e-06,"Pericytes","MIR99AHG"
"AC007246.33",2.69826579906215e-10,0.642686639317836,0.321,0.254,7.21435326695246e-06,"Pericytes","AC007246.3"
"TTN-AS13",6.43203417526207e-10,0.431405586044605,0.429,0.346,1.71973297743982e-05,"Pericytes","TTN-AS1"
"RP11-197K3.12",2.18864869970594e-09,0.957105266103046,0.142,0.092,5.85179002840378e-05,"Pericytes","RP11-197K3.1"
"AC009948.53",3.2056294163547e-08,1.02275085664979,0.135,0.091,0.000857089137050757,"Pericytes","AC009948.5"
"NRSN2-AS11",1.9313940676049e-07,0.821571950870865,0.128,0.087,0.00516396831855523,"Pericytes","NRSN2-AS1"
"RP11-665G4.12",3.50811907963704e-07,1.27519691883053,0.226,0.184,0.00937965798322556,"Pericytes","RP11-665G4.1"
"FLG-AS13",2.15631186782381e-06,1.12820446387261,0.204,0.164,0.0576533104100053,"Pericytes","FLG-AS1"
"NUTM2B-AS11",4.93449906610519e-06,0.378294549145648,0.506,0.476,0.131933701530454,"Pericytes","NUTM2B-AS1"
"FGD5-AS13",5.83349014121672e-06,0.564183609476778,0.266,0.223,0.155970025905711,"Pericytes","FGD5-AS1"
"PHF11",3.23175856244563e-05,0.679793353992211,0.201,0.165,0.864075286841088,"Pericytes","PHF1"
"TRAF3IP2-AS13",0.00223057060668069,0.290372691470967,0.56,0.545,1,"Pericytes","TRAF3IP2-AS1"
"CTD-2337A12.12",0.00470935337669276,0.395656397593832,0.198,0.17,1,"Pericytes","CTD-2337A12.1"
"OTX2-AS12",0,6.39979797135633,0.965,0.049,0,"Inhibitory Neurons","OTX2-AS1"
"NR2F2-AS12",0,3.90253927618851,0.98,0.135,0,"Inhibitory Neurons","NR2F2-AS1"
"RP11-32K4.11",0,4.44446576319777,0.931,0.106,0,"Inhibitory Neurons","RP11-32K4.1"
"LINC012101",0,6.72810885766664,0.835,0.013,0,"Inhibitory Neurons","LINC01210"
"RP11-307P5.11",0,3.7160751836083,0.849,0.081,0,"Inhibitory Neurons","RP11-307P5.1"
"MIR124-2HG1",0,4.41313100840097,0.849,0.085,0,"Inhibitory Neurons","MIR124-2HG"
"ANKRD34C-AS11",0,3.74093784034323,0.788,0.086,0,"Inhibitory Neurons","ANKRD34C-AS1"
"MIAT2",0,2.44552977702689,0.813,0.149,0,"Inhibitory Neurons","MIAT"
"STXBP5-AS11",0,2.49411113087139,0.821,0.165,0,"Inhibitory Neurons","STXBP5-AS1"
"LINC005992",0,3.39428709505311,0.741,0.098,0,"Inhibitory Neurons","LINC00599"
"CTD-2147F2.1",0,7.2089985146125,0.611,0.006,0,"Inhibitory Neurons","CTD-2147F2.1"
"RP11-314B1.21",0,5.88244863155489,0.621,0.022,0,"Inhibitory Neurons","RP11-314B1.2"
"ZEB1-AS13",0,2.87540032186199,0.684,0.092,0,"Inhibitory Neurons","ZEB1-AS1"
"RP11-30J20.1",0,5.94471205708111,0.572,0.036,0,"Inhibitory Neurons","RP11-30J20.1"
"RP11-413N10.31",0,3.47982436042007,0.591,0.071,0,"Inhibitory Neurons","RP11-413N10.3"
"RP5-1074L1.1",0,3.62489094878118,0.54,0.035,0,"Inhibitory Neurons","RP5-1074L1.1"
"RP11-664H17.11",0,3.86805103374046,0.544,0.051,0,"Inhibitory Neurons","RP11-664H17.1"
"RP11-134O21.11",0,3.92138409235249,0.426,0.026,0,"Inhibitory Neurons","RP11-134O21.1"
"RP11-103J8.13",0,2.91987477745234,0.418,0.037,0,"Inhibitory Neurons","RP11-103J8.1"
"RP11-192P3.41",0,3.56175855832386,0.405,0.025,0,"Inhibitory Neurons","RP11-192P3.4"
"AC016768.11",0,4.00724610972331,0.36,0.023,0,"Inhibitory Neurons","AC016768.1"
"RP11-886D15.1",0,5.4176699596943,0.342,0.01,0,"Inhibitory Neurons","RP11-886D15.1"
"RP11-2A4.4",0,6.57501740830009,0.328,0.004,0,"Inhibitory Neurons","RP11-2A4.4"
"RP11-33A14.1",0,5.57200957590738,0.318,0.009,0,"Inhibitory Neurons","RP11-33A14.1"
"RP11-154H17.1",0,4.43355355723172,0.275,0.014,0,"Inhibitory Neurons","RP11-154H17.1"
"CTD-2008L17.2",0,5.15859930581377,0.261,0.005,0,"Inhibitory Neurons","CTD-2008L17.2"
"RP11-1085N6.5",0,4.53141052877984,0.255,0.007,0,"Inhibitory Neurons","RP11-1085N6.5"
"LINC01508",0,4.60571003788221,0.226,0.01,0,"Inhibitory Neurons","LINC01508"
"RP11-431D12.1",0,4.72017081275699,0.159,0.004,0,"Inhibitory Neurons","RP11-431D12.1"
"RP11-236L14.2",0,4.24426780785924,0.138,0.003,0,"Inhibitory Neurons","RP11-236L14.2"
"RP11-379I19.1",0,10.0159353719939,0.116,0,0,"Inhibitory Neurons","RP11-379I19.1"
"AC133633.1",0,5.19016681498569,0.112,0.002,0,"Inhibitory Neurons","AC133633.1"
"LINC011972",4.08651576988212e-319,2.92845951968369,0.525,0.069,1.09261172139338e-314,"Inhibitory Neurons","LINC01197"
"RORB-AS1",8.11160633427938e-317,2.87349925481175,0.251,0.015,2.16880018559628e-312,"Inhibitory Neurons","RORB-AS1"
"RP11-368I23.21",3.09122549429383e-299,3.26465025493756,0.348,0.032,8.26500960409342e-295,"Inhibitory Neurons","RP11-368I23.2"
"RP11-405A12.21",6.3260561365989e-296,2.75162338542339,0.552,0.081,1.69139762924245e-291,"Inhibitory Neurons","RP11-405A12.2"
"RP11-172F10.1",9.41127876334959e-291,4.28997256773949,0.173,0.008,2.51629360295678e-286,"Inhibitory Neurons","RP11-172F10.1"
"AP001347.62",6.20265010641423e-285,2.42673182230798,0.78,0.163,1.65840255895197e-280,"Inhibitory Neurons","AP001347.6"
"RP11-301G7.1",2.19014069124723e-280,5.13894200986241,0.132,0.004,5.85577916618771e-276,"Inhibitory Neurons","RP11-301G7.1"
"AC007277.3",1.71526296543979e-279,3.39910528124659,0.238,0.016,4.58609859069637e-275,"Inhibitory Neurons","AC007277.3"
"LINC011221",1.23696680917431e-277,2.41017163214572,0.829,0.195,3.30727815768934e-273,"Inhibitory Neurons","LINC01122"
"CASC152",2.34126478791993e-274,1.96131359451231,0.8,0.18,6.25983966346152e-270,"Inhibitory Neurons","CASC15"
"RP11-759A24.31",1.14275058223045e-271,1.84658521268115,0.379,0.04,3.05537223170956e-267,"Inhibitory Neurons","RP11-759A24.3"
"AC006145.4",1.1300148260714e-268,5.48326543231873,0.114,0.003,3.0213206404671e-264,"Inhibitory Neurons","AC006145.4"
"CH17-174L20.1",2.25771941260198e-259,3.37026623286262,0.193,0.011,6.03646439347392e-255,"Inhibitory Neurons","CH17-174L20.1"
"RP11-552E20.4",8.51026339970827e-258,4.96658475645704,0.136,0.005,2.27538912518e-253,"Inhibitory Neurons","RP11-552E20.4"
"AC009264.11",1.41112423735059e-257,3.00087352290366,0.312,0.03,3.77292287340427e-253,"Inhibitory Neurons","AC009264.1"
"RP11-467K18.21",2.6026865930737e-254,3.48673738324284,0.34,0.036,6.95880314390116e-250,"Inhibitory Neurons","RP11-467K18.2"
"CTC-254B4.1",9.94836638927051e-236,3.65154920383003,0.204,0.014,2.65989472149926e-231,"Inhibitory Neurons","CTC-254B4.1"
"PVT13",5.98476323253669e-233,1.73479467197331,0.603,0.108,1.60014614548334e-228,"Inhibitory Neurons","PVT1"
"RP3-522D1.12",6.4475716819874e-232,2.37152686409908,0.397,0.052,1.72388724061297e-227,"Inhibitory Neurons","RP3-522D1.1"
"SYNPR-AS1",1.01558007788598e-228,4.36299120834186,0.122,0.005,2.71535645424375e-224,"Inhibitory Neurons","SYNPR-AS1"
"RP11-378A12.1",9.78294811387219e-226,3.29815350109887,0.191,0.013,2.61566683720601e-221,"Inhibitory Neurons","RP11-378A12.1"
"RP11-543F8.2",1.18589741356625e-225,4.54316569577391,0.13,0.006,3.17073391465208e-221,"Inhibitory Neurons","RP11-543F8.2"
"RP11-638L3.11",3.35410752241462e-222,2.85205701489249,0.365,0.046,8.96787728267996e-218,"Inhibitory Neurons","RP11-638L3.1"
"RP11-210L7.3",5.59591685017596e-216,3.04062971125286,0.13,0.006,1.49618028823155e-211,"Inhibitory Neurons","RP11-210L7.3"
"RP5-921G16.13",5.81492932967391e-215,2.03305716625616,0.951,0.411,1.55473765487491e-210,"Inhibitory Neurons","RP5-921G16.1"
"LINC006201",9.09347612672648e-215,3.65661697575417,0.2,0.015,2.43132271200286e-210,"Inhibitory Neurons","LINC00620"
"RP11-384F7.23",9.70763775911576e-213,1.72390390440942,0.98,0.373,2.59553110765478e-208,"Inhibitory Neurons","RP11-384F7.2"
"CYP4A22-AS11",3.88061935784926e-212,3.23039669234697,0.289,0.031,1.03756119770816e-207,"Inhibitory Neurons","CYP4A22-AS1"
"LINC009701",7.20163406358619e-212,2.75510750028055,0.418,0.063,1.92550089958104e-207,"Inhibitory Neurons","LINC00970"
"LINC01606",4.25222689657521e-210,4.09794891479957,0.122,0.005,1.13691790533731e-205,"Inhibitory Neurons","LINC01606"
"KRTAP5-AS11",3.82520332356084e-206,2.92548637165901,0.405,0.061,1.02274461262046e-201,"Inhibitory Neurons","KRTAP5-AS1"
"RP4-625H18.22",3.95922697024263e-197,2.09071136603222,0.589,0.126,1.05857851503377e-192,"Inhibitory Neurons","RP4-625H18.2"
"CTC-490G23.61",1.6692086366048e-196,2.19712884971203,0.395,0.058,4.46296313169026e-192,"Inhibitory Neurons","CTC-490G23.6"
"RP11-720L8.1",9.67684247155899e-195,2.71490793124705,0.281,0.031,2.58729737162073e-190,"Inhibitory Neurons","RP11-720L8.1"
"CTC-340D7.11",7.24890624409191e-190,2.64289321065677,0.348,0.048,1.93814006248285e-185,"Inhibitory Neurons","CTC-340D7.1"
"DLGAP1-AS4",5.66100500201304e-179,3.40304952231145,0.161,0.011,1.51358290738823e-174,"Inhibitory Neurons","DLGAP1-AS4"
"AC159540.11",5.76535664731681e-172,1.60955136159495,0.876,0.307,1.54148340679309e-167,"Inhibitory Neurons","AC159540.1"
"RP11-686D16.11",1.92387460468525e-170,3.07925512603101,0.222,0.023,5.14386353054696e-166,"Inhibitory Neurons","RP11-686D16.1"
"SNAP25-AS12",6.59021424828558e-168,2.054704867097,0.485,0.098,1.76202558356411e-163,"Inhibitory Neurons","SNAP25-AS1"
"VLDLR-AS12",2.78141380842031e-164,1.69102347906324,0.768,0.23,7.43666609957338e-160,"Inhibitory Neurons","VLDLR-AS1"
"MAPK41",1.7256863526237e-163,0.492810434475718,0.703,0.17,4.61396760100998e-159,"Inhibitory Neurons","MAPK4"
"RP11-814P5.11",2.08678712784305e-162,3.25063953521874,0.248,0.03,5.57944274371395e-158,"Inhibitory Neurons","RP11-814P5.1"
"RP11-766N7.31",8.37802319750964e-161,1.87121551571247,0.477,0.095,2.24003206231815e-156,"Inhibitory Neurons","RP11-766N7.3"
"RP11-436D23.13",1.09745018785891e-160,1.74418482144688,0.921,0.441,2.93425256727835e-156,"Inhibitory Neurons","RP11-436D23.1"
"RP11-390N6.11",2.09632509031415e-160,2.99837420995265,0.255,0.031,5.60494439397293e-156,"Inhibitory Neurons","RP11-390N6.1"
"RP11-38L15.32",1.27669395536353e-158,2.01740396824189,0.481,0.1,3.41349662845548e-154,"Inhibitory Neurons","RP11-38L15.3"
"SLC14A2-AS1",1.49610609238377e-156,3.31996545057977,0.138,0.01,4.00013885920649e-152,"Inhibitory Neurons","SLC14A2-AS1"
"LHX5-AS11",1.55019031997791e-155,3.64060381895488,0.181,0.017,4.14474385852494e-151,"Inhibitory Neurons","LHX5-AS1"
"RP11-556G22.2",5.76339601746155e-151,3.38039253322008,0.112,0.006,1.54095919318869e-146,"Inhibitory Neurons","RP11-556G22.2"
"C9orf1471",1.54344103313278e-148,2.39314882699707,0.401,0.076,4.12669829028711e-144,"Inhibitory Neurons","C9orf147"
"RP11-238K6.11",5.67520970239419e-148,2.71837865247676,0.259,0.034,1.51738081812914e-143,"Inhibitory Neurons","RP11-238K6.1"
"GATA2-AS12",8.35601682365064e-145,2.21980210630578,0.236,0.029,2.23414821813947e-140,"Inhibitory Neurons","GATA2-AS1"
"RP11-550H2.1",4.12581450410931e-143,3.34838272016193,0.143,0.011,1.10311902396371e-138,"Inhibitory Neurons","RP11-550H2.1"
"RP11-214N1.11",1.38618441846705e-140,3.25210619284919,0.173,0.017,3.70624127965534e-136,"Inhibitory Neurons","RP11-214N1.1"
"SNHG232",7.86617091437354e-136,0.978038021843281,0.662,0.171,2.10317811737605e-131,"Inhibitory Neurons","SNHG23"
"RP11-945C19.42",9.42568637669791e-136,1.88846154583348,0.35,0.063,2.52014576653772e-131,"Inhibitory Neurons","RP11-945C19.4"
"LINC006321",1.08551530992975e-135,1.37952856376327,0.88,0.342,2.90234228415916e-131,"Inhibitory Neurons","LINC00632"
"RP11-426C22.51",2.03090227038615e-135,1.61641826838626,0.64,0.181,5.43002340033145e-131,"Inhibitory Neurons","RP11-426C22.5"
"VAV3-AS1",8.57843069934292e-135,3.32832110659149,0.106,0.006,2.29361501608332e-130,"Inhibitory Neurons","VAV3-AS1"
"RP11-484P15.11",3.76812067277787e-133,2.39553776871532,0.346,0.064,1.00748242428062e-128,"Inhibitory Neurons","RP11-484P15.1"
"AC091878.12",1.69411805465e-132,1.79476493157441,0.523,0.131,4.52956344271772e-128,"Inhibitory Neurons","AC091878.1"
"DLGAP1-AS5",3.07964540866963e-132,2.91154030326382,0.13,0.01,8.23404792916e-128,"Inhibitory Neurons","DLGAP1-AS5"
"RP11-579E24.21",5.97802552000509e-132,3.78615540144134,0.159,0.015,1.59834468328376e-127,"Inhibitory Neurons","RP11-579E24.2"
"RP1-90G24.101",3.23542470330025e-131,1.94966737282772,0.385,0.076,8.65055502921387e-127,"Inhibitory Neurons","RP1-90G24.10"
"LINC012602",1.75916167179178e-129,1.63479404853639,0.379,0.074,4.7034705618697e-125,"Inhibitory Neurons","LINC01260"
"RP11-584P21.21",2.41847815697415e-124,1.47438489357258,0.642,0.189,6.46628504830178e-120,"Inhibitory Neurons","RP11-584P21.2"
"CH17-437K3.12",4.73168744817834e-123,0.824425982847916,0.633,0.181,1.26511127301944e-118,"Inhibitory Neurons","CH17-437K3.1"
"KIF9-AS12",2.80400594654978e-121,1.38977649299632,0.821,0.31,7.49707069929015e-117,"Inhibitory Neurons","KIF9-AS1"
"CTD-2116N24.1",4.99674713482057e-119,3.05763144512522,0.104,0.007,1.33598028143698e-114,"Inhibitory Neurons","CTD-2116N24.1"
"CTD-2143L24.11",1.15726641779936e-118,2.25727948983979,0.287,0.05,3.09418322127016e-114,"Inhibitory Neurons","CTD-2143L24.1"
"RP11-15K3.1",1.97518864570905e-118,2.99692490183943,0.116,0.009,5.28106188203228e-114,"Inhibitory Neurons","RP11-15K3.1"
"RP11-260M19.21",1.07585393830778e-116,2.57992905413256,0.257,0.042,2.8765106748535e-112,"Inhibitory Neurons","RP11-260M19.2"
"RP11-318C24.21",1.76564574664672e-115,1.95906093373674,0.277,0.047,4.72080703280932e-111,"Inhibitory Neurons","RP11-318C24.2"
"RP11-679B19.1",6.3550534915098e-114,2.92401089863921,0.12,0.01,1.69915065202497e-109,"Inhibitory Neurons","RP11-679B19.1"
"LINC009231",1.48641390320551e-113,2.00262170268186,0.295,0.053,3.97422485300057e-109,"Inhibitory Neurons","LINC00923"
"RP11-430H10.41",2.58754003282839e-112,3.6979842178953,0.185,0.024,6.91830578577327e-108,"Inhibitory Neurons","RP11-430H10.4"
"PWAR62",1.55184168074356e-110,1.35098779715873,0.798,0.318,4.14915910180406e-106,"Inhibitory Neurons","PWAR6"
"NR2F1-AS14",2.52090389604747e-110,0.985430813004126,0.686,0.216,6.74014074686212e-106,"Inhibitory Neurons","NR2F1-AS1"
"RP11-642D21.2",4.35782831061212e-108,2.17702051527856,0.149,0.016,1.16515255540836e-103,"Inhibitory Neurons","RP11-642D21.2"
"RP11-636O21.21",2.72650197322203e-106,1.95199113253128,0.328,0.068,7.28984832580374e-102,"Inhibitory Neurons","RP11-636O21.2"
"CTD-2562J17.41",1.33098904043971e-104,3.43345615951261,0.161,0.019,3.55866539742365e-100,"Inhibitory Neurons","CTD-2562J17.4"
"LINCR-00011",1.33475617214437e-104,2.0429221839817,0.283,0.053,3.56873757746239e-100,"Inhibitory Neurons","LINCR-0001"
"AC079154.11",1.37422759835824e-103,4.16427554954906,0.124,0.012,3.67427232973042e-99,"Inhibitory Neurons","AC079154.1"
"AC007246.34",2.82417781634669e-101,1.15392278257468,0.709,0.249,7.55100422756615e-97,"Inhibitory Neurons","AC007246.3"
"CTD-2147F2.2",1.53029407346875e-100,2.82598838720163,0.13,0.013,4.0915472642334e-96,"Inhibitory Neurons","CTD-2147F2.2"
"AQP4-AS11",4.27658630205328e-99,0.913830562299321,0.487,0.133,1.14343087957998e-94,"Inhibitory Neurons","AQP4-AS1"
"RP11-268G12.3",1.42035279172015e-98,2.50689929011341,0.116,0.011,3.79759725922217e-94,"Inhibitory Neurons","RP11-268G12.3"
"RP11-1263C18.21",1.53742705878998e-98,2.35951068703264,0.251,0.045,4.11061872708677e-94,"Inhibitory Neurons","RP11-1263C18.2"
"CTD-2544M6.11",1.89096755806773e-98,3.06212479408883,0.175,0.024,5.0558799600057e-94,"Inhibitory Neurons","CTD-2544M6.1"
"PWRN41",1.13209048095758e-97,2.46468436706885,0.242,0.043,3.02687031893628e-93,"Inhibitory Neurons","PWRN4"
"CTC-467M3.11",2.62562936082134e-96,2.10674358250375,0.218,0.035,7.02014522202801e-92,"Inhibitory Neurons","CTC-467M3.1"
"CTC-513N18.7",3.46514868045884e-96,1.8029208901246,0.198,0.029,9.26476802694279e-92,"Inhibitory Neurons","CTC-513N18.7"
"RP11-736K20.52",1.80734121185752e-95,1.81988993735311,0.257,0.047,4.83228819814345e-91,"Inhibitory Neurons","RP11-736K20.5"
"RP11-123M6.21",8.90991938883438e-95,1.87862343235959,0.287,0.058,2.38224514699265e-90,"Inhibitory Neurons","RP11-123M6.2"
"RP11-498P14.52",1.35629185197802e-93,1.54631182570831,0.379,0.093,3.62631752463363e-89,"Inhibitory Neurons","RP11-498P14.5"
"NBAT11",2.33898729366461e-93,2.03103784263385,0.193,0.029,6.25375032707105e-89,"Inhibitory Neurons","NBAT1"
"RP11-522B15.32",7.3694961403351e-91,1.41342390395412,0.189,0.028,1.9703821830414e-86,"Inhibitory Neurons","RP11-522B15.3"
"DANT23",1.70639767632863e-90,1.081030854134,0.902,0.461,4.56239546719987e-86,"Inhibitory Neurons","DANT2"
"RP11-242P2.11",1.77834617406524e-90,1.74625226271386,0.206,0.033,4.75476416559823e-86,"Inhibitory Neurons","RP11-242P2.1"
"CRHR12",1.22088505024023e-89,1.16960784444504,0.58,0.186,3.2642803588273e-85,"Inhibitory Neurons","CRHR1"
"AC074363.13",2.51240354766934e-89,0.69033758843349,0.605,0.189,6.71741336540351e-85,"Inhibitory Neurons","AC074363.1"
"LA16c-444G7.1",2.67994792919478e-87,2.75385585734608,0.128,0.015,7.16537677828807e-83,"Inhibitory Neurons","LA16c-444G7.1"
"RP11-398K22.122",4.1816032885162e-87,1.34968708747521,0.485,0.146,1.11803527125058e-82,"Inhibitory Neurons","RP11-398K22.12"
"MIR2052HG3",8.14667915371081e-87,1.31783869872464,0.505,0.158,2.17817760532766e-82,"Inhibitory Neurons","MIR2052HG"
"RP11-289H16.11",2.74258095767252e-86,1.23720596162242,0.67,0.25,7.33283870652903e-82,"Inhibitory Neurons","RP11-289H16.1"
"MEG32",1.28728536466267e-84,1.394347587656,0.387,0.101,3.44181487949858e-80,"Inhibitory Neurons","MEG3"
"LINC012501",2.53603626160241e-84,1.37511759980365,0.371,0.095,6.78060015264636e-80,"Inhibitory Neurons","LINC01250"
"LINC004612",3.4206445909705e-84,0.731953216163543,0.788,0.302,9.14577744287784e-80,"Inhibitory Neurons","LINC00461"
"PTCHD1-AS2",8.3917525276402e-84,1.3667069268361,0.544,0.192,2.24370287331516e-79,"Inhibitory Neurons","PTCHD1-AS"
"IDI2-AS11",1.24091438766498e-83,0.92080782613632,0.356,0.087,3.31783279829986e-79,"Inhibitory Neurons","IDI2-AS1"
"LINC008711",4.52508267518121e-83,2.87138853401419,0.159,0.023,1.2098713548632e-78,"Inhibitory Neurons","LINC00871"
"CRNDE2",1.3203561782311e-81,1.32519603141569,0.536,0.177,3.53023631373649e-77,"Inhibitory Neurons","CRNDE"
"RP11-141O11.2",2.61622005316224e-81,1.56352391631082,0.169,0.025,6.99498755613988e-77,"Inhibitory Neurons","RP11-141O11.2"
"CDR1-AS2",3.46217899374303e-81,0.976323348671526,0.532,0.17,9.25682797557075e-77,"Inhibitory Neurons","CDR1-AS"
"RP11-708B6.2",1.00445798156393e-80,1.47481191809414,0.183,0.03,2.68561930530747e-76,"Inhibitory Neurons","RP11-708B6.2"
"AC005592.24",2.77035055249653e-80,1.54112296860335,0.45,0.142,7.40708627220996e-76,"Inhibitory Neurons","AC005592.2"
"RP11-745L13.22",3.45797958298275e-80,1.15447984408803,0.772,0.337,9.24560001102098e-76,"Inhibitory Neurons","RP11-745L13.2"
"KCNK15-AS11",4.39909327149449e-80,1.41606110649635,0.259,0.054,1.17618556799948e-75,"Inhibitory Neurons","KCNK15-AS1"
"STARD4-AS11",6.56740652201488e-79,1.92901260662086,0.21,0.039,1.75592748179112e-74,"Inhibitory Neurons","STARD4-AS1"
"FAM85B2",1.87501228395388e-77,1.25191857838156,0.719,0.324,5.01322034360749e-73,"Inhibitory Neurons","FAM85B"
"APTR",8.47182197354633e-76,1.09871697803576,0.42,0.123,2.26511104106708e-71,"Inhibitory Neurons","APTR"
"LINC008842",2.68440373206645e-75,1.24772566977494,0.377,0.105,7.17729025842607e-71,"Inhibitory Neurons","LINC00884"
"RP11-1084E5.1",6.58515050647755e-74,2.31789863296288,0.12,0.015,1.7606716909169e-69,"Inhibitory Neurons","RP11-1084E5.1"
"RHOXF1-AS13",1.01236880866937e-73,1.18865973645191,0.43,0.131,2.7067704837393e-69,"Inhibitory Neurons","RHOXF1-AS1"
"AC140912.12",2.00600454260366e-72,1.7934041149689,0.21,0.041,5.3634543455594e-68,"Inhibitory Neurons","AC140912.1"
"PWRN12",3.43959254270321e-71,0.672510813981905,0.674,0.246,9.19643858142557e-67,"Inhibitory Neurons","PWRN1"
"RP11-204E9.31",3.67715460993437e-69,2.41756852099464,0.134,0.019,9.83160828058153e-65,"Inhibitory Neurons","RP11-204E9.3"
"RP11-527F13.11",1.74392956191346e-68,1.18689705608798,0.287,0.071,4.66274446968803e-64,"Inhibitory Neurons","RP11-527F13.1"
"CTD-2349P21.51",4.88265538079311e-68,1.62213186698019,0.23,0.05,1.30547556916265e-63,"Inhibitory Neurons","CTD-2349P21.5"
"RP11-486O13.42",5.83344105227392e-68,0.940120123081935,0.599,0.221,1.55968713414648e-63,"Inhibitory Neurons","RP11-486O13.4"
"MIMT11",4.36505936192856e-67,3.05164227062021,0.12,0.016,1.16708592159884e-62,"Inhibitory Neurons","MIMT1"
"LINC012771",2.53464777214496e-66,1.55047896094911,0.248,0.058,6.77688774838398e-62,"Inhibitory Neurons","LINC01277"
"MIR4500HG1",8.61963882272821e-66,1.7484025833699,0.22,0.048,2.30463283203284e-61,"Inhibitory Neurons","MIR4500HG"
"RP1-151F17.2",7.78450672672313e-64,1.80396378993031,0.141,0.022,2.08134356352396e-59,"Inhibitory Neurons","RP1-151F17.2"
"RP11-676J15.11",3.21054982578892e-63,2.05281635955992,0.155,0.027,8.58404706921183e-59,"Inhibitory Neurons","RP11-676J15.1"
"RP11-159H10.3",5.51710291307292e-63,2.53208258960982,0.102,0.013,1.47510780586831e-58,"Inhibitory Neurons","RP11-159H10.3"
"SLC8A1-AS14",1.53030203699124e-62,0.856122308595788,0.31,0.085,4.09156855630348e-58,"Inhibitory Neurons","SLC8A1-AS1"
"LINC002761",2.15710453223537e-62,1.823410253569,0.222,0.05,5.76745038783771e-58,"Inhibitory Neurons","LINC00276"
"AC009961.32",3.54608321455077e-62,0.967787754950107,0.328,0.093,9.4811626907444e-58,"Inhibitory Neurons","AC009961.3"
"LINC012341",5.1455744704326e-62,2.28547780926164,0.147,0.025,1.37577224615957e-57,"Inhibitory Neurons","LINC01234"
"RP1-78O14.12",8.47757148399431e-62,0.805016893061005,0.259,0.064,2.26664828767556e-57,"Inhibitory Neurons","RP1-78O14.1"
"RP11-39M21.13",2.9471212533141e-61,1.07341991761821,0.283,0.075,7.87971809498591e-57,"Inhibitory Neurons","RP11-39M21.1"
"CTD-2047H16.42",4.95153688217976e-61,0.835650808696218,0.479,0.168,1.3238924161884e-56,"Inhibitory Neurons","CTD-2047H16.4"
"RP11-259O18.51",9.91331968425597e-61,1.54302325451478,0.269,0.07,2.65052428397952e-56,"Inhibitory Neurons","RP11-259O18.5"
"RBMS3-AS32",1.42993655227891e-60,0.419023292727927,0.269,0.067,3.82322135982812e-56,"Inhibitory Neurons","RBMS3-AS3"
"AC007131.11",1.95029227928855e-60,3.23710233551757,0.112,0.016,5.2144964671338e-56,"Inhibitory Neurons","AC007131.1"
"BMS1P142",8.1522672164999e-60,1.67604311825461,0.31,0.089,2.17967168567558e-55,"Inhibitory Neurons","BMS1P14"
"LINC00237",2.52951629791367e-59,2.10891622455035,0.114,0.016,6.76316772573177e-55,"Inhibitory Neurons","LINC00237"
"TMEM161B-AS13",2.58449010725405e-59,0.745612039493369,0.935,0.638,6.91015119976515e-55,"Inhibitory Neurons","TMEM161B-AS1"
"GNG12-AS12",7.53991393311389e-58,1.0853971503819,0.244,0.061,2.01594678829666e-53,"Inhibitory Neurons","GNG12-AS1"
"RP11-74E22.81",8.92529780683711e-58,1.94728310399996,0.128,0.021,2.38635687461404e-53,"Inhibitory Neurons","RP11-74E22.8"
"AC005355.1",1.2767707516342e-56,2.32963351452324,0.114,0.017,3.41370195864435e-52,"Inhibitory Neurons","AC005355.1"
"RP1-239B22.51",1.45790825261145e-56,2.30986529574788,0.128,0.021,3.89800929500724e-52,"Inhibitory Neurons","RP1-239B22.5"
"LINC006234",3.68817017616975e-56,0.686461755172642,0.676,0.279,9.86106060002506e-52,"Inhibitory Neurons","LINC00623"
"RP11-624C23.12",1.1781324084256e-55,1.22382733750507,0.385,0.132,3.14997262040753e-51,"Inhibitory Neurons","RP11-624C23.1"
"RP4-555D20.23",1.60372419509556e-55,1.56548315021284,0.295,0.086,4.287877380427e-51,"Inhibitory Neurons","RP4-555D20.2"
"PRKG1-AS11",1.63173783563186e-55,2.03820842665082,0.126,0.021,4.3627774511289e-51,"Inhibitory Neurons","PRKG1-AS1"
"RP11-718O11.11",9.09309712892097e-55,2.78475616324116,0.132,0.023,2.4312213793596e-50,"Inhibitory Neurons","RP11-718O11.1"
"AC005609.161",1.83493887076569e-54,1.73684388870955,0.179,0.039,4.90607605876623e-50,"Inhibitory Neurons","AC005609.16"
"RP11-1C8.41",3.70482045816738e-53,2.37266512651277,0.149,0.029,9.90557845900212e-49,"Inhibitory Neurons","RP11-1C8.4"
"FTX2",5.26756825520923e-53,0.579837349998463,0.992,0.92,1.40838972439529e-48,"Inhibitory Neurons","FTX"
"KCNQ1OT12",5.81226239578779e-53,0.922765896514112,0.872,0.497,1.55402459676178e-48,"Inhibitory Neurons","KCNQ1OT1"
"GS1-72M22.11",7.13623848374618e-53,2.00019028921452,0.149,0.029,1.90801608339922e-48,"Inhibitory Neurons","GS1-72M22.1"
"RP1-111C20.41",2.04164843695189e-52,0.842563075102627,0.47,0.175,5.45875542587827e-48,"Inhibitory Neurons","RP1-111C20.4"
"LINC01090",2.56629585876845e-52,1.95630268991794,0.118,0.019,6.86150523758919e-48,"Inhibitory Neurons","LINC01090"
"RP11-144F15.12",8.93134161448954e-52,1.3004233201713,0.346,0.115,2.38797280746607e-47,"Inhibitory Neurons","RP11-144F15.1"
"RP11-262K1.11",1.08041773061011e-51,2.42781936281195,0.141,0.027,2.88871288633225e-47,"Inhibitory Neurons","RP11-262K1.1"
"CTD-2260A17.23",4.15634747063796e-51,0.8721910351281,0.489,0.192,1.11128262322447e-46,"Inhibitory Neurons","CTD-2260A17.2"
"AC007405.6",5.45212366332128e-50,2.03643225408865,0.108,0.017,1.45773430386221e-45,"Inhibitory Neurons","AC007405.6"
"LINC014811",1.06205422888474e-49,0.804137009917983,0.642,0.298,2.83961439176912e-45,"Inhibitory Neurons","LINC01481"
"TTTY101",2.6490472380089e-49,0.840372466832568,0.42,0.152,7.0827576002644e-45,"Inhibitory Neurons","TTTY10"
"AC007405.41",3.46411506991206e-49,1.33053619828968,0.159,0.033,9.26200446242388e-45,"Inhibitory Neurons","AC007405.4"
"GDNF-AS11",9.2117937706221e-49,0.754499814296122,0.236,0.063,2.46295730045123e-44,"Inhibitory Neurons","GDNF-AS1"
"LINC013222",1.08849868958867e-48,0.530746809183183,0.452,0.171,2.91031894635322e-44,"Inhibitory Neurons","LINC01322"
"LINC011022",1.45756302162285e-48,0.831009882863946,0.389,0.136,3.89708625091301e-44,"Inhibitory Neurons","LINC01102"
"RP11-712L6.51",2.75948780133903e-48,1.78968783453822,0.169,0.038,7.37804253444018e-44,"Inhibitory Neurons","RP11-712L6.5"
"RP11-295K2.34",4.42918800234028e-48,0.631502321924508,0.475,0.183,1.18423199618572e-43,"Inhibitory Neurons","RP11-295K2.3"
"ZMIZ1-AS11",7.69240483959738e-48,1.12325118302118,0.214,0.055,2.05671828196315e-43,"Inhibitory Neurons","ZMIZ1-AS1"
"RP4-676J13.21",1.2130840618344e-47,1.78783010100325,0.149,0.031,3.24342285612664e-43,"Inhibitory Neurons","RP4-676J13.2"
"RP11-445F12.11",9.95657886270114e-47,2.58563341380694,0.114,0.02,2.6620904905204e-42,"Inhibitory Neurons","RP11-445F12.1"
"CCNT2-AS11",2.53254415360121e-46,1.02525885890056,0.314,0.103,6.77126330348354e-42,"Inhibitory Neurons","CCNT2-AS1"
"RP11-510J16.51",8.19370558757822e-46,1.42484683137198,0.22,0.061,2.19075106295079e-41,"Inhibitory Neurons","RP11-510J16.5"
"CPEB2-AS11",1.27624737051403e-45,0.976563826291444,0.267,0.081,3.41230259454335e-41,"Inhibitory Neurons","CPEB2-AS1"
"RP6-65G23.31",1.94749755699744e-45,2.64516547115048,0.104,0.017,5.20702421814405e-41,"Inhibitory Neurons","RP6-65G23.3"
"RP3-414A15.102",5.13486169305141e-45,1.19152810977067,0.21,0.057,1.37290797087116e-40,"Inhibitory Neurons","RP3-414A15.10"
"HHIP-AS11",2.19973141318989e-44,1.21483922177065,0.216,0.06,5.8814218794458e-40,"Inhibitory Neurons","HHIP-AS1"
"RP11-804N13.1",3.02783268603104e-44,1.15222520043922,0.193,0.05,8.09551625264119e-40,"Inhibitory Neurons","RP11-804N13.1"
"FAM66A2",5.8709064394283e-44,1.42288622528744,0.244,0.073,1.56970425470994e-39,"Inhibitory Neurons","FAM66A"
"RP11-386G11.101",1.02949262030396e-43,0.978962408135952,0.257,0.078,2.7525544189067e-39,"Inhibitory Neurons","RP11-386G11.10"
"FAM66D2",1.18639942584481e-43,0.835653956853478,0.664,0.336,3.17207614488127e-39,"Inhibitory Neurons","FAM66D"
"CTD-2020K17.12",1.98662603045337e-43,0.778730513344184,0.232,0.067,5.31164201762317e-39,"Inhibitory Neurons","CTD-2020K17.1"
"RP11-284N8.31",3.66062444507085e-43,1.90726557823093,0.175,0.044,9.78741157878594e-39,"Inhibitory Neurons","RP11-284N8.3"
"LINC012841",9.23349795422691e-43,1.80934234494542,0.216,0.062,2.46876034802165e-38,"Inhibitory Neurons","LINC01284"
"CTD-3096M3.2",9.65774683371281e-43,1.29221199914687,0.118,0.022,2.58219177092979e-38,"Inhibitory Neurons","CTD-3096M3.2"
"RP11-273G15.21",1.53389179360349e-42,1.47865627996686,0.206,0.057,4.10116648855766e-38,"Inhibitory Neurons","RP11-273G15.2"
"CTD-2009A10.11",2.35358470419631e-42,2.08595330578468,0.13,0.027,6.29277942360967e-38,"Inhibitory Neurons","CTD-2009A10.1"
"RP11-580I1.11",2.5096265622665e-42,1.92427325156641,0.163,0.04,6.70998853953193e-38,"Inhibitory Neurons","RP11-580I1.1"
"RP11-367N14.22",5.51990312012432e-42,0.735683368830651,0.275,0.087,1.47585649722764e-37,"Inhibitory Neurons","RP11-367N14.2"
"DPP10-AS11",7.69892383952115e-42,1.57946164870304,0.122,0.024,2.05846126697277e-37,"Inhibitory Neurons","DPP10-AS1"
"AC007563.52",1.32635466767644e-41,0.966090436978836,0.308,0.107,3.54627447496649e-37,"Inhibitory Neurons","AC007563.5"
"RP1-30E17.21",5.14852863088938e-41,2.23022267020254,0.138,0.031,1.37656210004089e-36,"Inhibitory Neurons","RP1-30E17.2"
"RP3-475N16.12",6.41779899389721e-41,1.1604627978808,0.244,0.076,1.7159269169983e-36,"Inhibitory Neurons","RP3-475N16.1"
"RP11-439A17.101",7.61669205880292e-41,0.457071841695639,0.202,0.055,2.03647495576214e-36,"Inhibitory Neurons","RP11-439A17.10"
"AC079305.111",1.06922900563687e-40,1.4496223497136,0.187,0.05,2.8587975923713e-36,"Inhibitory Neurons","AC079305.11"
"RP11-15A1.21",2.96342204546823e-40,0.937072067151056,0.214,0.061,7.92330152296841e-36,"Inhibitory Neurons","RP11-15A1.2"
"C1orf1324",5.80748255571077e-40,0.532327182486674,0.78,0.396,1.55274661092039e-35,"Inhibitory Neurons","C1orf132"
"LINC001581",6.41319368344083e-40,1.04518908617576,0.185,0.05,1.71469559514157e-35,"Inhibitory Neurons","LINC00158"
"DRAIC2",2.13578085449609e-39,0.789371872068103,0.289,0.099,5.71043727066621e-35,"Inhibitory Neurons","DRAIC"
"INHBA-AS11",1.00094176898452e-38,2.17258757143557,0.169,0.045,2.67621800773392e-34,"Inhibitory Neurons","INHBA-AS1"
"KCNIP2-AS1",1.54250704140428e-38,1.35722035228112,0.104,0.019,4.12420107660263e-34,"Inhibitory Neurons","KCNIP2-AS1"
"AC068490.21",2.85663293713186e-38,1.71288794032853,0.132,0.03,7.63777948400946e-34,"Inhibitory Neurons","AC068490.2"
"RP11-317N12.13",7.15087846564311e-38,0.522599392256496,0.285,0.099,1.911930375359e-33,"Inhibitory Neurons","RP11-317N12.1"
"AC108142.11",1.08579208196138e-37,1.63073242115944,0.149,0.036,2.90308228954015e-33,"Inhibitory Neurons","AC108142.1"
"RP11-465I4.21",1.1966705965339e-37,2.13901588641984,0.102,0.019,3.19953817395269e-33,"Inhibitory Neurons","RP11-465I4.2"
"CTD-2337A12.13",1.38433082871234e-37,0.451049204236895,0.415,0.168,3.70128533672819e-33,"Inhibitory Neurons","CTD-2337A12.1"
"ZNF790-AS12",2.20821607956266e-37,0.529389676193575,0.322,0.117,5.90410733192669e-33,"Inhibitory Neurons","ZNF790-AS1"
"RP11-274B21.91",2.98034209849373e-37,1.66087498593334,0.118,0.025,7.96854066874267e-33,"Inhibitory Neurons","RP11-274B21.9"
"RP11-532F6.41",5.65349999902413e-37,1.76990227272648,0.134,0.031,1.51157629473908e-32,"Inhibitory Neurons","RP11-532F6.4"
"LIN28B-AS11",8.3983156276923e-37,2.08682722213243,0.104,0.02,2.24545764937609e-32,"Inhibitory Neurons","LIN28B-AS1"
"RP11-15B17.1",1.24994089946004e-36,1.26470802569595,0.151,0.037,3.34196698288632e-32,"Inhibitory Neurons","RP11-15B17.1"
"JAZF1-AS11",2.19812900712845e-36,1.16797397425308,0.193,0.057,5.87713752635934e-32,"Inhibitory Neurons","JAZF1-AS1"
"KTN1-AS11",2.24947246484115e-36,0.738026504740479,0.255,0.085,6.01441452924578e-32,"Inhibitory Neurons","KTN1-AS1"
"CTD-2541J13.1",2.71002778205808e-36,1.04779154707876,0.116,0.024,7.24580128088869e-32,"Inhibitory Neurons","CTD-2541J13.1"
"PCAT13",2.72387528174801e-36,0.418883430877022,0.277,0.095,7.28282534080965e-32,"Inhibitory Neurons","PCAT1"
"RP11-374M1.41",6.05063259313796e-36,1.04732057985899,0.181,0.051,1.6177576364273e-31,"Inhibitory Neurons","RP11-374M1.4"
"RP11-116O11.12",7.1249569668102e-36,1.24499903236521,0.122,0.027,1.90499974421604e-31,"Inhibitory Neurons","RP11-116O11.1"
"AC145124.21",1.0077008848009e-35,1.37676076190301,0.141,0.034,2.69428985569217e-31,"Inhibitory Neurons","AC145124.2"
"UBA6-AS13",1.04777809989755e-35,0.548749042108926,0.699,0.371,2.80144430569608e-31,"Inhibitory Neurons","UBA6-AS1"
"LL22NC03-2H8.51",2.62737082357946e-35,0.831503276631418,0.45,0.197,7.0248013710044e-31,"Inhibitory Neurons","LL22NC03-2H8.5"
"LIPE-AS11",3.67565072517433e-35,0.436126074292468,0.46,0.198,9.8275873438986e-31,"Inhibitory Neurons","LIPE-AS1"
"RP11-206L10.91",9.02340785878468e-35,0.584540856541338,0.454,0.197,2.41258855920326e-30,"Inhibitory Neurons","RP11-206L10.9"
"RP11-586K2.12",2.88432375434187e-34,0.50155216141113,0.312,0.117,7.71181642198385e-30,"Inhibitory Neurons","RP11-586K2.1"
"EMX2OS2",4.10322519750025e-34,0.856655819258402,0.167,0.046,1.09707932105564e-29,"Inhibitory Neurons","EMX2OS"
"MIR193BHG1",5.77345237509742e-34,0.926084716853214,0.2,0.061,1.5436479615298e-29,"Inhibitory Neurons","MIR193BHG"
"AC009948.54",6.88105373645101e-34,0.645214502595919,0.259,0.09,1.83978733751491e-29,"Inhibitory Neurons","AC009948.5"
"RP11-337C18.82",7.20487094214177e-34,0.565060522300982,0.497,0.225,1.92636634380044e-29,"Inhibitory Neurons","RP11-337C18.8"
"TTTY152",1.34445419315127e-33,0.480915688087926,0.346,0.135,3.59466717622855e-29,"Inhibitory Neurons","TTTY15"
"PPP1R26-AS11",1.52682895309703e-33,1.79524585174102,0.143,0.037,4.08228257189552e-29,"Inhibitory Neurons","PPP1R26-AS1"
"HCG172",3.89813510600447e-33,0.522209381984393,0.729,0.402,1.04224438329242e-28,"Inhibitory Neurons","HCG17"
"RP11-461O7.13",6.6014242724697e-33,0.526750989809157,0.32,0.124,1.76502280773023e-28,"Inhibitory Neurons","RP11-461O7.1"
"RP11-67L2.2",7.01111866824818e-33,1.02011568505899,0.132,0.032,1.87456279832951e-28,"Inhibitory Neurons","RP11-67L2.2"
"RP11-706O15.11",8.58991920140711e-33,1.93032867145442,0.102,0.021,2.29668669688022e-28,"Inhibitory Neurons","RP11-706O15.1"
"SLC16A1-AS11",2.45840941374353e-32,0.54344566657053,0.772,0.438,6.57304924952608e-28,"Inhibitory Neurons","SLC16A1-AS1"
"AC007038.72",3.48848459520205e-32,0.375365316923534,0.373,0.152,9.32716126219172e-28,"Inhibitory Neurons","AC007038.7"
"MEG81",7.77855101956087e-32,1.24910715685052,0.181,0.055,2.07975118609999e-27,"Inhibitory Neurons","MEG8"
"AC105402.42",2.44984899855381e-31,0.697157461894426,0.89,0.619,6.55016126743331e-27,"Inhibitory Neurons","AC105402.4"
"LINC006301",3.35009138734348e-31,0.38827931107176,0.399,0.17,8.95713934234025e-27,"Inhibitory Neurons","LINC00630"
"ST3GAL6-AS1",3.37258296982884e-31,0.937461920484743,0.11,0.025,9.01727508643138e-27,"Inhibitory Neurons","ST3GAL6-AS1"
"LINC009361",3.41378190479211e-31,1.26164414848476,0.118,0.028,9.12742867884265e-27,"Inhibitory Neurons","LINC00936"
"MMP25-AS11",7.74756948528465e-31,0.672445301887566,0.153,0.043,2.07146765328056e-26,"Inhibitory Neurons","MMP25-AS1"
"RAPGEF4-AS11",1.38933159429893e-30,1.5270270602051,0.149,0.042,3.71465588367704e-26,"Inhibitory Neurons","RAPGEF4-AS1"
"RP11-410D17.22",1.53716425771707e-30,0.713342115278262,0.308,0.123,4.10991607585814e-26,"Inhibitory Neurons","RP11-410D17.2"
"AP000487.52",1.87472140006792e-30,0.695184132595474,0.253,0.092,5.01244260736159e-26,"Inhibitory Neurons","AP000487.5"
"LINC005041",3.02588754880582e-30,1.17718359253855,0.167,0.05,8.09031553924211e-26,"Inhibitory Neurons","LINC00504"
"NORAD4",3.45392663158003e-30,0.587596331286348,0.615,0.325,9.23476363485553e-26,"Inhibitory Neurons","NORAD"
"AC010127.32",4.3900324433101e-30,1.02510182993295,0.263,0.1,1.17376297436782e-25,"Inhibitory Neurons","AC010127.3"
"RP11-15E1.52",8.16061371957782e-30,1.00545272513037,0.198,0.065,2.18190329020352e-25,"Inhibitory Neurons","RP11-15E1.5"
"HCG111",8.43156592052389e-30,0.84489289830488,0.12,0.03,2.25434778017047e-25,"Inhibitory Neurons","HCG11"
"RP11-333E1.12",9.92608099322638e-30,0.391671953375677,0.424,0.188,2.65393627515894e-25,"Inhibitory Neurons","RP11-333E1.1"
"RP11-20I20.21",1.66918417677594e-29,1.2046666348148,0.153,0.044,4.46289773344584e-25,"Inhibitory Neurons","RP11-20I20.2"
"CYP4F26P1",1.70538215661259e-29,1.62577380413928,0.116,0.029,4.55968027213507e-25,"Inhibitory Neurons","CYP4F26P"
"RP11-1129I3.11",2.44944722368547e-29,0.737831788096993,0.234,0.084,6.54908704196785e-25,"Inhibitory Neurons","RP11-1129I3.1"
"SNAI3-AS11",3.09116748422725e-29,0.688659743289837,0.206,0.069,8.2648545025784e-25,"Inhibitory Neurons","SNAI3-AS1"
"AF146191.42",6.084519749644e-29,0.450984224950294,0.424,0.191,1.62681804546232e-24,"Inhibitory Neurons","AF146191.4"
"RP11-531A24.51",9.36455704928114e-29,0.793130547431706,0.224,0.079,2.5038016182663e-24,"Inhibitory Neurons","RP11-531A24.5"
"AC005786.71",1.04684472547292e-28,1.12369515282093,0.134,0.036,2.79894874249694e-24,"Inhibitory Neurons","AC005786.7"
"RP11-535M15.11",1.63588025697664e-28,0.442814174347754,0.255,0.095,4.37385304307844e-24,"Inhibitory Neurons","RP11-535M15.1"
"RP11-714G18.13",1.74120645378439e-28,0.545394413575973,0.216,0.075,4.65546369548334e-24,"Inhibitory Neurons","RP11-714G18.1"
"RP11-282I1.11",1.7461955472262e-28,0.923111433747149,0.124,0.032,4.66880303461869e-24,"Inhibitory Neurons","RP11-282I1.1"
"RP11-343H19.11",1.96577536784971e-28,1.18118812323693,0.122,0.032,5.25589360101976e-24,"Inhibitory Neurons","RP11-343H19.1"
"RP11-260M2.1",1.07535597823626e-27,0.652887266656706,0.13,0.035,2.87517927901029e-23,"Inhibitory Neurons","RP11-260M2.1"
"CTC-260E6.62",3.19835438910871e-27,0.76173642533122,0.248,0.095,8.55144013015996e-23,"Inhibitory Neurons","CTC-260E6.6"
"CTC-499B15.51",3.34839581060072e-27,1.26556286313318,0.102,0.024,8.95260587880314e-23,"Inhibitory Neurons","CTC-499B15.5"
"AC016723.41",4.14324135745081e-27,1.60400755471271,0.1,0.024,1.10777844174162e-22,"Inhibitory Neurons","AC016723.4"
"PARD6G-AS12",5.27804446054143e-27,0.536000240501391,0.236,0.088,1.41119074741496e-22,"Inhibitory Neurons","PARD6G-AS1"
"CTD-2012K14.61",5.77804066380206e-27,1.04833903728484,0.175,0.057,1.54487473228076e-22,"Inhibitory Neurons","CTD-2012K14.6"
"TTTY142",1.69342603996553e-26,0.442299105579022,0.707,0.407,4.52771320305583e-22,"Inhibitory Neurons","TTTY14"
"RP11-310E22.51",2.45193714584003e-26,1.41765936632917,0.108,0.027,6.55574434683249e-22,"Inhibitory Neurons","RP11-310E22.5"
"SEC24B-AS12",4.64138913217006e-26,0.473998953201176,0.224,0.082,1.24096821226831e-21,"Inhibitory Neurons","SEC24B-AS1"
"RP11-173D3.12",5.77122923597969e-26,0.70651628491575,0.265,0.106,1.54305356082389e-21,"Inhibitory Neurons","RP11-173D3.1"
"RP11-128A17.1",8.84922710421669e-26,0.757142170316045,0.106,0.026,2.36601785085441e-21,"Inhibitory Neurons","RP11-128A17.1"
"TMEM72-AS12",9.53887363700157e-26,0.336356157494253,0.338,0.147,2.55040864432511e-21,"Inhibitory Neurons","TMEM72-AS1"
"LINC012522",3.63292637380988e-25,0.273368150095625,0.255,0.1,9.71335524565547e-21,"Inhibitory Neurons","LINC01252"
"CH507-513H4.15",5.59813427553413e-25,1.16761063817595,0.921,0.637,1.49677316124956e-20,"Inhibitory Neurons","CH507-513H4.1"
"LINC006652",6.35919649167746e-25,0.528198649583901,0.232,0.089,1.7002583659798e-20,"Inhibitory Neurons","LINC00665"
"RP11-813I20.21",8.27351348678006e-25,1.53472674368611,0.104,0.027,2.21208930096038e-20,"Inhibitory Neurons","RP11-813I20.2"
"LINC004762",1.18958385097582e-24,0.303768408791744,0.546,0.279,3.18059034235406e-20,"Inhibitory Neurons","LINC00476"
"TSPOAP1-AS11",1.20780935651784e-24,0.726435678471057,0.114,0.031,3.22931987652176e-20,"Inhibitory Neurons","TSPOAP1-AS1"
"FALEC1",1.37558621472308e-24,0.845701456724646,0.122,0.034,3.67790486230511e-20,"Inhibitory Neurons","FALEC"
"AC007966.1",1.58918569453153e-24,0.951831058953283,0.116,0.032,4.24900579146894e-20,"Inhibitory Neurons","AC007966.1"
"AC003075.41",1.64653175236621e-24,1.04602408908071,0.181,0.064,4.40233194630154e-20,"Inhibitory Neurons","AC003075.4"
"RP11-382A20.41",1.82215937006793e-24,0.912275706116968,0.179,0.062,4.87190750775064e-20,"Inhibitory Neurons","RP11-382A20.4"
"FLG-AS14",4.18606007096046e-24,0.628826938396586,0.35,0.163,1.1192268811727e-19,"Inhibitory Neurons","FLG-AS1"
"RP11-654A16.31",7.9384835358637e-24,1.10941850064227,0.189,0.069,2.12251234298388e-19,"Inhibitory Neurons","RP11-654A16.3"
"RNF139-AS11",1.06835913184671e-23,0.86830283588715,0.13,0.039,2.85647181081855e-19,"Inhibitory Neurons","RNF139-AS1"
"STX18-AS12",1.31302576393578e-23,0.261667676348643,0.568,0.298,3.51063698503511e-19,"Inhibitory Neurons","STX18-AS1"
"AC007255.8",2.06344259986654e-23,0.799517253378112,0.11,0.03,5.51702647926317e-19,"Inhibitory Neurons","AC007255.8"
"RP11-2E11.91",6.15678088565637e-23,1.25840814366143,0.132,0.041,1.64613850539794e-18,"Inhibitory Neurons","RP11-2E11.9"
"RP11-112J3.162",7.3819949901175e-23,0.636408138135037,0.191,0.071,1.97372400050772e-18,"Inhibitory Neurons","RP11-112J3.16"
"LINC006622",7.9403547208219e-23,0.435466931499041,0.564,0.3,2.12301264170615e-18,"Inhibitory Neurons","LINC00662"
"RP13-726E6.11",1.91195985818877e-22,0.507615434012438,0.238,0.097,5.11200707283932e-18,"Inhibitory Neurons","RP13-726E6.1"
"LINC01503",2.99562658393608e-22,1.01887392270722,0.1,0.027,8.00940679746989e-18,"Inhibitory Neurons","LINC01503"
"PSMD6-AS2",7.44802675649394e-22,0.540651349600428,0.177,0.064,1.99137891388378e-17,"Inhibitory Neurons","PSMD6-AS2"
"RP11-72M17.12",1.13539552868329e-21,0.447832344743166,0.279,0.124,3.03570702504052e-17,"Inhibitory Neurons","RP11-72M17.1"
"CD81-AS11",3.71857991766419e-21,0.815096556381474,0.134,0.044,9.94236712585874e-17,"Inhibitory Neurons","CD81-AS1"
"AC007285.62",5.94858724161797e-21,0.571236549831034,0.183,0.069,1.5904737707914e-16,"Inhibitory Neurons","AC007285.6"
"RP11-90D4.31",8.10867611406049e-21,1.07286786862835,0.102,0.029,2.16801673261635e-16,"Inhibitory Neurons","RP11-90D4.3"
"RP11-227G15.11",2.57664950374708e-20,0.467662572679243,0.102,0.029,6.88918777816856e-16,"Inhibitory Neurons","RP11-227G15.11"
"RP11-3B12.22",3.64812751825312e-20,0.618230444548326,0.267,0.121,9.75399854555337e-16,"Inhibitory Neurons","RP11-3B12.2"
"RP11-580I1.23",4.05066053320022e-20,0.465437116131233,0.242,0.105,1.08302510676174e-15,"Inhibitory Neurons","RP11-580I1.2"
"RP11-318K12.21",4.13492946227467e-20,1.19574723150353,0.102,0.029,1.10555609032838e-15,"Inhibitory Neurons","RP11-318K12.2"
"RP11-468H14.2",4.31925143615558e-20,0.607660222367439,0.106,0.031,1.15483825648492e-15,"Inhibitory Neurons","RP11-468H14.2"
"LINC001591",5.06224478950115e-20,0.604410360606479,0.218,0.092,1.35349238936892e-15,"Inhibitory Neurons","LINC00159"
"LINC015881",6.62331753093527e-20,0.586210603962955,0.145,0.05,1.77087640824616e-15,"Inhibitory Neurons","LINC01588"
"RP11-324I22.41",7.10282933636532e-20,0.250395581545572,0.395,0.195,1.899083479664e-15,"Inhibitory Neurons","RP11-324I22.4"
"RP11-462L8.1",1.44811497776482e-19,0.926267908316105,0.128,0.043,3.87182501604981e-15,"Inhibitory Neurons","RP11-462L8.1"
"RP11-154H23.4",1.51023357938245e-19,0.601653881622368,0.157,0.056,4.03791152119486e-15,"Inhibitory Neurons","RP11-154H23.4"
"RP11-416N4.41",1.70806776015048e-19,1.01460683424231,0.1,0.029,4.56686077031433e-15,"Inhibitory Neurons","RP11-416N4.4"
"RP11-768F21.12",2.10827236219571e-19,0.609023289655182,0.163,0.061,5.63688781480267e-15,"Inhibitory Neurons","RP11-768F21.1"
"AC004053.12",2.51861049442904e-19,0.368127143230742,0.232,0.1,6.73400887895494e-15,"Inhibitory Neurons","AC004053.1"
"RP11-770G2.21",3.23180566023117e-19,0.967626209441673,0.126,0.042,8.64087879376008e-15,"Inhibitory Neurons","RP11-770G2.2"
"RP11-505E24.21",4.13700736525617e-19,0.354786922832988,0.143,0.05,1.10611165924854e-14,"Inhibitory Neurons","RP11-505E24.2"
"RP11-711K1.81",5.08825445988113e-19,0.404309405184192,0.21,0.086,1.36044659493842e-14,"Inhibitory Neurons","RP11-711K1.8"
"RP11-161I6.21",6.28974909595211e-19,1.04132932272486,0.126,0.042,1.68169021578472e-14,"Inhibitory Neurons","RP11-161I6.2"
"CTD-2201I18.1",1.51468893418143e-18,0.986935388940682,0.116,0.037,4.04982380332089e-14,"Inhibitory Neurons","CTD-2201I18.1"
"RP11-543C4.11",1.95965398988176e-18,0.856885976850473,0.118,0.039,5.23952687274687e-14,"Inhibitory Neurons","RP11-543C4.1"
"KB-1460A1.51",4.92239023450804e-18,0.520490508421918,0.214,0.092,1.31609947700042e-13,"Inhibitory Neurons","KB-1460A1.5"
"AC009495.41",7.48468656194738e-18,0.792477188704464,0.122,0.042,2.00118064606787e-13,"Inhibitory Neurons","AC009495.4"
"AC159540.21",1.27115437880628e-17,1.23133757155138,0.102,0.032,3.39868546261436e-13,"Inhibitory Neurons","AC159540.2"
"RUNDC3A-AS11",1.50279605238279e-17,0.995482230920476,0.104,0.033,4.01802580525587e-13,"Inhibitory Neurons","RUNDC3A-AS1"
"RP11-596C23.61",3.05449008011432e-17,0.609480667969446,0.202,0.086,8.16679012720165e-13,"Inhibitory Neurons","RP11-596C23.6"
"BBOX1-AS11",4.04097300850595e-17,1.50243445301074,0.108,0.036,1.08043495328424e-12,"Inhibitory Neurons","BBOX1-AS1"
"RAET1E-AS11",4.51629720479869e-17,1.0288400612217,0.104,0.033,1.20752238364702e-12,"Inhibitory Neurons","RAET1E-AS1"
"PWRN32",1.12607720364429e-16,0.473861151518336,0.173,0.071,3.01079261938375e-12,"Inhibitory Neurons","PWRN3"
"CTD-2269F5.14",1.48062470364516e-16,0.347141699273519,0.246,0.116,3.95874627013605e-12,"Inhibitory Neurons","CTD-2269F5.1"
"RP11-119D9.11",2.94549112182479e-16,0.668025074649035,0.11,0.037,7.87535961242293e-12,"Inhibitory Neurons","RP11-119D9.1"
"AP000797.32",3.6645046478392e-16,0.788380067267618,0.141,0.054,9.79778607692768e-12,"Inhibitory Neurons","AP000797.3"
"RP11-890B15.31",6.99451629885447e-16,0.31214136699408,0.118,0.042,1.87012382282472e-11,"Inhibitory Neurons","RP11-890B15.3"
"RP11-624L4.11",9.59497761268374e-16,0.911463408811475,0.181,0.079,2.56540916430325e-11,"Inhibitory Neurons","RP11-624L4.1"
"CTD-2537O9.12",1.95791487092193e-15,0.585462446536521,0.165,0.069,5.23487699038397e-11,"Inhibitory Neurons","CTD-2537O9.1"
"TRAF3IP2-AS14",2.13415849353544e-15,0.309306074179584,0.809,0.542,5.70609956416571e-11,"Inhibitory Neurons","TRAF3IP2-AS1"
"CTD-2293H3.21",5.46119772128188e-15,0.582320205664762,0.108,0.038,1.46016043473914e-10,"Inhibitory Neurons","CTD-2293H3.2"
"ZFHX4-AS12",7.10861127322266e-15,0.415182787236335,0.165,0.07,1.90062939612154e-10,"Inhibitory Neurons","ZFHX4-AS1"
"AC073343.132",1.18923251216914e-14,0.457459477837848,0.198,0.09,3.17965096778662e-10,"Inhibitory Neurons","AC073343.13"
"CTD-2152M20.2",1.20802299498128e-14,0.382377382219543,0.136,0.054,3.22989108168144e-10,"Inhibitory Neurons","CTD-2152M20.2"
"RP11-665G4.13",1.34134018292007e-14,0.379928624052655,0.336,0.183,3.5863412470734e-10,"Inhibitory Neurons","RP11-665G4.1"
"LINC005063",2.07312278585577e-14,0.336413613685628,0.224,0.107,5.54290839254256e-10,"Inhibitory Neurons","LINC00506"
"RP11-18H7.11",2.81895580891168e-14,0.26282964775459,0.204,0.094,7.53704214628715e-10,"Inhibitory Neurons","RP11-18H7.1"
"RP5-1120P11.11",7.24776661204396e-14,0.67841817834673,0.104,0.037,1.93783535906219e-09,"Inhibitory Neurons","RP5-1120P11.1"
"AC008074.31",1.16237626649302e-13,0.813521201500995,0.136,0.056,3.10784542372239e-09,"Inhibitory Neurons","AC008074.3"
"RP11-756H20.11",1.2452897553426e-13,0.401440010287333,0.126,0.05,3.3295312188595e-09,"Inhibitory Neurons","RP11-756H20.1"
"CTC-550B14.71",1.52668951776278e-13,0.705656831487931,0.128,0.052,4.08190976364235e-09,"Inhibitory Neurons","CTC-550B14.7"
"RP11-1252I4.21",2.46262444032327e-13,0.789739811600271,0.106,0.039,6.58431896609232e-09,"Inhibitory Neurons","RP11-1252I4.2"
"C9orf41-AS1",3.86384302632128e-13,0.611633799231485,0.102,0.037,1.03307570994752e-08,"Inhibitory Neurons","C9orf41-AS1"
"LINC004072",7.30097969515807e-13,0.290630218714531,0.141,0.06,1.95206294109441e-08,"Inhibitory Neurons","LINC00407"
"RP1-8B1.41",1.75295362545912e-12,0.324937552996726,0.153,0.067,4.68687210839004e-08,"Inhibitory Neurons","RP1-8B1.4"
"CH507-528H12.14",1.76376724701388e-12,0.661660269779409,0.794,0.56,4.71578448834101e-08,"Inhibitory Neurons","CH507-528H12.1"
"MAMDC2-AS13",4.70876185949748e-12,0.281200128651424,0.183,0.088,1.25898165837384e-07,"Inhibitory Neurons","MAMDC2-AS1"
"CTA-384D8.361",5.09774483367104e-12,0.3901787018091,0.1,0.038,1.36298403617863e-07,"Inhibitory Neurons","CTA-384D8.36"
"RP11-454P21.12",7.50050510322822e-12,0.378757515653479,0.214,0.109,2.00541004945013e-07,"Inhibitory Neurons","RP11-454P21.1"
"A2ML1-AS12",1.46316610076683e-11,0.52860749537939,0.132,0.058,3.91206720362028e-07,"Inhibitory Neurons","A2ML1-AS1"
"MCM3AP-AS12",1.59036092415906e-11,0.304610258144848,0.196,0.097,4.25214800292409e-07,"Inhibitory Neurons","MCM3AP-AS1"
"LINC013581",1.61297478504595e-10,0.290830199028942,0.13,0.058,4.31261068277735e-06,"Inhibitory Neurons","LINC01358"
"CTB-12O2.11",2.99734125217077e-09,0.706397747419622,0.141,0.07,8.01399130592899e-05,"Inhibitory Neurons","CTB-12O2.1"
"PSMG3-AS11",3.43336140459518e-09,0.323285701894727,0.1,0.043,9.17977838746613e-05,"Inhibitory Neurons","PSMG3-AS1"
"LINC005341",3.59704752124432e-09,0.71323469530764,0.114,0.052,9.61742595755094e-05,"Inhibitory Neurons","LINC00534"
"PKN2-AS12",5.64060243670709e-06,0.279121346224908,0.153,0.09,0.150812787350238,"Inhibitory Neurons","PKN2-AS1"
"C3orf67-AS11",5.96321020536468e-06,0.379851218421335,0.102,0.053,0.159438351260835,"Inhibitory Neurons","C3orf67-AS1"
"RFPL1S2",0.000105853933138616,0.26670606052188,0.171,0.111,1,"Inhibitory Neurons","RFPL1S"
"RP11-356K23.1",0,8.51433722022004,0.827,0.008,0,"Ependymal Cells","RP11-356K23.1"
"RP11-30J20.11",0,5.35563219206744,0.841,0.033,0,"Ependymal Cells","RP11-30J20.1"
"CASC21",0,4.31992706085026,0.92,0.135,0,"Ependymal Cells","CASC2"
"LINC010881",0,2.77023401939768,0.984,0.204,0,"Ependymal Cells","LINC01088"
"RP4-625H18.23",0,4.29606784158767,0.886,0.123,0,"Ependymal Cells","RP4-625H18.2"
"CASC153",0,4.01514314861071,0.909,0.18,0,"Ependymal Cells","CASC15"
"CTD-2047H16.43",0,3.7940761077823,0.852,0.163,0,"Ependymal Cells","CTD-2047H16.4"
"USP2-AS11",0,5.77230044940055,0.697,0.032,0,"Ependymal Cells","USP2-AS1"
"RP11-317J19.12",0,4.38308870937158,0.743,0.083,0,"Ependymal Cells","RP11-317J19.1"
"C8orf37-AS12",0,3.86061335124533,0.708,0.092,0,"Ependymal Cells","C8orf37-AS1"
"CTD-2060L22.1",0,6.90801701513467,0.617,0.017,0,"Ependymal Cells","CTD-2060L22.1"
"PCAT14",0,3.99668353924058,0.656,0.091,0,"Ependymal Cells","PCAT1"
"XXbac-BCX196D17.5",0,10.5860880534677,0.544,0.001,0,"Ependymal Cells","XXbac-BCX196D17.5"
"RP11-725M22.1",0,7.2306550608225,0.54,0.003,0,"Ependymal Cells","RP11-725M22.1"
"CTC-347C20.1",0,5.41388060311844,0.506,0.017,0,"Ependymal Cells","CTC-347C20.1"
"MIR92B1",0,3.83664589552545,0.508,0.034,0,"Ependymal Cells","MIR92B"
"LINC00880",0,5.30936177290332,0.485,0.014,0,"Ependymal Cells","LINC00880"
"FAM167A-AS1",0,5.32628181129768,0.476,0.017,0,"Ependymal Cells","FAM167A-AS1"
"AC018717.1",0,9.7671649328063,0.424,0.003,0,"Ependymal Cells","AC018717.1"
"ERICH6-AS1",0,4.56167807619887,0.428,0.025,0,"Ependymal Cells","ERICH6-AS1"
"RP11-506H20.11",0,4.64663746871273,0.419,0.032,0,"Ependymal Cells","RP11-506H20.1"
"RP11-536G4.2",0,6.36725038455152,0.387,0.007,0,"Ependymal Cells","RP11-536G4.2"
"CTD-2562J15.6",0,5.0841619039024,0.369,0.018,0,"Ependymal Cells","CTD-2562J15.6"
"AC019330.1",0,6.23996534995121,0.362,0.021,0,"Ependymal Cells","AC019330.1"
"FAM83H-AS1",0,6.04353203318614,0.339,0.009,0,"Ependymal Cells","FAM83H-AS1"
"LINC01513",0,9.12566443814626,0.33,0.001,0,"Ependymal Cells","LINC01513"
"RP11-122M14.1",0,7.21538846176449,0.328,0.003,0,"Ependymal Cells","RP11-122M14.1"
"RP11-431M7.2",0,5.82548482918344,0.321,0.008,0,"Ependymal Cells","RP11-431M7.2"
"RP11-413P11.1",0,6.61865416206521,0.314,0.007,0,"Ependymal Cells","RP11-413P11.1"
"LINC01354",0,4.52364031310574,0.314,0.01,0,"Ependymal Cells","LINC01354"
"C8orf34-AS11",0,5.18059900548582,0.317,0.015,0,"Ependymal Cells","C8orf34-AS1"
"RP11-253M7.1",0,6.42215799178472,0.294,0.006,0,"Ependymal Cells","RP11-253M7.1"
"RP11-431D12.11",0,6.57484860270204,0.248,0.003,0,"Ependymal Cells","RP11-431D12.1"
"AC097713.3",0,9.21888439635395,0.237,0.001,0,"Ependymal Cells","AC097713.3"
"CTD-2126E3.3",0,6.54816257977994,0.235,0.004,0,"Ependymal Cells","CTD-2126E3.3"
"CTC-347C20.2",0,4.93697878566578,0.228,0.008,0,"Ependymal Cells","CTC-347C20.2"
"RP11-128M1.1",0,8.30830548684917,0.219,0.001,0,"Ependymal Cells","RP11-128M1.1"
"CTD-2113L7.1",0,5.31225196043275,0.226,0.01,0,"Ependymal Cells","CTD-2113L7.1"
"RP11-368I7.4",0,5.87989284138408,0.214,0.005,0,"Ependymal Cells","RP11-368I7.4"
"IGFBP7-AS1",0,4.77359748974566,0.196,0.007,0,"Ependymal Cells","IGFBP7-AS1"
"CFAP44-AS1",0,4.97956818955587,0.191,0.007,0,"Ependymal Cells","CFAP44-AS1"
"RP4-666F24.3",0,7.44605457323711,0.182,0.003,0,"Ependymal Cells","RP4-666F24.3"
"RP11-355I22.2",0,5.79203419017133,0.182,0.005,0,"Ependymal Cells","RP11-355I22.2"
"RP11-424M24.5",0,6.4403544701669,0.146,0.002,0,"Ependymal Cells","RP11-424M24.5"
"KB-1568E2.1",0,6.75504166728587,0.141,0.001,0,"Ependymal Cells","KB-1568E2.1"
"RP3-436N22.3",0,6.20202868388283,0.132,0.002,0,"Ependymal Cells","RP3-436N22.3"
"OR5V1",0,6.30662721935424,0.114,0.002,0,"Ependymal Cells","OR5V1"
"CTB-51A17.1",0,6.75274479379191,0.103,0.001,0,"Ependymal Cells","CTB-51A17.1"
"RP11-266O8.12",6.45064843269066e-308,3.28428191997564,0.617,0.093,1.7247098714485e-303,"Ependymal Cells","RP11-266O8.1"
"RP11-466I1.1",1.22635520597424e-306,5.7833505133345,0.128,0.003,3.27890591421334e-302,"Ependymal Cells","RP11-466I1.1"
"COLCA1",1.0253311671849e-302,4.93837672715007,0.159,0.006,2.74142794170227e-298,"Ependymal Cells","COLCA1"
"RP4-718N17.2",7.11585850416544e-262,5.25427067368043,0.171,0.008,1.90256708825871e-257,"Ependymal Cells","RP4-718N17.2"
"RP11-298I3.4",2.73998127337011e-261,4.75202906774947,0.121,0.004,7.32588793060966e-257,"Ependymal Cells","RP11-298I3.4"
"RP11-667K14.3",1.45819894975024e-248,4.49463098698497,0.162,0.007,3.89878653194721e-244,"Ependymal Cells","RP11-667K14.3"
"RP11-739G5.12",1.82571654012375e-239,3.25955640718546,0.544,0.09,4.88141831332888e-235,"Ependymal Cells","RP11-739G5.1"
"RP11-453A12.1",4.65847865613885e-237,5.79714254395853,0.1,0.003,1.24553743829184e-232,"Ependymal Cells","RP11-453A12.1"
"LINC009071",1.13513816840012e-225,3.94633712955461,0.522,0.09,3.0350189208514e-221,"Ependymal Cells","LINC00907"
"AADACL2-AS1",3.16956556251473e-223,4.57773760398424,0.125,0.005,8.47446744449563e-219,"Ependymal Cells","AADACL2-AS1"
"AC074212.6",6.90344843083027e-222,3.9851153146559,0.164,0.009,1.84577500695109e-217,"Ependymal Cells","AC074212.6"
"RP11-196E1.3",1.64700624800014e-221,4.13261114618376,0.175,0.01,4.40360060527797e-217,"Ependymal Cells","RP11-196E1.3"
"RP11-446J8.12",4.58420393235935e-221,3.24371227617568,0.458,0.069,1.22567860539492e-216,"Ependymal Cells","RP11-446J8.1"
"TEX41",1.850922749628e-220,3.85356509145047,0.235,0.018,4.94881215568038e-216,"Ependymal Cells","TEX41"
"OSMR-AS14",2.52407820257102e-220,2.25801225842632,0.535,0.086,6.74862789021413e-216,"Ependymal Cells","OSMR-AS1"
"RP11-154H12.3",1.27586109690062e-218,4.45922709082796,0.164,0.009,3.41126981478317e-214,"Ependymal Cells","RP11-154H12.3"
"NRAV",6.03795369205855e-213,4.2178301437383,0.205,0.014,1.61436767864569e-208,"Ependymal Cells","NRAV"
"CTD-2619J13.3",7.26054712349261e-212,4.04878781098682,0.203,0.014,1.94125248440822e-207,"Ependymal Cells","CTD-2619J13.3"
"EMX2OS3",3.49574124499329e-208,2.97443841091986,0.358,0.043,9.34656336673856e-204,"Ependymal Cells","EMX2OS"
"RP11-57H12.31",1.95097692501557e-178,2.96537115839909,0.39,0.059,5.21632700441414e-174,"Ependymal Cells","RP11-57H12.3"
"LINC002711",1.358526511313e-174,2.73506558802938,0.569,0.129,3.63229233329757e-170,"Ependymal Cells","LINC00271"
"RP11-696N14.1",3.49875840867524e-171,2.72484915812169,0.344,0.048,9.35463035727498e-167,"Ependymal Cells","RP11-696N14.1"
"LINC005352",2.58248194843844e-162,2.63611114913192,0.492,0.101,6.90478198553985e-158,"Ependymal Cells","LINC00535"
"RP11-945C19.43",1.30268514912041e-161,2.79268606840541,0.383,0.063,3.48298928320324e-157,"Ependymal Cells","RP11-945C19.4"
"RP11-90C4.11",2.57691887223355e-161,3.13816375697477,0.278,0.034,6.88990798869083e-157,"Ependymal Cells","RP11-90C4.1"
"CTC-301O7.4",3.4110219147783e-158,4.64806563781717,0.112,0.006,9.12004929354275e-154,"Ependymal Cells","CTC-301O7.4"
"AC093375.11",1.08853116798617e-155,4.52020698264895,0.26,0.032,2.91040578384464e-151,"Ependymal Cells","AC093375.1"
"RP11-338K17.8",2.28902302268142e-153,3.9577318950985,0.175,0.015,6.12016085574331e-149,"Ependymal Cells","RP11-338K17.8"
"RP11-210M15.22",6.9903962508754e-149,2.33907844717587,0.574,0.144,1.86902224559656e-144,"Ependymal Cells","RP11-210M15.2"
"RP11-16B13.11",1.20927319713857e-148,2.5992733073863,0.378,0.065,3.23323374718939e-144,"Ependymal Cells","RP11-16B13.1"
"MIR99AHG3",4.61630292347354e-145,1.43323968611003,0.984,0.799,1.23426091264912e-140,"Ependymal Cells","MIR99AHG"
"RP11-119D9.12",4.1830240882071e-142,3.27923316895772,0.267,0.035,1.11841515046393e-137,"Ependymal Cells","RP11-119D9.1"
"RHOXF1-AS14",2.01489433949384e-141,2.49233608318686,0.526,0.13,5.38722299550468e-137,"Ependymal Cells","RHOXF1-AS1"
"RP11-489E7.4",8.93910502487462e-139,4.88532634097239,0.105,0.006,2.39004851050073e-134,"Ependymal Cells","RP11-489E7.4"
"RP11-530C5.11",1.93451962429972e-138,2.93081187524763,0.267,0.035,5.17232511949017e-134,"Ependymal Cells","RP11-530C5.1"
"DPP10-AS3",1.10229866104423e-136,3.50266644408366,0.155,0.013,2.94721593003397e-132,"Ependymal Cells","DPP10-AS3"
"CERS3-AS1",1.29220028404935e-136,4.59228254106585,0.103,0.005,3.45495589946274e-132,"Ependymal Cells","CERS3-AS1"
"MAPK42",1.54884367971259e-133,1.17293517685926,0.647,0.172,4.14114334644755e-129,"Ependymal Cells","MAPK4"
"MGC32805",1.06450639656636e-132,4.92454405907533,0.105,0.006,2.84617075249949e-128,"Ependymal Cells","MGC32805"
"RP11-150C16.1",1.90253208570171e-131,3.29502354128797,0.153,0.013,5.08680003754066e-127,"Ependymal Cells","RP11-150C16.1"
"RP11-620J15.31",5.67294408352664e-129,3.10813857957785,0.305,0.05,1.51677505961252e-124,"Ependymal Cells","RP11-620J15.3"
"CRNDE3",3.52607605349391e-127,1.95152762853032,0.613,0.177,9.42766954422667e-123,"Ependymal Cells","CRNDE"
"CTB-179K24.31",2.89332577410427e-118,2.37690632842155,0.337,0.062,7.73588512222259e-114,"Ependymal Cells","CTB-179K24.3"
"MIR4300HG1",2.07652080007558e-115,2.44100815603753,0.54,0.155,5.55199366316208e-111,"Ependymal Cells","MIR4300HG"
"AC016768.12",1.69034155396678e-114,4.01042812299055,0.2,0.025,4.51946621284097e-110,"Ependymal Cells","AC016768.1"
"AC002064.5",2.40809347996913e-112,4.0079020048918,0.153,0.015,6.43851953739346e-108,"Ependymal Cells","AC002064.5"
"RP11-319G6.12",5.26689267734675e-112,1.67514044952231,0.806,0.345,1.4082090951422e-107,"Ependymal Cells","RP11-319G6.1"
"LINC008863",3.30422955118609e-111,2.17550137452997,0.478,0.126,8.83451855100624e-107,"Ependymal Cells","LINC00886"
"RP11-1191J2.21",2.29017573832146e-107,3.74030039066528,0.164,0.018,6.12324287155008e-103,"Ependymal Cells","RP11-1191J2.2"
"CTC-232P5.1",2.31726562084319e-107,3.07261292250145,0.169,0.019,6.19567309044843e-103,"Ependymal Cells","CTC-232P5.1"
"NR2F1-AS15",8.64044047038431e-105,1.40562234497163,0.667,0.217,2.31019456856665e-100,"Ependymal Cells","NR2F1-AS1"
"PARD6G-AS13",1.00154297637861e-104,2.95099697756462,0.371,0.086,2.67782545594348e-100,"Ependymal Cells","PARD6G-AS1"
"AC009133.12",5.99941424163044e-103,2.77407269337854,0.182,0.022,1.60406338578473e-98,"Ependymal Cells","AC009133.12"
"RP11-428O18.61",1.6019001376933e-101,1.98231238066852,0.506,0.147,4.28300039815057e-97,"Ependymal Cells","RP11-428O18.6"
"RP11-729M20.1",1.5837663172792e-97,4.48146305353641,0.118,0.01,4.23451600250939e-93,"Ependymal Cells","RP11-729M20.1"
"RP11-517I3.11",2.75655143206949e-97,2.51839728365547,0.166,0.02,7.37019156392421e-93,"Ependymal Cells","RP11-517I3.1"
"RP11-362A9.3",2.87976771107199e-97,4.11501551027088,0.121,0.011,7.69963492909318e-93,"Ependymal Cells","RP11-362A9.3"
"LINC013762",8.05895176510359e-97,1.91114448649964,0.487,0.142,2.15472193343575e-92,"Ependymal Cells","LINC01376"
"RP11-597D13.91",1.22722882463639e-96,1.96316107683457,0.342,0.072,3.28124170843033e-92,"Ependymal Cells","RP11-597D13.9"
"RP11-333E1.13",9.32441198991541e-96,1.88707379770703,0.56,0.186,2.49306803374368e-91,"Ependymal Cells","RP11-333E1.1"
"ARRDC3-AS1",2.24101036993823e-89,2.92321514974111,0.205,0.032,5.99178942610384e-85,"Ependymal Cells","ARRDC3-AS1"
"CTC-255N20.11",2.24951605211006e-89,2.56150681596549,0.194,0.028,6.01453106852666e-85,"Ependymal Cells","CTC-255N20.1"
"RP11-525A16.4",4.42253837307832e-88,3.77183805749813,0.109,0.01,1.18245408480995e-83,"Ependymal Cells","RP11-525A16.4"
"CTA-243E7.1",4.69953239278492e-88,3.24765903357091,0.13,0.014,1.2565139758589e-83,"Ependymal Cells","CTA-243E7.1"
"MFI2-AS11",8.98124523986314e-88,2.63988035232237,0.219,0.036,2.40131553978221e-83,"Ependymal Cells","MFI2-AS1"
"RP11-511B23.21",4.21456106179828e-87,2.87289034692172,0.28,0.058,1.12684719109301e-82,"Ependymal Cells","RP11-511B23.2"
"RFX3-AS12",6.40923595829159e-83,1.47027323096984,0.754,0.343,1.71363741816842e-78,"Ependymal Cells","RFX3-AS1"
"RP11-147L13.151",7.36759338507768e-76,2.19354449049545,0.251,0.051,1.96987344336822e-71,"Ependymal Cells","RP11-147L13.15"
"BAIAP2-AS11",4.37976362277985e-75,2.85201308878287,0.171,0.026,1.17101739982265e-70,"Ependymal Cells","BAIAP2-AS1"
"RP11-315O6.1",7.25444720195622e-75,3.06784540293871,0.1,0.01,1.93962154838703e-70,"Ependymal Cells","RP11-315O6.1"
"RP4-651E10.4",9.94582270294119e-75,2.88990442395841,0.182,0.03,2.65921461608539e-70,"Ependymal Cells","RP4-651E10.4"
"NRSN2-AS12",1.11038840706061e-73,1.87763552654219,0.33,0.085,2.96884548395796e-69,"Ependymal Cells","NRSN2-AS1"
"AZIN1-AS12",1.90842971743669e-71,1.53545266500994,0.563,0.218,5.10256853551049e-67,"Ependymal Cells","AZIN1-AS1"
"RP11-120J1.12",2.0115259847782e-71,1.60567814737572,0.239,0.047,5.37821702550148e-67,"Ependymal Cells","RP11-120J1.1"
"CTB-35F21.1",2.88929832427823e-71,2.22828713503668,0.219,0.042,7.7251169296227e-67,"Ependymal Cells","CTB-35F21.1"
"RP11-413N10.32",3.75355322368059e-71,3.00665012313689,0.294,0.075,1.00358752541548e-66,"Ependymal Cells","RP11-413N10.3"
"LINC009691",7.28380622066588e-71,1.01986334462869,0.92,0.71,1.94747126921944e-66,"Ependymal Cells","LINC00969"
"RP11-141O11.21",5.49174199066736e-69,3.29527469235967,0.162,0.026,1.46832705604473e-64,"Ependymal Cells","RP11-141O11.2"
"RP11-944L7.42",6.26532761366576e-68,1.82318310917583,0.503,0.192,1.67516064406581e-63,"Ependymal Cells","RP11-944L7.4"
"LINC015031",7.88166199766627e-68,2.82196702077169,0.162,0.026,2.10731996831603e-63,"Ependymal Cells","LINC01503"
"CABIN11",8.68617033266811e-68,1.24761750315368,0.695,0.32,2.32242136184547e-63,"Ependymal Cells","CABIN1"
"LINC015152",9.76317600724043e-68,2.3340916956889,0.223,0.046,2.61038036905587e-63,"Ependymal Cells","LINC01515"
"RP11-156K13.12",2.86152335630119e-67,1.25631640370169,0.554,0.203,7.65085499774248e-63,"Ependymal Cells","RP11-156K13.1"
"LINC001061",4.57958073593379e-67,2.05310101435789,0.296,0.075,1.22444250136662e-62,"Ependymal Cells","LINC00106"
"MRVI1-AS11",2.45701345658831e-65,2.00402278946475,0.269,0.064,6.56931687888015e-61,"Ependymal Cells","MRVI1-AS1"
"AQP4-AS12",1.1145417540374e-64,0.769965309843968,0.431,0.135,2.97995028776981e-60,"Ependymal Cells","AQP4-AS1"
"AC016907.3",2.02073711765402e-64,2.36590351373476,0.239,0.054,5.40284483147156e-60,"Ependymal Cells","AC016907.3"
"GNG12-AS13",2.90337057345183e-64,2.14977519120816,0.257,0.061,7.76274190223815e-60,"Ependymal Cells","GNG12-AS1"
"AC107218.31",4.46886781134016e-64,2.91997001448879,0.175,0.032,1.19484118671802e-59,"Ependymal Cells","AC107218.3"
"RP11-768F21.13",8.29713738177098e-64,1.4018361231769,0.257,0.06,2.21840562176411e-59,"Ependymal Cells","RP11-768F21.1"
"LINC01114",1.32303203818825e-63,2.58766217913387,0.125,0.017,3.53739076050392e-59,"Ependymal Cells","LINC01114"
"WEE2-AS1",1.07653260513652e-62,2.3536933905415,0.141,0.021,2.87832522635352e-58,"Ependymal Cells","WEE2-AS1"
"RP11-867G2.81",2.0144019237949e-61,2.4704409462237,0.248,0.06,5.38590642365042e-57,"Ependymal Cells","RP11-867G2.8"
"CTB-113D17.13",2.32837402727696e-61,1.71798352289462,0.344,0.101,6.22537363673042e-57,"Ependymal Cells","CTB-113D17.1"
"RP11-569G13.3",4.70439602195453e-61,1.72733621992151,0.21,0.043,1.25781436438998e-56,"Ependymal Cells","RP11-569G13.3"
"RP11-274H2.3",3.66401772382121e-59,2.26961161768581,0.134,0.02,9.79648418818078e-55,"Ependymal Cells","RP11-274H2.3"
"TMEM161B-AS14",4.21719776601741e-56,1.04715606838321,0.895,0.639,1.12755216670008e-51,"Ependymal Cells","TMEM161B-AS1"
"AC007405.42",1.18997015113962e-55,2.71183359095408,0.171,0.033,3.18162319310201e-51,"Ependymal Cells","AC007405.4"
"RP11-472I20.31",2.46168613427385e-55,2.06273314988194,0.296,0.087,6.58181021720799e-51,"Ependymal Cells","RP11-472I20.3"
"MZF1-AS1",8.97796403168816e-55,1.85868245603401,0.205,0.045,2.40043824315246e-50,"Ependymal Cells","MZF1-AS1"
"SMC5-AS13",1.01043642764044e-54,1.76064133302514,0.323,0.1,2.70160387658224e-50,"Ependymal Cells","SMC5-AS1"
"RAMP2-AS1",1.42434581596287e-54,2.36584469879168,0.116,0.017,3.80827340813992e-50,"Ependymal Cells","RAMP2-AS1"
"RP11-1096G20.5",3.43677936582647e-54,2.27963060162443,0.185,0.039,9.18891699041022e-50,"Ependymal Cells","RP11-1096G20.5"
"RP11-486A14.2",6.23175051718945e-54,2.40197216309922,0.132,0.021,1.66618313578094e-49,"Ependymal Cells","RP11-486A14.2"
"FAM85B3",4.6350119216048e-52,1.17576748666365,0.649,0.326,1.23926313747948e-47,"Ependymal Cells","FAM85B"
"RP11-418I22.2",5.32812350358737e-51,1.87358640339253,0.191,0.042,1.42458038115416e-46,"Ependymal Cells","RP11-418I22.2"
"RP11-274H2.2",1.64844155749399e-50,2.55804470553345,0.118,0.018,4.40743819227168e-46,"Ependymal Cells","RP11-274H2.2"
"RP11-778J15.11",3.10601066441552e-50,2.13350873971873,0.241,0.065,8.30454071344778e-46,"Ependymal Cells","RP11-778J15.1"
"LINC008942",5.75452773121116e-50,1.34077332560673,0.708,0.413,1.53858807949393e-45,"Ependymal Cells","LINC00894"
"MALAT13",2.34911163721113e-49,0.455521053584695,1,1,6.2808197844114e-45,"Ependymal Cells","MALAT1"
"AC007682.1",3.73563325375335e-49,2.90163915251006,0.232,0.063,9.98796263056032e-45,"Ependymal Cells","AC007682.1"
"NRIR1",1.30571587544724e-48,2.82547446647241,0.15,0.03,3.49109253618329e-44,"Ependymal Cells","NRIR"
"DLGAP1-AS2",1.09925417431643e-47,2.24206345825745,0.114,0.018,2.93907588586984e-43,"Ependymal Cells","DLGAP1-AS2"
"RP11-686D16.12",1.66198667013052e-47,2.85882365219003,0.132,0.024,4.44365375992798e-43,"Ependymal Cells","RP11-686D16.1"
"RASSF8-AS11",4.91513315388961e-47,1.33332154382833,0.442,0.178,1.31415915135547e-42,"Ependymal Cells","RASSF8-AS1"
"RP11-77K12.41",6.33285762813631e-47,1.77878554400768,0.189,0.044,1.6932161440348e-42,"Ependymal Cells","RP11-77K12.4"
"MYLK-AS11",7.64800477743457e-46,1.37028681518925,0.36,0.129,2.04484703734268e-41,"Ependymal Cells","MYLK-AS1"
"ERVMER61-1",2.56317205325627e-45,1.72294587825151,0.175,0.04,6.85315311879129e-41,"Ependymal Cells","ERVMER61-1"
"RP13-726E6.12",3.15740200898524e-45,1.8063453502744,0.294,0.097,8.44194575142383e-41,"Ependymal Cells","RP13-726E6.1"
"AC159540.12",4.69973914252878e-45,0.694549606643488,0.663,0.31,1.25656925453792e-40,"Ependymal Cells","AC159540.1"
"XXbac-BPG294E21.9",1.98244364585484e-44,2.00293943324814,0.173,0.04,5.30045957592209e-40,"Ependymal Cells","XXbac-BPG294E21.9"
"CD81-AS12",7.29101254061837e-44,2.21848535465558,0.18,0.043,1.94939802298513e-39,"Ependymal Cells","CD81-AS1"
"AC002117.11",1.28462429582236e-43,1.44143030729522,0.349,0.125,3.43469997974025e-39,"Ependymal Cells","AC002117.1"
"SDCBP2-AS11",2.2767143775609e-43,1.37246097102172,0.369,0.138,6.08725123128458e-39,"Ependymal Cells","SDCBP2-AS1"
"TSPOAP1-AS12",3.28413123645968e-43,2.36755113630296,0.146,0.03,8.78078168692226e-39,"Ependymal Cells","TSPOAP1-AS1"
"AC010127.33",3.95240798141432e-43,1.81556917792743,0.296,0.1,1.05675532199075e-38,"Ependymal Cells","AC010127.3"
"RP11-649A16.12",5.46902708241784e-43,2.22857319600838,0.212,0.058,1.46225377102606e-38,"Ependymal Cells","RP11-649A16.1"
"RP11-624L4.12",5.47595694122459e-43,2.2630504390921,0.251,0.079,1.46410660737522e-38,"Ependymal Cells","RP11-624L4.1"
"DANT24",9.21022089820701e-43,0.961541153996777,0.768,0.464,2.46253676155361e-38,"Ependymal Cells","DANT2"
"KB-1507C5.42",7.89358566389575e-42,1.21843584312259,0.255,0.076,2.11050799895581e-37,"Ependymal Cells","KB-1507C5.4"
"AC079135.11",1.68827499059944e-41,1.63050610602233,0.18,0.044,4.51394084236571e-37,"Ependymal Cells","AC079135.1"
"RP11-545I5.32",2.82911309119559e-41,1.29520641044526,0.41,0.17,7.56419967192966e-37,"Ependymal Cells","RP11-545I5.3"
"RP11-230B22.11",2.95346882507703e-41,1.7102486099652,0.187,0.047,7.89668959760845e-37,"Ependymal Cells","RP11-230B22.1"
"PTCHD1-AS3",3.35664941647591e-41,0.660237818457237,0.469,0.194,8.97467354483163e-37,"Ependymal Cells","PTCHD1-AS"
"RORA-AS12",7.26904399019028e-41,1.50360679789717,0.419,0.176,1.94352429165718e-36,"Ependymal Cells","RORA-AS1"
"CTD-2015H6.31",2.62862304176093e-40,2.4884203471914,0.139,0.03,7.02814942675619e-36,"Ependymal Cells","CTD-2015H6.3"
"RP11-441O15.31",3.00885200177113e-40,1.57654843811255,0.262,0.083,8.04476759713548e-36,"Ependymal Cells","RP11-441O15.3"
"GCC2-AS1",6.44032604651979e-40,1.78134428752818,0.182,0.046,1.721949975058e-35,"Ependymal Cells","GCC2-AS1"
"CTD-2631K10.1",1.333254673702e-39,2.80635615989915,0.112,0.02,3.56472302107705e-35,"Ependymal Cells","CTD-2631K10.1"
"CTD-3193K9.43",2.69422491555453e-38,1.5252876306823,0.226,0.067,7.20354915671815e-34,"Ependymal Cells","CTD-3193K9.4"
"RP11-624M8.1",2.96871465996948e-38,1.71452480398346,0.157,0.037,7.9374523863604e-34,"Ependymal Cells","RP11-624M8.1"
"MAP3K143",9.17609349924027e-38,0.905462474999156,0.403,0.163,2.45341211889187e-33,"Ependymal Cells","MAP3K14"
"RP11-374M1.42",1.00443036491684e-37,2.12703253493763,0.187,0.051,2.68554546667816e-33,"Ependymal Cells","RP11-374M1.4"
"LINC008823",4.83677991107621e-37,1.00112174876267,0.772,0.509,1.29320984482445e-32,"Ependymal Cells","LINC00882"
"DLGAP1-AS1",8.40813279298373e-36,1.9677615308272,0.139,0.031,2.24808246486006e-31,"Ependymal Cells","DLGAP1-AS1"
"AC091878.13",8.47545803783769e-36,1.40003811777825,0.337,0.134,2.26608321557666e-31,"Ependymal Cells","AC091878.1"
"LINC004671",3.53076223806677e-35,1.44019001636954,0.226,0.07,9.44019899591912e-31,"Ependymal Cells","LINC00467"
"RP5-1070A16.11",7.94878778821693e-35,2.52280387693769,0.144,0.035,2.12526739093556e-30,"Ependymal Cells","RP5-1070A16.1"
"RP11-1007O24.31",9.85670761557922e-35,1.28289254205587,0.296,0.108,2.63538791517742e-30,"Ependymal Cells","RP11-1007O24.3"
"DICER1-AS11",1.32464625775302e-34,1.1866655859331,0.38,0.162,3.54170669935426e-30,"Ependymal Cells","DICER1-AS1"
"TMEM9B-AS12",1.36017458391537e-34,1.04740905098185,0.339,0.13,3.63669878501452e-30,"Ependymal Cells","TMEM9B-AS1"
"A2ML1-AS13",1.94499136635245e-34,1.7057992613625,0.194,0.057,5.20032341621655e-30,"Ependymal Cells","A2ML1-AS1"
"CTD-2054N24.25",3.67572269688188e-34,1.31067612264465,0.282,0.102,9.82777977465308e-30,"Ependymal Cells","CTD-2054N24.2"
"FRMD6-AS1",4.78271850179617e-34,2.18501085592556,0.105,0.02,1.27875544582524e-29,"Ependymal Cells","FRMD6-AS1"
"DLGAP4-AS1",2.335322682603e-33,1.98190602518737,0.15,0.038,6.24395225647564e-29,"Ependymal Cells","DLGAP4-AS1"
"TAPT1-AS13",2.71712575333923e-33,0.752892949419059,0.806,0.538,7.2647791267031e-29,"Ependymal Cells","TAPT1-AS1"
"LINC006322",4.27143628964287e-33,0.684590787704136,0.663,0.346,1.14205392076181e-28,"Ependymal Cells","LINC00632"
"MAMDC2-AS14",4.64018859445238e-33,1.62364276090639,0.248,0.087,1.24064722449873e-28,"Ependymal Cells","MAMDC2-AS1"
"RP11-420A23.12",5.71803061731942e-33,1.04621364438578,0.451,0.213,1.52882984615269e-28,"Ependymal Cells","RP11-420A23.1"
"RP11-39M21.14",2.22258590581443e-32,1.40215067814905,0.228,0.076,5.94252793637605e-28,"Ependymal Cells","RP11-39M21.1"
"AC007091.11",2.25871032635476e-32,2.00712877310108,0.114,0.024,6.03911379957473e-28,"Ependymal Cells","AC007091.1"
"INTS6-AS11",2.19999906791998e-31,1.27244284250957,0.298,0.116,5.88213750789765e-27,"Ependymal Cells","INTS6-AS1"
"RP11-522B15.33",3.26181040379367e-31,1.92446346710667,0.125,0.029,8.72110247662312e-27,"Ependymal Cells","RP11-522B15.3"
"RP11-418I22.3",6.20130197753521e-31,1.53264721672822,0.198,0.062,1.65804210973359e-26,"Ependymal Cells","RP11-418I22.3"
"RP5-827C21.4",6.79837954317147e-31,1.96000100543349,0.146,0.038,1.81768273845776e-26,"Ependymal Cells","RP5-827C21.4"
"RP11-270M14.4",1.56803381821045e-30,2.19520826811874,0.114,0.025,4.19245201974927e-26,"Ependymal Cells","RP11-270M14.4"
"AC007796.11",3.05673230853602e-30,2.22428779248254,0.146,0.039,8.17278517333276e-26,"Ependymal Cells","AC007796.1"
"CTC-340D7.12",3.11587025372192e-30,2.306964904795,0.171,0.051,8.33090229737629e-26,"Ependymal Cells","CTC-340D7.1"
"LINC00486",2.00952110394158e-29,0.273897004953668,0.998,0.995,5.37285657560859e-25,"Ependymal Cells","LINC00486"
"RP1-261D10.2",9.39208182184367e-29,1.93612852256099,0.105,0.023,2.51116091670634e-24,"Ependymal Cells","RP1-261D10.2"
"LINC004613",4.52077244430763e-28,0.560645879455498,0.576,0.305,1.20871892843453e-23,"Ependymal Cells","LINC00461"
"CTD-2282P23.21",2.26344794195189e-27,1.13873027543043,0.146,0.04,6.05178076239678e-23,"Ependymal Cells","CTD-2282P23.2"
"RP11-575L7.4",3.69831719963238e-27,2.26600624059969,0.103,0.023,9.88819069665709e-23,"Ependymal Cells","RP11-575L7.4"
"ZBED5-AS11",7.73870024207289e-27,1.4590037889091,0.219,0.079,2.06909628372303e-22,"Ependymal Cells","ZBED5-AS1"
"RP11-525K10.3",7.90971469256465e-27,1.55299677920846,0.146,0.041,2.11482041735101e-22,"Ependymal Cells","RP11-525K10.3"
"RP5-1021I20.51",1.11925323428968e-26,1.34396575871653,0.248,0.096,2.99254737252031e-22,"Ependymal Cells","RP5-1021I20.5"
"RP11-11N9.4",1.83605887161449e-26,1.69708408897825,0.148,0.043,4.90907060503566e-22,"Ependymal Cells","RP11-11N9.4"
"AC009495.42",6.73358365645132e-26,2.37143344915296,0.141,0.041,1.80035826222539e-21,"Ependymal Cells","AC009495.4"
"LIFR-AS12",6.82382986451847e-26,1.34530512639106,0.232,0.088,1.8244873908763e-21,"Ependymal Cells","LIFR-AS1"
"RP11-37B2.11",1.15824894718287e-25,0.772968029040391,0.579,0.334,3.09681021008285e-21,"Ependymal Cells","RP11-37B2.1"
"RP11-144F15.13",2.2238049030777e-25,0.913955866984232,0.282,0.116,5.94578716935886e-21,"Ependymal Cells","RP11-144F15.1"
"RP11-167P20.12",7.1551345172073e-25,0.970589707792476,0.408,0.207,1.91306831586572e-20,"Ependymal Cells","RP11-167P20.1"
"RP11-131L23.12",1.40222555619784e-24,1.36107558452924,0.18,0.061,3.74913046960616e-20,"Ependymal Cells","RP11-131L23.1"
"RP11-815J21.4",1.47684094055156e-24,1.80640054972127,0.112,0.028,3.9486296227527e-20,"Ependymal Cells","RP11-815J21.4"
"LINC010911",5.37751227740338e-24,1.06450876044085,0.146,0.044,1.43778545760934e-19,"Ependymal Cells","LINC01091"
"RP11-96H19.14",9.69031122151098e-24,0.874411964865225,0.403,0.208,2.59089851129539e-19,"Ependymal Cells","RP11-96H19.1"
"DPH6-AS12",1.1021711986711e-23,0.701604498441061,0.629,0.392,2.94687513388692e-19,"Ependymal Cells","DPH6-AS1"
"HCG173",1.14076050511031e-23,0.787815541294823,0.64,0.403,3.05005136251344e-19,"Ependymal Cells","HCG17"
"TMEM254-AS11",2.75276660060854e-23,1.25476086002158,0.175,0.06,7.36007206004705e-19,"Ependymal Cells","TMEM254-AS1"
"RP11-174G6.1",3.17269132787504e-23,1.86084791677138,0.107,0.028,8.4828248033395e-19,"Ependymal Cells","RP11-174G6.1"
"CH17-189H20.11",1.37418752844542e-21,0.601701508744882,0.829,0.647,3.67416519480451e-17,"Ependymal Cells","CH17-189H20.1"
"RP1-313I6.12",2.52339079992208e-21,1.7659409802509,0.118,0.035,6.74678998175166e-17,"Ependymal Cells","RP1-313I6.12"
"RP11-561I11.41",2.5287797234494e-21,1.37151480587238,0.146,0.047,6.76119834658665e-17,"Ependymal Cells","RP11-561I11.4"
"AC068490.22",4.35642464363628e-21,3.93263278367556,0.107,0.03,1.16477725696903e-16,"Ependymal Cells","AC068490.2"
"NBAT12",2.80595104148863e-20,2.07200818753542,0.107,0.03,7.50227129962816e-16,"Ependymal Cells","NBAT1"
"RP11-213G2.2",3.7955863195434e-20,1.80297123320874,0.114,0.034,1.01482591425632e-15,"Ependymal Cells","RP11-213G2.2"
"AC015691.134",6.10098396852267e-20,1.06588143466109,0.182,0.068,1.63122008366391e-15,"Ependymal Cells","AC015691.13"
"SNHG10",8.10478464644436e-20,1.90950513542732,0.107,0.031,2.16697627091983e-15,"Ependymal Cells","SNHG10"
"LINC005112",9.79788717238664e-20,0.397166692257021,0.472,0.257,2.61966109328102e-15,"Ependymal Cells","LINC00511"
"AC009950.21",1.01653259857937e-19,1.29490843758984,0.128,0.04,2.71790320882166e-15,"Ependymal Cells","AC009950.2"
"RP1-167A14.21",2.30062719906922e-19,1.27899410611668,0.216,0.093,6.15118694215138e-15,"Ependymal Cells","RP1-167A14.2"
"BAALC-AS11",3.44458172113532e-19,0.864966289396989,0.244,0.107,9.20977814779952e-15,"Ependymal Cells","BAALC-AS1"
"AF131217.12",3.98071296837351e-19,0.885572910097024,0.474,0.283,1.06432322635403e-14,"Ependymal Cells","AF131217.1"
"RP11-74J13.82",4.81550534104663e-19,1.204281332221,0.21,0.087,1.28752166303564e-14,"Ependymal Cells","RP11-74J13.8"
"RP11-379B18.63",1.39634256741451e-18,1.20189507584452,0.214,0.093,3.73340112249618e-14,"Ependymal Cells","RP11-379B18.6"
"RAET1E-AS12",1.68297474357509e-18,1.88367656294463,0.109,0.033,4.49976957189671e-14,"Ependymal Cells","RAET1E-AS1"
"RP11-112J3.163",1.80925969106416e-18,1.48159825839506,0.178,0.071,4.83741763599826e-14,"Ependymal Cells","RP11-112J3.16"
"H1FX-AS11",5.30001504343627e-18,1.64565694074878,0.103,0.03,1.41706502216356e-13,"Ependymal Cells","H1FX-AS1"
"NUP50-AS13",6.63342785475694e-18,0.704044529819004,0.444,0.26,1.77357960552636e-13,"Ependymal Cells","NUP50-AS1"
"RP11-498P14.53",1.15257729719218e-17,1.46163659017627,0.212,0.095,3.08164591950272e-13,"Ependymal Cells","RP11-498P14.5"
"RP11-31F15.21",1.70774632038707e-17,1.12334893015039,0.207,0.09,4.5660013368189e-13,"Ependymal Cells","RP11-31F15.2"
"LINC010041",2.65387692289895e-17,0.62369711856805,0.554,0.357,7.09567072875492e-13,"Ependymal Cells","LINC01004"
"RP5-991G20.12",4.51837763684916e-17,1.24694902518227,0.205,0.09,1.20807862876436e-12,"Ependymal Cells","RP5-991G20.1"
"RP11-849I19.13",6.41556715847975e-17,1.04375909408137,0.166,0.065,1.71533019116273e-12,"Ependymal Cells","RP11-849I19.1"
"KCNMB2-AS13",6.66279384628765e-17,0.361591892069462,0.326,0.164,1.78143119068193e-12,"Ependymal Cells","KCNMB2-AS1"
"MIAT3",1.08489980728534e-16,0.444152644951517,0.319,0.156,2.90069661473882e-12,"Ependymal Cells","MIAT"
"IQCH-AS11",1.33773541583133e-16,0.793223679167539,0.235,0.108,3.57670318130821e-12,"Ependymal Cells","IQCH-AS1"
"SRP14-AS11",1.57548392972751e-16,0.805048598438475,0.228,0.103,4.21237138291244e-12,"Ependymal Cells","SRP14-AS1"
"RP13-941N14.12",2.83679604506058e-16,1.15695941609381,0.203,0.091,7.58474158567848e-12,"Ependymal Cells","RP13-941N14.1"
"RP11-243A14.11",3.58792832474123e-16,0.880710930807281,0.18,0.073,9.59304396186063e-12,"Ependymal Cells","RP11-243A14.1"
"LINC006302",4.61100494252092e-16,0.809666642133089,0.319,0.171,1.23284439148182e-11,"Ependymal Cells","LINC00630"
"SPG20-AS1",8.99201000965966e-16,1.25144543076543,0.116,0.04,2.4041937162827e-11,"Ependymal Cells","SPG20-AS1"
"AC003991.33",1.5331224545397e-15,1.28938021052005,0.169,0.071,4.09910950670281e-11,"Ependymal Cells","AC003991.3"
"RP11-197K3.13",2.07629238426479e-15,0.854159625212755,0.207,0.093,5.55138294780877e-11,"Ependymal Cells","RP11-197K3.1"
"ZNF337-AS12",2.37068357000345e-15,0.937613259920922,0.239,0.116,6.33849666111824e-11,"Ependymal Cells","ZNF337-AS1"
"AC074363.14",2.59032921384633e-15,0.419594841002492,0.358,0.193,6.92576321906093e-11,"Ependymal Cells","AC074363.1"
"AP006621.51",4.84165863406798e-15,0.739384884362291,0.237,0.113,1.29451426899076e-10,"Ependymal Cells","AP006621.5"
"AC007563.53",1.16039202945877e-14,0.465391423082281,0.23,0.108,3.1025401691639e-10,"Ependymal Cells","AC007563.5"
"OTX2-AS13",1.20007415133014e-14,0.267010878804993,0.153,0.061,3.20863825841139e-10,"Ependymal Cells","OTX2-AS1"
"RP11-636O21.22",2.09881214932012e-14,1.46153661074217,0.162,0.07,5.61159404363721e-10,"Ependymal Cells","RP11-636O21.2"
"LINC015722",3.04787998965167e-14,0.720899196928333,0.337,0.192,8.14911672833166e-10,"Ependymal Cells","LINC01572"
"GABPB1-AS12",4.63533693836509e-14,0.49782647073427,0.642,0.449,1.23935003721067e-09,"Ependymal Cells","GABPB1-AS1"
"RP1-111C20.42",5.12207808162513e-14,0.940206283702591,0.312,0.177,1.36949001668411e-09,"Ependymal Cells","RP1-111C20.4"
"RP11-653J6.1",6.56408260788521e-14,1.2759219000303,0.112,0.04,1.75503876687027e-09,"Ependymal Cells","RP11-653J6.1"
"DRAIC3",1.06428246381458e-13,0.980803810520266,0.207,0.101,2.84557202350103e-09,"Ependymal Cells","DRAIC"
"CTC-444N24.6",1.15243840796465e-13,0.934706593444246,0.162,0.069,3.08127457137509e-09,"Ependymal Cells","CTC-444N24.6"
"RP11-689P11.21",1.76467921357517e-13,1.8731981225124,0.1,0.035,4.71822281333592e-09,"Ependymal Cells","RP11-689P11.2"
"AC079305.8",1.91657092887628e-13,1.11825245799534,0.13,0.051,5.1243356925365e-09,"Ependymal Cells","AC079305.8"
"SLC16A1-AS12",4.55214944654515e-13,0.486217587404759,0.633,0.44,1.21710819752278e-08,"Ependymal Cells","SLC16A1-AS1"
"RP11-481C4.1",6.69408402622458e-13,1.30080185377738,0.121,0.047,1.78979724609167e-08,"Ependymal Cells","RP11-481C4.1"
"A1BG-AS1",1.21843542752376e-12,1.38480103502369,0.105,0.039,3.25773080257029e-08,"Ependymal Cells","A1BG-AS1"
"RP1-78O14.13",1.54407723406385e-12,1.28110600864672,0.148,0.066,4.12839930071651e-08,"Ependymal Cells","RP1-78O14.1"
"ASMTL-AS1",1.55299215407868e-12,1.65671397981908,0.103,0.038,4.15223512236018e-08,"Ependymal Cells","ASMTL-AS1"
"RP11-404I7.22",2.11909538354094e-12,0.648204475784902,0.214,0.107,5.66582532697342e-08,"Ependymal Cells","RP11-404I7.2"
"AC004540.53",2.24985369244642e-12,0.735410076164285,0.26,0.142,6.01543381749399e-08,"Ependymal Cells","AC004540.5"
"RP3-414A15.103",4.5072908488013e-12,1.23355505634795,0.134,0.058,1.205114354244e-07,"Ependymal Cells","RP3-414A15.10"
"RP11-10K17.6",6.08325353024594e-12,1.26956760729143,0.13,0.055,1.62647949638186e-07,"Ependymal Cells","RP11-10K17.6"
"LINC013012",9.35394078008922e-12,1.07628074472496,0.185,0.091,2.50096314637245e-07,"Ependymal Cells","LINC01301"
"AC009403.2",1.36128439062467e-11,0.65209042162278,0.292,0.167,3.63966607521317e-07,"Ependymal Cells","AC009403.2"
"GMDS-AS13",3.90030857194097e-11,0.346567874293424,0.665,0.483,1.04282550287986e-06,"Ependymal Cells","GMDS-AS1"
"LINC014101",4.78894271726151e-11,0.879253518780755,0.109,0.043,1.28041961431421e-06,"Ependymal Cells","LINC01410"
"AC009120.42",4.98010950814464e-11,0.655822217998668,0.305,0.182,1.33153187919263e-06,"Ependymal Cells","AC009120.4"
"RP13-188A5.12",5.11399397644605e-11,0.849526089656023,0.214,0.113,1.36732856948238e-06,"Ependymal Cells","RP13-188A5.1"
"AC097662.21",1.28930617602765e-10,1.04473937793202,0.18,0.092,3.44721792284512e-06,"Ependymal Cells","AC097662.2"
"SUCLG2-AS12",2.29165358209387e-10,0.607267858481066,0.321,0.195,6.12719418244439e-06,"Ependymal Cells","SUCLG2-AS1"
"BMS1P143",2.9186334205956e-10,1.36523688015664,0.173,0.091,7.80355017664645e-06,"Ependymal Cells","BMS1P14"
"RP11-563J2.22",3.21303950458233e-10,0.370715339677208,0.164,0.077,8.59070372340178e-06,"Ependymal Cells","RP11-563J2.2"
"RP11-727A23.102",3.39320047441115e-10,1.0128545528843,0.171,0.087,9.0724001084331e-06,"Ependymal Cells","RP11-727A23.10"
"C21orf62-AS13",3.45233117117478e-10,0.315107875291291,0.39,0.242,9.23049785237002e-06,"Ependymal Cells","C21orf62-AS1"
"RP11-692D12.13",3.66131299773187e-10,0.371359516854223,0.487,0.327,9.78925256203569e-06,"Ependymal Cells","RP11-692D12.1"
"RP11-586K2.13",6.22931840839408e-10,1.00898691490821,0.214,0.119,1.66553286285233e-05,"Ependymal Cells","RP11-586K2.1"
"RP1-8B1.42",9.01499670879954e-10,1.11627315450374,0.141,0.068,2.41033967003173e-05,"Ependymal Cells","RP1-8B1.4"
"JAKMIP2-AS11",9.91525306238781e-10,1.13404512660998,0.141,0.068,2.65104121129063e-05,"Ependymal Cells","JAKMIP2-AS1"
"BDNF-AS2",1.75244612702247e-09,0.502477887419671,0.435,0.303,4.68551520981997e-05,"Ependymal Cells","BDNF-AS"
"CTD-2315E11.11",2.49615710650692e-09,0.47328895366939,0.109,0.046,6.67397525566754e-05,"Ependymal Cells","CTD-2315E11.1"
"RP11-580I16.21",4.73191705664115e-09,0.41777923538304,0.287,0.175,0.000126517266343415,"Ependymal Cells","RP11-580I16.2"
"RP11-284M14.13",6.15873602369571e-09,0.335577174395466,0.469,0.322,0.000164666125065552,"Ependymal Cells","RP11-284M14.1"
"NIFK-AS13",8.37478802300993e-09,0.57491435796578,0.326,0.213,0.000223916707371216,"Ependymal Cells","NIFK-AS1"
"ZNF350-AS12",9.43685578427299e-09,1.1073635522486,0.15,0.077,0.000252313213104107,"Ependymal Cells","ZNF350-AS1"
"CTD-2215E18.12",9.80847895760482e-09,0.849243294845984,0.262,0.164,0.00026224930188948,"Ependymal Cells","CTD-2215E18.1"
"UBR5-AS11",1.14008021486489e-08,0.835412610342833,0.121,0.056,0.000304823247048426,"Ependymal Cells","UBR5-AS1"
"RP11-26J3.11",1.33926855316317e-08,0.486012815792868,0.107,0.047,0.000358080233059236,"Ependymal Cells","RP11-26J3.1"
"RP3-414A15.21",2.87589915602153e-08,0.68491335714925,0.13,0.063,0.000768929157345477,"Ependymal Cells","RP3-414A15.2"
"RP11-472M19.2",3.06458458936982e-08,1.14496852463844,0.105,0.048,0.000819377981659809,"Ependymal Cells","RP11-472M19.2"
"KMT2E-AS1",3.09047077204266e-08,0.885243606399121,0.103,0.046,0.000826299170321046,"Ependymal Cells","KMT2E-AS1"
"AC074117.10",4.03067003153382e-08,0.717503567075704,0.128,0.062,0.0010776802463312,"Ependymal Cells","AC074117.10"
"CDR1-AS3",4.04810064061766e-08,0.523833253170466,0.278,0.174,0.00108234066828194,"Ependymal Cells","CDR1-AS"
"CRTC3-AS1",5.02352081322516e-08,1.11092252743062,0.109,0.051,0.00134313875983201,"Ependymal Cells","CRTC3-AS1"
"LINC00265",5.32714115205452e-08,0.676914163542048,0.153,0.081,0.00142431772982482,"Ependymal Cells","LINC00265"
"CTD-2033A16.3",1.49797071356776e-07,0.673553614155596,0.103,0.048,0.00400512429686613,"Ependymal Cells","CTD-2033A16.3"
"LIPE-AS12",3.2605005173503e-07,0.489025895476322,0.301,0.201,0.00871760023323951,"Ependymal Cells","LIPE-AS1"
"RP11-711K1.82",7.5018239384591e-07,0.705135962364528,0.155,0.087,0.0200576266642581,"Ependymal Cells","RP11-711K1.8"
"RP11-98I9.41",9.21875030483617e-07,0.449096404465743,0.153,0.084,0.0246481726900405,"Ependymal Cells","RP11-98I9.4"
"CTD-2516F10.21",1.11931108959471e-06,0.275249612645377,0.166,0.093,0.0299270206024938,"Ependymal Cells","CTD-2516F10.2"
"CTD-3138B18.5",1.48893988827832e-06,0.961923886030769,0.114,0.059,0.0398097857928976,"Ependymal Cells","CTD-3138B18.5"
"LINC015351",1.67989317934823e-06,0.667128495470891,0.144,0.081,0.0449153039362337,"Ependymal Cells","LINC01535"
"RP5-858L17.11",2.17839105447711e-06,0.419900057972167,0.116,0.06,0.0582436416235544,"Ependymal Cells","RP5-858L17.1"
"LINC005981",3.47623034256102e-06,0.457165115762019,0.185,0.11,0.092943970669054,"Ependymal Cells","LINC00598"
"C9orf1472",3.56229799261984e-06,0.809000105089304,0.139,0.08,0.0952451614286767,"Ependymal Cells","C9orf147"
"MCPH1-AS12",4.06371719929549e-06,0.533952649301253,0.276,0.191,0.108651606757564,"Ependymal Cells","MCPH1-AS1"
"RP11-803B1.81",5.45450261632881e-06,0.584104555850535,0.103,0.053,0.145837036452783,"Ependymal Cells","RP11-803B1.8"
"AP000797.33",6.81048460549584e-06,1.29975960006763,0.103,0.055,0.182091926897142,"Ependymal Cells","AP000797.3"
"RP11-1H15.2",1.08022978377519e-05,1.07494602563235,0.103,0.054,0.288821037287972,"Ependymal Cells","RP11-1H15.2"
"RP11-798M19.61",1.4392536110939e-05,0.6729829899871,0.139,0.081,0.384813237998177,"Ependymal Cells","RP11-798M19.6"
"AC012363.4",1.54578502603325e-05,0.539093963203102,0.103,0.054,0.413296542410511,"Ependymal Cells","AC012363.4"
"RP11-617F23.11",1.66260615201729e-05,0.313957918770867,0.105,0.055,0.444531006864863,"Ependymal Cells","RP11-617F23.1"
"CPEB1-AS12",2.41119778971895e-05,0.275333158778611,0.214,0.138,0.644681953037155,"Ependymal Cells","CPEB1-AS1"
"LINC014732",3.6079868486675e-05,0.388549042104895,0.226,0.152,0.96466744372823,"Ependymal Cells","LINC01473"
"CCDC144NL-AS11",3.91822385079088e-05,0.569859241289366,0.13,0.077,1,"Ependymal Cells","CCDC144NL-AS1"
"ZFAS11",4.65770053309949e-05,0.36493096007106,0.21,0.139,1,"Ependymal Cells","ZFAS1"
"RP11-448A19.1",5.53936297288926e-05,0.33132241069614,0.1,0.054,1,"Ependymal Cells","RP11-448A19.1"
"RP11-452L6.1",6.38972138008065e-05,0.431936068746074,0.153,0.094,1,"Ependymal Cells","RP11-452L6.1"
"CTBP1-AS",0.000111181709957303,0.715991872375513,0.107,0.062,1,"Ependymal Cells","CTBP1-AS"
"SEMA6A-AS11",0.000174055113735423,0.325170871662194,0.18,0.119,1,"Ependymal Cells","SEMA6A-AS1"
"RP11-499P20.21",0.000203761166406167,0.446457436500034,0.228,0.163,1,"Ependymal Cells","RP11-499P20.2"
"LINC006653",0.000219725528215493,0.46608101237925,0.141,0.09,1,"Ependymal Cells","LINC00665"
"RP11-267M23.41",0.000325015009572826,0.702273239253119,0.103,0.061,1,"Ependymal Cells","RP11-267M23.4"
"RP1-234P15.4",0.000361457106664979,0.587774367097498,0.105,0.063,1,"Ependymal Cells","RP1-234P15.4"
"FLJ214081",0.000426126130712422,0.462272926712553,0.105,0.063,1,"Ependymal Cells","FLJ21408"
"RP11-654A16.32",0.000581479925260706,0.662360473080383,0.112,0.07,1,"Ependymal Cells","RP11-654A16.3"
"ZNF213-AS11",0.000595409899459679,0.498189199917409,0.128,0.082,1,"Ependymal Cells","ZNF213-AS1"
"SEC24B-AS13",0.000798471079093861,0.701015088273051,0.128,0.084,1,"Ependymal Cells","SEC24B-AS1"
"LINC010061",0.000814638626154282,0.341679932281726,0.198,0.14,1,"Ependymal Cells","LINC01006"
"RP11-370I10.62",0.000824904264675768,0.527624357087058,0.175,0.124,1,"Ependymal Cells","RP11-370I10.6"
"DNAJC27-AS13",0.00113126655552384,0.3423240518888,0.223,0.164,1,"Ependymal Cells","DNAJC27-AS1"
"RP11-714G18.14",0.00264072253877317,0.553470096232015,0.114,0.076,1,"Ependymal Cells","RP11-714G18.1"
"UFL1-AS11",0.00386028872353393,0.493108897740001,0.137,0.095,1,"Ependymal Cells","UFL1-AS1"
"RP11-486O13.43",0.00449667374565481,0.258841452301763,0.287,0.226,1,"Ependymal Cells","RP11-486O13.4"
"AP000487.62",0.0050478660592832,0.402645777479281,0.178,0.131,1,"Ependymal Cells","AP000487.6"
"AP000462.23",0.0061129444790084,0.495011316292716,0.132,0.094,1,"Ependymal Cells","AP000462.2"
"FAM66A3",0.00746576318877337,0.791906643873986,0.107,0.075,1,"Ependymal Cells","FAM66A"
"EBLN3P1",0.0078211653743907,0.330275005575181,0.187,0.143,1,"Ependymal Cells","EBLN3P"
"AP000487.53",0.00949148516820249,0.340995127122044,0.13,0.094,1,"Ependymal Cells","AP000487.5"
"RP11-307P5.12",0,3.92142029688443,0.868,0.085,0,"Excitatory Neurons (SubtypeB)","RP11-307P5.1"
"RP11-405A12.22",0,4.11079626877494,0.798,0.081,0,"Excitatory Neurons (SubtypeB)","RP11-405A12.2"
"MIR137HG1",0,2.97271203867459,0.808,0.105,0,"Excitatory Neurons (SubtypeB)","MIR137HG"
"RP11-32K4.12",0,2.87797225510457,0.814,0.111,0,"Excitatory Neurons (SubtypeB)","RP11-32K4.1"
"MIR124-2HG2",0,3.41914037770811,0.773,0.089,0,"Excitatory Neurons (SubtypeB)","MIR124-2HG"
"RP11-867G2.82",0,4.68316584993414,0.732,0.057,0,"Excitatory Neurons (SubtypeB)","RP11-867G2.8"
"RP11-664H17.12",0,4.52345426702209,0.697,0.052,0,"Excitatory Neurons (SubtypeB)","RP11-664H17.1"
"C3orf67-AS12",0,3.93621808025686,0.596,0.049,0,"Excitatory Neurons (SubtypeB)","C3orf67-AS1"
"RP1-69D17.41",0,4.17380010423233,0.558,0.044,0,"Excitatory Neurons (SubtypeB)","RP1-69D17.4"
"AC092684.11",0,5.78979478763424,0.536,0.028,0,"Excitatory Neurons (SubtypeB)","AC092684.1"
"LINC01482",0,5.10564575158404,0.524,0.018,0,"Excitatory Neurons (SubtypeB)","LINC01482"
"RP11-78F17.11",0,4.1389980337615,0.527,0.031,0,"Excitatory Neurons (SubtypeB)","RP11-78F17.1"
"RP11-523L20.21",0,5.63982394469417,0.508,0.018,0,"Excitatory Neurons (SubtypeB)","RP11-523L20.2"
"AC079135.12",0,2.88691842510313,0.517,0.041,0,"Excitatory Neurons (SubtypeB)","AC079135.1"
"RP11-15K3.11",0,7.05829158252159,0.448,0.006,0,"Excitatory Neurons (SubtypeB)","RP11-15K3.1"
"RP11-368L12.11",0,6.17427739631763,0.416,0.022,0,"Excitatory Neurons (SubtypeB)","RP11-368L12.1"
"AC114765.1",0,5.50210980808984,0.36,0.012,0,"Excitatory Neurons (SubtypeB)","AC114765.1"
"AC067956.1",0,4.85311975612833,0.262,0.01,0,"Excitatory Neurons (SubtypeB)","AC067956.1"
"CTD-2116N24.11",0,4.92395581344603,0.243,0.006,0,"Excitatory Neurons (SubtypeB)","CTD-2116N24.1"
"RP5-1029K10.2",0,5.90333864657293,0.174,0.003,0,"Excitatory Neurons (SubtypeB)","RP5-1029K10.2"
"RP11-2I17.4",0,4.89470642641017,0.167,0.004,0,"Excitatory Neurons (SubtypeB)","RP11-2I17.4"
"CTD-2130F23.1",0,4.57012787705609,0.161,0.003,0,"Excitatory Neurons (SubtypeB)","CTD-2130F23.1"
"LINC00868",0,6.17479513989034,0.155,0.002,0,"Excitatory Neurons (SubtypeB)","LINC00868"
"TMEM26-AS1",0,5.03349900671247,0.145,0.003,0,"Excitatory Neurons (SubtypeB)","TMEM26-AS1"
"RP11-766N7.32",5.92878775009496e-323,3.15099039195113,0.744,0.095,1.58517998074289e-318,"Excitatory Neurons (SubtypeB)","RP11-766N7.3"
"RP11-368I23.22",1.11214055868633e-308,3.78117470680355,0.429,0.033,2.97353021175965e-304,"Excitatory Neurons (SubtypeB)","RP11-368I23.2"
"U91319.13",4.94753809342585e-308,3.26863933716124,0.779,0.112,1.32282326003927e-303,"Excitatory Neurons (SubtypeB)","U91319.1"
"MIAT4",5.05594084979556e-285,2.77024079686738,0.88,0.152,1.35180690500984e-280,"Excitatory Neurons (SubtypeB)","MIAT"
"RP11-636O21.23",2.30712047711734e-280,4.02806740990667,0.577,0.067,6.16854801966862e-276,"Excitatory Neurons (SubtypeB)","RP11-636O21.2"
"ANKRD34C-AS12",1.52639941496328e-264,2.83695704592396,0.672,0.09,4.08113411578732e-260,"Excitatory Neurons (SubtypeB)","ANKRD34C-AS1"
"MIR4435-2HG3",2.34591590707225e-254,2.28077241781127,0.792,0.132,6.27227536073908e-250,"Excitatory Neurons (SubtypeB)","MIR4435-2HG"
"MIR193BHG2",1.15969711625854e-250,2.67048560788368,0.53,0.059,3.10068217974047e-246,"Excitatory Neurons (SubtypeB)","MIR193BHG"
"AC159540.13",1.52904011990122e-249,3.12039748867341,0.987,0.308,4.08819456857988e-245,"Excitatory Neurons (SubtypeB)","AC159540.1"
"GDNF-AS12",2.24937375122334e-249,2.47983153884538,0.543,0.061,6.01415059864585e-245,"Excitatory Neurons (SubtypeB)","GDNF-AS1"
"SNHG233",8.10795939152509e-231,2.54920866234306,0.858,0.172,2.16782510251206e-226,"Excitatory Neurons (SubtypeB)","SNHG23"
"STXBP5-AS12",9.14619871064974e-226,2.39298356529518,0.845,0.168,2.44541914926642e-221,"Excitatory Neurons (SubtypeB)","STXBP5-AS1"
"RP11-133F8.22",6.08908890325595e-224,1.82682029686327,0.565,0.07,1.62803970006354e-219,"Excitatory Neurons (SubtypeB)","RP11-133F8.2"
"LINC009702",7.46096379589785e-222,2.64085474473822,0.521,0.064,1.99483789010921e-217,"Excitatory Neurons (SubtypeB)","LINC00970"
"RP11-321G12.1",3.42132140881148e-221,3.38451667661568,0.136,0.004,9.14758705073925e-217,"Excitatory Neurons (SubtypeB)","RP11-321G12.1"
"RP11-413N10.33",3.91274045769211e-220,2.81383505247843,0.555,0.074,1.04614941617314e-215,"Excitatory Neurons (SubtypeB)","RP11-413N10.3"
"LINC009373",1.14034368284635e-219,2.65118322002159,0.839,0.176,3.04893690482627e-215,"Excitatory Neurons (SubtypeB)","LINC00937"
"RP5-958B11.1",8.99827332721222e-219,4.09036882114905,0.101,0.002,2.40586833949673e-214,"Excitatory Neurons (SubtypeB)","RP5-958B11.1"
"RP11-498P14.54",1.58651744818297e-216,2.69532556891624,0.618,0.092,4.2418717012068e-212,"Excitatory Neurons (SubtypeB)","RP11-498P14.5"
"NR2F1-AS16",7.35633515870325e-216,2.50596429334788,0.899,0.217,1.96686333138249e-211,"Excitatory Neurons (SubtypeB)","NR2F1-AS1"
"MIR2052HG4",5.72163466875409e-214,2.67526762960131,0.789,0.157,1.52979346138478e-209,"Excitatory Neurons (SubtypeB)","MIR2052HG"
"KRTAP5-AS12",1.60855214098992e-213,3.14732186893518,0.498,0.062,4.30078585936475e-209,"Excitatory Neurons (SubtypeB)","KRTAP5-AS1"
"RP11-422J15.1",2.00580128407459e-209,3.82116179893397,0.167,0.007,5.36291089323023e-205,"Excitatory Neurons (SubtypeB)","RP11-422J15.1"
"CTC-459F4.31",1.58954137700156e-207,2.74887624130005,0.748,0.14,4.24995677968907e-203,"Excitatory Neurons (SubtypeB)","CTC-459F4.3"
"MEG33",2.63129702560659e-205,2.55918526418165,0.631,0.1,7.03529885736434e-201,"Excitatory Neurons (SubtypeB)","MEG3"
"RP11-594C13.1",2.51169963225361e-204,3.97825175639045,0.233,0.014,6.71553130675648e-200,"Excitatory Neurons (SubtypeB)","RP11-594C13.1"
"RP11-321E2.3",5.78829583271625e-202,5.28531046839958,0.104,0.003,1.54761665679334e-197,"Excitatory Neurons (SubtypeB)","RP11-321E2.3"
"RP11-289H16.12",4.10826023359869e-198,2.60327494184109,0.905,0.25,1.09842553865728e-193,"Excitatory Neurons (SubtypeB)","RP11-289H16.1"
"RP11-902B17.11",1.16984518287381e-197,2.57165445650855,0.249,0.017,3.12781506544971e-193,"Excitatory Neurons (SubtypeB)","RP11-902B17.1"
"CH17-125A10.21",3.09656591712074e-195,3.30432150565926,0.476,0.061,8.27928829260571e-191,"Excitatory Neurons (SubtypeB)","CH17-125A10.2"
"RP11-399K21.11",1.58532689727135e-192,3.81824982092641,0.227,0.014,4.2386885252344e-188,"Excitatory Neurons (SubtypeB)","RP11-399K21.11"
"RP11-624C23.13",5.69974831677904e-191,2.43327364367807,0.703,0.131,1.52394170745721e-186,"Excitatory Neurons (SubtypeB)","RP11-624C23.1"
"RP11-197K6.1",3.07881644328946e-185,4.32169238272868,0.183,0.01,8.23183152442304e-181,"Excitatory Neurons (SubtypeB)","RP11-197K6.1"
"AC116614.1",2.20563425582884e-183,4.3002264514725,0.123,0.004,5.89720430980957e-179,"Excitatory Neurons (SubtypeB)","AC116614.1"
"RP11-15E1.53",7.16785366898135e-181,2.67770213853611,0.47,0.063,1.91646903547554e-176,"Excitatory Neurons (SubtypeB)","RP11-15E1.5"
"RFPL1S3",6.31746741594999e-174,2.27847997834674,0.618,0.107,1.68910126300255e-169,"Excitatory Neurons (SubtypeB)","RFPL1S"
"RP11-283G6.4",2.07427392930364e-173,2.2378123742085,0.303,0.028,5.54598620477915e-169,"Excitatory Neurons (SubtypeB)","RP11-283G6.4"
"RP5-896L10.12",2.20679257803282e-173,2.55026584904465,0.505,0.075,5.90030131588636e-169,"Excitatory Neurons (SubtypeB)","RP5-896L10.1"
"RP5-1070A16.12",9.3260009189985e-168,2.74680396779647,0.328,0.034,2.49349286571263e-163,"Excitatory Neurons (SubtypeB)","RP5-1070A16.1"
"RP11-273G15.22",2.99930980378591e-160,2.50539329722745,0.42,0.056,8.0192546223824e-156,"Excitatory Neurons (SubtypeB)","RP11-273G15.2"
"CHRM3-AS2",4.56952583906313e-159,4.2119539434141,0.155,0.008,1.22175412359031e-154,"Excitatory Neurons (SubtypeB)","CHRM3-AS2"
"RP11-706O15.3",1.9534284193649e-157,4.07381084136466,0.136,0.006,5.22288156485594e-153,"Excitatory Neurons (SubtypeB)","RP11-706O15.3"
"DPP10-AS12",4.84756711270916e-153,3.2781536619209,0.259,0.023,1.29609401892505e-148,"Excitatory Neurons (SubtypeB)","DPP10-AS1"
"AC005537.22",1.17392125090685e-151,2.62825323365607,0.397,0.053,3.13871324854963e-147,"Excitatory Neurons (SubtypeB)","AC005537.2"
"MEG82",3.54477897624521e-149,2.81868006064429,0.394,0.054,9.47767554878683e-145,"Excitatory Neurons (SubtypeB)","MEG8"
"RP4-555D20.24",4.10123005505348e-149,2.3084367240843,0.511,0.085,1.09654587981965e-144,"Excitatory Neurons (SubtypeB)","RP4-555D20.2"
"AC091878.14",1.00895693373926e-148,1.9204638334254,0.653,0.131,2.69764815373867e-144,"Excitatory Neurons (SubtypeB)","AC091878.1"
"KIF9-AS13",6.95223606109448e-145,2.00637530306484,0.924,0.312,1.85881935565483e-140,"Excitatory Neurons (SubtypeB)","KIF9-AS1"
"RP11-410D17.23",1.88566355862729e-144,2.14871802691246,0.606,0.122,5.0416986567018e-140,"Excitatory Neurons (SubtypeB)","RP11-410D17.2"
"CTD-2143L24.12",1.68116660258862e-141,2.33727183994114,0.375,0.05,4.4949351453412e-137,"Excitatory Neurons (SubtypeB)","CTD-2143L24.1"
"LINC005993",8.08811494304229e-141,2.06941965682713,0.555,0.103,2.16251929232122e-136,"Excitatory Neurons (SubtypeB)","LINC00599"
"AC010967.2",4.32171418515159e-140,4.07654107108285,0.158,0.01,1.15549672168398e-135,"Excitatory Neurons (SubtypeB)","AC010967.2"
"CTD-2140G10.21",6.47517016947949e-140,3.08788206831635,0.227,0.02,1.73126624821373e-135,"Excitatory Neurons (SubtypeB)","CTD-2140G10.2"
"EPHA5-AS11",6.9617480350722e-140,2.61117152854678,0.382,0.053,1.86136257213725e-135,"Excitatory Neurons (SubtypeB)","EPHA5-AS1"
"LINC011973",4.32014518808024e-137,2.11615489412597,0.451,0.072,1.15507721893701e-132,"Excitatory Neurons (SubtypeB)","LINC01197"
"CTD-2281M20.1",2.90684506509829e-136,3.82249504733892,0.123,0.006,7.77203165055331e-132,"Excitatory Neurons (SubtypeB)","CTD-2281M20.1"
"RP11-579E24.22",5.08049949901866e-133,3.53213600040438,0.196,0.016,1.35837315105262e-128,"Excitatory Neurons (SubtypeB)","RP11-579E24.2"
"AC004053.13",3.36690821749097e-132,1.93805383921291,0.527,0.098,9.00210250110562e-128,"Excitatory Neurons (SubtypeB)","AC004053.1"
"LINC013223",3.98612556237816e-132,1.53263438966121,0.719,0.17,1.06577039161305e-127,"Excitatory Neurons (SubtypeB)","LINC01322"
"RP11-38L15.33",5.51659341063466e-132,1.89425770701128,0.539,0.101,1.47497158020139e-127,"Excitatory Neurons (SubtypeB)","RP11-38L15.3"
"CTD-2185K10.1",6.6293477130926e-132,3.75590419832525,0.123,0.006,1.77248869804957e-127,"Excitatory Neurons (SubtypeB)","CTD-2185K10.1"
"MEG91",1.00753642083491e-131,3.01032187627974,0.274,0.03,2.6938501283863e-127,"Excitatory Neurons (SubtypeB)","MEG9"
"RP11-484P15.12",5.1095212741914e-127,2.52663643463884,0.41,0.065,1.36613270308055e-122,"Excitatory Neurons (SubtypeB)","RP11-484P15.1"
"AC008074.32",8.15474165759899e-126,2.28631896068482,0.372,0.055,2.18033327699224e-121,"Excitatory Neurons (SubtypeB)","AC008074.3"
"LINC006323",2.62488513529563e-125,1.88913987276705,0.899,0.345,7.01815538623992e-121,"Excitatory Neurons (SubtypeB)","LINC00632"
"STARD4-AS12",5.66009736781613e-124,2.60969550054682,0.306,0.039,1.513340233233e-119,"Excitatory Neurons (SubtypeB)","STARD4-AS1"
"RP11-142A5.13",7.89352555296537e-124,1.90491279535893,0.517,0.099,2.11049192709635e-119,"Excitatory Neurons (SubtypeB)","RP11-142A5.1"
"AC005355.11",1.28914575166597e-122,3.02363388439578,0.196,0.017,3.44678899622931e-118,"Excitatory Neurons (SubtypeB)","AC005355.1"
"AC002383.2",5.26559804265249e-121,4.26375785732744,0.151,0.01,1.40786294866399e-116,"Excitatory Neurons (SubtypeB)","AC002383.2"
"RP1-90G24.102",6.75505245114028e-119,2.76441898984452,0.432,0.077,1.80609837386138e-114,"Excitatory Neurons (SubtypeB)","RP1-90G24.10"
"RP11-145A3.1",1.3195957764021e-118,2.91745692005969,0.177,0.014,3.5282032273663e-114,"Excitatory Neurons (SubtypeB)","RP11-145A3.1"
"RP11-475O6.12",1.40584878424944e-118,1.9102134080011,0.508,0.099,3.75881789444773e-114,"Excitatory Neurons (SubtypeB)","RP11-475O6.1"
"ADGRA1-AS11",1.53369033574967e-118,3.47142556081327,0.192,0.017,4.1006278506939e-114,"Excitatory Neurons (SubtypeB)","ADGRA1-AS1"
"LINC002901",3.76850198217317e-118,3.54246215745656,0.211,0.02,1.00758437497364e-113,"Excitatory Neurons (SubtypeB)","LINC00290"
"AC074363.15",1.75509509402525e-116,2.04213367170695,0.71,0.19,4.69259775289531e-112,"Excitatory Neurons (SubtypeB)","AC074363.1"
"LINC001523",9.64666834838407e-116,1.48161610313396,0.369,0.056,2.57922971630745e-111,"Excitatory Neurons (SubtypeB)","LINC00152"
"RP11-123M6.22",6.58540384380204e-114,2.10736490504666,0.372,0.059,1.76073942571735e-109,"Excitatory Neurons (SubtypeB)","RP11-123M6.2"
"CTC-490G23.62",1.02307773660921e-113,2.23617332582244,0.375,0.06,2.73540294437204e-109,"Excitatory Neurons (SubtypeB)","CTC-490G23.6"
"AC010127.34",1.05075594251694e-113,1.94821538416208,0.498,0.099,2.80940616350754e-109,"Excitatory Neurons (SubtypeB)","AC010127.3"
"LINC015153",1.09421758858517e-113,2.28996113903366,0.322,0.045,2.92560956660017e-109,"Excitatory Neurons (SubtypeB)","LINC01515"
"RP11-325K19.1",2.40111343490372e-113,3.34744626359037,0.148,0.01,6.41985699090207e-109,"Excitatory Neurons (SubtypeB)","RP11-325K19.1"
"MIR8069-11",1.23991178434435e-112,2.7691139363927,0.256,0.03,3.3151521378015e-108,"Excitatory Neurons (SubtypeB)","MIR8069-1"
"INHBA-AS12",3.76099297340426e-112,2.58260112072525,0.315,0.044,1.0055766912991e-107,"Excitatory Neurons (SubtypeB)","INHBA-AS1"
"RP11-24I21.11",2.52449857418275e-110,2.74498600463219,0.211,0.021,6.74975183779243e-106,"Excitatory Neurons (SubtypeB)","RP11-24I21.1"
"LINC012523",7.8538495591359e-110,1.86376306888178,0.489,0.098,2.09988375662617e-105,"Excitatory Neurons (SubtypeB)","LINC01252"
"AC078941.1",1.12119351574805e-108,3.2123807193283,0.132,0.009,2.99773510305557e-104,"Excitatory Neurons (SubtypeB)","AC078941.1"
"AJ003147.91",8.98381080168566e-108,3.27879469747849,0.218,0.023,2.4020014940467e-103,"Excitatory Neurons (SubtypeB)","AJ003147.9"
"CTC-448D22.1",4.06194325636921e-106,2.47434584355543,0.177,0.016,1.08604176845544e-101,"Excitatory Neurons (SubtypeB)","CTC-448D22.1"
"RP11-53A1.3",1.17652657607786e-104,2.17852690693147,0.177,0.016,3.14567910645937e-100,"Excitatory Neurons (SubtypeB)","RP11-53A1.3"
"RP11-75C9.2",2.93175569898311e-104,3.22965031588417,0.142,0.01,7.83863521237113e-100,"Excitatory Neurons (SubtypeB)","RP11-75C9.2"
"LINC01013",3.42445547506486e-103,2.81867121485744,0.18,0.017,9.15596660368091e-99,"Excitatory Neurons (SubtypeB)","LINC01013"
"RP11-449H15.2",3.97276647281735e-103,3.27832345152776,0.126,0.008,1.06219857183717e-98,"Excitatory Neurons (SubtypeB)","RP11-449H15.2"
"CTD-2009A10.12",7.76353437057426e-100,2.77519436630996,0.227,0.027,2.07573618466044e-95,"Excitatory Neurons (SubtypeB)","CTD-2009A10.1"
"RP1-30E17.22",2.58166259484104e-99,2.52968861622596,0.243,0.03,6.9025912798265e-95,"Excitatory Neurons (SubtypeB)","RP1-30E17.2"
"RP11-109A6.52",4.86078246328161e-99,1.67728077342698,0.464,0.095,1.2996274072076e-94,"Excitatory Neurons (SubtypeB)","RP11-109A6.5"
"RP11-290O12.21",6.22036160732573e-99,2.34492791571029,0.233,0.028,1.66313808295068e-94,"Excitatory Neurons (SubtypeB)","RP11-290O12.2"
"CYP4A22-AS12",8.65729176304216e-99,2.52302624408253,0.252,0.033,2.31470009868458e-94,"Excitatory Neurons (SubtypeB)","CYP4A22-AS1"
"LINC012772",1.64268432149211e-98,2.07695686862435,0.347,0.058,4.39204507037346e-94,"Excitatory Neurons (SubtypeB)","LINC01277"
"RP11-37N22.1",1.99179433453028e-97,2.96247421839463,0.167,0.015,5.32546051223362e-93,"Excitatory Neurons (SubtypeB)","RP11-37N22.1"
"RP11-122F24.1",3.49334289670784e-97,2.71684212668612,0.177,0.017,9.34015090292774e-93,"Excitatory Neurons (SubtypeB)","RP11-122F24.1"
"RP11-15A1.22",7.03763538763e-97,1.77366085607634,0.356,0.061,1.88165257359063e-92,"Excitatory Neurons (SubtypeB)","RP11-15A1.2"
"AC011288.21",2.03847676904158e-96,2.72040711629437,0.315,0.05,5.45027533738649e-92,"Excitatory Neurons (SubtypeB)","AC011288.2"
"CTD-2047H16.44",9.00272112350372e-96,1.36630531730331,0.647,0.168,2.40705754679119e-91,"Excitatory Neurons (SubtypeB)","CTD-2047H16.4"
"LINC012502",9.32495255315579e-96,1.6458686259889,0.461,0.095,2.49321256413726e-91,"Excitatory Neurons (SubtypeB)","LINC01250"
"RP11-17A1.31",6.5575249975154e-95,1.8940834768598,0.391,0.074,1.75328545858569e-90,"Excitatory Neurons (SubtypeB)","RP11-17A1.3"
"LINC004073",4.37243628583548e-92,1.99526621958354,0.338,0.058,1.16905828974383e-87,"Excitatory Neurons (SubtypeB)","LINC00407"
"AC140481.8",5.60541534945453e-92,3.84009669201598,0.136,0.011,1.49871990198366e-87,"Excitatory Neurons (SubtypeB)","AC140481.8"
"RP11-317N12.14",1.13759598166349e-90,1.34062611765199,0.457,0.098,3.04159037617367e-86,"Excitatory Neurons (SubtypeB)","RP11-317N12.1"
"AC007246.35",1.15391957340779e-90,1.38513294613791,0.782,0.251,3.0852347634204e-86,"Excitatory Neurons (SubtypeB)","AC007246.3"
"FTX3",2.63573866310126e-90,1.09535760189916,0.997,0.921,7.04717446353384e-86,"Excitatory Neurons (SubtypeB)","FTX"
"RP5-944M2.3",3.73182237275918e-89,3.86980461619421,0.117,0.008,9.97777347804622e-85,"Excitatory Neurons (SubtypeB)","RP5-944M2.3"
"AC005592.25",4.21009560115061e-88,2.03906338663059,0.543,0.142,1.12565326087964e-83,"Excitatory Neurons (SubtypeB)","AC005592.2"
"KTN1-AS12",4.90103495745704e-88,1.52067103796534,0.413,0.084,1.31038971657529e-83,"Excitatory Neurons (SubtypeB)","KTN1-AS1"
"CRHR13",1.07336848427716e-87,1.43756747970947,0.659,0.187,2.86986531641184e-83,"Excitatory Neurons (SubtypeB)","CRHR1"
"RP3-523C21.21",3.05035769548868e-87,2.43478642426261,0.17,0.017,8.15574137042809e-83,"Excitatory Neurons (SubtypeB)","RP3-523C21.2"
"AJ006998.2",4.87040750784532e-87,2.61206604906464,0.151,0.014,1.3022008553726e-82,"Excitatory Neurons (SubtypeB)","AJ006998.2"
"TTTY102",7.55778497997975e-87,1.52564366577881,0.577,0.152,2.02072497009719e-82,"Excitatory Neurons (SubtypeB)","TTTY10"
"CTC-228N24.2",1.77221747960442e-84,2.74060764166426,0.126,0.01,4.73837787521833e-80,"Excitatory Neurons (SubtypeB)","CTC-228N24.2"
"CTD-2020K17.13",2.10232994677852e-84,1.68174675286232,0.353,0.067,5.62099957870173e-80,"Excitatory Neurons (SubtypeB)","CTD-2020K17.1"
"LINC005353",3.12019417215553e-84,1.46173240908515,0.457,0.103,8.34246315809223e-80,"Excitatory Neurons (SubtypeB)","LINC00535"
"FAM95B12",4.32575590191654e-84,1.30754506117544,0.382,0.075,1.15657735549542e-79,"Excitatory Neurons (SubtypeB)","FAM95B1"
"PWRN42",6.46120980898099e-84,2.5742751166861,0.274,0.044,1.72753366662725e-79,"Excitatory Neurons (SubtypeB)","PWRN4"
"CTC-575N7.12",1.50784793524048e-83,2.32868170827851,0.29,0.049,4.03153302445248e-79,"Excitatory Neurons (SubtypeB)","CTC-575N7.1"
"RP11-356I2.4",5.38056216378872e-83,2.50290930961281,0.155,0.015,1.43860090573219e-78,"Excitatory Neurons (SubtypeB)","RP11-356I2.4"
"CTD-2562J17.42",1.19700205229073e-82,3.06256935639767,0.177,0.02,3.20042438720971e-78,"Excitatory Neurons (SubtypeB)","CTD-2562J17.4"
"RP11-672L10.3",4.38219194242272e-82,3.43108932799491,0.104,0.007,1.17166665964556e-77,"Excitatory Neurons (SubtypeB)","RP11-672L10.3"
"CTD-2349P21.52",1.30128632701328e-81,1.93749142129024,0.297,0.05,3.4792492525354e-77,"Excitatory Neurons (SubtypeB)","CTD-2349P21.5"
"RP11-711K1.83",1.78556632530588e-81,1.44822360660646,0.407,0.085,4.77406868397033e-77,"Excitatory Neurons (SubtypeB)","RP11-711K1.8"
"RP11-96H19.15",2.20792133907089e-81,1.20071995261981,0.675,0.206,5.90331928427383e-77,"Excitatory Neurons (SubtypeB)","RP11-96H19.1"
"CTD-2020K17.31",1.73796373953351e-80,3.37883110083209,0.151,0.015,4.64679365039076e-76,"Excitatory Neurons (SubtypeB)","CTD-2020K17.3"
"AC008697.11",4.08417886357854e-80,1.47458658126799,0.375,0.078,1.09198690275499e-75,"Excitatory Neurons (SubtypeB)","AC008697.1"
"ELFN22",5.53929649041427e-80,1.79240086014095,0.341,0.065,1.48104170264206e-75,"Excitatory Neurons (SubtypeB)","ELFN2"
"LINC012842",7.75263524499057e-80,2.18763571324055,0.328,0.062,2.07282208545313e-75,"Excitatory Neurons (SubtypeB)","LINC01284"
"RP11-223C24.11",3.14591047488864e-79,2.09053640201539,0.221,0.031,8.41122083670977e-75,"Excitatory Neurons (SubtypeB)","RP11-223C24.1"
"RP4-553F17.1",1.04851027043798e-78,2.96326553532254,0.136,0.013,2.80340191007003e-74,"Excitatory Neurons (SubtypeB)","RP4-553F17.1"
"LINC014812",2.13078959443264e-78,1.22285221353657,0.808,0.298,5.69709213863456e-74,"Excitatory Neurons (SubtypeB)","LINC01481"
"RP11-69M1.8",3.0518430233972e-78,3.06995682187654,0.126,0.011,8.15971269165709e-74,"Excitatory Neurons (SubtypeB)","RP11-69M1.8"
"RP1-111C20.43",4.16679172984365e-78,1.26067102060631,0.618,0.175,1.1140751048083e-73,"Excitatory Neurons (SubtypeB)","RP1-111C20.4"
"BMS1P144",6.34936201640335e-78,1.67944567287366,0.404,0.089,1.69762892232576e-73,"Excitatory Neurons (SubtypeB)","BMS1P14"
"LINC011222",9.31979050536248e-77,1.2220772254088,0.653,0.2,2.49183238741877e-72,"Excitatory Neurons (SubtypeB)","LINC01122"
"RAPGEF4-AS12",1.73224321567086e-76,2.19153771903129,0.256,0.041,4.63149868573917e-72,"Excitatory Neurons (SubtypeB)","RAPGEF4-AS1"
"UBA6-AS14",4.80215303998324e-76,1.45785350875139,0.842,0.371,1.28395165830032e-71,"Excitatory Neurons (SubtypeB)","UBA6-AS1"
"RP1-151F17.21",1.28430364782572e-75,2.11546596821704,0.183,0.023,3.43384266319164e-71,"Excitatory Neurons (SubtypeB)","RP1-151F17.2"
"RP11-482M8.1",8.01175548530443e-74,3.04444463437526,0.117,0.01,2.14210306410585e-69,"Excitatory Neurons (SubtypeB)","RP11-482M8.1"
"JAZF1-AS12",2.29734248829816e-73,2.10915018399766,0.3,0.056,6.1424046109628e-69,"Excitatory Neurons (SubtypeB)","JAZF1-AS1"
"LINC008864",6.95080266445912e-73,1.05703567170758,0.498,0.127,1.85843610839644e-68,"Excitatory Neurons (SubtypeB)","LINC00886"
"RP11-531A24.31",7.00846683743238e-73,2.99386829138512,0.148,0.016,1.87385377832429e-68,"Excitatory Neurons (SubtypeB)","RP11-531A24.3"
"LINC008843",8.84269155731996e-73,1.35026009961759,0.442,0.106,2.36427044168064e-68,"Excitatory Neurons (SubtypeB)","LINC00884"
"LINC009072",1.52060477919539e-72,0.848381989911553,0.41,0.092,4.0656409981347e-68,"Excitatory Neurons (SubtypeB)","LINC00907"
"RP11-124B13.11",5.15231809519235e-72,2.27054868829939,0.208,0.03,1.37757528911158e-67,"Excitatory Neurons (SubtypeB)","RP11-124B13.1"
"RP11-473C19.11",1.58625855866082e-71,2.01047016447543,0.224,0.034,4.24117950829144e-67,"Excitatory Neurons (SubtypeB)","RP11-473C19.1"
"DANT25",2.4464249393998e-71,1.3868103100852,0.905,0.464,6.54100636047324e-67,"Excitatory Neurons (SubtypeB)","DANT2"
"RP11-430C1.1",4.3459599214975e-71,2.97597072014088,0.136,0.014,1.16197930421079e-66,"Excitatory Neurons (SubtypeB)","RP11-430C1.1"
"RP11-804N13.11",7.77379067393473e-71,1.54352816771029,0.278,0.05,2.07847841248993e-66,"Excitatory Neurons (SubtypeB)","RP11-804N13.1"
"LINC014351",2.05880642020577e-70,2.74983632015281,0.174,0.022,5.50463072570416e-66,"Excitatory Neurons (SubtypeB)","LINC01435"
"PWRN13",2.6126730555187e-70,1.17488323064412,0.716,0.248,6.98550394854034e-66,"Excitatory Neurons (SubtypeB)","PWRN1"
"AC003991.34",1.24730052232945e-68,1.38833814916853,0.334,0.07,3.33490740655224e-64,"Excitatory Neurons (SubtypeB)","AC003991.3"
"CTC-806A22.1",1.97800729791125e-68,1.63446817239023,0.208,0.03,5.2885981124253e-64,"Excitatory Neurons (SubtypeB)","CTC-806A22.1"
"RP5-827C21.21",2.52904417665729e-68,2.02826214696192,0.259,0.046,6.7619054151286e-64,"Excitatory Neurons (SubtypeB)","RP5-827C21.2"
"IDI2-AS12",2.92770660619789e-68,1.22653743773453,0.388,0.088,7.82780915299129e-64,"Excitatory Neurons (SubtypeB)","IDI2-AS1"
"USP2-AS12",6.40040584123063e-68,1.63335720455842,0.237,0.039,1.71127650976983e-63,"Excitatory Neurons (SubtypeB)","USP2-AS1"
"RP11-654A16.33",3.5314566639447e-67,1.72472958783055,0.325,0.068,9.44205568238895e-63,"Excitatory Neurons (SubtypeB)","RP11-654A16.3"
"RP11-341G23.4",6.11379274366421e-67,2.06615291102115,0.142,0.016,1.6346447658735e-62,"Excitatory Neurons (SubtypeB)","RP11-341G23.4"
"AC018359.11",1.40124520682054e-65,2.09592949431395,0.161,0.02,3.74650930947607e-61,"Excitatory Neurons (SubtypeB)","AC018359.1"
"RP11-532F6.51",2.00647047799384e-65,2.37206791607124,0.155,0.019,5.36470011701214e-61,"Excitatory Neurons (SubtypeB)","RP11-532F6.5"
"RP1-78O14.14",8.67812716341676e-65,1.0412193521709,0.312,0.064,2.32027085968274e-60,"Excitatory Neurons (SubtypeB)","RP1-78O14.1"
"RP11-238K6.12",1.40024785466362e-64,1.61755142178076,0.221,0.036,3.74384268901413e-60,"Excitatory Neurons (SubtypeB)","RP11-238K6.1"
"CTD-2562J15.61",2.81300870485402e-64,2.10697282771101,0.164,0.021,7.5211413741682e-60,"Excitatory Neurons (SubtypeB)","CTD-2562J15.6"
"RP11-1263C18.22",3.11154714181018e-64,1.66337091020047,0.256,0.046,8.31934359305789e-60,"Excitatory Neurons (SubtypeB)","RP11-1263C18.2"
"RP11-161I6.22",1.78169145867653e-63,2.07846135235195,0.237,0.042,4.76370845306345e-59,"Excitatory Neurons (SubtypeB)","RP11-161I6.2"
"CTC-467M3.12",3.27463687806921e-63,1.59355921348124,0.221,0.036,8.75539662089364e-59,"Excitatory Neurons (SubtypeB)","CTC-467M3.1"
"FRY-AS11",4.80384171454538e-63,2.10072094646141,0.189,0.028,1.284403159218e-58,"Excitatory Neurons (SubtypeB)","FRY-AS1"
"CTD-3096M3.21",9.9538968138144e-63,2.09247957048282,0.167,0.022,2.66137339110956e-58,"Excitatory Neurons (SubtypeB)","CTD-3096M3.2"
"RP11-379B18.64",1.10081907598127e-62,1.04615222226305,0.385,0.092,2.94325996345113e-58,"Excitatory Neurons (SubtypeB)","RP11-379B18.6"
"RP11-398K22.123",1.49577866562838e-62,1.17289874914123,0.511,0.147,3.9992634182906e-58,"Excitatory Neurons (SubtypeB)","RP11-398K22.12"
"RP3-522D1.13",5.63734238348178e-62,1.23114014983339,0.278,0.055,1.50725623307152e-57,"Excitatory Neurons (SubtypeB)","RP3-522D1.1"
"RP11-262K1.12",8.45100489387363e-62,2.795825142631,0.183,0.027,2.25954517847499e-57,"Excitatory Neurons (SubtypeB)","RP11-262K1.1"
"RP11-586K2.14",3.68608482547106e-61,1.07298933135434,0.438,0.117,9.85548499786198e-57,"Excitatory Neurons (SubtypeB)","RP11-586K2.1"
"TMEM72-AS13",8.4187729431257e-61,0.949027813762327,0.508,0.146,2.25092732180352e-56,"Excitatory Neurons (SubtypeB)","TMEM72-AS1"
"RP11-739G5.13",1.12230333472781e-59,0.905571670858873,0.382,0.094,3.00070242606174e-55,"Excitatory Neurons (SubtypeB)","RP11-739G5.1"
"RP5-921G16.14",1.95688114833057e-59,1.11488930215403,0.877,0.414,5.23211312629144e-55,"Excitatory Neurons (SubtypeB)","RP5-921G16.1"
"FAM85B4",5.62323756167869e-59,1.11515837399295,0.801,0.325,1.50348502686603e-54,"Excitatory Neurons (SubtypeB)","FAM85B"
"LINC00922",7.66665491226913e-59,3.83846612239066,0.11,0.011,2.0498335238934e-54,"Excitatory Neurons (SubtypeB)","LINC00922"
"RP11-144F15.14",3.37692919028426e-58,1.34381571812321,0.426,0.116,9.02889557606302e-54,"Excitatory Neurons (SubtypeB)","RP11-144F15.1"
"RP11-472I20.32",5.44163632360732e-58,1.57970005845788,0.356,0.087,1.45493030384289e-53,"Excitatory Neurons (SubtypeB)","RP11-472I20.3"
"RP11-428C19.4",5.51971342703265e-58,2.71277708516064,0.123,0.014,1.47580577898572e-53,"Excitatory Neurons (SubtypeB)","RP11-428C19.4"
"RP11-333E1.14",7.06077774634882e-58,0.961913781181613,0.587,0.188,1.88784014604129e-53,"Excitatory Neurons (SubtypeB)","RP11-333E1.1"
"RP11-714G18.15",8.3348021287214e-58,0.921429845991378,0.328,0.075,2.22847604515624e-53,"Excitatory Neurons (SubtypeB)","RP11-714G18.1"
"RP11-69I8.32",1.05753152512822e-57,1.73366551287597,0.42,0.12,2.82752203873532e-53,"Excitatory Neurons (SubtypeB)","RP11-69I8.3"
"RP3-428L16.11",2.2610399565438e-57,2.04118241491466,0.233,0.044,6.04534253181115e-53,"Excitatory Neurons (SubtypeB)","RP3-428L16.1"
"SNAP25-AS13",2.33952149793804e-57,1.12674480497138,0.391,0.101,6.25517862903693e-53,"Excitatory Neurons (SubtypeB)","SNAP25-AS1"
"LINC008712",5.23596154996832e-57,2.21836444629309,0.164,0.023,1.39993903961503e-52,"Excitatory Neurons (SubtypeB)","LINC00871"
"RP11-259O18.52",7.18581668109256e-57,1.37129087826402,0.312,0.071,1.92127180602372e-52,"Excitatory Neurons (SubtypeB)","RP11-259O18.5"
"RP11-532F6.42",7.73468519506029e-57,1.75840519517933,0.192,0.031,2.06802278060327e-52,"Excitatory Neurons (SubtypeB)","RP11-532F6.4"
"MIR222HG2",1.89394172437566e-56,0.293041999731644,0.274,0.055,5.0638319884632e-52,"Excitatory Neurons (SubtypeB)","MIR222HG"
"RP11-486O13.44",2.08724969047199e-56,0.991394019492923,0.653,0.223,5.58067949741495e-52,"Excitatory Neurons (SubtypeB)","RP11-486O13.4"
"NRIR2",2.10806058772093e-55,1.60207923405677,0.186,0.03,5.63632159338946e-51,"Excitatory Neurons (SubtypeB)","NRIR"
"RP11-1C8.42",2.24626980783198e-55,1.92875858988947,0.183,0.029,6.00585158520037e-51,"Excitatory Neurons (SubtypeB)","RP11-1C8.4"
"RP11-214N1.12",2.58354289430993e-55,2.23647153255718,0.139,0.018,6.90761863651645e-51,"Excitatory Neurons (SubtypeB)","RP11-214N1.1"
"RP11-386G11.102",5.39768777103187e-55,1.29505955337742,0.328,0.079,1.44317977934079e-50,"Excitatory Neurons (SubtypeB)","RP11-386G11.10"
"CTD-2336H13.21",6.22216032159352e-55,1.69847368725476,0.218,0.04,1.66361900518446e-50,"Excitatory Neurons (SubtypeB)","CTD-2336H13.2"
"RP11-584P21.22",6.36399167840048e-55,0.996428706857189,0.584,0.192,1.70154045505394e-50,"Excitatory Neurons (SubtypeB)","RP11-584P21.2"
"AC007796.12",6.37419561372799e-55,2.03760761788144,0.215,0.039,1.70426868124245e-50,"Excitatory Neurons (SubtypeB)","AC007796.1"
"RP11-467K18.22",6.52936637141172e-55,2.07498899422903,0.215,0.039,1.74575668672435e-50,"Excitatory Neurons (SubtypeB)","RP11-467K18.2"
"LINC005042",3.72668246830143e-54,1.29573053976114,0.249,0.05,9.96403091549752e-50,"Excitatory Neurons (SubtypeB)","LINC00504"
"RP11-390N6.12",2.59831045684074e-53,2.15741515884409,0.192,0.033,6.94710266845508e-49,"Excitatory Neurons (SubtypeB)","RP11-390N6.1"
"GRM7-AS3",3.04706261171286e-53,2.70211819185988,0.136,0.018,8.14693130493668e-49,"Excitatory Neurons (SubtypeB)","GRM7-AS3"
"RP11-459O16.81",8.01556355545209e-53,2.92406583646032,0.148,0.021,2.14312122782123e-48,"Excitatory Neurons (SubtypeB)","RP11-459O16.8"
"LINC00658",1.77617498592841e-51,2.34549512089464,0.136,0.018,4.74895905987678e-47,"Excitatory Neurons (SubtypeB)","LINC00658"
"RP11-281P23.2",3.846964086105e-51,1.25252206330198,0.132,0.017,1.02856278770189e-46,"Excitatory Neurons (SubtypeB)","RP11-281P23.2"
"RP11-370I10.63",9.41948000995812e-51,1.05237716880559,0.423,0.122,2.5184863702625e-46,"Excitatory Neurons (SubtypeB)","RP11-370I10.6"
"LINC01239",1.44134713298679e-50,2.60246453332983,0.148,0.022,3.85372982946678e-46,"Excitatory Neurons (SubtypeB)","LINC01239"
"RP11-461O7.14",1.74252797317589e-50,0.639416895562118,0.432,0.124,4.65899704188039e-46,"Excitatory Neurons (SubtypeB)","RP11-461O7.1"
"AC159540.22",4.00817678757359e-50,2.0065751574638,0.183,0.031,1.07166622769355e-45,"Excitatory Neurons (SubtypeB)","AC159540.2"
"GPR158-AS11",4.90900551424206e-50,2.69359910446884,0.12,0.015,1.3125208043429e-45,"Excitatory Neurons (SubtypeB)","GPR158-AS1"
"RP11-745L13.23",5.4489553501251e-50,1.11790325982184,0.779,0.339,1.45688719196295e-45,"Excitatory Neurons (SubtypeB)","RP11-745L13.2"
"RP11-112J3.164",1.0822929459563e-49,1.04188538999606,0.297,0.071,2.89372664960336e-45,"Excitatory Neurons (SubtypeB)","RP11-112J3.16"
"MEF2C-AS15",1.58099390030723e-49,0.887448666028248,0.621,0.23,4.22710339125144e-45,"Excitatory Neurons (SubtypeB)","MEF2C-AS1"
"TTTY153",2.50767623983105e-49,0.877511436450774,0.451,0.136,6.70477396243628e-45,"Excitatory Neurons (SubtypeB)","TTTY15"
"RP11-736K20.53",3.33480225416677e-49,1.01221296763688,0.237,0.049,8.91626078696569e-45,"Excitatory Neurons (SubtypeB)","RP11-736K20.5"
"RP11-33A14.11",3.81570241845476e-49,2.51108706304542,0.107,0.012,1.02020435562225e-44,"Excitatory Neurons (SubtypeB)","RP11-33A14.1"
"LL0XNC01-237H1.21",9.93490573405913e-49,1.21243984695694,0.252,0.055,2.65629574611539e-44,"Excitatory Neurons (SubtypeB)","LL0XNC01-237H1.2"
"RP11-554F20.12",1.83314821687001e-48,0.881619341481153,0.555,0.19,4.90128838744534e-44,"Excitatory Neurons (SubtypeB)","RP11-554F20.1"
"AC079630.2",2.28852280014973e-48,2.16250404686875,0.12,0.015,6.11882341076033e-44,"Excitatory Neurons (SubtypeB)","AC079630.2"
"LINC002762",2.74057806906103e-48,1.36479511722068,0.24,0.051,7.32748358324849e-44,"Excitatory Neurons (SubtypeB)","LINC00276"
"CTD-2334D19.11",3.03970622989222e-48,2.55174596888261,0.107,0.012,8.12726254686283e-44,"Excitatory Neurons (SubtypeB)","CTD-2334D19.1"
"PWAR63",4.70616852935226e-48,1.02540474016592,0.738,0.321,1.25828827969291e-43,"Excitatory Neurons (SubtypeB)","PWAR6"
"RP11-768F21.14",5.69025391161233e-48,0.476545013523133,0.268,0.06,1.52140318834779e-43,"Excitatory Neurons (SubtypeB)","RP11-768F21.1"
"TTTY143",1.73999683482155e-47,1.0276702096984,0.817,0.408,4.65222953726238e-43,"Excitatory Neurons (SubtypeB)","TTTY14"
"RP11-624L4.13",1.92545433578916e-47,1.5795566204512,0.306,0.079,5.14808725759947e-43,"Excitatory Neurons (SubtypeB)","RP11-624L4.1"
"RP11-403B2.71",3.17666880264421e-47,1.52958830473788,0.237,0.051,8.49345937762982e-43,"Excitatory Neurons (SubtypeB)","RP11-403B2.7"
"LINC010121",3.30798098555112e-47,3.01195626846834,0.107,0.013,8.84454876106802e-43,"Excitatory Neurons (SubtypeB)","LINC01012"
"LINC012603",8.80390957176008e-47,0.956426640562107,0.306,0.076,2.35390130220149e-42,"Excitatory Neurons (SubtypeB)","LINC01260"
"SPANXA2-OT12",1.57923860597851e-46,1.24115697173022,0.363,0.102,4.22241026080474e-42,"Excitatory Neurons (SubtypeB)","SPANXA2-OT1"
"RP11-814P5.12",2.31920319357238e-46,2.16584978570084,0.177,0.031,6.20085357865446e-42,"Excitatory Neurons (SubtypeB)","RP11-814P5.1"
"RP1-167G20.11",3.21666037180909e-46,1.98334631491587,0.142,0.022,8.60038483610596e-42,"Excitatory Neurons (SubtypeB)","RP1-167G20.1"
"RP11-20I20.22",4.66337941559679e-46,1.75586629048889,0.215,0.044,1.24684775434811e-41,"Excitatory Neurons (SubtypeB)","RP11-20I20.2"
"RP11-535M15.12",8.56616821293259e-46,0.615395794255964,0.35,0.095,2.29033639509179e-41,"Excitatory Neurons (SubtypeB)","RP11-535M15.1"
"CTD-2517M22.17",1.33943681377913e-45,2.52548995812475,0.101,0.012,3.58125220900126e-41,"Excitatory Neurons (SubtypeB)","CTD-2517M22.17"
"P3H2-AS11",1.40666403458e-45,1.34155239008116,0.224,0.047,3.76099762925655e-41,"Excitatory Neurons (SubtypeB)","P3H2-AS1"
"LINC009362",4.74014937659734e-45,1.42449793344508,0.164,0.028,1.26737373882083e-40,"Excitatory Neurons (SubtypeB)","LINC00936"
"RP11-634B7.41",4.89775307696942e-45,1.84328292590733,0.177,0.032,1.30951224018931e-40,"Excitatory Neurons (SubtypeB)","RP11-634B7.4"
"RP4-676J13.22",8.30745481825861e-45,1.75771024702183,0.174,0.031,2.2211641947578e-40,"Excitatory Neurons (SubtypeB)","RP4-676J13.2"
"RP11-206L10.92",9.3461789089833e-45,0.749279347107656,0.562,0.197,2.49888785489486e-40,"Excitatory Neurons (SubtypeB)","RP11-206L10.9"
"RAET1E-AS13",1.20449898550198e-44,1.33570989514654,0.18,0.033,3.22046893753665e-40,"Excitatory Neurons (SubtypeB)","RAET1E-AS1"
"GLIDR3",1.2399208791453e-44,0.690251620971397,0.637,0.235,3.31517645457078e-40,"Excitatory Neurons (SubtypeB)","GLIDR"
"PWRN33",1.66782077078414e-44,1.17353004685096,0.284,0.07,4.45925239484554e-40,"Excitatory Neurons (SubtypeB)","PWRN3"
"RP11-580I1.12",4.77072039648107e-44,1.56357443877392,0.199,0.04,1.27554751240714e-39,"Excitatory Neurons (SubtypeB)","RP11-580I1.1"
"RP3-414A15.104",6.03699880348225e-44,1.28999043871078,0.246,0.057,1.61411237008705e-39,"Excitatory Neurons (SubtypeB)","RP3-414A15.10"
"RP1-239B22.52",1.01677307146407e-43,2.15976304100188,0.139,0.022,2.7185461611735e-39,"Excitatory Neurons (SubtypeB)","RP1-239B22.5"
"RP11-318C24.22",2.94526566927506e-43,0.999122643879012,0.224,0.049,7.87475681994074e-39,"Excitatory Neurons (SubtypeB)","RP11-318C24.2"
"LINC00607",4.00578728235871e-43,1.34859933065042,0.107,0.014,1.07102734568425e-38,"Excitatory Neurons (SubtypeB)","LINC00607"
"RP11-53O19.13",1.18512439889545e-42,0.795731289086471,0.486,0.165,3.16866710532678e-38,"Excitatory Neurons (SubtypeB)","RP11-53O19.1"
"RP11-170M17.1",4.61741021241984e-42,1.94152266384909,0.129,0.02,1.23455696849469e-37,"Excitatory Neurons (SubtypeB)","RP11-170M17.1"
"FAM66D3",4.6976116469058e-42,0.816283703204605,0.767,0.336,1.2560004260332e-37,"Excitatory Neurons (SubtypeB)","FAM66D"
"RP11-268J15.51",6.06135081635334e-42,1.45800076746638,0.161,0.029,1.62062336776839e-37,"Excitatory Neurons (SubtypeB)","RP11-268J15.5"
"RP3-475N16.13",6.10817469431131e-42,0.979822560360453,0.293,0.077,1.63314266801802e-37,"Excitatory Neurons (SubtypeB)","RP3-475N16.1"
"RP11-638L3.12",8.30521727277605e-42,1.34241135278028,0.221,0.049,2.22056594222213e-37,"Excitatory Neurons (SubtypeB)","RP11-638L3.1"
"RP5-864K19.43",1.34743415374412e-41,0.876205312337389,0.811,0.393,3.60263469686565e-37,"Excitatory Neurons (SubtypeB)","RP5-864K19.4"
"RP3-402G11.26",1.7989115860091e-41,1.27680025419325,0.139,0.022,4.80974990751253e-37,"Excitatory Neurons (SubtypeB)","RP3-402G11.26"
"LINCR-00012",2.73430640959532e-41,0.904584678764097,0.237,0.054,7.31071504733501e-37,"Excitatory Neurons (SubtypeB)","LINCR-0001"
"CTD-2298J14.21",3.45495209104727e-41,1.63046774578304,0.136,0.022,9.23750540583308e-37,"Excitatory Neurons (SubtypeB)","CTD-2298J14.2"
"MMP25-AS12",4.94268788568287e-41,1.08153919600691,0.202,0.043,1.32152645999503e-36,"Excitatory Neurons (SubtypeB)","MMP25-AS1"
"LINC006303",7.44016679048019e-41,0.873697751582843,0.489,0.17,1.98927739477069e-36,"Excitatory Neurons (SubtypeB)","LINC00630"
"RP11-180P8.1",9.27306504668394e-41,2.53935450509712,0.107,0.014,2.47933940153188e-36,"Excitatory Neurons (SubtypeB)","RP11-180P8.1"
"FLG-AS15",1.26599366898914e-40,0.895887708650683,0.47,0.162,3.38488727277625e-36,"Excitatory Neurons (SubtypeB)","FLG-AS1"
"AC137723.5",1.27345782190258e-40,2.29124211280805,0.101,0.013,3.40484417842093e-36,"Excitatory Neurons (SubtypeB)","AC137723.5"
"RP11-74E22.82",1.49807713168006e-40,2.02429378349864,0.132,0.021,4.00540882697297e-36,"Excitatory Neurons (SubtypeB)","RP11-74E22.8"
"RP1-84O15.2",1.59107605104705e-40,1.60399650827219,0.139,0.023,4.25406003768449e-36,"Excitatory Neurons (SubtypeB)","RP1-84O15.2"
"RP11-77I22.21",3.67935443909768e-40,1.22397484817185,0.148,0.026,9.83748996381545e-36,"Excitatory Neurons (SubtypeB)","RP11-77I22.2"
"LIN28B-AS12",4.96897282270627e-40,2.05047690937882,0.129,0.02,1.32855426360697e-35,"Excitatory Neurons (SubtypeB)","LIN28B-AS1"
"AC007131.12",7.63105729555779e-40,2.01746810774715,0.114,0.016,2.04031578911329e-35,"Excitatory Neurons (SubtypeB)","AC007131.1"
"RP11-629N8.31",9.71693175523379e-40,1.71126519458324,0.174,0.034,2.59801604339686e-35,"Excitatory Neurons (SubtypeB)","RP11-629N8.3"
"SAMD12-AS12",1.22572266109562e-39,0.855528090578772,0.211,0.047,3.27721467897137e-35,"Excitatory Neurons (SubtypeB)","SAMD12-AS1"
"AC003075.42",2.22621925524863e-39,1.28987680834351,0.252,0.064,5.95224242275827e-35,"Excitatory Neurons (SubtypeB)","AC003075.4"
"RP13-726E6.13",2.44083577855409e-39,0.490991861508676,0.338,0.097,6.52606262112007e-35,"Excitatory Neurons (SubtypeB)","RP13-726E6.1"
"RP11-310E22.52",2.53759216969377e-39,1.77461451777653,0.151,0.027,6.78476018411024e-35,"Excitatory Neurons (SubtypeB)","RP11-310E22.5"
"RP11-295K2.35",2.8735413528583e-39,0.568884162792599,0.521,0.185,7.68298751513722e-35,"Excitatory Neurons (SubtypeB)","RP11-295K2.3"
"STX18-AS13",3.16456252759876e-39,0.791422818262886,0.691,0.299,8.46109083004081e-35,"Excitatory Neurons (SubtypeB)","STX18-AS1"
"TMLHE-AS1",3.46662643168984e-39,1.04584824367074,0.256,0.064,9.26871909040913e-35,"Excitatory Neurons (SubtypeB)","TMLHE-AS1"
"RP11-158M9.11",1.29293268765364e-38,1.32841044634083,0.164,0.032,3.45691412697955e-34,"Excitatory Neurons (SubtypeB)","RP11-158M9.1"
"PKN2-AS13",1.31670612437855e-38,1.08259717241744,0.309,0.088,3.52047716475092e-34,"Excitatory Neurons (SubtypeB)","PKN2-AS1"
"FAM66A4",1.82512581039839e-38,0.925574149268516,0.278,0.074,4.87983887926219e-34,"Excitatory Neurons (SubtypeB)","FAM66A"
"AC007285.63",1.89279854505983e-38,0.969950026342872,0.265,0.069,5.06077546992647e-34,"Excitatory Neurons (SubtypeB)","AC007285.6"
"PRKAG2-AS11",2.11271629357389e-38,1.1333407930471,0.139,0.024,5.6487695541285e-34,"Excitatory Neurons (SubtypeB)","PRKAG2-AS1"
"RP11-382A20.42",3.83069212675243e-38,1.24906870892246,0.246,0.062,1.0242121539298e-33,"Excitatory Neurons (SubtypeB)","RP11-382A20.4"
"LINC01579",8.95603800185216e-38,2.1479542295573,0.101,0.014,2.39457588055521e-33,"Excitatory Neurons (SubtypeB)","LINC01579"
"LL22NC03-2H8.52",9.8470975251213e-38,0.799418930157187,0.536,0.198,2.63281846529168e-33,"Excitatory Neurons (SubtypeB)","LL22NC03-2H8.5"
"RP11-281O15.41",9.87602710974092e-38,0.944854137162138,0.208,0.047,2.64055336833143e-33,"Excitatory Neurons (SubtypeB)","RP11-281O15.4"
"RNASEH2B-AS11",2.19191578750655e-37,0.81189496957203,0.164,0.032,5.86052524105627e-33,"Excitatory Neurons (SubtypeB)","RNASEH2B-AS1"
"CPEB2-AS12",2.58643536098865e-37,0.827810295828276,0.293,0.082,6.91535222467535e-33,"Excitatory Neurons (SubtypeB)","CPEB2-AS1"
"RP11-121M22.1",7.08869053640456e-37,0.759863627995172,0.177,0.036,1.89530318871849e-32,"Excitatory Neurons (SubtypeB)","RP11-121M22.1"
"RP4-604G5.1",1.12897833919458e-36,1.48992442247978,0.104,0.015,3.01854938550454e-32,"Excitatory Neurons (SubtypeB)","RP4-604G5.1"
"AC104820.2",1.61583880681757e-36,1.6825732581403,0.114,0.017,4.32026821778812e-32,"Excitatory Neurons (SubtypeB)","AC104820.2"
"CTD-2012K14.62",1.76405040200765e-36,1.11103634160482,0.23,0.057,4.71654155984785e-32,"Excitatory Neurons (SubtypeB)","CTD-2012K14.6"
"RP11-572M11.41",2.28801042896222e-36,0.595239522106146,0.401,0.133,6.1174534839163e-32,"Excitatory Neurons (SubtypeB)","RP11-572M11.4"
"LINC01562",3.77282811997938e-36,2.09536133068568,0.11,0.017,1.00874105443889e-31,"Excitatory Neurons (SubtypeB)","LINC01562"
"HHIP-AS12",1.11754342714371e-35,0.72044881595682,0.237,0.06,2.98797586115413e-31,"Excitatory Neurons (SubtypeB)","HHIP-AS1"
"KCNK15-AS12",1.198114376039e-35,1.05357924734101,0.224,0.055,3.20339840721547e-31,"Excitatory Neurons (SubtypeB)","KCNK15-AS1"
"MIR22HG",1.85842194027062e-35,1.44703431961798,0.123,0.02,4.96886274170156e-31,"Excitatory Neurons (SubtypeB)","MIR22HG"
"RNF217-AS1",2.16289665299615e-35,0.330070944023112,0.215,0.051,5.78293678111581e-31,"Excitatory Neurons (SubtypeB)","RNF217-AS1"
"LINC005064",2.17917519732429e-35,0.755049402109923,0.341,0.106,5.82646072508596e-31,"Excitatory Neurons (SubtypeB)","LINC00506"
"AC007682.11",2.22893000123463e-35,1.35668637186236,0.24,0.063,5.95949014430103e-31,"Excitatory Neurons (SubtypeB)","AC007682.1"
"GAS1RR1",4.51422457975103e-35,1.00021051114057,0.186,0.041,1.20696822588803e-30,"Excitatory Neurons (SubtypeB)","GAS1RR"
"CTC-340D7.13",4.84293270414796e-35,1.14491226006433,0.211,0.051,1.29485491710804e-30,"Excitatory Neurons (SubtypeB)","CTC-340D7.1"
"MIR34A2",5.70407135736647e-35,0.944291625381882,0.297,0.088,1.52509755881907e-30,"Excitatory Neurons (SubtypeB)","MIR34A"
"TARID",1.42226456106463e-34,2.55432007900825,0.123,0.021,3.80270875691851e-30,"Excitatory Neurons (SubtypeB)","TARID"
"AP001347.63",2.42810123729693e-34,0.45022721852453,0.473,0.169,6.4920142781608e-30,"Excitatory Neurons (SubtypeB)","AP001347.6"
"AC016768.13",4.85323059607341e-34,1.80680411530011,0.139,0.026,1.29760826447215e-29,"Excitatory Neurons (SubtypeB)","AC016768.1"
"ZEB1-AS14",4.98891247884382e-34,0.508944572116123,0.322,0.099,1.33388552946847e-29,"Excitatory Neurons (SubtypeB)","ZEB1-AS1"
"CTB-12O2.12",5.30602390610636e-34,0.974147310742855,0.252,0.069,1.41867161177566e-29,"Excitatory Neurons (SubtypeB)","CTB-12O2.1"
"RP6-65G23.32",5.82087999742937e-34,2.19038210562377,0.11,0.018,1.55632868491269e-29,"Excitatory Neurons (SubtypeB)","RP6-65G23.3"
"RP11-191G24.1",8.84430606035432e-34,1.15166346887456,0.145,0.028,2.36470211135694e-29,"Excitatory Neurons (SubtypeB)","RP11-191G24.1"
"LINC002651",1.34469408024287e-33,0.58568547569876,0.281,0.08,3.59530856234537e-29,"Excitatory Neurons (SubtypeB)","LINC00265"
"LINC003422",1.50347127524634e-33,0.499300599535121,0.297,0.087,4.01983114862614e-29,"Excitatory Neurons (SubtypeB)","LINC00342"
"LINC00327",2.15786201615757e-33,1.37238008411249,0.11,0.018,5.76947567260049e-29,"Excitatory Neurons (SubtypeB)","LINC00327"
"NUP50-AS14",2.3872816212982e-33,0.590703264610889,0.621,0.259,6.38287487086499e-29,"Excitatory Neurons (SubtypeB)","NUP50-AS1"
"AC002066.1",3.68406735652768e-33,1.02023152120261,0.161,0.034,9.85009089114806e-29,"Excitatory Neurons (SubtypeB)","AC002066.1"
"RP11-665G4.14",4.3457377162446e-33,0.806899752659436,0.47,0.183,1.16191989319232e-28,"Excitatory Neurons (SubtypeB)","RP11-665G4.1"
"WDR11-AS13",4.68740783928324e-33,0.361658111298823,0.656,0.271,1.25327223398916e-28,"Excitatory Neurons (SubtypeB)","WDR11-AS1"
"LINC00843",6.5699929685613e-33,0.369685938321238,0.42,0.145,1.75661902000423e-28,"Excitatory Neurons (SubtypeB)","LINC00843"
"RP11-510J16.52",7.93192829958088e-33,1.03239097295525,0.23,0.061,2.12075966945894e-28,"Excitatory Neurons (SubtypeB)","RP11-510J16.5"
"RP11-399E6.11",1.41947570298896e-32,0.747598647500724,0.202,0.05,3.79525218708158e-28,"Excitatory Neurons (SubtypeB)","RP11-399E6.1"
"DRAIC4",2.78580313153161e-32,0.530055964630576,0.319,0.1,7.44840183277607e-28,"Excitatory Neurons (SubtypeB)","DRAIC"
"RP11-527F13.12",4.12131852941634e-32,0.891235353846493,0.256,0.073,1.10191693521005e-27,"Excitatory Neurons (SubtypeB)","RP11-527F13.1"
"PPP1R26-AS12",4.68188763996281e-32,1.45184876822278,0.167,0.037,1.25179629829686e-27,"Excitatory Neurons (SubtypeB)","PPP1R26-AS1"
"CCNT2-AS12",4.70678791839159e-32,0.83237373159084,0.325,0.104,1.25845388574036e-27,"Excitatory Neurons (SubtypeB)","CCNT2-AS1"
"RP11-266A24.1",7.3881599520306e-32,1.05863389312413,0.114,0.019,1.97537232637442e-27,"Excitatory Neurons (SubtypeB)","RP11-266A24.1"
"CTC-344H19.4",7.58556022272318e-32,1.69520142859221,0.104,0.017,2.0281512367495e-27,"Excitatory Neurons (SubtypeB)","CTC-344H19.4"
"RP11-615I2.6",1.4373377350349e-31,1.79698356008161,0.11,0.019,3.8430099021628e-27,"Excitatory Neurons (SubtypeB)","RP11-615I2.6"
"CYP4F26P2",2.27590252106694e-31,1.66173430659778,0.142,0.029,6.08508057057667e-27,"Excitatory Neurons (SubtypeB)","CYP4F26P"
"RP11-115H18.11",3.14816374422288e-31,2.18379641900391,0.11,0.019,8.41724540292871e-27,"Excitatory Neurons (SubtypeB)","RP11-115H18.1"
"AB015752.31",5.06268747106506e-31,0.781477041795757,0.205,0.052,1.35361074913867e-26,"Excitatory Neurons (SubtypeB)","AB015752.3"
"RP11-72M17.13",1.688164990887e-30,0.469799957440775,0.36,0.124,4.51364673613458e-26,"Excitatory Neurons (SubtypeB)","RP11-72M17.1"
"RP11-45A16.4",2.62378212518795e-30,0.886644131312823,0.101,0.016,7.01520626811503e-26,"Excitatory Neurons (SubtypeB)","RP11-45A16.4"
"KCNQ1OT13",3.71473852011249e-30,0.98535056536393,0.817,0.5,9.93209638122475e-26,"Excitatory Neurons (SubtypeB)","KCNQ1OT1"
"RP11-348F1.22",3.84668771105075e-30,0.894919204317282,0.249,0.073,1.02848889330364e-25,"Excitatory Neurons (SubtypeB)","RP11-348F1.2"
"AC007966.11",7.15592157784615e-30,1.25933341429012,0.148,0.032,1.91327875226873e-25,"Excitatory Neurons (SubtypeB)","AC007966.1"
"LINC012342",1.26072620047366e-29,1.50325351507025,0.129,0.026,3.37080364220642e-25,"Excitatory Neurons (SubtypeB)","LINC01234"
"RP1-28O10.12",1.3102472308756e-29,0.685135894858873,0.221,0.06,3.50320802119209e-25,"Excitatory Neurons (SubtypeB)","RP1-28O10.1"
"RP11-90D4.32",1.39297169749689e-29,0.938537663852639,0.139,0.029,3.72438842759744e-25,"Excitatory Neurons (SubtypeB)","RP11-90D4.3"
"LINC015032",1.51011322584634e-29,1.14769233892475,0.132,0.027,4.03758973194536e-25,"Excitatory Neurons (SubtypeB)","LINC01503"
"RP11-710F7.3",1.69939055280259e-29,1.50546608321913,0.123,0.024,4.54366052102828e-25,"Excitatory Neurons (SubtypeB)","RP11-710F7.3"
"LINC015882",1.76878174887078e-29,0.780751544231435,0.196,0.05,4.7291917619558e-25,"Excitatory Neurons (SubtypeB)","LINC01588"
"MIR7-3HG1",5.18120618358566e-29,2.34793123299833,0.126,0.025,1.3852990973053e-24,"Excitatory Neurons (SubtypeB)","MIR7-3HG"
"RP11-71N10.12",5.99142867641358e-29,0.470038617356813,0.366,0.125,1.6019282852127e-24,"Excitatory Neurons (SubtypeB)","RP11-71N10.1"
"RHOXF1-AS15",6.26608327586625e-29,0.672080520161283,0.369,0.133,1.67536268546836e-24,"Excitatory Neurons (SubtypeB)","RHOXF1-AS1"
"FLJ128251",8.20406473633505e-29,1.77713267269804,0.126,0.025,2.1935207885539e-24,"Excitatory Neurons (SubtypeB)","FLJ12825"
"SEC24B-AS14",1.29444647719563e-28,0.528679393866307,0.268,0.083,3.46096154607796e-24,"Excitatory Neurons (SubtypeB)","SEC24B-AS1"
"RP11-727A23.103",1.81594722011611e-28,0.326382822270314,0.278,0.087,4.85529808242446e-24,"Excitatory Neurons (SubtypeB)","RP11-727A23.10"
"LINC00621",2.12666836299104e-28,1.22795930828349,0.101,0.017,5.68607320212914e-24,"Excitatory Neurons (SubtypeB)","LINC00621"
"UFL1-AS12",2.53985070171544e-28,0.33466147970748,0.293,0.094,6.79079882117657e-24,"Excitatory Neurons (SubtypeB)","UFL1-AS1"
"RP11-260M2.11",6.41049722266402e-28,0.593088180646234,0.155,0.035,1.71397464242368e-23,"Excitatory Neurons (SubtypeB)","RP11-260M2.1"
"RP1-167A14.22",6.97267446668044e-28,0.440608481026061,0.287,0.093,1.86428397215635e-23,"Excitatory Neurons (SubtypeB)","RP1-167A14.2"
"RP11-580I1.24",8.84991941926209e-28,0.331779613930025,0.312,0.105,2.36620295512811e-23,"Excitatory Neurons (SubtypeB)","RP11-580I1.2"
"RP11-403I13.71",1.1039948149469e-27,0.959284547140499,0.167,0.041,2.95175093672352e-23,"Excitatory Neurons (SubtypeB)","RP11-403I13.7"
"LINC006235",1.47719051721552e-27,0.501571712378107,0.631,0.282,3.94956428587914e-23,"Excitatory Neurons (SubtypeB)","LINC00623"
"RP11-374M1.43",2.68918754237622e-27,1.15007428993818,0.192,0.052,7.19008073205131e-23,"Excitatory Neurons (SubtypeB)","RP11-374M1.4"
"MCM3AP-AS13",6.0899367748814e-27,0.435229330672248,0.293,0.097,1.62826639550004e-22,"Excitatory Neurons (SubtypeB)","MCM3AP-AS1"
"AC009961.33",6.46986409900646e-27,0.498641785531604,0.287,0.095,1.72984756415136e-22,"Excitatory Neurons (SubtypeB)","AC009961.3"
"CTD-2034I4.1",6.8689909978821e-27,1.8619363976003,0.107,0.02,1.83656212310374e-22,"Excitatory Neurons (SubtypeB)","CTD-2034I4.1"
"RP11-266K4.141",7.68810988150829e-27,1.5069405783288,0.164,0.041,2.05556993901887e-22,"Excitatory Neurons (SubtypeB)","RP11-266K4.14"
"ARRDC3-AS11",1.38887417902495e-26,0.639782000490274,0.145,0.033,3.71343289245901e-22,"Excitatory Neurons (SubtypeB)","ARRDC3-AS1"
"RP11-813I20.22",4.65873488728309e-26,1.42039235690457,0.126,0.027,1.24560594681288e-21,"Excitatory Neurons (SubtypeB)","RP11-813I20.2"
"SNHG222",7.45474166494537e-26,0.278162732806879,0.41,0.157,1.99317427895644e-21,"Excitatory Neurons (SubtypeB)","SNHG22"
"AC004540.54",1.48351328373075e-25,0.317671335691182,0.375,0.141,3.9664694667109e-21,"Excitatory Neurons (SubtypeB)","AC004540.5"
"TSC22D1-AS11",1.55480546674222e-25,1.25569289703356,0.136,0.031,4.15708337642867e-21,"Excitatory Neurons (SubtypeB)","TSC22D1-AS1"
"GMDS-AS14",1.75150410367603e-25,0.470744203195576,0.855,0.482,4.68299652199859e-21,"Excitatory Neurons (SubtypeB)","GMDS-AS1"
"RP11-314B1.22",3.16285767061854e-25,1.41444702472388,0.132,0.03,8.45653255393279e-21,"Excitatory Neurons (SubtypeB)","RP11-314B1.2"
"AC145124.22",3.34393842361528e-25,1.2915940553713,0.145,0.034,8.94068816322016e-21,"Excitatory Neurons (SubtypeB)","AC145124.2"
"RP11-505E24.22",6.68247605380482e-25,0.446152756005326,0.183,0.05,1.78669362250579e-20,"Excitatory Neurons (SubtypeB)","RP11-505E24.2"
"LINC005711",7.74018739731614e-25,1.05833515141099,0.139,0.032,2.06949390442042e-20,"Excitatory Neurons (SubtypeB)","LINC00571"
"AC107218.32",8.96198267508145e-25,1.17731614269831,0.139,0.033,2.39616530783653e-20,"Excitatory Neurons (SubtypeB)","AC107218.3"
"RP11-326E22.1",9.48768761847526e-25,1.73207760315449,0.101,0.019,2.53672303855173e-20,"Excitatory Neurons (SubtypeB)","RP11-326E22.1"
"NRSN2-AS13",1.14821332061635e-24,0.398072894970112,0.262,0.086,3.06997795533192e-20,"Excitatory Neurons (SubtypeB)","NRSN2-AS1"
"RP11-173D3.13",3.06731999911918e-24,0.68324806970645,0.3,0.107,8.20109348164495e-20,"Excitatory Neurons (SubtypeB)","RP11-173D3.1"
"RP11-39M21.15",3.40521148380472e-24,0.404361745370128,0.24,0.076,9.10451394424867e-20,"Excitatory Neurons (SubtypeB)","RP11-39M21.1"
"PRC1-AS11",4.4457752719604e-24,1.10522976446431,0.132,0.031,1.18866693446405e-19,"Excitatory Neurons (SubtypeB)","PRC1-AS1"
"RP11-706O15.12",5.56885019637575e-24,1.3923516622412,0.107,0.022,1.48894347700498e-19,"Excitatory Neurons (SubtypeB)","RP11-706O15.1"
"LINC013171",7.83240647613649e-24,0.986722281866368,0.129,0.03,2.09415051952461e-19,"Excitatory Neurons (SubtypeB)","LINC01317"
"LINC005342",8.44423681611507e-24,0.954937997632806,0.183,0.052,2.25773559752469e-19,"Excitatory Neurons (SubtypeB)","LINC00534"
"AC068490.23",8.89950831138803e-24,1.50999623027719,0.129,0.03,2.37946153721582e-19,"Excitatory Neurons (SubtypeB)","AC068490.2"
"CDR1-AS4",2.03249348911234e-23,0.448145111841227,0.42,0.173,5.43427784183966e-19,"Excitatory Neurons (SubtypeB)","CDR1-AS"
"CTD-2260A17.24",2.47324410321843e-23,0.321414488183123,0.461,0.193,6.61271275877511e-19,"Excitatory Neurons (SubtypeB)","CTD-2260A17.2"
"RP11-531A24.52",5.33518719850165e-23,0.394509712774354,0.243,0.08,1.42646900126339e-18,"Excitatory Neurons (SubtypeB)","RP11-531A24.5"
"AC079305.112",1.61415867911892e-22,1.01881172366862,0.177,0.051,4.31577606036027e-18,"Excitatory Neurons (SubtypeB)","AC079305.11"
"CCDC144NL-AS12",1.92821155007504e-22,1.44579569282382,0.227,0.076,5.15545922143563e-18,"Excitatory Neurons (SubtypeB)","CCDC144NL-AS1"
"LINC006623",2.85521594313832e-22,0.371218371717083,0.64,0.3,7.63399086716893e-18,"Excitatory Neurons (SubtypeB)","LINC00662"
"FAM66C2",3.13188803994313e-22,0.330736700405098,0.577,0.262,8.37372905239595e-18,"Excitatory Neurons (SubtypeB)","FAM66C"
"LINC008392",4.1913039900965e-22,1.21992230617412,0.126,0.03,1.1206289478321e-17,"Excitatory Neurons (SubtypeB)","LINC00839"
"RP11-274B21.92",4.8390158157937e-22,1.34752273056968,0.114,0.025,1.29380765866876e-17,"Excitatory Neurons (SubtypeB)","RP11-274B21.9"
"LINC008943",5.30453430042892e-22,0.682531767584114,0.748,0.414,1.41827333590568e-17,"Excitatory Neurons (SubtypeB)","LINC00894"
"CTD-2651B20.3",5.62252499533157e-22,0.553500143376228,0.161,0.044,1.5032945080018e-17,"Excitatory Neurons (SubtypeB)","CTD-2651B20.3"
"RP11-438D8.21",5.69904192896046e-22,1.57105818043706,0.101,0.021,1.52375284054616e-17,"Excitatory Neurons (SubtypeB)","RP11-438D8.2"
"RP11-770G2.22",1.12608973857764e-21,0.994422361736831,0.155,0.042,3.01082613403503e-17,"Excitatory Neurons (SubtypeB)","RP11-770G2.2"
"HCG174",1.13568214531319e-21,0.484306455763836,0.757,0.403,3.03647335192387e-17,"Excitatory Neurons (SubtypeB)","HCG17"
"BHLHE40-AS1",1.14835015445526e-21,0.968950541527583,0.117,0.027,3.07034380796704e-17,"Excitatory Neurons (SubtypeB)","BHLHE40-AS1"
"RP11-318K12.22",1.18316592900522e-21,1.7918139604394,0.123,0.03,3.16343074438125e-17,"Excitatory Neurons (SubtypeB)","RP11-318K12.2"
"RP11-111A21.11",1.20571080019132e-21,0.273619183549191,0.249,0.085,3.22370896647153e-17,"Excitatory Neurons (SubtypeB)","RP11-111A21.1"
"RP11-981G7.6",1.42294758089482e-21,1.36742702349823,0.107,0.023,3.80453494703848e-17,"Excitatory Neurons (SubtypeB)","RP11-981G7.6"
"RP11-227G15.8",1.43450213331314e-21,0.921056482766184,0.107,0.023,3.83542835383933e-17,"Excitatory Neurons (SubtypeB)","RP11-227G15.8"
"CTD-2007H13.32",1.59803559631868e-21,0.263285044560264,0.596,0.277,4.27266777387727e-17,"Excitatory Neurons (SubtypeB)","CTD-2007H13.3"
"SNAI3-AS12",1.68129348965231e-21,0.828479556410926,0.215,0.07,4.49527440328338e-17,"Excitatory Neurons (SubtypeB)","SNAI3-AS1"
"CTD-2269F5.15",3.12002359082707e-21,0.361024473463911,0.306,0.116,8.34200707479435e-17,"Excitatory Neurons (SubtypeB)","CTD-2269F5.1"
"RP11-348J24.2",4.14840680423882e-21,0.314653227223016,0.107,0.024,1.10915952724933e-16,"Excitatory Neurons (SubtypeB)","RP11-348J24.2"
"RP11-282I1.12",4.8533011107353e-21,1.33504036981951,0.129,0.033,1.2976271179773e-16,"Excitatory Neurons (SubtypeB)","RP11-282I1.1"
"CYYR1-AS11",6.85803574754658e-21,1.3143904077525,0.117,0.028,1.83363301782153e-16,"Excitatory Neurons (SubtypeB)","CYYR1-AS1"
"RP11-384F7.24",8.97190618216507e-21,0.694363743906503,0.681,0.379,2.39881855592547e-16,"Excitatory Neurons (SubtypeB)","RP11-384F7.2"
"PSMG3-AS12",9.10171660187236e-21,0.546984703976276,0.155,0.043,2.43352596784261e-16,"Excitatory Neurons (SubtypeB)","PSMG3-AS1"
"RP4-784A16.51",9.93221210700982e-21,1.38492836755838,0.126,0.032,2.65557555105122e-16,"Excitatory Neurons (SubtypeB)","RP4-784A16.5"
"RP11-436D23.14",1.10638340319819e-20,0.483373190746954,0.782,0.445,2.958137305131e-16,"Excitatory Neurons (SubtypeB)","RP11-436D23.1"
"RP11-15B17.11",1.95365021631454e-20,0.585192675527976,0.142,0.038,5.22347458336018e-16,"Excitatory Neurons (SubtypeB)","RP11-15B17.1"
"RP11-524F11.21",3.24005030116245e-20,1.08108479897281,0.107,0.025,8.66292249021803e-16,"Excitatory Neurons (SubtypeB)","RP11-524F11.2"
"AC108142.12",5.30796510373575e-20,0.479318751025083,0.139,0.037,1.41919062978583e-15,"Excitatory Neurons (SubtypeB)","AC108142.1"
"AF196970.31",1.89871208345054e-19,0.322135291271822,0.17,0.052,5.07658649752171e-15,"Excitatory Neurons (SubtypeB)","AF196970.3"
"LINC001582",2.74344154069631e-19,0.273740544245498,0.167,0.05,7.33513964735973e-15,"Excitatory Neurons (SubtypeB)","LINC00158"
"AC005786.72",2.90878284054113e-19,0.796470652876335,0.136,0.037,7.77721268075481e-15,"Excitatory Neurons (SubtypeB)","AC005786.7"
"RP11-352M15.1",3.11076489315164e-19,0.622655698319094,0.151,0.044,8.31725209481954e-15,"Excitatory Neurons (SubtypeB)","RP11-352M15.1"
"RP11-34P13.7",4.02783084611902e-19,0.416121961554823,0.136,0.037,1.07692113332684e-14,"Excitatory Neurons (SubtypeB)","RP11-34P13.7"
"CTC-513N18.71",1.05332895506154e-18,0.97399331723642,0.12,0.031,2.81628562714803e-14,"Excitatory Neurons (SubtypeB)","CTC-513N18.7"
"RP11-40E6.11",1.05569051708762e-18,0.69373669298856,0.139,0.039,2.82259973553718e-14,"Excitatory Neurons (SubtypeB)","RP11-40E6.1"
"PARD6G-AS14",1.38649358444546e-18,0.262813194219444,0.243,0.089,3.70706789673182e-14,"Excitatory Neurons (SubtypeB)","PARD6G-AS1"
"RP1-37C10.31",1.85786576111567e-18,0.575653871024458,0.117,0.03,4.96737568549497e-14,"Excitatory Neurons (SubtypeB)","RP1-37C10.3"
"GS1-57L11.11",2.62183236891505e-18,0.994621265434757,0.129,0.035,7.00999320476818e-14,"Excitatory Neurons (SubtypeB)","GS1-57L11.1"
"C1orf1325",2.82418598976226e-18,0.313914166762119,0.744,0.398,7.55102608082736e-14,"Excitatory Neurons (SubtypeB)","C1orf132"
"RP11-20I23.6",3.01371089448402e-18,0.54605788955407,0.202,0.069,8.05775881858193e-14,"Excitatory Neurons (SubtypeB)","RP11-20I23.6"
"RP11-760H22.2",3.11054002146396e-18,0.292227995635271,0.196,0.065,8.31665085538819e-14,"Excitatory Neurons (SubtypeB)","RP11-760H22.2"
"LENG8-AS1",3.63915962590059e-18,0.318290780918189,0.202,0.069,9.73002109177042e-14,"Excitatory Neurons (SubtypeB)","LENG8-AS1"
"AC005009.2",4.06501343061124e-18,0.632498622729969,0.114,0.029,1.08686264094253e-13,"Excitatory Neurons (SubtypeB)","AC005009.2"
"AP000230.11",5.04755529399454e-18,0.693527392012085,0.129,0.036,1.34956485895532e-13,"Excitatory Neurons (SubtypeB)","AP000230.1"
"RP11-754B17.11",5.62366369190349e-18,0.437349276990612,0.132,0.037,1.50359896130424e-13,"Excitatory Neurons (SubtypeB)","RP11-754B17.1"
"LINC009232",6.68030553895084e-18,1.13125833989075,0.17,0.056,1.78611329194928e-13,"Excitatory Neurons (SubtypeB)","LINC00923"
"BBOX1-AS12",6.74426283258177e-18,1.2042403850375,0.129,0.036,1.80321355354739e-13,"Excitatory Neurons (SubtypeB)","BBOX1-AS1"
"CAPN15",7.23668073148432e-18,0.376322532336997,0.237,0.087,1.93487132717696e-13,"Excitatory Neurons (SubtypeB)","CAPN15"
"RP11-803B1.82",7.99153081714253e-18,0.366979176999448,0.167,0.052,2.1366955945794e-13,"Excitatory Neurons (SubtypeB)","RP11-803B1.8"
"DDX11-AS11",9.8304317107595e-18,0.652737429311802,0.126,0.035,2.62836252650577e-13,"Excitatory Neurons (SubtypeB)","DDX11-AS1"
"RP11-363J20.21",1.03958910630183e-17,1.27797547030165,0.107,0.027,2.77954939351921e-13,"Excitatory Neurons (SubtypeB)","RP11-363J20.2"
"RP11-284N8.32",1.26899128459966e-17,0.803710985037676,0.148,0.045,3.39290199763411e-13,"Excitatory Neurons (SubtypeB)","RP11-284N8.3"
"RNF139-AS12",2.32577640610153e-17,0.66736940072683,0.136,0.039,6.21842837699367e-13,"Excitatory Neurons (SubtypeB)","RNF139-AS1"
"RP11-689P11.22",3.30879965857944e-17,0.802449506350297,0.126,0.035,8.84673764714385e-13,"Excitatory Neurons (SubtypeB)","RP11-689P11.2"
"RP13-941N14.13",4.66798966138822e-17,0.366941940203029,0.24,0.091,1.24808039576537e-12,"Excitatory Neurons (SubtypeB)","RP13-941N14.1"
"CD81-AS13",5.44889925661772e-17,0.629623609760736,0.145,0.044,1.45687219424188e-12,"Excitatory Neurons (SubtypeB)","CD81-AS1"
"RP4-625H18.24",5.62547598773339e-17,0.586504935714763,0.303,0.131,1.50408351484028e-12,"Excitatory Neurons (SubtypeB)","RP4-625H18.2"
"AC009264.12",5.81932424190147e-17,1.01256486535649,0.12,0.033,1.5559127225572e-12,"Excitatory Neurons (SubtypeB)","AC009264.1"
"RP11-879F14.1",5.96225735864205e-17,0.9839406907674,0.101,0.025,1.59412874998012e-12,"Excitatory Neurons (SubtypeB)","RP11-879F14.1"
"AC004951.6",1.69660418111177e-16,0.606026499251774,0.158,0.051,4.53621059903854e-12,"Excitatory Neurons (SubtypeB)","AC004951.6"
"AC020594.5",2.6282764607972e-16,0.572757225442554,0.12,0.033,7.02722277323347e-12,"Excitatory Neurons (SubtypeB)","AC020594.5"
"GS1-72M22.12",2.7334010035533e-16,0.890586240930867,0.11,0.03,7.30829426320045e-12,"Excitatory Neurons (SubtypeB)","GS1-72M22.1"
"AC019118.31",2.82461395713964e-16,0.975237017568746,0.117,0.033,7.55217033720426e-12,"Excitatory Neurons (SubtypeB)","AC019118.3"
"RP11-363J20.11",5.13759710147459e-16,0.259721765222318,0.117,0.032,1.37363933702126e-11,"Excitatory Neurons (SubtypeB)","RP11-363J20.1"
"RP11-468H14.21",5.28611335316861e-16,0.634273509725771,0.114,0.031,1.41334812723669e-11,"Excitatory Neurons (SubtypeB)","RP11-468H14.2"
"RP11-319G6.13",6.22823402767847e-16,0.253662440981917,0.653,0.348,1.66524293198039e-11,"Excitatory Neurons (SubtypeB)","RP11-319G6.1"
"RUNDC3A-AS12",1.25367113775329e-15,0.545071746579136,0.117,0.033,3.35194052101096e-11,"Excitatory Neurons (SubtypeB)","RUNDC3A-AS1"
"RP11-141O11.22",1.66746976800635e-15,1.24583741136087,0.101,0.027,4.45831391871859e-11,"Excitatory Neurons (SubtypeB)","RP11-141O11.2"
"PTENP1-AS",3.38496198116589e-15,0.634675840563515,0.114,0.032,9.05037284904323e-11,"Excitatory Neurons (SubtypeB)","PTENP1-AS"
"SLC16A1-AS13",5.47314229143981e-15,0.359652033383748,0.763,0.44,1.46335405446226e-10,"Excitatory Neurons (SubtypeB)","SLC16A1-AS1"
"CTD-2015H6.32",1.1440723313534e-14,0.82881267439916,0.107,0.03,3.05890619233959e-10,"Excitatory Neurons (SubtypeB)","CTD-2015H6.3"
"RP11-10K17.61",2.03113228790303e-14,0.590873681352256,0.158,0.055,5.43063839816634e-10,"Excitatory Neurons (SubtypeB)","RP11-10K17.6"
"AC005609.162",2.45980476755333e-14,1.0756564761765,0.126,0.04,6.57678000700735e-10,"Excitatory Neurons (SubtypeB)","AC005609.16"
"XXbac-BPG154L12.43",3.4078581546321e-14,0.330708827146705,0.385,0.189,9.11159034803985e-10,"Excitatory Neurons (SubtypeB)","XXbac-BPG154L12.4"
"RP11-334C17.51",4.18005599559478e-14,0.548161901508647,0.136,0.044,1.11762157154218e-09,"Excitatory Neurons (SubtypeB)","RP11-334C17.5"
"RP11-77P16.4",4.83790522166508e-14,0.545893056838092,0.104,0.03,1.29351071911659e-09,"Excitatory Neurons (SubtypeB)","RP11-77P16.4"
"MIR325HG2",7.00031360413519e-14,0.906318334924747,0.546,0.313,1.87167384833763e-09,"Excitatory Neurons (SubtypeB)","MIR325HG"
"RP11-710C12.1",9.03602165802931e-14,0.288774809421891,0.117,0.035,2.4159611107073e-09,"Excitatory Neurons (SubtypeB)","RP11-710C12.1"
"RP11-22P6.2",1.0870599584587e-13,0.302284843670544,0.129,0.042,2.90647221093103e-09,"Excitatory Neurons (SubtypeB)","RP11-22P6.2"
"AC007255.81",2.0866598004799e-13,0.468052446723489,0.104,0.03,5.5791023085431e-09,"Excitatory Neurons (SubtypeB)","AC007255.8"
"FALEC2",2.4858302159061e-13,0.499915604187824,0.114,0.035,6.64636424826814e-09,"Excitatory Neurons (SubtypeB)","FALEC"
"RP11-574K11.29",2.53610158262026e-13,0.271280455620667,0.126,0.041,6.78077480145178e-09,"Excitatory Neurons (SubtypeB)","RP11-574K11.29"
"RP11-1252I4.22",3.09508729200418e-13,0.308401878308418,0.123,0.04,8.27533489263157e-09,"Excitatory Neurons (SubtypeB)","RP11-1252I4.2"
"H1FX-AS12",3.5788235614592e-13,0.252207439431982,0.104,0.031,9.56870055627346e-09,"Excitatory Neurons (SubtypeB)","H1FX-AS1"
"A2ML1-AS14",4.15268148431358e-13,0.640791737003575,0.158,0.058,1.11030244846092e-08,"Excitatory Neurons (SubtypeB)","A2ML1-AS1"
"RP11-192P3.42",4.52290617760312e-13,0.631363953403375,0.101,0.03,1.20928942470575e-08,"Excitatory Neurons (SubtypeB)","RP11-192P3.4"
"RP11-541G9.11",1.87751737260361e-12,1.04452641849502,0.11,0.035,5.01991819913028e-08,"Excitatory Neurons (SubtypeB)","RP11-541G9.1"
"LINC011842",4.20934266168216e-12,0.328025793111323,0.738,0.451,1.12545194745396e-07,"Excitatory Neurons (SubtypeB)","LINC01184"
"RP11-712L6.52",8.55084959007416e-12,0.402591806989668,0.117,0.039,2.28624065489813e-07,"Excitatory Neurons (SubtypeB)","RP11-712L6.5"
"AC105402.43",9.11581390654947e-12,0.370072834952047,0.88,0.621,2.43729516419413e-07,"Excitatory Neurons (SubtypeB)","AC105402.4"
"RP5-1120P11.12",6.89536192400755e-11,0.329310559830981,0.11,0.038,1.8436129176219e-06,"Excitatory Neurons (SubtypeB)","RP5-1120P11.1"
"RP11-119D9.13",7.2628029894261e-11,0.259637618495036,0.11,0.038,1.94185563528286e-06,"Excitatory Neurons (SubtypeB)","RP11-119D9.1"
"MALAT14",1.14555616325026e-10,0.255399510495566,1,1,3.06287351368222e-06,"Excitatory Neurons (SubtypeB)","MALAT1"
"RP11-774O3.31",1.31093632796803e-10,0.512954616184349,0.104,0.035,3.50505046008813e-06,"Excitatory Neurons (SubtypeB)","RP11-774O3.3"
"RP11-2E11.92",1.71783516121414e-10,0.440399422382127,0.117,0.042,4.59297587053824e-06,"Excitatory Neurons (SubtypeB)","RP11-2E11.9"
"AC007405.43",5.17620696104515e-10,0.257573404426154,0.101,0.035,1.38396245517464e-05,"Excitatory Neurons (SubtypeB)","AC007405.4"
"TMC3-AS11",6.32315508001989e-10,0.470243707308566,0.114,0.041,1.69062197374492e-05,"Excitatory Neurons (SubtypeB)","TMC3-AS1"
"RP11-244M2.12",2.98706675955263e-09,0.304464200724562,0.142,0.058,7.98652039501587e-05,"Excitatory Neurons (SubtypeB)","RP11-244M2.1"
"C17orf1001",1.45278628142419e-08,0.464925241953578,0.129,0.054,0.000388431468064386,"Excitatory Neurons (SubtypeB)","C17orf100"
"CTA-384D8.362",2.04225959378447e-08,0.371371755431611,0.101,0.038,0.000546038947590155,"Excitatory Neurons (SubtypeB)","CTA-384D8.36"
"AC009495.43",1.62778293669999e-07,0.37145478123136,0.104,0.042,0.00435220323785476,"Excitatory Neurons (SubtypeB)","AC009495.4"
"TTN-AS14",2.20241225072043e-07,0.275050732775046,0.53,0.347,0.00588858963475121,"Excitatory Neurons (SubtypeB)","TTN-AS1"
"RP11-260M19.22",1.45924654804933e-06,1.10902546697856,0.101,0.044,0.039015874955195,"Excitatory Neurons (SubtypeB)","RP11-260M19.2"
"LINC014703",5.65379877511348e-05,0.607878899286854,0.17,0.096,1,"Excitatory Neurons (SubtypeB)","LINC01470"
"AC007392.3",0,7.85610521990164,0.602,0.009,0,"CADPS2+","AC007392.3"
"RP11-57A19.7",3.7155125129809e-169,7.01722481269218,0.222,0.006,9.93416580595704e-165,"CADPS2+","RP11-57A19.7"
"RP11-649A16.13",2.39180182467809e-104,4.13305359131629,0.537,0.058,6.39496053864181e-100,"CADPS2+","RP11-649A16.1"
"CDR1-AS5",6.05441263625696e-101,4.23389346911018,0.843,0.173,1.61876830655602e-96,"CADPS2+","CDR1-AS"
"LINC005994",4.49888222422011e-78,4.07427203244983,0.611,0.106,1.20286614028973e-73,"CADPS2+","LINC00599"
"AC023115.2",1.79073701794974e-77,6.6195673932772,0.157,0.007,4.78789356489223e-73,"CADPS2+","AC023115.2"
"RP11-449D8.5",9.42339487596458e-68,6.3257521092808,0.167,0.009,2.51953308798665e-63,"CADPS2+","RP11-449D8.5"
"RP11-445F12.12",1.08684215427395e-63,5.17788133982315,0.25,0.02,2.90588986788226e-59,"CADPS2+","RP11-445F12.1"
"TMEM51-AS1",7.4622987496756e-62,4.7599307563529,0.194,0.013,1.99519481670076e-57,"CADPS2+","TMEM51-AS1"
"RP11-525K10.31",7.74865875373792e-54,4.2642267670604,0.333,0.042,2.07175889098691e-49,"CADPS2+","RP11-525K10.3"
"RP11-433C9.2",3.44796313531604e-48,5.64042736136436,0.13,0.007,9.2188190348945e-44,"CADPS2+","RP11-433C9.2"
"SNAP25-AS14",4.81897639533877e-47,3.70748635513207,0.491,0.103,1.28844971882173e-42,"CADPS2+","SNAP25-AS1"
"RP11-268G12.31",2.654952205488e-29,4.6871580212825,0.13,0.012,7.09854571181326e-25,"CADPS2+","RP11-268G12.3"
"GDNF-AS13",1.82513632657919e-28,3.46023225074181,0.315,0.064,4.87986699637477e-24,"CADPS2+","GDNF-AS1"
"RP5-1101C3.1",6.67020356075922e-24,3.88477875207764,0.176,0.025,1.78341232604019e-19,"CADPS2+","RP5-1101C3.1"
"RP11-467K18.23",1.76141242689084e-23,4.20666486679689,0.222,0.04,4.70948840577805e-19,"CADPS2+","RP11-467K18.2"
"ERVMER61-11",8.30442335890968e-23,4.7527906219624,0.222,0.041,2.22035367347168e-18,"CADPS2+","ERVMER61-1"
"PWAR64",6.40599965417857e-21,1.93118959169907,0.648,0.324,1.71277212753772e-16,"CADPS2+","PWAR6"
"PTCHD1-AS4",1.71183164421519e-20,2.17635867448132,0.528,0.196,4.57692426713814e-16,"CADPS2+","PTCHD1-AS"
"CTB-107G13.1",4.2961472925622e-20,3.73993271636242,0.13,0.017,1.14866090161236e-15,"CADPS2+","CTB-107G13.1"
"RP11-242P2.12",5.0922348783165e-20,3.72491079062239,0.194,0.035,1.36151083941548e-15,"CADPS2+","RP11-242P2.1"
"STARD4-AS13",5.34581491484539e-17,3.91835526247378,0.194,0.041,1.42931053378221e-12,"CADPS2+","STARD4-AS1"
"LINC006324",2.03028091320019e-16,1.59840705485825,0.648,0.349,5.42836207762335e-12,"CADPS2+","LINC00632"
"MALAT15",2.97672915872752e-16,0.374162977089172,1,1,7.95888075168977e-12,"CADPS2+","MALAT1"
"AC007563.54",4.20615788834209e-16,2.12831399926813,0.343,0.109,1.12460043460603e-11,"CADPS2+","AC007563.5"
"RP11-60I3.4",6.42792329373368e-16,4.37391760496324,0.102,0.013,1.71863385104557e-11,"CADPS2+","RP11-60I3.4"
"NR2F1-AS17",1.80073740101792e-14,1.46875468529861,0.509,0.222,4.81463158910161e-10,"CADPS2+","NR2F1-AS1"
"Z83001.1",6.94355848121626e-13,3.57397575479907,0.167,0.038,1.85649923112279e-08,"CADPS2+","Z83001.1"
"CTC-499B15.52",1.44229126007594e-12,3.75731498045374,0.13,0.025,3.85625414206505e-08,"CADPS2+","CTC-499B15.5"
"RP11-675F6.32",3.0896782018522e-11,3.55331513041195,0.13,0.027,8.26087260829222e-07,"CADPS2+","RP11-675F6.3"
"TTTY144",4.72128883507096e-11,1.43802339960235,0.63,0.411,1.26233099583292e-06,"CADPS2+","TTTY14"
"AP001347.64",9.49658474575915e-11,2.09207290076869,0.37,0.171,2.53910186347362e-06,"CADPS2+","AP001347.6"
"CH17-437K3.13",1.002249735812e-10,1.38090078498852,0.407,0.186,2.67971511864054e-06,"CADPS2+","CH17-437K3.1"
"RP11-158M9.12",1.29838201080003e-10,3.90704197101819,0.139,0.032,3.47148398227603e-06,"CADPS2+","RP11-158M9.1"
"TMEM161B-AS15",2.69654997978677e-10,1.158034916842,0.759,0.642,7.20976568095588e-06,"CADPS2+","TMEM161B-AS1"
"LINC014813",7.7018196442521e-10,1.67788742851177,0.509,0.302,2.05923551828368e-05,"CADPS2+","LINC01481"
"LINCR-00013",8.86006381966146e-09,3.01079018074933,0.176,0.056,0.000236891526346289,"CADPS2+","LINCR-0001"
"GS1-57L11.12",1.05411660625279e-07,2.49243353789658,0.13,0.036,0.00281839157013809,"CADPS2+","GS1-57L11.1"
"MIRLET7BHG2",1.39655480979859e-07,1.04961812034415,0.602,0.442,0.00373396859495848,"CADPS2+","MIRLET7BHG"
"AC074363.16",5.92890912370496e-07,1.57184204970177,0.361,0.194,0.01585212432405,"CADPS2+","AC074363.1"
"LINC009692",7.50879268892429e-07,0.741901132164782,0.769,0.713,0.0200762590123769,"CADPS2+","LINC00969"
"LINC004614",1.54266283595833e-06,1.02551376715436,0.481,0.308,0.0412461762450179,"CADPS2+","LINC00461"
"TMC3-AS12",2.08481071258924e-06,3.06313504128487,0.13,0.042,0.0557415840224985,"CADPS2+","TMC3-AS1"
"NDUFV2-AS1",5.06985584598483e-06,2.29900819280093,0.157,0.059,0.135552735754096,"CADPS2+","NDUFV2-AS1"
"MIR99AHG4",6.07972462047073e-06,0.455700929110157,0.88,0.802,0.162553597177526,"CADPS2+","MIR99AHG"
"RP11-147L13.152",3.8981815384852e-05,1.94094567312476,0.139,0.053,1,"CADPS2+","RP11-147L13.15"
"CCNT2-AS13",5.20678196303205e-05,2.00361314119109,0.213,0.106,1,"CADPS2+","CCNT2-AS1"
"RP11-1252I4.23",9.04232768398054e-05,2.71125645858984,0.111,0.04,1,"CADPS2+","RP11-1252I4.2"
"SNHG234",0.00015715457503882,0.593415093113019,0.324,0.177,1,"CADPS2+","SNHG23"
"RP11-584P21.23",0.000188803052088497,1.50701768588524,0.306,0.195,1,"CADPS2+","RP11-584P21.2"
"RP11-714G18.16",0.000510654386198834,2.30850453459134,0.157,0.077,1,"CADPS2+","RP11-714G18.1"
"CTD-2012K14.63",0.000872884779052958,1.92375844593883,0.13,0.059,1,"CADPS2+","CTD-2012K14.6"
"RP11-112J3.165",0.000892762584723664,2.15126684057872,0.148,0.072,1,"CADPS2+","RP11-112J3.16"
"RP11-531A24.53",0.0011407378052424,2.35830880124996,0.157,0.081,1,"CADPS2+","RP11-531A24.5"
"LINC015883",0.00311699670953882,1.97032927937007,0.111,0.051,1,"CADPS2+","LINC01588"
"AP000462.24",0.00373414039992736,1.75884453481462,0.167,0.094,1,"CADPS2+","AP000462.2"
"C1orf1326",0.00374022009381987,0.897693633251465,0.463,0.401,1,"CADPS2+","C1orf132"
"NUTM2B-AS12",0.00485175720383729,0.573541958313531,0.528,0.477,1,"CADPS2+","NUTM2B-AS1"
"LINC009073",0.00533878574314712,1.41948459811177,0.167,0.095,1,"CADPS2+","LINC00907"
"JAKMIP2-AS12",0.00646150232970103,1.89279117161633,0.13,0.069,1,"CADPS2+","JAKMIP2-AS1"
"AP000797.34",0.00682595204811001,2.15481733816562,0.111,0.055,1,"CADPS2+","AP000797.3"
"RP11-305L7.31",0.00833159627672547,1.18964626950459,0.176,0.104,1,"CADPS2+","RP11-305L7.3"
"RP11-439A17.102",0.00895620854818096,1.82129339976273,0.111,0.056,1,"CADPS2+","RP11-439A17.10"
"LINC00944",0,8.92979479941562,0.185,0.001,0,"T lymphocytes","LINC00944"
"LINC00861",0,10.215025729456,0.123,0,0,"T lymphocytes","LINC00861"
"AC092580.4",0,10.8352883219639,0.111,0,0,"T lymphocytes","AC092580.4"
"AC006369.2",8.78481650737714e-227,8.1997326942179,0.272,0.005,2.34879638957742e-222,"T lymphocytes","AC006369.2"
"TRG-AS1",3.11408063494055e-94,5.92712183279659,0.21,0.007,8.32611739364055e-90,"T lymphocytes","TRG-AS1"
"AC104820.21",1.34498638096387e-80,6.8813456804004,0.296,0.018,3.5960900867831e-76,"T lymphocytes","AC104820.2"
"LINC00426",7.35067217524179e-79,7.66722626560203,0.148,0.004,1.9653492194944e-74,"T lymphocytes","LINC00426"
"RP11-356I2.41",8.08574679992079e-34,5.50002049272555,0.185,0.016,2.16188612189482e-29,"T lymphocytes","RP11-356I2.4"
"LINC00649",2.54292299610985e-25,4.54764308646377,0.16,0.016,6.7990132146989e-21,"T lymphocytes","LINC00649"
"LINC006236",9.32643221653598e-09,2.35059996878393,0.481,0.285,0.000249360818173522,"T lymphocytes","LINC00623"
"RP11-796E2.4",4.41087723208466e-07,2.97222456449961,0.123,0.03,0.0117933624554248,"T lymphocytes","RP11-796E2.4"
"RP11-277P12.201",5.35115672368736e-07,3.12668022924232,0.136,0.036,0.0143073877321229,"T lymphocytes","RP11-277P12.20"
"LINC015884",2.56914938065263e-05,3.37797875350259,0.148,0.051,0.686913469905095,"T lymphocytes","LINC01588"
"LINC015502",4.40330095626491e-05,2.77232922543637,0.136,0.046,1,"T lymphocytes","LINC01550"
"LINC001524",0.00025107538726138,2.97296669859085,0.148,0.059,1,"T lymphocytes","LINC00152"
"CCDC261",0.000303410513462239,0.320950091238409,0.173,0.07,1,"T lymphocytes","CCDC26"
"CH17-437K3.14",0.000394590095952003,0.94778151708836,0.321,0.187,1,"T lymphocytes","CH17-437K3.1"
"LINC016081",0.0016104837729037,0.663586669387239,0.407,0.252,1,"T lymphocytes","LINC01608"
"DLEU24",0.00380176178038982,0.513318561101558,0.679,0.622,1,"T lymphocytes","DLEU2"
"CTD-2341M24.13",0.00880752639059649,2.05826851580959,0.198,0.116,1,"T lymphocytes","CTD-2341M24.1"
