"","gene","tau"
"RP3-340N1.2","RP3-340N1.2",1
"RP11-90P13.1","RP11-90P13.1",1
"RP11-297B17.3","RP11-297B17.3",1
"CTD-2383M3.1","CTD-2383M3.1",1
"AP005530.2","AP005530.2",1
"AC006129.2","AC006129.2",1
"CTB-61M7.2","CTB-61M7.2",1
"CH507-236L23.1","CH507-236L23.1",1
"AP001595.1","AP001595.1",1
"RP11-84A19.3","RP11-84A19.3",1
"DPYD-AS2","DPYD-AS2",1
"RP11-216N14.9","RP11-216N14.9",1
"RP11-25K21.1","RP11-25K21.1",1
"RP11-160H22.3","RP11-160H22.3",1
"RP11-63B19.1","RP11-63B19.1",1
"GM140","GM140",1
"PROX1-AS1","PROX1-AS1",1
"RP11-333O1.1","RP11-333O1.1",1
"AC009229.5","AC009229.5",1
"AC104654.1","AC104654.1",1
"AC123886.2","AC123886.2",1
"LINC01120","LINC01120",1
"AC068492.1","AC068492.1",1
"RP11-190J23.1","RP11-190J23.1",1
"AC007556.3","AC007556.3",1
"AC012513.6","AC012513.6",1
"AC093843.1","AC093843.1",1
"RP11-333B11.1","RP11-333B11.1",1
"RP11-456N14.4","RP11-456N14.4",1
"RP11-552M14.1","RP11-552M14.1",1
"PP12613","PP12613",1
"RP11-665C14.2","RP11-665C14.2",1
"RP11-18D7.2","RP11-18D7.2",1
"RP11-45I20.1","RP11-45I20.1",1
"CTD-2072I24.1","CTD-2072I24.1",1
"CTD-2074D8.1","CTD-2074D8.1",1
"CTD-2023N9.3","CTD-2023N9.3",1
"ADAMTS19-AS1","ADAMTS19-AS1",1
"CTC-264O10.2","CTC-264O10.2",1
"CTB-105L4.2","CTB-105L4.2",1
"CTB-37A13.1","CTB-37A13.1",1
"RP3-470L22.1","RP3-470L22.1",1
"RP11-125M16.1","RP11-125M16.1",1
"RP1-97J1.2","RP1-97J1.2",1
"RP11-497D6.3","RP11-497D6.3",1
"XX-C2158C6.1","XX-C2158C6.1",1
"AC147651.5","AC147651.5",1
"AC010082.2","AC010082.2",1
"C7orf71","C7orf71",1
"AC006380.3","AC006380.3",1
"RP5-928E24.2","RP5-928E24.2",1
"FAM87A","FAM87A",1
"CTD-2281E23.1","CTD-2281E23.1",1
"CTD-2647L4.5","CTD-2647L4.5",1
"RP11-33I11.2","RP11-33I11.2",1
"RP1-16A9.1","RP1-16A9.1",1
"RP11-22C11.2","RP11-22C11.2",1
"RP11-91N2.3","RP11-91N2.3",1
"XXyac-YM21GA2.3","XXyac-YM21GA2.3",1
"RP11-399H11.3","RP11-399H11.3",1
"RP11-583F24.8","RP11-583F24.8",1
"RP4-710M3.2","RP4-710M3.2",1
"RP11-169D4.2","RP11-169D4.2",1
"RP3-323N1.2","RP3-323N1.2",1
"RP11-214D15.2","RP11-214D15.2",1
"RP13-81N3.2","RP13-81N3.2",1
"RERG-AS1","RERG-AS1",1
"RP11-89H19.2","RP11-89H19.2",1
"RP11-128P10.1","RP11-128P10.1",1
"RP13-653N12.2","RP13-653N12.2",1
"RP11-199F6.4","RP11-199F6.4",1
"RP11-219E7.1","RP11-219E7.1",1
"RP11-84C10.2","RP11-84C10.2",1
"RP6-91H8.2","RP6-91H8.2",1
"RP11-804L24.2","RP11-804L24.2",1
"RP11-753D20.3","RP11-753D20.3",1
"LINC00523","LINC00523",1
"RP11-1084I9.2","RP11-1084I9.2",1
"RP11-30G8.1","RP11-30G8.1",1
"RP11-209E8.1","RP11-209E8.1",1
"RP11-543G18.1","RP11-543G18.1",1
"RP11-297C4.1","RP11-297C4.1",1
"RP11-327F22.5","RP11-327F22.5",1
"CASC22","CASC22",1
"RP11-44F14.8","RP11-44F14.8",1
"RP11-405F3.5","RP11-405F3.5",1
"RP11-63M22.1","RP11-63M22.1",1
"RP11-328J14.1","RP11-328J14.1",1
"RP11-31I22.4","RP11-31I22.4",1
"RP11-31I22.2","RP11-31I22.2",1
"RP11-378E13.4","RP11-378E13.4",1
"CTB-39G8.2","CTB-39G8.2",1
"RP11-118B18.2","RP11-118B18.2",1
"RP11-756J15.3","RP11-756J15.3",1
"RP11-527H14.1","RP11-527H14.1",1
"RP11-396N11.1","RP11-396N11.1",1
"RP4-550H1.5","RP4-550H1.5",1
"LINC00489","LINC00489",1
"RP3-461P17.9","RP3-461P17.9",1
"RP5-955M13.4","RP5-955M13.4",1
"RP5-963E22.4","RP5-963E22.4",1
"CTD-3214H19.6","CTD-3214H19.6",1
"AC007795.1","AC007795.1",1
"CTD-2616J11.2","CTD-2616J11.2",1
"TTTY22","TTTY22",1
"TTTY13","TTTY13",1
"LINC00895","LINC00895",1
"LL22NC01-116C6.1","LL22NC01-116C6.1",1
"CTA-250D10.19","CTA-250D10.19",1
"CTA-384D8.35","CTA-384D8.35",1
"LINC00317","LINC00317",1
"RP11-324L17.1","RP11-324L17.1",1
"AC104809.2","AC104809.2",1
"RP3-448I9.2","RP3-448I9.2",1
"RP11-421P23.2","RP11-421P23.2",1
"RP11-67L3.5","RP11-67L3.5",1
"RP11-466F5.10","RP11-466F5.10",1
"AC007250.4","AC007250.4",1
"AC007879.4","AC007879.4",1
"RP11-457P14.5","RP11-457P14.5",1
"CTD-2078B5.2","CTD-2078B5.2",1
"RP11-401E14.2","RP11-401E14.2",1
"AC004543.2","AC004543.2",1
"LINC01298","LINC01298",1
"RP11-6D1.3","RP11-6D1.3",1
"AP006547.3","AP006547.3",1
"RP11-406A20.1","RP11-406A20.1",1
"IGF2-AS","IGF2-AS",1
"CTD-2019O4.1","CTD-2019O4.1",1
"RP11-190J1.3","RP11-190J1.3",1
"RP13-895J2.7","RP13-895J2.7",1
"LINC00572","LINC00572",1
"RP11-78J21.4","RP11-78J21.4",1
"LINC01069","LINC01069",1
"CTD-2314B22.1","CTD-2314B22.1",1
"RP11-594C13.2","RP11-594C13.2",1
"RP11-151G14.2","RP11-151G14.2",1
"RP11-758N13.1","RP11-758N13.1",1
"SPATA8-AS1","SPATA8-AS1",1
"RP11-426C22.7","RP11-426C22.7",1
"RP11-883G14.4","RP11-883G14.4",1
"CTD-2008P7.10","CTD-2008P7.10",1
"RP11-691H4.3","RP11-691H4.3",1
"RP5-872K7.8","RP5-872K7.8",1
"LINC00028","LINC00028",1
"RP5-963E22.6","RP5-963E22.6",1
"AC002511.2","AC002511.2",1
"AC002115.9","AC002115.9",1
"CTA-992D9.10","CTA-992D9.10",1
"CITF22-49E9.3","CITF22-49E9.3",1
"LINC01323","LINC01323",1
"PCAT4","PCAT4",1
"RP11-480D4.2","RP11-480D4.2",1
"RP1-67A8.3","RP1-67A8.3",1
"GS1-293C5.1","GS1-293C5.1",1
"RP4-584D14.6","RP4-584D14.6",1
"CTD-2003C8.2","CTD-2003C8.2",1
"RP11-218M22.2","RP11-218M22.2",1
"RP11-261P24.2","RP11-261P24.2",1
"RP11-441F2.5","RP11-441F2.5",1
"RP11-899L11.1","RP11-899L11.1",1
"RP3-333B15.4","RP3-333B15.4",1
"RP11-494O16.4","RP11-494O16.4",1
"RP11-171N4.4","RP11-171N4.4",1
"CTC-384G19.1","CTC-384G19.1",1
"CTD-2008P7.3","CTD-2008P7.3",1
"RP11-775G23.1","RP11-775G23.1",1
"AL589986.2","AL589986.2",1
"MIR7515HG","MIR7515HG",1
"RGPD4-AS1","RGPD4-AS1",1
"AC062032.1","AC062032.1",1
"RP11-319E12.1","RP11-319E12.1",1
"AC106786.1","AC106786.1",1
"RP1-276N6.2","RP1-276N6.2",1
"RP11-395B7.2","RP11-395B7.2",1
"AL022344.7","AL022344.7",1
"RP11-383D22.1","RP11-383D22.1",1
"RP5-1022P6.4","RP5-1022P6.4",1
"AJ011932.1","AJ011932.1",1
"LINC00239","LINC00239",1
"RP11-102C16.3","RP11-102C16.3",1
"RP11-203F10.5","RP11-203F10.5",1
"AC073257.2","AC073257.2",1
"RP11-351N6.1","RP11-351N6.1",1
"CTD-2335O3.3","CTD-2335O3.3",1
"RP11-456H18.2","RP11-456H18.2",1
"RP11-505P4.6","RP11-505P4.6",1
"RP1-122O8.7","RP1-122O8.7",1
"AC007349.7","AC007349.7",1
"DDC-AS1","DDC-AS1",1
"AC083867.4","AC083867.4",1
"RP11-17A4.4","RP11-17A4.4",1
"AC145123.2","AC145123.2",1
"C9orf135-AS1","C9orf135-AS1",1
"RP11-63P12.7","RP11-63P12.7",1
"RP11-327L9.1","RP11-327L9.1",1
"RP11-732A19.6","RP11-732A19.6",1
"RP11-713P17.4","RP11-713P17.4",1
"RP11-446F3.2","RP11-446F3.2",1
"RP11-271F18.1","RP11-271F18.1",1
"RP11-31E13.2","RP11-31E13.2",1
"RP5-944M2.1","RP5-944M2.1",1
"RP11-300A12.2","RP11-300A12.2",1
"LA16c-381G6.1","LA16c-381G6.1",1
"RP11-483K5.3","RP11-483K5.3",1
"RP11-571O6.1","RP11-571O6.1",1
"RP11-128P17.2","RP11-128P17.2",1
"RP11-126K15.1","RP11-126K15.1",1
"RP5-1016A21.1","RP5-1016A21.1",1
"AC025811.3","AC025811.3",1
"RP1-288L1.5","RP1-288L1.5",1
"Z82214.3","Z82214.3",1
"RP4-555D20.3","RP4-555D20.3",1
"RP11-292E2.2","RP11-292E2.2",1
"RP11-36B15.1","RP11-36B15.1",1
"RP11-354O24.1","RP11-354O24.1",1
"LINC01332","LINC01332",1
"RP11-492L8.2","RP11-492L8.2",1
"RP3-335N17.2","RP3-335N17.2",1
"LINC00525","LINC00525",1
"AC008154.4","AC008154.4",1
"RP11-45F15.1","RP11-45F15.1",1
"RP6-91H8.5","RP6-91H8.5",1
"CTD-3075F15.1","CTD-3075F15.1",1
"RP11-46C24.3","RP11-46C24.3",1
"AP001465.5","AP001465.5",1
"RP11-760D2.5","RP11-760D2.5",1
"AP001257.1","AP001257.1",0.999812694758322
"RP11-239E10.3","RP11-239E10.3",0.999788240370586
"RP11-101E5.1","RP11-101E5.1",0.999681742413637
"AC009892.10","AC009892.10",0.999670787267876
"LINC01034","LINC01034",0.999578947544487
"RP13-895J2.6","RP13-895J2.6",0.999543049773405
"RP11-117D22.2","RP11-117D22.2",0.99953446442988
"RP11-326C3.2","RP11-326C3.2",0.999476949206991
"RP11-379I19.1","RP11-379I19.1",0.99936006863001
"RP5-1077H22.1","RP5-1077H22.1",0.999350907264561
"AC092580.4","AC092580.4",0.999342611181448
"AC013275.2","AC013275.2",0.999326684280511
"RP11-499F19.3","RP11-499F19.3",0.999319642803368
"RP11-144A16.8","RP11-144A16.8",0.999258771122893
"LINC01468","LINC01468",0.999122268291438
"AC018717.1","AC018717.1",0.999107105100558
"LINC00592","LINC00592",0.99903301460272
"LINC01612","LINC01612",0.999030971693191
"AC097713.3","AC097713.3",0.999005270613084
"RP11-18H21.1","RP11-18H21.1",0.999004620468457
"RP11-615I2.2","RP11-615I2.2",0.998983858019251
"TNK2-AS1","TNK2-AS1",0.998981675735052
"AP000439.1","AP000439.1",0.998969803393108
"XXbac-BCX196D17.5","XXbac-BCX196D17.5",0.998913352692052
"MIR1-1HG","MIR1-1HG",0.998841907244887
"CTC-529L17.1","CTC-529L17.1",0.9988233191661
"LINC00588","LINC00588",0.998788602489535
"CTC-304I17.5","CTC-304I17.5",0.998684344518152
"AC008703.1","AC008703.1",0.998617713028387
"RP11-290D2.6","RP11-290D2.6",0.998609623317103
"LINC01513","LINC01513",0.998596009801731
"RP11-277P12.9","RP11-277P12.9",0.998433532212256
"AC106874.1","AC106874.1",0.998411001698922
"LINC00528","LINC00528",0.998353476438722
"LINC01272","LINC01272",0.998316258223679
"RP11-470F18.1","RP11-470F18.1",0.998300169636413
"RP11-111F5.8","RP11-111F5.8",0.998293523894774
"LINC01186","LINC01186",0.998269168422535
"RP11-542F9.1","RP11-542F9.1",0.998065755987296
"LINC01571","LINC01571",0.998051134845111
"RP11-362F19.3","RP11-362F19.3",0.998051130182451
"AC012506.1","AC012506.1",0.998041585158739
"AC104654.2","AC104654.2",0.998028943324148
"RP11-300J18.2","RP11-300J18.2",0.99798186182646
"AC007392.4","AC007392.4",0.997944791616265
"RP11-58A18.1","RP11-58A18.1",0.997937664305245
"RP11-362F19.1","RP11-362F19.1",0.997891038666454
"AC112721.2","AC112721.2",0.997863098371465
"RP6-91H8.3","RP6-91H8.3",0.997815552091299
"AC005104.3","AC005104.3",0.997808846819835
"RP11-411B10.3","RP11-411B10.3",0.997599133897927
"CARMN","CARMN",0.997593111679087
"RP11-610P16.1","RP11-610P16.1",0.997579187803699
"RP11-369E15.3","RP11-369E15.3",0.997556399539499
"CTD-2234N14.1","CTD-2234N14.1",0.997491526440924
"RP11-187C18.5","RP11-187C18.5",0.997466929415718
"RP11-128M1.1","RP11-128M1.1",0.997448898704755
"RP11-109P6.2","RP11-109P6.2",0.997448165050005
"RP11-646E18.2","RP11-646E18.2",0.997353154904196
"CTB-79E8.2","CTB-79E8.2",0.997325252319989
"RP4-668E10.4","RP4-668E10.4",0.997319986519808
"AC005162.4","AC005162.4",0.997238374245418
"LINC00374","LINC00374",0.99699962108906
"RP11-631M21.1","RP11-631M21.1",0.996972419790307
"RP11-489O18.1","RP11-489O18.1",0.996925013589738
"RP11-714L20.1","RP11-714L20.1",0.996916073655769
"CTA-384D8.34","CTA-384D8.34",0.996856739209599
"LINC00944","LINC00944",0.996753827839101
"RP11-359E19.2","RP11-359E19.2",0.996623174481401
"RP11-713M6.2","RP11-713M6.2",0.996573551292406
"LINC01438","LINC01438",0.996571403794421
"RP11-89H19.1","RP11-89H19.1",0.996481882099077
"RP11-236J17.6","RP11-236J17.6",0.996481396386105
"RP11-342D11.3","RP11-342D11.3",0.996479541266539
"RP13-895J2.3","RP13-895J2.3",0.996448739191455
"KLHL6-AS1","KLHL6-AS1",0.996395447238318
"MIR223","MIR223",0.996340640251295
"CTD-2507G9.1","CTD-2507G9.1",0.996339853925501
"RP11-59O6.3","RP11-59O6.3",0.996335226310079
"AF127936.5","AF127936.5",0.996229532246874
"LINC00410","LINC00410",0.996175608575046
"RP11-553L6.2","RP11-553L6.2",0.996140698798959
"AC073115.7","AC073115.7",0.996110157944957
"RP11-64B16.3","RP11-64B16.3",0.996109559772999
"RP11-676J12.7","RP11-676J12.7",0.996105919176296
"RP11-3G21.1","RP11-3G21.1",0.99609596617126
"RP11-661D19.3","RP11-661D19.3",0.996066286739993
"RP11-523L20.1","RP11-523L20.1",0.9958764778097
"FAM74A1","FAM74A1",0.995873275779217
"RP11-394O4.6","RP11-394O4.6",0.995782661988887
"RP4-568F9.6","RP4-568F9.6",0.995765234983627
"KB-1299A7.2","KB-1299A7.2",0.995732472980782
"RP11-12K11.2","RP11-12K11.2",0.995706374563859
"RP11-122M14.1","RP11-122M14.1",0.995684079393089
"RP11-164P12.3","RP11-164P12.3",0.995667774333993
"AC007403.2","AC007403.2",0.995631021954645
"RP11-356K23.1","RP11-356K23.1",0.995629731571604
"RP11-93B14.6","RP11-93B14.6",0.995610707063733
"RP11-725M22.1","RP11-725M22.1",0.99560070528532
"RP11-172E10.1","RP11-172E10.1",0.995568753580968
"RP11-70D24.4","RP11-70D24.4",0.995551501936247
"RP11-449D8.1","RP11-449D8.1",0.995549735828306
"AC114730.3","AC114730.3",0.99544644485676
"FLJ45079","FLJ45079",0.995422729582536
"AC079586.1","AC079586.1",0.995370156506717
"RP11-501O2.1","RP11-501O2.1",0.995346038579717
"RP11-7I15.4","RP11-7I15.4",0.995307887084473
"AC016735.3","AC016735.3",0.995242597267288
"FARP1-AS1","FARP1-AS1",0.99521164084533
"RP13-714J12.1","RP13-714J12.1",0.995200265005596
"RP11-231C18.2","RP11-231C18.2",0.995195985292642
"RP11-75L1.1","RP11-75L1.1",0.995108968034874
"RP11-156K13.3","RP11-156K13.3",0.99509501815099
"RP11-78C3.1","RP11-78C3.1",0.994983913716364
"AC007392.3","AC007392.3",0.994967749952038
"AC073636.1","AC073636.1",0.994959194729118
"RP11-897M7.1","RP11-897M7.1",0.994948669617929
"LINC01164","LINC01164",0.994890586644825
"RP11-577G20.1","RP11-577G20.1",0.994849379638822
"DLX6-AS1","DLX6-AS1",0.994798567460843
"RP11-351M16.4","RP11-351M16.4",0.99477674610875
"RP11-357H3.1","RP11-357H3.1",0.994735494421351
"CTD-2037L6.2","CTD-2037L6.2",0.99469958158836
"RP11-15I20.1","RP11-15I20.1",0.994673881341209
"RP11-314M24.1","RP11-314M24.1",0.99462721999842
"AC011899.9","AC011899.9",0.994607320947244
"AP001043.1","AP001043.1",0.994523409000214
"AC006369.2","AC006369.2",0.994448749691263
"RP11-83C7.1","RP11-83C7.1",0.994390227133577
"LINC00861","LINC00861",0.994350655405589
"RP11-713P17.5","RP11-713P17.5",0.994328085086464
"AC003986.7","AC003986.7",0.994270406466204
"AC100830.5","AC100830.5",0.994249421891027
"RP11-556E13.1","RP11-556E13.1",0.994169397774904
"MIR3663HG","MIR3663HG",0.994163940787315
"RP11-138H10.2","RP11-138H10.2",0.994143489696075
"RP1-193H18.3","RP1-193H18.3",0.99394770920211
"LINC00113","LINC00113",0.993935616763708
"AC008074.4","AC008074.4",0.993879869199535
"C20orf197","C20orf197",0.993735492659996
"RP5-1056H1.2","RP5-1056H1.2",0.993711410228179
"AC011243.1","AC011243.1",0.993561887159926
"KB-1568E2.1","KB-1568E2.1",0.993529405482397
"LINC00676","LINC00676",0.993517399084163
"RP11-43F13.4","RP11-43F13.4",0.993496236326282
"WNT5A-AS1","WNT5A-AS1",0.993449595933687
"RP11-565F19.3","RP11-565F19.3",0.99324591569004
"CTD-2544H17.1","CTD-2544H17.1",0.99323644103213
"RP13-890H12.2","RP13-890H12.2",0.993228644007404
"ELFN1-AS1","ELFN1-AS1",0.99321655221979
"CTD-2297D10.2","CTD-2297D10.2",0.993113547059552
"RP11-60L3.6","RP11-60L3.6",0.993105841178061
"AC098823.3","AC098823.3",0.993098182304121
"AB019440.50","AB019440.50",0.993096234173965
"AP000569.9","AP000569.9",0.993090222015282
"SLC44A4","SLC44A4",0.993080884384518
"CTD-2265O21.7","CTD-2265O21.7",0.993053425051593
"RP11-13P5.2","RP11-13P5.2",0.993052339073506
"RP11-452C13.1","RP11-452C13.1",0.993030862535836
"AC008278.2","AC008278.2",0.992952744737342
"CTD-2561B21.10","CTD-2561B21.10",0.992920795165079
"LINC01520","LINC01520",0.992883338527308
"LINC00924","LINC00924",0.992858198548729
"RP11-895M11.3","RP11-895M11.3",0.992850649021959
"AC133644.2","AC133644.2",0.992832624694834
"AC009299.3","AC009299.3",0.992766290234466
"RP11-23P13.6","RP11-23P13.6",0.992736617985475
"AL157359.4","AL157359.4",0.992682373600794
"LINC01040","LINC01040",0.992618501032215
"AC093702.1","AC093702.1",0.9925930753654
"AC002064.4","AC002064.4",0.992576877301584
"LINC01480","LINC01480",0.992561325573487
"RP11-322D14.2","RP11-322D14.2",0.9925520959895
"RP11-314D7.3","RP11-314D7.3",0.992535612517676
"BX255923.3","BX255923.3",0.992533272333084
"C1orf143","C1orf143",0.992529465692385
"AP001048.4","AP001048.4",0.992466771527111
"LINC00437","LINC00437",0.99243252304324
"LINC00836","LINC00836",0.992384800946916
"RP1-150O5.3","RP1-150O5.3",0.992349422851048
"CTC-458G6.4","CTC-458G6.4",0.992302986943533
"RP11-153M7.5","RP11-153M7.5",0.992240114171186
"RP11-152C17.1","RP11-152C17.1",0.992230097947877
"RP11-701P16.2","RP11-701P16.2",0.99222033521645
"RP11-181B18.1","RP11-181B18.1",0.992149860553751
"AC073094.4","AC073094.4",0.992100655723795
"RP11-8L21.1","RP11-8L21.1",0.992099282732773
"AC005606.15","AC005606.15",0.99203184713809
"RP11-58O15.1","RP11-58O15.1",0.991996596232638
"RP11-395E19.6","RP11-395E19.6",0.991920164629109
"CTB-41I6.2","CTB-41I6.2",0.991904972444565
"RP11-338I21.1","RP11-338I21.1",0.991895745878617
"RP11-368P15.3","RP11-368P15.3",0.991858444796597
"AC008060.5","AC008060.5",0.991855257305587
"RP11-95P13.2","RP11-95P13.2",0.991809333981118
"RP11-193M21.1","RP11-193M21.1",0.991746061002808
"RP5-930J4.2","RP5-930J4.2",0.991696373187594
"AC009095.4","AC009095.4",0.991644551971287
"THRA1/BTR","THRA1/BTR",0.991584497289811
"RP11-424M24.5","RP11-424M24.5",0.991518571839593
"RP4-607I7.1","RP4-607I7.1",0.991495838978716
"CTD-3116E22.8","CTD-3116E22.8",0.991461345208123
"RP1-68D18.3","RP1-68D18.3",0.991366209881832
"AF241725.6","AF241725.6",0.991308066694664
"AC006000.5","AC006000.5",0.991256299984274
"RP11-413P11.1","RP11-413P11.1",0.991115134409961
"CTD-2154H6.1","CTD-2154H6.1",0.99110380516341
"RP11-1336O20.2","RP11-1336O20.2",0.991087257332874
"RP11-909N17.2","RP11-909N17.2",0.991083317659848
"RP11-661A12.4","RP11-661A12.4",0.991046802977435
"RP11-3G20.1","RP11-3G20.1",0.99101919535927
"AC007750.5","AC007750.5",0.991015035654283
"LINC00558","LINC00558",0.990941522353676
"LINC01210","LINC01210",0.990888726849895
"DIO3OS","DIO3OS",0.990873029573866
"RP5-998H6.2","RP5-998H6.2",0.990869822177025
"AP000477.3","AP000477.3",0.99075400329016
"RP11-598F7.5","RP11-598F7.5",0.990748964960595
"CTC-339D2.1","CTC-339D2.1",0.990683659893245
"VCAN-AS1","VCAN-AS1",0.99065933554417
"CTD-2021H9.2","CTD-2021H9.2",0.990630866939885
"RP11-2A4.4","RP11-2A4.4",0.990629512010968
"RP11-946L16.1","RP11-946L16.1",0.990486118247088
"CTD-2331H12.7","CTD-2331H12.7",0.990484115567367
"AC007040.8","AC007040.8",0.990477713477354
"RP3-436N22.3","RP3-436N22.3",0.990473538303407
"CTD-2147F2.1","CTD-2147F2.1",0.990420939300625
"AC009110.1","AC009110.1",0.990420016873049
"RP11-489G11.3","RP11-489G11.3",0.990369820012191
"RP1-200K18.1","RP1-200K18.1",0.990306819475013
"RP11-56I23.1","RP11-56I23.1",0.990256193782401
"RP11-460B17.2","RP11-460B17.2",0.990251775676186
"RP11-794P6.6","RP11-794P6.6",0.990175285821145
"RP11-536G4.2","RP11-536G4.2",0.99016997907231
"SFTA1P","SFTA1P",0.990069846695242
"RP11-449J10.1","RP11-449J10.1",0.989993445829101
"RP1-138B7.5","RP1-138B7.5",0.989957018797083
"RP11-536O18.1","RP11-536O18.1",0.989953099092554
"RP11-354P17.15","RP11-354P17.15",0.989929528721604
"LINC01546","LINC01546",0.989910051486923
"AF127936.3","AF127936.3",0.989889054655012
"LINC00426","LINC00426",0.989844230864825
"LL21NC02-1C16.2","LL21NC02-1C16.2",0.989782363494521
"RP1-23E21.2","RP1-23E21.2",0.989703119169852
"BFSP2-AS1","BFSP2-AS1",0.989697483437683
"RP11-552D4.1","RP11-552D4.1",0.989687340811238
"LINC01443","LINC01443",0.989670995655172
"AC062021.1","AC062021.1",0.989634112386085
"RP11-501E14.1","RP11-501E14.1",0.98952615052603
"RP1-149A16.12","RP1-149A16.12",0.989510126039305
"RP11-300J18.1","RP11-300J18.1",0.989476339951669
"RP5-1029K10.2","RP5-1029K10.2",0.989399609704955
"AC009473.1","AC009473.1",0.98938995751654
"RP4-550H1.7","RP4-550H1.7",0.989311013832157
"AC104820.2","AC104820.2",0.989302286971446
"LINC01602","LINC01602",0.989301537402256
"AC068535.2","AC068535.2",0.989279246022768
"RP11-1I2.1","RP11-1I2.1",0.989273211146161
"AC006129.1","AC006129.1",0.98918367490402
"RP11-1C1.5","RP11-1C1.5",0.989139458000885
"RP11-120C12.3","RP11-120C12.3",0.98911044045211
"AC069363.1","AC069363.1",0.989099020733608
"RP11-138I1.2","RP11-138I1.2",0.989093615491319
"RP5-1031D4.2","RP5-1031D4.2",0.989077762265807
"OR5V1","OR5V1",0.989077039533017
"CTD-2247C11.1","CTD-2247C11.1",0.989020155108155
"CTD-2015G9.2","CTD-2015G9.2",0.988963566989563
"RP11-522B15.5","RP11-522B15.5",0.988933679302169
"OTX2-AS1","OTX2-AS1",0.988895483300357
"AC019330.1","AC019330.1",0.988854783495236
"AL672294.1","AL672294.1",0.988807334084181
"RP11-94B19.7","RP11-94B19.7",0.988775889124982
"RP11-445L6.3","RP11-445L6.3",0.988752317839667
"RP3-333H23.8","RP3-333H23.8",0.988609821842595
"RP11-461K13.1","RP11-461K13.1",0.988533701241815
"RP11-168P8.5","RP11-168P8.5",0.988499696378512
"CTD-2529O21.2","CTD-2529O21.2",0.988475071111975
"CELF2-AS1","CELF2-AS1",0.988361643350697
"RP1-111D6.3","RP1-111D6.3",0.98835585204168
"RP11-64B16.4","RP11-64B16.4",0.988351848934879
"AC096559.2","AC096559.2",0.988308343481355
"AC023115.2","AC023115.2",0.988300365741917
"LA16c-361A3.3","LA16c-361A3.3",0.988239319489103
"RP11-555J4.4","RP11-555J4.4",0.988189483734133
"RP11-232L2.2","RP11-232L2.2",0.988178353132206
"RP11-900F13.2","RP11-900F13.2",0.988116467713229
"RP11-627D16.1","RP11-627D16.1",0.988099968742335
"CTD-2060L22.1","CTD-2060L22.1",0.988083667126246
"RP11-57A19.7","RP11-57A19.7",0.988042346515583
"CTB-1I21.1","CTB-1I21.1",0.988041395763748
"KB-1254G8.1","KB-1254G8.1",0.987943328861083
"LINC00165","LINC00165",0.987931890488172
"LINC00868","LINC00868",0.987862049829411
"RP11-227H15.4","RP11-227H15.4",0.987855877021603
"CTD-2287O16.4","CTD-2287O16.4",0.987788877591675
"ENOX1-AS2","ENOX1-AS2",0.987783103156621
"RP11-731D1.4","RP11-731D1.4",0.987768175257761
"RP11-419J16.1","RP11-419J16.1",0.987757533472598
"C6orf47-AS1","C6orf47-AS1",0.987755247772429
"RP11-487E13.1","RP11-487E13.1",0.987742179122024
"RP11-253M7.1","RP11-253M7.1",0.987536624915587
"RP4-564F22.7","RP4-564F22.7",0.987533578990836
"LINC00521","LINC00521",0.987517418812793
"RP11-414H23.3","RP11-414H23.3",0.987512866671419
"LINC01139","LINC01139",0.987407240630871
"MIR503HG","MIR503HG",0.987386075025011
"CTD-2537I9.16","CTD-2537I9.16",0.987375409244811
"RP11-142A23.1","RP11-142A23.1",0.987360415836481
"AC092192.1","AC092192.1",0.987335374183014
"RP11-461L13.4","RP11-461L13.4",0.987296903620229
"CTD-2126E3.3","CTD-2126E3.3",0.987292724820486
"RP11-356J5.4","RP11-356J5.4",0.987284286037629
"AC010983.1","AC010983.1",0.987284179077311
"RP11-438F14.3","RP11-438F14.3",0.987271852725641
"LINC00163","LINC00163",0.987185870999442
"CTB-4E7.1","CTB-4E7.1",0.987146101915109
"RP11-381N20.2","RP11-381N20.2",0.987144317015998
"RP11-54O7.17","RP11-54O7.17",0.98710556624623
"ABC7-481722F1.2","ABC7-481722F1.2",0.987087986871892
"RP11-558A11.1","RP11-558A11.1",0.987084081798854
"LINC01297","LINC01297",0.986986550611438
"RP11-626H12.1","RP11-626H12.1",0.986983070165362
"RP4-666F24.3","RP4-666F24.3",0.986969441910852
"LINC01338","LINC01338",0.986947534175838
"RP11-221J22.1","RP11-221J22.1",0.986880330436455
"RP11-664I21.5","RP11-664I21.5",0.986835250185071
"TRG-AS1","TRG-AS1",0.986823317550406
"AC133633.1","AC133633.1",0.986775862156911
"CTD-2339F6.1","CTD-2339F6.1",0.986696729269735
"RP11-930P14.1","RP11-930P14.1",0.986687289674817
"DLEU7-AS1","DLEU7-AS1",0.986640477953632
"RP11-263J14.1","RP11-263J14.1",0.986637228766637
"AP000472.2","AP000472.2",0.986575681170084
"RP4-753D10.5","RP4-753D10.5",0.986567968354584
"AC091705.1","AC091705.1",0.986540138208273
"RP11-211N8.2","RP11-211N8.2",0.986530606341817
"SRGAP3-AS4","SRGAP3-AS4",0.986456494384275
"LINC00881","LINC00881",0.98645456869601
"AC093609.1","AC093609.1",0.986426086124548
"CTA-342B11.1","CTA-342B11.1",0.986379477097356
"CTA-243E7.2","CTA-243E7.2",0.986328742059202
"RP3-329E20.2","RP3-329E20.2",0.986306907897646
"RP11-366H4.3","RP11-366H4.3",0.986255287063014
"CTD-2314G24.2","CTD-2314G24.2",0.98625087854018
"CTC-436P18.3","CTC-436P18.3",0.986211582249562
"RP4-796I8.1","RP4-796I8.1",0.986184217317101
"L3MBTL4-AS1","L3MBTL4-AS1",0.986100332159112
"RP11-707A18.1","RP11-707A18.1",0.986093044570697
"RP11-1127D7.1","RP11-1127D7.1",0.986059903685563
"RP13-1016M1.2","RP13-1016M1.2",0.986017637203805
"RP11-480C22.1","RP11-480C22.1",0.985993690123598
"LINC01304","LINC01304",0.985940848599876
"RP11-844P9.1","RP11-844P9.1",0.985916135827554
"RP11-575B7.3","RP11-575B7.3",0.98589109731514
"RP11-43N5.1","RP11-43N5.1",0.985879581768132
"CTD-3118D11.3","CTD-3118D11.3",0.985864807944331
"RP11-4B16.4","RP11-4B16.4",0.985812387433617
"CTB-51A17.1","CTB-51A17.1",0.985697094101215
"CTA-481E9.3","CTA-481E9.3",0.985633786210297
"LINC00996","LINC00996",0.985622045994818
"RP11-15K3.1","RP11-15K3.1",0.985620117324747
"PANCR","PANCR",0.985610527992718
"RP11-568A7.2","RP11-568A7.2",0.985568708299203
"CTD-3064C13.1","CTD-3064C13.1",0.985508796812591
"RP11-498B4.5","RP11-498B4.5",0.985454799990069
"RP11-483A20.3","RP11-483A20.3",0.985443659990705
"RP11-863H1.1","RP11-863H1.1",0.985403602992626
"CTC-400I9.2","CTC-400I9.2",0.985312242366478
"KB-1440D3.14","KB-1440D3.14",0.985310795471976
"RNF219-AS1","RNF219-AS1",0.985245463791326
"RP3-365O12.2","RP3-365O12.2",0.98515817403538
"LINC01447","LINC01447",0.985156859493338
"RP11-605B16.1","RP11-605B16.1",0.985126019631355
"LZTS1-AS1","LZTS1-AS1",0.985122388317504
"RP11-799D4.3","RP11-799D4.3",0.985121066465215
"LINC00608","LINC00608",0.984992063870754
"KB-1608C10.2","KB-1608C10.2",0.984965283672583
"AC092684.1","AC092684.1",0.984957667215764
"RP11-641D5.2","RP11-641D5.2",0.984955083162587
"LINC00397","LINC00397",0.984927946831632
"AC006145.4","AC006145.4",0.984908076981029
"RP11-677I18.4","RP11-677I18.4",0.984849997110492
"RP11-429E11.3","RP11-429E11.3",0.984802094183249
"AC113618.1","AC113618.1",0.984696132913627
"RP11-466I1.1","RP11-466I1.1",0.984682563875552
"RP11-798K3.2","RP11-798K3.2",0.984671423795253
"RP3-467K16.4","RP3-467K16.4",0.984580955791366
"RP11-431K24.3","RP11-431K24.3",0.984544801418393
"CTC-340A15.2","CTC-340A15.2",0.984447171636896
"AC073072.5","AC073072.5",0.984425240219301
"AC011747.3","AC011747.3",0.984334963972782
"CTC-441N14.2","CTC-441N14.2",0.984333430791248
"RP11-453A12.1","RP11-453A12.1",0.984249725434485
"RP11-158M2.4","RP11-158M2.4",0.984233643825367
"RP1-45C12.1","RP1-45C12.1",0.984192612817817
"CASC17","CASC17",0.984130239885859
"RP11-47I22.1","RP11-47I22.1",0.984124455047923
"RP11-566K11.4","RP11-566K11.4",0.984113355936501
"RP11-364L4.3","RP11-364L4.3",0.984107007977672
"AP000345.2","AP000345.2",0.98406536349719
"RP11-665J16.1","RP11-665J16.1",0.984057315963803
"RP11-659E9.2","RP11-659E9.2",0.984049443668357
"CTD-2139B15.5","CTD-2139B15.5",0.984041261271774
"ZNF385D-AS2","ZNF385D-AS2",0.983966400779084
"RP11-63L7.5","RP11-63L7.5",0.983948095584229
"RP1-249F5.3","RP1-249F5.3",0.983921845263481
"MIR497HG","MIR497HG",0.983894036375231
"CTD-2544H17.2","CTD-2544H17.2",0.983870641289392
"RP11-21J7.1","RP11-21J7.1",0.983851242885106
"CTD-2325P2.3","CTD-2325P2.3",0.983836791512317
"IFNG-AS1","IFNG-AS1",0.983773926908098
"RP11-433C9.2","RP11-433C9.2",0.983755780892727
"RP11-264B17.5","RP11-264B17.5",0.983678219485268
"RP11-17G12.2","RP11-17G12.2",0.983619519941107
"CTB-96E2.7","CTB-96E2.7",0.983553242110673
"AC011284.3","AC011284.3",0.983504551731098
"RP11-133L19.1","RP11-133L19.1",0.983434991561372
"AC018685.1","AC018685.1",0.983375579759415
"RP11-317C20.9","RP11-317C20.9",0.983374471751885
"PICSAR","PICSAR",0.983335562432851
"RP11-527H14.4","RP11-527H14.4",0.983327257721916
"GABRG3-AS1","GABRG3-AS1",0.983323898925964
"HOTAIRM1","HOTAIRM1",0.983300888466388
"RP11-69I8.2","RP11-69I8.2",0.983297098433611
"ZMYND10-AS1","ZMYND10-AS1",0.983275876392573
"AC104794.4","AC104794.4",0.983258726137038
"RP11-662B19.2","RP11-662B19.2",0.983249620159354
"RP11-1070N10.5","RP11-1070N10.5",0.983242152920988
"RP4-781K5.6","RP4-781K5.6",0.983133088463992
"RP11-353N14.7","RP11-353N14.7",0.983116045213122
"CTC-235G5.3","CTC-235G5.3",0.983076154341122
"AC007463.2","AC007463.2",0.982986428458887
"RP11-663P9.1","RP11-663P9.1",0.982956267069545
"CTC-575I10.1","CTC-575I10.1",0.982942196406359
"D21S2088E","D21S2088E",0.982913781166268
"HP09025","HP09025",0.982870781504491
"CTC-455F18.1","CTC-455F18.1",0.982815242492842
"LINC00298","LINC00298",0.982745725468151
"RP11-401N18.1","RP11-401N18.1",0.982711370275356
"RP11-296L22.8","RP11-296L22.8",0.982685021924232
"RP11-416I2.1","RP11-416I2.1",0.982655523528107
"RP5-1067M6.3","RP5-1067M6.3",0.9826343649826
"RP11-501O2.4","RP11-501O2.4",0.982633197019601
"AC097713.4","AC097713.4",0.982585757254249
"RP11-139K4.2","RP11-139K4.2",0.982512438673129
"RP4-737E23.2","RP4-737E23.2",0.982438592141798
"KB-173C10.1","KB-173C10.1",0.98243411489098
"CTD-3203P2.3","CTD-3203P2.3",0.982415139644626
"PACRG-AS2","PACRG-AS2",0.982409647982145
"RP11-325L12.6","RP11-325L12.6",0.982401586837479
"RP1-37J18.2","RP1-37J18.2",0.982397472469678
"RP11-729M20.1","RP11-729M20.1",0.982264372312626
"CITF22-49D8.1","CITF22-49D8.1",0.982249205251495
"AC091199.1","AC091199.1",0.982240720220492
"RP11-122K13.15","RP11-122K13.15",0.982224859832216
"RP3-483K16.4","RP3-483K16.4",0.9821727266934
"RP11-540K16.1","RP11-540K16.1",0.982143733499123
"RP11-331F9.4","RP11-331F9.4",0.982034103091444
"LINC01551","LINC01551",0.981918029674211
"RP5-1047A19.4","RP5-1047A19.4",0.981881594321653
"AC104777.3","AC104777.3",0.98187670026148
"RP11-142C4.6","RP11-142C4.6",0.981847220748516
"CTC-535M15.2","CTC-535M15.2",0.981815657546072
"RP11-13P5.1","RP11-13P5.1",0.981780836151418
"RP11-467C18.1","RP11-467C18.1",0.981776165506858
"AY269186.2","AY269186.2",0.981748194357186
"RP11-202K23.1","RP11-202K23.1",0.981746421149235
"SZT2-AS1","SZT2-AS1",0.981667924198382
"NAV2-AS5","NAV2-AS5",0.981655107603577
"RP11-659E9.4","RP11-659E9.4",0.981609352845483
"RP11-712L6.7","RP11-712L6.7",0.981499121078619
"TMEM26-AS1","TMEM26-AS1",0.981477568759598
"RP11-445N20.3","RP11-445N20.3",0.981463489993946
"AC005614.3","AC005614.3",0.981421917852998
"AP001891.1","AP001891.1",0.981375299450663
"RP11-386B13.4","RP11-386B13.4",0.98136278985874
"CTC-347C20.1","CTC-347C20.1",0.98130666580844
"AC109333.10","AC109333.10",0.981222628999655
"RP11-247L20.3","RP11-247L20.3",0.981219940037568
"RP11-371M22.1","RP11-371M22.1",0.981178106320748
"RP11-118E18.4","RP11-118E18.4",0.981173467441444
"RP4-646N3.1","RP4-646N3.1",0.981055671301747
"RP11-386I8.6","RP11-386I8.6",0.980980843614964
"RP11-474D1.1","RP11-474D1.1",0.980904443123284
"RP11-538D16.3","RP11-538D16.3",0.98090185393829
"LINC01391","LINC01391",0.980891131923051
"RP11-1136J12.1","RP11-1136J12.1",0.980810478108825
"RP11-201E8.1","RP11-201E8.1",0.980808300599349
"RP11-286H15.1","RP11-286H15.1",0.980790644219923
"RP5-1065P14.3","RP5-1065P14.3",0.980761914857623
"AC002115.5","AC002115.5",0.980704911286578
"RP1-127D3.4","RP1-127D3.4",0.980692777055331
"AC092168.4","AC092168.4",0.980692203806726
"RP11-168O16.2","RP11-168O16.2",0.980647406011297
"RP11-483P21.2","RP11-483P21.2",0.980612085252251
"RP11-79E3.2","RP11-79E3.2",0.980600546928375
"FAM167A-AS1","FAM167A-AS1",0.980593453689053
"AC008440.10","AC008440.10",0.980585501794624
"RP11-543H23.2","RP11-543H23.2",0.980471623204606
"RP11-547C13.1","RP11-547C13.1",0.980452724633448
"AC098872.3","AC098872.3",0.98040121649732
"RP11-302F12.10","RP11-302F12.10",0.980396482234283
"RP5-1009E24.8","RP5-1009E24.8",0.980324641573423
"RP13-494C23.1","RP13-494C23.1",0.980300793504337
"AC073628.1","AC073628.1",0.980274601194482
"RP3-518E13.2","RP3-518E13.2",0.980271747162481
"RP1-56K13.5","RP1-56K13.5",0.980259045315545
"RP11-598F7.6","RP11-598F7.6",0.980250532419762
"CTD-2626G11.2","CTD-2626G11.2",0.980198995304353
"LINC01268","LINC01268",0.980179379813296
"GATA3-AS1","GATA3-AS1",0.980172851736517
"LINC00604","LINC00604",0.980147092417632
"LINC00304","LINC00304",0.979979278601468
"RP11-700E23.2","RP11-700E23.2",0.979958209215198
"RP11-302L19.3","RP11-302L19.3",0.979932961796651
"RP4-569D19.8","RP4-569D19.8",0.979909060826985
"RP11-516J2.1","RP11-516J2.1",0.979863840985927
"RP4-715N11.2","RP4-715N11.2",0.979846125711895
"RP1-17K7.2","RP1-17K7.2",0.979839031032855
"RP11-355I22.2","RP11-355I22.2",0.979837521379656
"DNM3OS","DNM3OS",0.979826432312868
"AC009227.3","AC009227.3",0.979783657334445
"RP13-507P19.2","RP13-507P19.2",0.979758724419255
"RP11-10J21.3","RP11-10J21.3",0.979735111260051
"UST-AS1","UST-AS1",0.979723911182893
"RP11-158L12.5","RP11-158L12.5",0.979710230635617
"LINC00702","LINC00702",0.979693903055067
"RP11-618M23.2","RP11-618M23.2",0.979645686539847
"AC007271.3","AC007271.3",0.979606813241
"RP11-431M7.2","RP11-431M7.2",0.979598140964124
"CTD-2008L17.2","CTD-2008L17.2",0.979588129230892
"CTD-2135D7.5","CTD-2135D7.5",0.979509692007208
"AC022201.5","AC022201.5",0.979470877479359
"RP5-1103B4.3","RP5-1103B4.3",0.979378824069111
"RP11-387H17.6","RP11-387H17.6",0.979376804080192
"RP11-344P13.1","RP11-344P13.1",0.979332379196879
"RP3-468B3.2","RP3-468B3.2",0.979300129631399
"LINC01087","LINC01087",0.979270772602737
"RP11-449D8.5","RP11-449D8.5",0.979258480010634
"FAM225B","FAM225B",0.979135022081565
"RP11-403A3.3","RP11-403A3.3",0.979068423203422
"RP11-455F5.5","RP11-455F5.5",0.978994264482494
"IGBP1-AS2","IGBP1-AS2",0.978983522280091
"SLC26A4-AS1","SLC26A4-AS1",0.978956649411142
"AC007106.1","AC007106.1",0.978951089263435
"RP4-539M6.22","RP4-539M6.22",0.978917475283897
"CTD-3116E22.7","CTD-3116E22.7",0.978906292558584
"RP11-375B1.2","RP11-375B1.2",0.97881160762408
"RP11-776H12.1","RP11-776H12.1",0.978744877486156
"AGBL1-AS1","AGBL1-AS1",0.978721178889761
"RP11-304L19.4","RP11-304L19.4",0.978719770119464
"FENDRR","FENDRR",0.97871604508914
"RP11-231C18.1","RP11-231C18.1",0.978714765047247
"RP11-381N20.1","RP11-381N20.1",0.978705292370583
"MIR1302-2","MIR1302-2",0.978640209076651
"RP1-118J21.25","RP1-118J21.25",0.978638167101582
"RP1-224A6.3","RP1-224A6.3",0.978618718880545
"RP5-1028L10.1","RP5-1028L10.1",0.978602119293682
"AC016292.1","AC016292.1",0.978580032949121
"RP11-76C10.2","RP11-76C10.2",0.978559554376572
"RP11-77B22.2","RP11-77B22.2",0.978488978590687
"RP11-405K6.1","RP11-405K6.1",0.978463765978125
"RP11-756P10.5","RP11-756P10.5",0.97841844183007
"RP11-471L13.2","RP11-471L13.2",0.978386325957663
"DAB1-AS1","DAB1-AS1",0.978378185774389
"RP11-834C11.4","RP11-834C11.4",0.978337943467969
"RP5-998N21.4","RP5-998N21.4",0.978332198945325
"CTA-305I2.1","CTA-305I2.1",0.978287200051041
"RP1-102D24.5","RP1-102D24.5",0.97828276999466
"RP4-718N17.2","RP4-718N17.2",0.978256119338688
"XXbac-B444P24.8","XXbac-B444P24.8",0.978233271998612
"BX470102.3","BX470102.3",0.978181918259074
"CTA-249B10.1","CTA-249B10.1",0.978180631822295
"PCAT19","PCAT19",0.978087504829615
"RP11-163M18.1","RP11-163M18.1",0.978075287469352
"RP3-410C9.2","RP3-410C9.2",0.978039123615035
"MEOX2-AS1","MEOX2-AS1",0.977923039197521
"RP11-673F18.1","RP11-673F18.1",0.977888530256703
"AC133785.1","AC133785.1",0.977864088864227
"LINGO1-AS1","LINGO1-AS1",0.977862345804614
"SSBP3-AS1","SSBP3-AS1",0.977774871319702
"RP11-523L20.2","RP11-523L20.2",0.977766266015592
"RP11-335O13.7","RP11-335O13.7",0.977762443017956
"RP11-142A22.4","RP11-142A22.4",0.977670792464169
"RP11-232C2.2","RP11-232C2.2",0.977659985014171
"RP3-425P12.5","RP3-425P12.5",0.977652951722122
"HCCAT5","HCCAT5",0.977629096691469
"RP4-530I15.6","RP4-530I15.6",0.977489174004357
"AC012506.4","AC012506.4",0.977473453587865
"RP11-1123I8.1","RP11-1123I8.1",0.977369554115404
"COLCA1","COLCA1",0.977367820463016
"RP11-16D22.2","RP11-16D22.2",0.977365699956651
"RP11-136H19.1","RP11-136H19.1",0.977330866353848
"AC108463.1","AC108463.1",0.977301202122336
"RP11-399E6.4","RP11-399E6.4",0.977288096226649
"JADRR","JADRR",0.977278708556896
"FLJ37505","FLJ37505",0.97724327526244
"LINC01254","LINC01254",0.977210970587435
"RP11-304L19.2","RP11-304L19.2",0.977200800734953
"RP3-380E11.2","RP3-380E11.2",0.977198746292043
"VAC14-AS1","VAC14-AS1",0.977173686601949
"AC012506.3","AC012506.3",0.977167303700565
"RP13-49I15.6","RP13-49I15.6",0.977126930502174
"RP13-349O20.2","RP13-349O20.2",0.977110503567531
"LINC01271","LINC01271",0.977086476615088
"LINC01388","LINC01388",0.976994276774905
"LINC01532","LINC01532",0.976991249293417
"RP11-569D9.6","RP11-569D9.6",0.976950856021675
"ETV5-AS1","ETV5-AS1",0.976950390437984
"RP11-186F10.2","RP11-186F10.2",0.976941248937853
"RP11-638L3.3","RP11-638L3.3",0.976932043781063
"RP4-742N3.1","RP4-742N3.1",0.976925350622018
"RP11-78I14.1","RP11-78I14.1",0.976907597717673
"RP11-350A1.2","RP11-350A1.2",0.976871658714668
"RP11-197N18.7","RP11-197N18.7",0.976866364678248
"LINC01141","LINC01141",0.97681951153204
"RP11-300M24.1","RP11-300M24.1",0.976800584514054
"RP11-1C1.4","RP11-1C1.4",0.97679815080921
"AP000345.1","AP000345.1",0.976791542341386
"LINC01016","LINC01016",0.976754457407934
"RP11-534L20.5","RP11-534L20.5",0.976745536205836
"CTB-91J4.1","CTB-91J4.1",0.976692059876815
"CTD-3012A18.1","CTD-3012A18.1",0.976687707806118
"RP11-109E24.2","RP11-109E24.2",0.976684115077813
"LINC00355","LINC00355",0.976671279479638
"AC003958.2","AC003958.2",0.976657501607288
"RP11-244F12.3","RP11-244F12.3",0.976591399430156
"RP11-52J3.2","RP11-52J3.2",0.976591321340531
"AJ003147.8","AJ003147.8",0.976552906928151
"FAM83H-AS1","FAM83H-AS1",0.976548558427917
"RP1-283K11.2","RP1-283K11.2",0.976478195045038
"AP000476.1","AP000476.1",0.97642936721733
"RP11-536I6.2","RP11-536I6.2",0.976423628189882
"RP11-543A18.1","RP11-543A18.1",0.976407862560747
"FREM2-AS1","FREM2-AS1",0.976403278430403
"USP2-AS1","USP2-AS1",0.976322808004906
"CTD-2313P7.1","CTD-2313P7.1",0.976302976198658
"RP11-354K1.1","RP11-354K1.1",0.976296436163488
"RP11-175K6.1","RP11-175K6.1",0.975979518643483
"CTD-2017F17.1","CTD-2017F17.1",0.975929636872314
"RP11-12K22.1","RP11-12K22.1",0.97591978128403
"RP5-837J1.6","RP5-837J1.6",0.975897998534005
"CTC-347C20.2","CTC-347C20.2",0.975891506119576
"AC011995.1","AC011995.1",0.975861309750537
"CCDC26","CCDC26",0.975851787152435
"AC098828.2","AC098828.2",0.975788296560463
"RP5-1119O21.2","RP5-1119O21.2",0.975776159317571
"AC087499.10","AC087499.10",0.975765402636212
"RP11-863K10.2","RP11-863K10.2",0.975756461789951
"RP11-24F11.5","RP11-24F11.5",0.975724840594718
"RP11-153K16.1","RP11-153K16.1",0.975650309138084
"LINC00645","LINC00645",0.975645562627041
"LINC01584","LINC01584",0.975532095050901
"LINC00529","LINC00529",0.975531650888553
"CTC-321K16.1","CTC-321K16.1",0.975482769277369
"RP11-799B12.2","RP11-799B12.2",0.975450114605057
"LY86-AS1","LY86-AS1",0.975440296206952
"RP11-358M14.2","RP11-358M14.2",0.975319780312538
"LINC01448","LINC01448",0.975186118105868
"RP11-6F6.1","RP11-6F6.1",0.975182529086569
"AC116609.3","AC116609.3",0.975141235014074
"RP11-287D1.2","RP11-287D1.2",0.975075886722176
"RP11-23E19.1","RP11-23E19.1",0.975023387614688
"LINC01625","LINC01625",0.974981417612836
"RP4-745E8.2","RP4-745E8.2",0.97496836277358
"RP11-759A24.3","RP11-759A24.3",0.97486794880421
"RP11-177F15.1","RP11-177F15.1",0.974844652603608
"RP11-544I20.2","RP11-544I20.2",0.974823602258806
"AF003625.3","AF003625.3",0.974811757934764
"DBET","DBET",0.974811004459301
"RP11-713N11.6","RP11-713N11.6",0.974743344493205
"LINC00243","LINC00243",0.974740937598602
"AC010761.13","AC010761.13",0.974732554678086
"LINC01412","LINC01412",0.974692540883444
"RP11-863P13.3","RP11-863P13.3",0.974636262897179
"RP11-146G7.2","RP11-146G7.2",0.974622908557855
"RP11-298H24.1","RP11-298H24.1",0.974602366236257
"RP11-368L12.1","RP11-368L12.1",0.974464543980379
"MSC-AS1","MSC-AS1",0.974452654479065
"RP11-368I7.4","RP11-368I7.4",0.97441160751944
"RP11-372E1.4","RP11-372E1.4",0.974312792802204
"CTD-2050N2.1","CTD-2050N2.1",0.974156602478762
"RP3-467K16.2","RP3-467K16.2",0.974044780357176
"RP11-288L9.1","RP11-288L9.1",0.97401826792454
"RP11-515O17.3","RP11-515O17.3",0.973986423307062
"RP4-726N1.2","RP4-726N1.2",0.973968454911821
"CTD-2201E9.1","CTD-2201E9.1",0.973951736862569
"AC144835.1","AC144835.1",0.973873042118851
"RP11-6I2.4","RP11-6I2.4",0.973840039021402
"RP11-419C19.2","RP11-419C19.2",0.973806965003568
"RP11-202G18.1","RP11-202G18.1",0.97374550517881
"CTB-118P15.2","CTB-118P15.2",0.973719791886039
"RP11-680F20.4","RP11-680F20.4",0.973695201752796
"RP11-147C23.1","RP11-147C23.1",0.973692018307306
"AC023347.1","AC023347.1",0.973665053886661
"CTB-187M2.2","CTB-187M2.2",0.973663135977549
"AC004941.3","AC004941.3",0.973655337478681
"AC009133.17","AC009133.17",0.973633035285054
"RP11-661A12.9","RP11-661A12.9",0.973616672922049
"AC010084.1","AC010084.1",0.973612802212073
"RP11-448G4.4","RP11-448G4.4",0.973605034921591
"LINC01549","LINC01549",0.973581854769499
"AC097468.4","AC097468.4",0.97355597099353
"RP11-732A21.2","RP11-732A21.2",0.973494345474285
"AC106900.6","AC106900.6",0.973455956270823
"RP13-348B13.2","RP13-348B13.2",0.973445329337147
"RP11-343H5.6","RP11-343H5.6",0.973435858292718
"RP11-159N11.3","RP11-159N11.3",0.973385019084481
"RP11-779P15.2","RP11-779P15.2",0.973357927578319
"CITF22-1A6.3","CITF22-1A6.3",0.973321102664428
"RP11-82L7.4","RP11-82L7.4",0.973214544784025
"RP11-212I21.2","RP11-212I21.2",0.973118179226869
"RP11-550H2.2","RP11-550H2.2",0.97311770044244
"RP11-267N12.1","RP11-267N12.1",0.973070195434541
"RP11-347P5.1","RP11-347P5.1",0.97302989146037
"AC007652.1","AC007652.1",0.973017162368017
"RP11-523H24.3","RP11-523H24.3",0.973002755743211
"RP11-89F3.2","RP11-89F3.2",0.97292596545819
"RP11-44F14.2","RP11-44F14.2",0.972876489261442
"RP11-429J17.7","RP11-429J17.7",0.97286648362634
"CTA-407F11.7","CTA-407F11.7",0.972726309358425
"RP3-390M24.1","RP3-390M24.1",0.972623603996153
"XXbac-BPG249D20.9","XXbac-BPG249D20.9",0.972531157864805
"LINC01397","LINC01397",0.972522510421105
"CTB-78F1.1","CTB-78F1.1",0.972472411621293
"ADPGK-AS1","ADPGK-AS1",0.972466975393503
"LINC01491","LINC01491",0.97245092189453
"CTD-3064M3.7","CTD-3064M3.7",0.972430240990314
"LINC01104","LINC01104",0.972341095158761
"RP11-325D15.2","RP11-325D15.2",0.972329640371052
"RP11-893F2.14","RP11-893F2.14",0.972295914067576
"CTD-2527I21.7","CTD-2527I21.7",0.972235296876987
"CTC-297N7.9","CTC-297N7.9",0.972229594116569
"RP11-338E21.3","RP11-338E21.3",0.97220001178463
"RP11-76P2.4","RP11-76P2.4",0.972155879846124
"DPP10-AS2","DPP10-AS2",0.972129380393065
"NFE4","NFE4",0.972121925203732
"AF001550.7","AF001550.7",0.972087480834877
"CTD-2410N18.3","CTD-2410N18.3",0.971963254091759
"RP11-338L18.1","RP11-338L18.1",0.971942847441834
"RP5-872K7.7","RP5-872K7.7",0.971901400852974
"RP11-264E18.1","RP11-264E18.1",0.97176865452516
"RP11-783K16.5","RP11-783K16.5",0.971741530489001
"RP11-276E17.2","RP11-276E17.2",0.971733234309492
"RP11-26E5.1","RP11-26E5.1",0.971662631616462
"RP4-799P18.3","RP4-799P18.3",0.971554633895184
"AC005740.6","AC005740.6",0.971553047679239
"RP11-148O21.6","RP11-148O21.6",0.971457671816367
"RP11-209K10.2","RP11-209K10.2",0.971379823275544
"RP11-575A19.2","RP11-575A19.2",0.971369767434862
"C8orf34-AS1","C8orf34-AS1",0.971362205686569
"RP11-107F6.3","RP11-107F6.3",0.971337119198534
"RP11-63N3.1","RP11-63N3.1",0.971317112360024
"CTC-296K1.4","CTC-296K1.4",0.971293646592739
"IGFBP7-AS1","IGFBP7-AS1",0.971253712049445
"RP11-639B1.1","RP11-639B1.1",0.971218515608058
"CTD-2358C21.5","CTD-2358C21.5",0.97121835962877
"RP11-264M12.2","RP11-264M12.2",0.971154194258738
"RP11-343J3.2","RP11-343J3.2",0.971144276051295
"AL592528.1","AL592528.1",0.971057705296551
"RP11-790J24.1","RP11-790J24.1",0.971008980111129
"RP11-321E2.3","RP11-321E2.3",0.97087372012896
"AC109642.1","AC109642.1",0.970858067679836
"CTA-992D9.8","CTA-992D9.8",0.970840413465905
"GACAT2","GACAT2",0.970833744355477
"XXbac-BPG299F13.14","XXbac-BPG299F13.14",0.970823078599551
"RP11-152P17.3","RP11-152P17.3",0.970821367753968
"CTD-2168K21.1","CTD-2168K21.1",0.970750509631157
"AC114765.1","AC114765.1",0.970726131305067
"RP1-140K8.5","RP1-140K8.5",0.970712403667993
"RP4-677H15.4","RP4-677H15.4",0.970712065245218
"LINC01565","LINC01565",0.97070352802599
"AC007950.1","AC007950.1",0.970694317198554
"RP11-1143G9.4","RP11-1143G9.4",0.970692617163862
"RP11-689P11.3","RP11-689P11.3",0.970672006281478
"CALML3-AS1","CALML3-AS1",0.970620675895864
"RP11-356I2.4","RP11-356I2.4",0.970540112066825
"LINC01146","LINC01146",0.970459179212776
"MKRN3-AS1","MKRN3-AS1",0.970454878899705
"RP11-33M22.2","RP11-33M22.2",0.970440675494546
"RP11-176N18.2","RP11-176N18.2",0.970396317357947
"LINC01354","LINC01354",0.970318777398611
"AP000770.1","AP000770.1",0.970312297669118
"RP5-1021I20.8","RP5-1021I20.8",0.970285198562686
"RP11-121A8.1","RP11-121A8.1",0.970166564139623
"RP11-563D10.1","RP11-563D10.1",0.970114967350662
"RP11-784B15.1","RP11-784B15.1",0.970031165008569
"RP5-1142A6.10","RP5-1142A6.10",0.970027049381888
"CTA-339C12.1","CTA-339C12.1",0.970022306982752
"CH507-39O4.1","CH507-39O4.1",0.969973658502015
"RP11-77K12.10","RP11-77K12.10",0.969899503611363
"AP000469.2","AP000469.2",0.969896013736116
"RP1-20B21.4","RP1-20B21.4",0.969860233635655
"RP11-321P16.1","RP11-321P16.1",0.969841953583838
"RP11-99C10.1","RP11-99C10.1",0.96979578964728
"AP000695.4","AP000695.4",0.969784292880197
"RP11-286O18.1","RP11-286O18.1",0.969672528587074
"GS1-39E22.2","GS1-39E22.2",0.969659422465531
"RP11-36N20.1","RP11-36N20.1",0.96955852818225
"RP11-568A7.3","RP11-568A7.3",0.969549477236836
"RP11-407G23.1","RP11-407G23.1",0.969529501137488
"PRRX2-AS1","PRRX2-AS1",0.969480976257267
"RP11-561B11.3","RP11-561B11.3",0.969309519421395
"LINC00299","LINC00299",0.969277135588716
"AL157359.3","AL157359.3",0.969242758545729
"LINC00880","LINC00880",0.969226204683154
"RP11-307C18.1","RP11-307C18.1",0.969222359111971
"RP11-421P23.1","RP11-421P23.1",0.969206054403699
"CTD-2130O13.1","CTD-2130O13.1",0.969203766419137
"AC124861.1","AC124861.1",0.969162093383522
"LINC00348","LINC00348",0.96914714395038
"RP11-536K7.3","RP11-536K7.3",0.969133554262784
"HCG22","HCG22",0.969123999516494
"RP1-155D22.2","RP1-155D22.2",0.969092107449972
"RP11-428K3.1","RP11-428K3.1",0.969033559592694
"LINC01489","LINC01489",0.969020194266457
"AC012123.1","AC012123.1",0.969015878414104
"RP11-763B22.4","RP11-763B22.4",0.968951698717782
"CTD-3035K23.7","CTD-3035K23.7",0.968936990644269
"RP11-132A1.4","RP11-132A1.4",0.968863373543013
"LINC00051","LINC00051",0.968842956674585
"RP11-297M9.1","RP11-297M9.1",0.968789391578518
"RP11-285E9.6","RP11-285E9.6",0.968736584532261
"C2orf48","C2orf48",0.96871697321674
"CTD-2035E11.4","CTD-2035E11.4",0.968716353037444
"AC104781.1","AC104781.1",0.968688324005658
"SAMSN1-AS1","SAMSN1-AS1",0.968646386352718
"HRAT17","HRAT17",0.968643645928972
"CTD-2540B15.12","CTD-2540B15.12",0.968566980025951
"AP001055.6","AP001055.6",0.96855514472182
"RP11-334A14.5","RP11-334A14.5",0.968546248807144
"RP11-1334A24.6","RP11-1334A24.6",0.968528756342724
"AC005082.12","AC005082.12",0.968419968320712
"RP1-228P16.5","RP1-228P16.5",0.968234270796186
"RP11-92B11.4","RP11-92B11.4",0.968110085242697
"FBXO3-AS1","FBXO3-AS1",0.968074730622297
"RP4-616B8.4","RP4-616B8.4",0.968039312581613
"RP11-571M6.18","RP11-571M6.18",0.968027336157109
"C18orf65","C18orf65",0.967978308013493
"RP11-493L12.5","RP11-493L12.5",0.967920162199885
"RP11-252A24.5","RP11-252A24.5",0.967913777481933
"AC009480.3","AC009480.3",0.967871281865377
"RP11-34C15.2","RP11-34C15.2",0.96786026971943
"RP11-325F22.2","RP11-325F22.2",0.967795479038494
"RP11-314B1.2","RP11-314B1.2",0.967787910164167
"HTR5A-AS1","HTR5A-AS1",0.967767074370251
"RP11-178F10.2","RP11-178F10.2",0.967741540637298
"RP11-923I11.3","RP11-923I11.3",0.967721620345337
"RP1-231P7P.1","RP1-231P7P.1",0.967698399108497
"AC093911.1","AC093911.1",0.967691593752728
"AC004692.4","AC004692.4",0.967680332978069
"RP11-114H24.7","RP11-114H24.7",0.9676659525032
"RP11-867G23.2","RP11-867G23.2",0.967640721730252
"RP11-626P14.2","RP11-626P14.2",0.967606454512747
"AC016710.1","AC016710.1",0.967548617475974
"RP11-856M7.2","RP11-856M7.2",0.967537283283872
"RP11-568A7.4","RP11-568A7.4",0.967529234521774
"RP11-650L12.2","RP11-650L12.2",0.96735322711662
"RP11-688I9.2","RP11-688I9.2",0.967338871313361
"RP11-352D13.6","RP11-352D13.6",0.967293843785622
"RP11-238I10.1","RP11-238I10.1",0.967292839730734
"CSMD2-AS1","CSMD2-AS1",0.967259608390487
"RP11-163F15.1","RP11-163F15.1",0.967222205468977
"RP11-257I14.1","RP11-257I14.1",0.967219839494033
"AC010729.2","AC010729.2",0.967159051732701
"AC067956.1","AC067956.1",0.967128366215911
"RP4-564O4.1","RP4-564O4.1",0.967107770731855
"RP4-683L5.1","RP4-683L5.1",0.967102644725999
"LINC00398","LINC00398",0.967030520495571
"RP11-16E12.2","RP11-16E12.2",0.966965958359551
"CTC-497E21.3","CTC-497E21.3",0.966952104919925
"RP11-335I12.2","RP11-335I12.2",0.96693979581837
"RP11-505C13.1","RP11-505C13.1",0.96684563412759
"CTC-353G13.1","CTC-353G13.1",0.966807663695304
"RP11-470M17.2","RP11-470M17.2",0.96673108429148
"RP11-436K8.1","RP11-436K8.1",0.96669762106551
"AC007050.17","AC007050.17",0.966675704024634
"RP11-439K3.1","RP11-439K3.1",0.966673452198274
"AC073641.2","AC073641.2",0.966643175391982
"RP11-360L9.8","RP11-360L9.8",0.966626577851104
"XXyac-YX155B6.7","XXyac-YX155B6.7",0.966611514158102
"RP5-1180C18.1","RP5-1180C18.1",0.966440694356087
"AC067969.2","AC067969.2",0.966437060133483
"RP11-22A3.1","RP11-22A3.1",0.966390259338837
"WASIR2","WASIR2",0.966381337110975
"LINC00840","LINC00840",0.966336311219812
"MNX1-AS2","MNX1-AS2",0.966308247392175
"AC104534.2","AC104534.2",0.96629281394708
"LINC01249","LINC01249",0.966267512735346
"RP11-543F8.2","RP11-543F8.2",0.96626176045489
"DGCR9","DGCR9",0.966231471431885
"RP11-123K19.1","RP11-123K19.1",0.966185683426504
"RP11-429B14.4","RP11-429B14.4",0.966127055662586
"LINC00323","LINC00323",0.966110122062075
"RP11-93B14.9","RP11-93B14.9",0.966080313105324
"LINC01496","LINC01496",0.966074275007273
"RP11-439K3.3","RP11-439K3.3",0.96605970678194
"RP11-35P15.1","RP11-35P15.1",0.966027963265331
"AC007249.3","AC007249.3",0.96602379562106
"RP11-138I18.2","RP11-138I18.2",0.966018362654794
"RP11-733C7.1","RP11-733C7.1",0.965985572522402
"RP11-2H8.2","RP11-2H8.2",0.965982393997851
"LINC01508","LINC01508",0.965964432753929
"RP11-631F7.2","RP11-631F7.2",0.965920530184806
"CITF22-92A6.1","CITF22-92A6.1",0.965738150938525
"RP11-429E11.2","RP11-429E11.2",0.965696746351121
"LINC00929","LINC00929",0.965658363375372
"LLNLR-307A6.1","LLNLR-307A6.1",0.965641135854564
"RP11-1109M24.16","RP11-1109M24.16",0.965630376343198
"RP11-298I3.4","RP11-298I3.4",0.965553868102067
"AC079584.2","AC079584.2",0.965522249994427
"RP11-295G12.1","RP11-295G12.1",0.965436516705562
"RP11-706J10.2","RP11-706J10.2",0.965408373788766
"LINC01522","LINC01522",0.965318113238557
"AC007182.6","AC007182.6",0.965293294816105
"RP11-162J8.3","RP11-162J8.3",0.965201346786461
"RP11-106M7.1","RP11-106M7.1",0.965121943703135
"RP11-644K8.1","RP11-644K8.1",0.965092760015321
"RP11-74H8.1","RP11-74H8.1",0.965078111992119
"RP1-310O13.7","RP1-310O13.7",0.964908167919538
"RP11-588H23.3","RP11-588H23.3",0.964886303898382
"AC092652.1","AC092652.1",0.964863352333815
"LINC01269","LINC01269",0.964832639464284
"ATP13A5-AS1","ATP13A5-AS1",0.964827251719361
"RP11-321F8.4","RP11-321F8.4",0.964788166925753
"RP11-588G21.2","RP11-588G21.2",0.964774316515977
"RP11-48F14.1","RP11-48F14.1",0.964729289365896
"RP11-573D15.2","RP11-573D15.2",0.964725184849567
"AC015922.6","AC015922.6",0.964641372895695
"RP11-756G20.1","RP11-756G20.1",0.964617702616706
"LINC00507","LINC00507",0.964588014954333
"RP11-354E11.2","RP11-354E11.2",0.964584610142054
"AC142293.3","AC142293.3",0.964576644679402
"CH17-353B19.1","CH17-353B19.1",0.964521441304627
"CTD-2586B10.1","CTD-2586B10.1",0.964486203729871
"CTD-2532D12.4","CTD-2532D12.4",0.964443785800497
"HOXA-AS2","HOXA-AS2",0.964331130526345
"CERS3-AS1","CERS3-AS1",0.964315673593802
"HSPC324","HSPC324",0.964263585572588
"CTD-2555A7.3","CTD-2555A7.3",0.964126980454397
"CTC-264O10.1","CTC-264O10.1",0.964107516638582
"RP11-405M12.3","RP11-405M12.3",0.964094157529444
"RP11-142M10.2","RP11-142M10.2",0.964084087494446
"CTC-338M12.1","CTC-338M12.1",0.96402126913582
"COL4A2-AS2","COL4A2-AS2",0.964004991253886
"RP11-56L13.7","RP11-56L13.7",0.963977067050971
"RP1-261G23.7","RP1-261G23.7",0.963949723902543
"RP11-160E2.19","RP11-160E2.19",0.963894228087443
"RP11-472N13.3","RP11-472N13.3",0.96389005512107
"CTB-120L21.1","CTB-120L21.1",0.963875163530115
"RP11-213G21.2","RP11-213G21.2",0.963861247864034
"RP11-946L16.2","RP11-946L16.2",0.96377153712107
"RP5-865N13.2","RP5-865N13.2",0.963728795915104
"CTD-2139B15.2","CTD-2139B15.2",0.963704617289368
"CTB-1144G6.6","CTB-1144G6.6",0.963679817993736
"BX322557.13","BX322557.13",0.963668644920901
"RP11-216M21.5","RP11-216M21.5",0.963647246385517
"CTD-3088G3.6","CTD-3088G3.6",0.963630965674252
"OVAAL","OVAAL",0.963593669279056
"FLJ33581","FLJ33581",0.963531705301247
"CTD-2528A14.1","CTD-2528A14.1",0.963530809367183
"RP3-512B11.3","RP3-512B11.3",0.96351596951245
"LINC01482","LINC01482",0.963506792441863
"RP11-552E20.1","RP11-552E20.1",0.963421091948836
"RP11-797A18.3","RP11-797A18.3",0.963346304510463
"RP3-326I13.1","RP3-326I13.1",0.963321621745547
"RP11-16P20.3","RP11-16P20.3",0.963319357442272
"RP11-338C15.3","RP11-338C15.3",0.963306333227089
"AC004125.3","AC004125.3",0.963230906563305
"RP5-956O18.3","RP5-956O18.3",0.963227615637155
"CTB-180C19.1","CTB-180C19.1",0.963204306192709
"AC002306.1","AC002306.1",0.96312150146801
"RP11-764K9.1","RP11-764K9.1",0.963039270299318
"RP11-598C10.2","RP11-598C10.2",0.963016506892205
"AL163953.2","AL163953.2",0.963004990358235
"CTD-2187J20.1","CTD-2187J20.1",0.962947672170675
"LINC01160","LINC01160",0.962935794541735
"LINC01151","LINC01151",0.962878149368191
"LL22NC03-N95F10.1","LL22NC03-N95F10.1",0.962862747634098
"RP11-426C22.4","RP11-426C22.4",0.962862426987193
"RP11-506H20.1","RP11-506H20.1",0.962837994993549
"AC092614.2","AC092614.2",0.962797849669592
"AC002331.1","AC002331.1",0.962760212689243
"RP11-192H23.7","RP11-192H23.7",0.962686795751165
"RP11-211N11.5","RP11-211N11.5",0.962674952069407
"RP5-881L22.5","RP5-881L22.5",0.962620515722273
"RP11-351A20.1","RP11-351A20.1",0.962603971278506
"RP11-94B19.1","RP11-94B19.1",0.962588170927099
"RP11-295P9.6","RP11-295P9.6",0.962566312306896
"AC000099.1","AC000099.1",0.962541285651743
"RP11-76C10.5","RP11-76C10.5",0.96249165239931
"RP3-399L15.2","RP3-399L15.2",0.962439759704454
"GS1-519E5.1","GS1-519E5.1",0.962423816174291
"RP11-76I14.1","RP11-76I14.1",0.962370248615594
"RP11-138I1.3","RP11-138I1.3",0.962342721659584
"RP11-275I4.1","RP11-275I4.1",0.962312719333512
"RP11-543D10.2","RP11-543D10.2",0.962283748171917
"RP5-1142A6.5","RP5-1142A6.5",0.962238224905583
"TTTY4B","TTTY4B",0.96215069638522
"CTC-296K1.3","CTC-296K1.3",0.962124153283999
"AC007193.8","AC007193.8",0.962119881916378
"CTC-436K13.6","CTC-436K13.6",0.962118024377246
"MAFA-AS1","MAFA-AS1",0.962111797298226
"RP11-28O3.2","RP11-28O3.2",0.962040881587879
"RP11-674P19.2","RP11-674P19.2",0.96201748381272
"MIR2117HG","MIR2117HG",0.96199209574458
"RP1-137K24.1","RP1-137K24.1",0.96198248484193
"LINC01623","LINC01623",0.961959535331911
"AC011747.6","AC011747.6",0.961957873442852
"RP11-48G14.3","RP11-48G14.3",0.961947102198604
"CTB-158D10.3","CTB-158D10.3",0.961907568298634
"RP11-69C17.4","RP11-69C17.4",0.961884748945148
"RP11-281P23.1","RP11-281P23.1",0.961868714038117
"LRRC3-AS1","LRRC3-AS1",0.961845273945888
"LINC01374","LINC01374",0.961825390275936
"RP11-552E20.4","RP11-552E20.4",0.961793240310689
"AC006273.5","AC006273.5",0.96174973894913
"RP11-356O9.2","RP11-356O9.2",0.961732931477265
"CCDC39-AS1","CCDC39-AS1",0.961697636182993
"RP13-436F16.1","RP13-436F16.1",0.961616372005443
"RP11-182J1.13","RP11-182J1.13",0.961602676066985
"AC004449.6","AC004449.6",0.961523849595293
"RP11-445K13.2","RP11-445K13.2",0.961510756585734
"RP11-555J4.3","RP11-555J4.3",0.961429691678212
"AC140542.2","AC140542.2",0.961427169378977
"EHHADH-AS1","EHHADH-AS1",0.961426000625763
"LINC00463","LINC00463",0.961391545178708
"RP11-136O12.2","RP11-136O12.2",0.961355598274903
"RP11-168K9.2","RP11-168K9.2",0.961329639187141
"RP11-701H16.4","RP11-701H16.4",0.961281293314785
"RP11-9N20.3","RP11-9N20.3",0.961210980676119
"LINC01346","LINC01346",0.961182628339
"RP11-276H7.2","RP11-276H7.2",0.961158782046114
"RP11-597M12.2","RP11-597M12.2",0.961150013554429
"RP11-500C11.3","RP11-500C11.3",0.961103708944512
"RP11-309L24.2","RP11-309L24.2",0.96110140648433
"RP11-497G19.3","RP11-497G19.3",0.961101170680394
"LINC00841","LINC00841",0.961070801457348
"RP5-1121H13.4","RP5-1121H13.4",0.961067658928278
"C11orf72","C11orf72",0.960923518078069
"TMEM51-AS1","TMEM51-AS1",0.960873708270684
"CTD-2194L12.2","CTD-2194L12.2",0.960833398550674
"LINC01474","LINC01474",0.960798565922827
"RP5-1065P14.2","RP5-1065P14.2",0.96075811948573
"CFAP44-AS1","CFAP44-AS1",0.960694969397773
"RP11-15L13.4","RP11-15L13.4",0.960694386506931
"AC114877.3","AC114877.3",0.960624266004879
"RP11-94B19.3","RP11-94B19.3",0.960605073243483
"RP11-312J18.6","RP11-312J18.6",0.960597897510203
"LINC01189","LINC01189",0.960548542039811
"RP11-526H11.1","RP11-526H11.1",0.960404275576925
"RP11-116N8.4","RP11-116N8.4",0.960378677516801
"RP11-605F22.2","RP11-605F22.2",0.960330664256244
"RP11-963H4.3","RP11-963H4.3",0.960274939786928
"AC092570.2","AC092570.2",0.960250161999579
"CTC-498J12.1","CTC-498J12.1",0.960234481275171
"RP11-383J24.1","RP11-383J24.1",0.960202118328298
"RP11-11N7.4","RP11-11N7.4",0.96016669348747
"CTC-265N9.1","CTC-265N9.1",0.960155385637815
"RP3-507I15.2","RP3-507I15.2",0.96012067711862
"RP11-779O18.1","RP11-779O18.1",0.960058613455358
"RP11-255E6.6","RP11-255E6.6",0.959961440242563
"RP11-394I13.3","RP11-394I13.3",0.959861735091135
"RP11-236L14.1","RP11-236L14.1",0.959860772339468
"LINC01375","LINC01375",0.959851761634431
"AC007009.1","AC007009.1",0.959806760252316
"AC022182.3","AC022182.3",0.959773066590407
"LINC01394","LINC01394",0.959716768002635
"AC007743.1","AC007743.1",0.959713536508437
"RP11-513H8.1","RP11-513H8.1",0.959659151426304
"RP11-497K21.1","RP11-497K21.1",0.959651217217147
"AADACL2-AS1","AADACL2-AS1",0.959646202743665
"TRIM31-AS1","TRIM31-AS1",0.959630308180017
"RP11-366L20.4","RP11-366L20.4",0.959617954944445
"RP11-332K15.1","RP11-332K15.1",0.959504315528922
"CTD-2055G21.1","CTD-2055G21.1",0.959480961991075
"RP5-1061H20.5","RP5-1061H20.5",0.959465988485442
"WI2-85898F10.2","WI2-85898F10.2",0.959407940558259
"CTD-2085J24.3","CTD-2085J24.3",0.959382286434082
"ALDH1L1-AS1","ALDH1L1-AS1",0.959369854985555
"AC012354.6","AC012354.6",0.959352617984478
"CH507-145C22.1","CH507-145C22.1",0.959339294541073
"RP11-344B5.2","RP11-344B5.2",0.95931043025823
"LINC01133","LINC01133",0.95927961910599
"RP11-554D13.1","RP11-554D13.1",0.959269343353825
"RP11-778O17.4","RP11-778O17.4",0.959265012112741
"AC073046.25","AC073046.25",0.95917390105708
"LINC00499","LINC00499",0.959147403818897
"CTC-523E23.4","CTC-523E23.4",0.959138596078397
"CTC-552D5.1","CTC-552D5.1",0.959105893355045
"RP11-431D12.1","RP11-431D12.1",0.959079764932147
"RP11-530C5.2","RP11-530C5.2",0.959045693938811
"RP5-1028K7.2","RP5-1028K7.2",0.959033070341545
"RP11-285G1.9","RP11-285G1.9",0.959017947126991
"RP11-148K1.12","RP11-148K1.12",0.959007141500294
"DSG2-AS1","DSG2-AS1",0.958981832563798
"CTD-2515C13.2","CTD-2515C13.2",0.958964467200997
"CTD-2353F22.1","CTD-2353F22.1",0.958950284517627
"AC128709.3","AC128709.3",0.958931465272548
"CTB-35F21.3","CTB-35F21.3",0.958847878564037
"RP11-770G2.5","RP11-770G2.5",0.9588185333178
"RP11-805I24.1","RP11-805I24.1",0.958792084993657
"LINC00111","LINC00111",0.958772454083836
"MYO16-AS1","MYO16-AS1",0.958711759485368
"AC006019.4","AC006019.4",0.958700619483911
"RP11-64D24.4","RP11-64D24.4",0.958650251766624
"SRGAP3-AS2","SRGAP3-AS2",0.958639220696475
"RP1-158P9.1","RP1-158P9.1",0.958618508930347
"FLJ16779","FLJ16779",0.958614181450747
"RP11-62C3.6","RP11-62C3.6",0.958565976509246
"RP11-219J21.1","RP11-219J21.1",0.958529476942793
"RP11-12C17.2","RP11-12C17.2",0.958514999290703
"RP3-496C20.1","RP3-496C20.1",0.958475164663287
"RP11-63C8.1","RP11-63C8.1",0.958474956958778
"RP5-1160K1.8","RP5-1160K1.8",0.958474486625187
"LINC01445","LINC01445",0.958467574708647
"RP11-252C15.1","RP11-252C15.1",0.958459315148879
"AC010974.3","AC010974.3",0.95843363631296
"CASC2","CASC2",0.958400606218029
"RP11-140M13.1","RP11-140M13.1",0.958360037334048
"CTD-2296D1.2","CTD-2296D1.2",0.95833441582397
"NOVA1-AS1","NOVA1-AS1",0.958316476582737
"DKFZp779M0652","DKFZp779M0652",0.958218915390392
"AP000695.6","AP000695.6",0.958213994089852
"RP11-5P4.1","RP11-5P4.1",0.958170802238787
"RP4-734C18.1","RP4-734C18.1",0.958114086727362
"RP11-208N14.5","RP11-208N14.5",0.958099008645809
"AC159540.3","AC159540.3",0.958056064896786
"AC009784.3","AC009784.3",0.958027186725044
"AC002398.12","AC002398.12",0.957876201145848
"RP11-256P1.1","RP11-256P1.1",0.957867687898193
"RP11-403N16.2","RP11-403N16.2",0.957770767510181
"RP11-166N17.1","RP11-166N17.1",0.957742252295193
"AC109826.1","AC109826.1",0.957697381470741
"RP11-531H8.2","RP11-531H8.2",0.957644449982433
"RP4-535B20.1","RP4-535B20.1",0.957577310065299
"RP11-120E13.1","RP11-120E13.1",0.957497314123815
"RP11-138H8.3","RP11-138H8.3",0.957390974555668
"RP11-650K20.3","RP11-650K20.3",0.9573833400409
"RP11-831A10.2","RP11-831A10.2",0.957322136710954
"CTC-378H22.2","CTC-378H22.2",0.957279624389121
"SATB2-AS1","SATB2-AS1",0.957243902897223
"RP11-57A1.1","RP11-57A1.1",0.957177805798806
"AC002383.2","AC002383.2",0.957169696530141
"RP11-666E17.1","RP11-666E17.1",0.957009983462524
"RP11-867G23.1","RP11-867G23.1",0.956938228583912
"RP11-138J23.1","RP11-138J23.1",0.956911998181725
"RP11-454K7.3","RP11-454K7.3",0.956910380266587
"LINC01467","LINC01467",0.956909770258484
"AP003774.4","AP003774.4",0.956895707614386
"RP11-527L4.6","RP11-527L4.6",0.956890292732231
"RP11-1081M5.2","RP11-1081M5.2",0.956877105184815
"RP11-705O24.1","RP11-705O24.1",0.956868233288766
"RP11-686D22.5","RP11-686D22.5",0.956864342118129
"RP11-111I12.1","RP11-111I12.1",0.956863490218575
"RP11-62F24.2","RP11-62F24.2",0.956790091095736
"RP11-625L16.3","RP11-625L16.3",0.95677581316392
"RP11-524N5.1","RP11-524N5.1",0.956768027503155
"RP11-855O10.2","RP11-855O10.2",0.956655844382925
"RP11-445F12.1","RP11-445F12.1",0.956620196214101
"RP5-947P14.1","RP5-947P14.1",0.956608799107236
"CTD-2340D6.2","CTD-2340D6.2",0.956603083059526
"RP11-732A21.3","RP11-732A21.3",0.956588462116898
"CTC-498M16.4","CTC-498M16.4",0.956544579239068
"RP11-495K9.6","RP11-495K9.6",0.956471391019516
"FOXD2-AS1","FOXD2-AS1",0.956412552696629
"RP11-410K21.2","RP11-410K21.2",0.956353155781297
"RGS5","RGS5",0.956323686185522
"RP11-554D14.6","RP11-554D14.6",0.956302068639677
"EGLN3-AS1","EGLN3-AS1",0.956261481771109
"RP11-74C3.1","RP11-74C3.1",0.956234018510421
"TUSC8","TUSC8",0.956188435825772
"CTA-833B7.2","CTA-833B7.2",0.956161249493128
"RP11-196E1.3","RP11-196E1.3",0.956096512276214
"AC074289.1","AC074289.1",0.956068412967403
"RP11-375B1.1","RP11-375B1.1",0.956026016838555
"AL133247.2","AL133247.2",0.95594414725903
"CTD-2252P21.1","CTD-2252P21.1",0.955922448676316
"CTC-379B2.4","CTC-379B2.4",0.955853043763722
"RP4-647C14.2","RP4-647C14.2",0.955794082384543
"LINC01021","LINC01021",0.955757528352944
"LLNLR-284B4.2","LLNLR-284B4.2",0.955750815295123
"RP11-231L11.1","RP11-231L11.1",0.955749559785237
"RP3-359N14.2","RP3-359N14.2",0.955693008193047
"RP11-66B24.4","RP11-66B24.4",0.955678606000423
"RP3-395M20.2","RP3-395M20.2",0.955627314761388
"RP11-52E20.1","RP11-52E20.1",0.955581171067092
"RP3-510O8.4","RP3-510O8.4",0.955574845239814
"RP11-799M12.2","RP11-799M12.2",0.955568224786158
"RP11-393J16.4","RP11-393J16.4",0.95554513892098
"RP11-433J20.2","RP11-433J20.2",0.955484530680846
"RP11-127L20.5","RP11-127L20.5",0.955476547321383
"AC073626.2","AC073626.2",0.955445679174449
"MAGI2-AS1","MAGI2-AS1",0.955290314761925
"TRPC7-AS2","TRPC7-AS2",0.955238494883481
"RP5-1042K10.13","RP5-1042K10.13",0.955218867181224
"RP11-753A21.1","RP11-753A21.1",0.955215053832349
"RP11-103C3.1","RP11-103C3.1",0.955186090251235
"RP11-402D21.2","RP11-402D21.2",0.955132499334505
"AC003986.5","AC003986.5",0.955081417396937
"RP11-1082L8.3","RP11-1082L8.3",0.954974251765736
"RP11-886D15.1","RP11-886D15.1",0.954967855485192
"AC114730.7","AC114730.7",0.954903606844332
"AC004014.3","AC004014.3",0.954867083287754
"AC104655.3","AC104655.3",0.954853631742178
"AC093159.1","AC093159.1",0.954844510754854
"CTD-2619J13.3","CTD-2619J13.3",0.954769021513439
"RP11-332J15.3","RP11-332J15.3",0.954766268211643
"RP11-159F24.5","RP11-159F24.5",0.954708334133588
"RP5-827E24.1","RP5-827E24.1",0.954669728520093
"CTB-147N14.6","CTB-147N14.6",0.954633488280898
"AC011516.2","AC011516.2",0.954632861346523
"AP000344.3","AP000344.3",0.95461443624551
"CTA-212A2.2","CTA-212A2.2",0.954606560033949
"RP11-16C1.1","RP11-16C1.1",0.954593122917944
"RP11-21B23.1","RP11-21B23.1",0.95454465613443
"RP5-1107A17.3","RP5-1107A17.3",0.954543742036582
"RP11-403A3.1","RP11-403A3.1",0.954415690746074
"RP4-575N6.4","RP4-575N6.4",0.954404454833537
"AC093375.1","AC093375.1",0.954396942697661
"AP000769.7","AP000769.7",0.954379796086098
"RP11-486P11.1","RP11-486P11.1",0.954339464137822
"LINC01173","LINC01173",0.954318644122488
"CTC-492K19.7","CTC-492K19.7",0.954303026031964
"RP1-60O19.1","RP1-60O19.1",0.95429662943674
"AC079767.4","AC079767.4",0.954278509482772
"RP11-15I11.3","RP11-15I11.3",0.954257592722998
"RP11-55L4.2","RP11-55L4.2",0.954250564816396
"AC000067.1","AC000067.1",0.9542301368711
"RP5-1098D14.1","RP5-1098D14.1",0.954182137720592
"RP11-160E2.11","RP11-160E2.11",0.954060319077091
"RP11-165H23.1","RP11-165H23.1",0.954023336146451
"RP11-17M24.2","RP11-17M24.2",0.954008224186952
"RP11-275I14.4","RP11-275I14.4",0.953988072645689
"RP11-88H10.2","RP11-88H10.2",0.953980961615247
"RP11-454C18.1","RP11-454C18.1",0.953897844956436
"RP11-700N1.1","RP11-700N1.1",0.953884224776243
"AC016735.2","AC016735.2",0.95387273706684
"RP11-439C8.1","RP11-439C8.1",0.953825323664251
"RP11-375H19.2","RP11-375H19.2",0.953785157247246
"RP11-220I1.5","RP11-220I1.5",0.953691931017718
"RP11-757F18.5","RP11-757F18.5",0.953678019297206
"RP11-75C23.1","RP11-75C23.1",0.953673110781325
"RP5-1120P11.3","RP5-1120P11.3",0.953670113193153
"RP11-1144P22.1","RP11-1144P22.1",0.953628771982049
"KB-1000E4.2","KB-1000E4.2",0.953620889730552
"RP11-154H12.3","RP11-154H12.3",0.953594579570066
"RP11-90E5.1","RP11-90E5.1",0.953589336880848
"RP11-26M5.2","RP11-26M5.2",0.953581855547985
"RP11-672L10.6","RP11-672L10.6",0.953560940176902
"MRGPRF-AS1","MRGPRF-AS1",0.953556302375163
"RP11-525K10.3","RP11-525K10.3",0.953546027971438
"RP11-20G13.2","RP11-20G13.2",0.953524195275688
"LINC00885","LINC00885",0.953473572479569
"RP11-231E4.3","RP11-231E4.3",0.953457098407486
"CTD-2619J13.23","CTD-2619J13.23",0.953417702585202
"RP4-799P18.2","RP4-799P18.2",0.95341033905176
"AC011306.1","AC011306.1",0.953329696967753
"AC005394.1","AC005394.1",0.953313092324756
"AP006216.10","AP006216.10",0.953279604004862
"RP11-268G13.1","RP11-268G13.1",0.953217938475683
"CTD-2135J3.3","CTD-2135J3.3",0.953207679793835
"RP5-958B11.1","RP5-958B11.1",0.953202709809875
"AC011516.1","AC011516.1",0.953120947315491
"CH17-360D5.2","CH17-360D5.2",0.953078622250045
"RP4-794I6.4","RP4-794I6.4",0.953024344781231
"RP11-373E16.4","RP11-373E16.4",0.952998606413048
"RP11-100K18.1","RP11-100K18.1",0.952969166769609
"LINC00316","LINC00316",0.952956684147395
"RP11-561I11.3","RP11-561I11.3",0.952866969019454
"SHANK2-AS1","SHANK2-AS1",0.95274145269239
"RP1-18D14.7","RP1-18D14.7",0.952709632162585
"RP11-234O6.2","RP11-234O6.2",0.952692055252386
"RP11-298J23.8","RP11-298J23.8",0.95261559731476
"MIR92B","MIR92B",0.952606011269007
"RP11-322I2.1","RP11-322I2.1",0.952546079569468
"RP11-396O20.2","RP11-396O20.2",0.952450495848603
"AC068538.4","AC068538.4",0.952421182228689
"AF241725.4","AF241725.4",0.95239535777749
"RP11-197K6.1","RP11-197K6.1",0.952392143949707
"NRAV","NRAV",0.952386054083995
"AC007163.3","AC007163.3",0.952377147197647
"RP11-568J23.5","RP11-568J23.5",0.952373763186295
"RP11-109M19.1","RP11-109M19.1",0.952366860015841
"ERVMER61-1","ERVMER61-1",0.952284480710841
"RP11-315O6.2","RP11-315O6.2",0.952175199695879
"AC107057.1","AC107057.1",0.952163442544327
"AC013269.4","AC013269.4",0.952131185641544
"CH17-373J23.1","CH17-373J23.1",0.952119525312739
"RP3-439F8.1","RP3-439F8.1",0.952072621287402
"CTD-2616J11.14","CTD-2616J11.14",0.952014645308404
"AC079466.1","AC079466.1",0.951974089935925
"RP11-548L20.1","RP11-548L20.1",0.951972716677263
"RP11-87P13.2","RP11-87P13.2",0.951966445519402
"CTC-467M3.3","CTC-467M3.3",0.951954483177389
"AC003973.4","AC003973.4",0.951914240981363
"AC079354.5","AC079354.5",0.951895034604025
"CTD-2118P12.1","CTD-2118P12.1",0.951878499364455
"LINC01608","LINC01608",0.951859212652248
"RP11-879F14.3","RP11-879F14.3",0.951836411217769
"CTD-3028N15.1","CTD-3028N15.1",0.951787421003627
"RP11-510M2.1","RP11-510M2.1",0.951759689531292
"RP11-881M11.2","RP11-881M11.2",0.95168855171218
"RP3-412A9.16","RP3-412A9.16",0.951670274195487
"RP11-248G5.9","RP11-248G5.9",0.95166931314685
"LINC01179","LINC01179",0.951651556298844
"AF212831.2","AF212831.2",0.951548104972083
"LUCAT1","LUCAT1",0.951507275343944
"AC004448.2","AC004448.2",0.95148669586353
"LINC00492","LINC00492",0.951485510073621
"MIR365B","MIR365B",0.951436858419133
"RP13-143G15.4","RP13-143G15.4",0.951426174483955
"RP11-33A14.1","RP11-33A14.1",0.951334032795647
"RP11-179A7.2","RP11-179A7.2",0.951310034914871
"AC091962.3","AC091962.3",0.951250612361669
"XXbac-BPG258E24.10","XXbac-BPG258E24.10",0.951233350766818
"RP11-1149O23.4","RP11-1149O23.4",0.9512276941509
"HCG24","HCG24",0.951212239753874
"LINC01410","LINC01410",0.95119716941152
"RP11-511B23.3","RP11-511B23.3",0.951161243598611
"RP11-237N19.3","RP11-237N19.3",0.951153273443381
"RP11-90L1.8","RP11-90L1.8",0.951123179028036
"RP11-1085N6.5","RP11-1085N6.5",0.951064487269689
"RP11-427M20.1","RP11-427M20.1",0.951055380727264
"LINC01566","LINC01566",0.951045676564388
"RP11-643G5.6","RP11-643G5.6",0.951020195369078
"RP11-713N11.4","RP11-713N11.4",0.951017004016093
"RP11-161H23.5","RP11-161H23.5",0.950983875228946
"RP11-489E7.4","RP11-489E7.4",0.950975404329281
"RP5-899E9.1","RP5-899E9.1",0.950897432528432
"AC003984.1","AC003984.1",0.95085576759442
"RP11-1008C21.1","RP11-1008C21.1",0.950839085062263
"RP11-125O18.1","RP11-125O18.1",0.950811678279252
"LINC00649","LINC00649",0.950790988573374
"AC004257.1","AC004257.1",0.950737867572333
"CTA-929C8.6","CTA-929C8.6",0.950694401671726
"MIR1302-10","MIR1302-10",0.950685298571001
"RP11-816J6.3","RP11-816J6.3",0.950684506663011
"RP11-20G6.2","RP11-20G6.2",0.950663736184577
"CTC-459M5.1","CTC-459M5.1",0.950622480047895
"RP11-492E3.2","RP11-492E3.2",0.950622373548367
"AC013436.6","AC013436.6",0.950608158784351
"RP11-809H16.5","RP11-809H16.5",0.950490987287838
"RP11-60I3.4","RP11-60I3.4",0.950410735829209
"RP11-676J12.8","RP11-676J12.8",0.950401069999928
"RP11-135L13.4","RP11-135L13.4",0.950321673767084
"AC078883.4","AC078883.4",0.95032030415321
"RP1-149L1.1","RP1-149L1.1",0.950264767487246
"RP1-283K11.3","RP1-283K11.3",0.950238940702497
"LINC01455","LINC01455",0.95022172144504
"CTD-2562J15.6","CTD-2562J15.6",0.950203528596432
"RP11-35J10.4","RP11-35J10.4",0.95019866710692
"RP11-574K11.5","RP11-574K11.5",0.950196275631651
"LINC01583","LINC01583",0.950148969161021
"RP11-659F24.1","RP11-659F24.1",0.950109268012948
"RP11-424I19.2","RP11-424I19.2",0.950031676813757
"RP11-150C16.1","RP11-150C16.1",0.949890562045444
"RP11-463J10.2","RP11-463J10.2",0.949867087096152
"AC004221.2","AC004221.2",0.949852952307808
"CTD-2363C16.1","CTD-2363C16.1",0.949828806167118
"RP11-594C13.1","RP11-594C13.1",0.949780785251882
"RP11-154H17.1","RP11-154H17.1",0.9497288685509
"RP11-867G2.8","RP11-867G2.8",0.949714993120458
"RP11-675M1.2","RP11-675M1.2",0.949697838485668
"RP11-252P19.1","RP11-252P19.1",0.949652272028746
"RP11-173P15.3","RP11-173P15.3",0.949589138094358
"DSCAM-AS1","DSCAM-AS1",0.949530398019437
"RP11-98J9.2","RP11-98J9.2",0.94950893035652
"CTD-2116N24.1","CTD-2116N24.1",0.949492347786283
"RP11-667K14.4","RP11-667K14.4",0.949474034380665
"RP11-219F10.1","RP11-219F10.1",0.949438331761501
"CTD-2193P3.2","CTD-2193P3.2",0.949360528202245
"AC016903.2","AC016903.2",0.949356965413763
"RP11-26J3.1","RP11-26J3.1",0.949341883512303
"RP11-182J23.1","RP11-182J23.1",0.949296693288293
"LINC00582","LINC00582",0.94927005140468
"RP11-81H14.2","RP11-81H14.2",0.949266470937654
"RP11-625L16.1","RP11-625L16.1",0.949217595481569
"RP11-512N21.3","RP11-512N21.3",0.949184317746134
"LINC01127","LINC01127",0.949160285418836
"RP4-738P15.1","RP4-738P15.1",0.949158319018575
"AC006116.12","AC006116.12",0.949046173241792
"RP11-317J19.1","RP11-317J19.1",0.949014595124634
"CTD-3032J10.3","CTD-3032J10.3",0.948992528160705
"RP11-673P17.4","RP11-673P17.4",0.948984140275525
"MIR3681HG","MIR3681HG",0.948972444487475
"TAB3-AS2","TAB3-AS2",0.948959765471875
"RP11-10N16.2","RP11-10N16.2",0.94892851698185
"RP11-71L14.4","RP11-71L14.4",0.948875924506684
"RP11-711C17.1","RP11-711C17.1",0.948834190424357
"AP001172.3","AP001172.3",0.948824578153449
"RP3-395M20.9","RP3-395M20.9",0.948813989153734
"AC019048.1","AC019048.1",0.948709855001385
"RP5-875H18.9","RP5-875H18.9",0.948630444789865
"RP4-543J13.1","RP4-543J13.1",0.94856769847913
"RP5-1177M21.1","RP5-1177M21.1",0.948528497055042
"RP11-268G12.3","RP11-268G12.3",0.948487259086486
"LINC00391","LINC00391",0.948477718652713
"ST8SIA6-AS1","ST8SIA6-AS1",0.948399846820053
"CTB-32H22.1","CTB-32H22.1",0.948342210400244
"RP11-540E16.2","RP11-540E16.2",0.948334991679227
"RP11-540H22.2","RP11-540H22.2",0.948320422830437
"AC108488.4","AC108488.4",0.948248003106608
"AC079150.3","AC079150.3",0.948232942118959
"ITGB2-AS1","ITGB2-AS1",0.948188029360318
"RP11-770J1.5","RP11-770J1.5",0.948169425099735
"RP11-1149M10.1","RP11-1149M10.1",0.94815501846246
"AC002550.6","AC002550.6",0.948082409206429
"RP11-626H12.3","RP11-626H12.3",0.948081097899212
"CTD-2006K23.2","CTD-2006K23.2",0.948050719288238
"RP11-13A1.1","RP11-13A1.1",0.948019123623853
"AC053503.11","AC053503.11",0.947994064230313
"AC016629.3","AC016629.3",0.947971684007038
"ARMC2-AS1","ARMC2-AS1",0.947947993950529
"RP11-512N4.2","RP11-512N4.2",0.947922367269923
"RP6-109B7.5","RP6-109B7.5",0.947866283175462
"RP11-781M16.2","RP11-781M16.2",0.947783543028462
"RP11-338K13.1","RP11-338K13.1",0.947769107867785
"CH507-9B2.8","CH507-9B2.8",0.947764577427678
"RP11-679B17.2","RP11-679B17.2",0.94774870178901
"AC226118.1","AC226118.1",0.94773382285896
"RP11-6I2.3","RP11-6I2.3",0.947680236691554
"RP11-475A13.1","RP11-475A13.1",0.947569299564182
"RP11-408O19.5","RP11-408O19.5",0.947568575205578
"ATP13A4-AS1","ATP13A4-AS1",0.947478998373596
"AC000111.6","AC000111.6",0.947468465479735
"RP11-48D4.2","RP11-48D4.2",0.947414223825889
"AF124730.4","AF124730.4",0.947386585634375
"RP11-499A10.3","RP11-499A10.3",0.947383267443781
"RP11-259O2.3","RP11-259O2.3",0.947368535791517
"MGC39584","MGC39584",0.947330987954671
"RP3-395M20.8","RP3-395M20.8",0.947329724108048
"RP11-542B15.1","RP11-542B15.1",0.947127423940846
"RP5-1022P6.7","RP5-1022P6.7",0.947126272435479
"RP11-986G18.2","RP11-986G18.2",0.947116784026642
"CTA-212A2.3","CTA-212A2.3",0.947115300640247
"RP11-148E17.1","RP11-148E17.1",0.947071042941544
"FAM181A-AS1","FAM181A-AS1",0.946960001553268
"CTB-35F21.5","CTB-35F21.5",0.946947340716777
"PDZRN3-AS1","PDZRN3-AS1",0.946902167186828
"RP11-379I19.3","RP11-379I19.3",0.946771461050617
"RP11-311F12.1","RP11-311F12.1",0.946753030043386
"RP11-574F21.2","RP11-574F21.2",0.946733359742835
"RP11-396J6.1","RP11-396J6.1",0.946690576544364
"RP11-180C1.1","RP11-180C1.1",0.946689713486542
"LINC01504","LINC01504",0.946616690512943
"RP11-370I10.2","RP11-370I10.2",0.946581179460037
"RP11-587H10.2","RP11-587H10.2",0.946564590203047
"RP11-259N19.1","RP11-259N19.1",0.946334908851489
"CTC-548H10.2","CTC-548H10.2",0.946328088052345
"RP11-20D14.3","RP11-20D14.3",0.946292551035456
"CTD-2130F23.1","CTD-2130F23.1",0.946272351972417
"CTA-992D9.6","CTA-992D9.6",0.946269442234328
"ROR1-AS1","ROR1-AS1",0.946263060357811
"RP11-472N19.3","RP11-472N19.3",0.946205808840165
"AC003092.1","AC003092.1",0.946201327244491
"RP11-597D13.8","RP11-597D13.8",0.946193342208214
"LINC01091","LINC01091",0.94614368138213
"RP1-151F17.1","RP1-151F17.1",0.946108720636729
"AC133633.2","AC133633.2",0.94610057012813
"RP11-253E3.3","RP11-253E3.3",0.946083080461876
"KCNC4-AS1","KCNC4-AS1",0.946066467155647
"RP11-222K16.1","RP11-222K16.1",0.946053149383205
"AC009495.2","AC009495.2",0.946006569532258
"RP11-96D1.11","RP11-96D1.11",0.945985227130071
"XXbac-BPG170G13.32","XXbac-BPG170G13.32",0.945945409885307
"RP5-944M2.3","RP5-944M2.3",0.94594206445279
"RP11-284F21.8","RP11-284F21.8",0.945928713750584
"RP11-2I17.4","RP11-2I17.4",0.945903480006438
"RP11-276H19.2","RP11-276H19.2",0.945855111961314
"CTC-308K20.2","CTC-308K20.2",0.945793757118902
"RP11-554D14.7","RP11-554D14.7",0.945753344858094
"RP11-256L6.2","RP11-256L6.2",0.945743256262308
"EPHA1-AS1","EPHA1-AS1",0.945729998788831
"RP11-347H15.4","RP11-347H15.4",0.945680529814921
"RP11-328J6.1","RP11-328J6.1",0.945653734060798
"RP5-1011O1.3","RP5-1011O1.3",0.945634510312566
"RP11-293F5.1","RP11-293F5.1",0.945578404976205
"AC002398.13","AC002398.13",0.945563891821565
"RP11-351C8.1","RP11-351C8.1",0.945507021262935
"KB-1517D11.4","KB-1517D11.4",0.945463057918084
"RP11-439C15.4","RP11-439C15.4",0.945447830083409
"RP11-9B6.1","RP11-9B6.1",0.945395213409248
"CTD-2008P7.9","CTD-2008P7.9",0.94536668242372
"RP11-146N23.4","RP11-146N23.4",0.945358344646576
"CTB-140J7.2","CTB-140J7.2",0.945342132400358
"AC002465.2","AC002465.2",0.94530704061726
"STK4-AS1","STK4-AS1",0.945301629634374
"RP11-527J8.1","RP11-527J8.1",0.945264228595932
"RP11-349A8.3","RP11-349A8.3",0.945248191426597
"RP11-245P10.6","RP11-245P10.6",0.945217748406592
"CTC-537E7.1","CTC-537E7.1",0.945081871221714
"RP11-67M9.1","RP11-67M9.1",0.945069531134251
"LINC00482","LINC00482",0.945011965982679
"RP11-467L24.1","RP11-467L24.1",0.944995451183775
"RP11-335O4.1","RP11-335O4.1",0.944992424453585
"RP4-614C15.2","RP4-614C15.2",0.944989690083581
"RP11-798G7.5","RP11-798G7.5",0.94493913921902
"RP11-344B2.2","RP11-344B2.2",0.944921001829892
"RP11-96C23.15","RP11-96C23.15",0.944899912291679
"GATA2-AS1","GATA2-AS1",0.944873104036333
"CTD-3046C4.1","CTD-3046C4.1",0.944850541372326
"CTD-2576D5.4","CTD-2576D5.4",0.944823995434413
"RP11-200A1.1","RP11-200A1.1",0.94481404913734
"CTB-43E15.2","CTB-43E15.2",0.944785279505576
"LINC01527","LINC01527",0.944762497412883
"CTC-591M7.1","CTC-591M7.1",0.94473038468878
"PCSK6-AS1","PCSK6-AS1",0.94465559551139
"CACNA1G-AS1","CACNA1G-AS1",0.944638838390201
"LINC00491","LINC00491",0.944604194245575
"RP11-368I23.3","RP11-368I23.3",0.944574656871537
"RP11-111E14.1","RP11-111E14.1",0.944562004070128
"AC090044.2","AC090044.2",0.944538624698786
"AC006019.3","AC006019.3",0.944533952893011
"RP11-528G1.2","RP11-528G1.2",0.944526080938993
"RP11-284F21.7","RP11-284F21.7",0.944465369515116
"LINC01581","LINC01581",0.944430789958326
"RP11-384G23.1","RP11-384G23.1",0.944429907438649
"RP11-848P1.3","RP11-848P1.3",0.944382178151619
"RP11-378A12.1","RP11-378A12.1",0.944380137389093
"C9orf163","C9orf163",0.94437454974972
"RP11-475A13.2","RP11-475A13.2",0.944363540501329
"RP11-876F14.1","RP11-876F14.1",0.944333191625505
"CTB-33O18.1","CTB-33O18.1",0.944291044055275
"RP1-69D17.4","RP1-69D17.4",0.944224578734848
"RP11-168O16.1","RP11-168O16.1",0.944208465451773
"CTB-181F24.1","CTB-181F24.1",0.944179012683194
"RP11-51J9.4","RP11-51J9.4",0.944152632465007
"RP5-1071N3.1","RP5-1071N3.1",0.94414933168089
"CDR1-AS","CDR1-AS",0.944146006437348
"RP11-976B16.1","RP11-976B16.1",0.944113268080152
"RP11-526K17.2","RP11-526K17.2",0.944089556699406
"RP11-9M16.2","RP11-9M16.2",0.944079471952091
"TRPM2-AS","TRPM2-AS",0.944029615460751
"RP11-370F5.4","RP11-370F5.4",0.943979166138989
"RP11-298E9.6","RP11-298E9.6",0.943962186505422
"RP11-1149M10.2","RP11-1149M10.2",0.943923186784637
"RP11-579A4.1","RP11-579A4.1",0.943898612196108
"RP11-789A21.1","RP11-789A21.1",0.943837561098081
"RP11-473O4.5","RP11-473O4.5",0.943827558788001
"CTA-363E6.2","CTA-363E6.2",0.943760538108989
"RP11-554I8.1","RP11-554I8.1",0.943744714115401
"RP11-800A18.4","RP11-800A18.4",0.94372958556441
"RP11-554D14.8","RP11-554D14.8",0.943672609265004
"XXYLT1-AS2","XXYLT1-AS2",0.943668041220128
"TTTY11","TTTY11",0.943608391940203
"CTD-2329K10.1","CTD-2329K10.1",0.94353403915785
"GACAT1","GACAT1",0.94351235726404
"LINC01342","LINC01342",0.943511214058484
"LINC00261","LINC00261",0.943499409428287
"FAM138B","FAM138B",0.943459851454764
"FLJ40288","FLJ40288",0.943427719845039
"AC074212.6","AC074212.6",0.94342353019401
"RP4-620F22.2","RP4-620F22.2",0.943366002171804
"CTD-2023M8.1","CTD-2023M8.1",0.943348676955328
"RP5-1096J16.1","RP5-1096J16.1",0.943306441061186
"LINC00619","LINC00619",0.943290477497468
"FGF12-AS2","FGF12-AS2",0.94327360008062
"AC008697.1","AC008697.1",0.943272929830808
"CTB-178M22.2","CTB-178M22.2",0.943231121227562
"LINC00330","LINC00330",0.943229192955882
"RP11-495K9.3","RP11-495K9.3",0.943221427616589
"RP11-218E20.3","RP11-218E20.3",0.943129311547445
"AP000472.3","AP000472.3",0.94312899174407
"RP11-756P10.4","RP11-756P10.4",0.943078418099973
"MYT1L-AS1","MYT1L-AS1",0.943066763153876
"RP11-532E4.2","RP11-532E4.2",0.943017706326322
"RP11-428C19.5","RP11-428C19.5",0.943014577296976
"LINC01055","LINC01055",0.943011155689498
"RP11-1094H24.3","RP11-1094H24.3",0.942902313189071
"RP11-116D17.4","RP11-116D17.4",0.942805503034576
"RP5-857K21.2","RP5-857K21.2",0.942791185513016
"RP11-1293J14.1","RP11-1293J14.1",0.942771650270465
"RP11-573D15.3","RP11-573D15.3",0.942727935327603
"RP1-125N5.2","RP1-125N5.2",0.942698462251974
"CNTFR-AS1","CNTFR-AS1",0.942678896912071
"RP1-28H20.3","RP1-28H20.3",0.942666553386531
"RP11-1033H12.1","RP11-1033H12.1",0.942579948830937
"RP11-325L7.2","RP11-325L7.2",0.942520332870852
"RP11-62H20.1","RP11-62H20.1",0.942466300676148
"RP11-168J19.2","RP11-168J19.2",0.942465263591808
"AC093382.1","AC093382.1",0.942437033477202
"AC011901.2","AC011901.2",0.942418996993703
"RP11-532F12.5","RP11-532F12.5",0.942403766716086
"RP11-34N19.1","RP11-34N19.1",0.94240290874871
"RP11-203P2.2","RP11-203P2.2",0.942395305468961
"RP5-908M14.5","RP5-908M14.5",0.942348706513975
"RP13-131K19.6","RP13-131K19.6",0.942341633352441
"RP11-607P23.1","RP11-607P23.1",0.942301533947311
"RP11-268G12.1","RP11-268G12.1",0.942296190328985
"RP5-1086K13.1","RP5-1086K13.1",0.942285596568399
"RP11-343J18.1","RP11-343J18.1",0.94226059813179
"RP11-547D24.1","RP11-547D24.1",0.942199852301711
"RP13-516M14.2","RP13-516M14.2",0.942137425575566
"LINC01098","LINC01098",0.942124762341923
"RP1-37N7.1","RP1-37N7.1",0.94212431508269
"RP11-41O4.1","RP11-41O4.1",0.942066918796399
"RP11-285E23.2","RP11-285E23.2",0.942058604952988
"RP11-486L19.2","RP11-486L19.2",0.942021217966775
"C8orf37-AS1","C8orf37-AS1",0.941975475146393
"LINC01049","LINC01049",0.941945425209272
"RP11-769O8.1","RP11-769O8.1",0.941937916136162
"AC068138.1","AC068138.1",0.94188526100516
"CH17-174L20.1","CH17-174L20.1",0.941847277768058
"AC004067.5","AC004067.5",0.941843047072989
"AC145110.1","AC145110.1",0.941839863160221
"LINC01312","LINC01312",0.941831567377333
"CTD-2515H24.4","CTD-2515H24.4",0.941819067026577
"LINC01548","LINC01548",0.941818807389124
"CTD-2572N17.1","CTD-2572N17.1",0.941730838304594
"RP11-172F10.1","RP11-172F10.1",0.941692222421841
"LINC01276","LINC01276",0.941678246055128
"IFT74-AS1","IFT74-AS1",0.941669739768569
"HMGA1P4","HMGA1P4",0.941620609260995
"RP4-777O23.1","RP4-777O23.1",0.941599698345156
"LL22NC03-32F9.1","LL22NC03-32F9.1",0.941513444781692
"CTD-2089N3.2","CTD-2089N3.2",0.941489841797988
"RP4-553F4.2","RP4-553F4.2",0.941470317993053
"AC079154.1","AC079154.1",0.941391666069729
"RP13-884E18.2","RP13-884E18.2",0.941355820026028
"RP11-447B18.1","RP11-447B18.1",0.941257826220138
"RP11-463O12.3","RP11-463O12.3",0.941245069996255
"RP11-1140I5.1","RP11-1140I5.1",0.941206134252063
"LINC01153","LINC01153",0.941198185125198
"CTA-992D9.7","CTA-992D9.7",0.941195486601067
"RP11-315O6.1","RP11-315O6.1",0.941160711136238
"CHL1-AS1","CHL1-AS1",0.941148585841647
"AC114730.5","AC114730.5",0.941119020086238
"RP11-130C6.1","RP11-130C6.1",0.941076875419932
"RP11-256I23.3","RP11-256I23.3",0.941022508151975
"RP11-136K14.3","RP11-136K14.3",0.941006084229314
"KIRREL3-AS2","KIRREL3-AS2",0.940949696097063
"RP11-96B2.1","RP11-96B2.1",0.940933807539384
"RP11-89N17.4","RP11-89N17.4",0.940914084964778
"CTB-178M22.1","CTB-178M22.1",0.940894414017123
"MIR3142HG","MIR3142HG",0.940777268963118
"RP11-180C16.1","RP11-180C16.1",0.940726840499234
"LINC00596","LINC00596",0.940718103614474
"AC004775.5","AC004775.5",0.940638373683601
"CTC-523E23.5","CTC-523E23.5",0.940536946218837
"AC131097.4","AC131097.4",0.940506561176454
"RP11-225H22.4","RP11-225H22.4",0.940480396498353
"RP11-699L21.1","RP11-699L21.1",0.940468782429679
"LINC00982","LINC00982",0.940467509988864
"AC097461.4","AC097461.4",0.940465818839331
"ERICH3-AS1","ERICH3-AS1",0.940456181156103
"RP11-1260E13.2","RP11-1260E13.2",0.94043674137531
"AC145343.2","AC145343.2",0.940425279286313
"RP11-474O21.5","RP11-474O21.5",0.940372492058633
"RP11-752L20.5","RP11-752L20.5",0.940282482728244
"RP4-778K6.3","RP4-778K6.3",0.940251793438104
"RP11-236L14.2","RP11-236L14.2",0.940249880806981
"RP11-571L19.8","RP11-571L19.8",0.940222989523812
"RP11-123K3.9","RP11-123K3.9",0.940218612075159
"RP11-65D24.2","RP11-65D24.2",0.940171444955779
"KB-1991G8.1","KB-1991G8.1",0.940153462938751
"TEX41","TEX41",0.940147291601551
"AC007091.1","AC007091.1",0.940094926294387
"RP11-364P22.2","RP11-364P22.2",0.940091100014238
"RP1-288H2.2","RP1-288H2.2",0.940087327181058
"RP11-366L20.2","RP11-366L20.2",0.940077817717958
"CTD-2313J17.6","CTD-2313J17.6",0.940071159550757
"RP11-326L2.1","RP11-326L2.1",0.940045333906356
"TLR8-AS1","TLR8-AS1",0.940043225738555
"LINC01290","LINC01290",0.939996625780112
"CTC-301O7.4","CTC-301O7.4",0.93999534835785
"RP4-797C5.2","RP4-797C5.2",0.939959346882
"SPATA42","SPATA42",0.93995871402339
"RP11-27M24.1","RP11-27M24.1",0.939947799589821
"RP11-436M15.3","RP11-436M15.3",0.939868129673276
"LL22NC03-75H12.2","LL22NC03-75H12.2",0.939837134459648
"RP11-566H8.3","RP11-566H8.3",0.939814984272701
"RP11-572B2.1","RP11-572B2.1",0.939793750755033
"CTA-125H2.1","CTA-125H2.1",0.939784897217568
"SMCR2","SMCR2",0.939759187374704
"RP11-257P3.3","RP11-257P3.3",0.939750565685989
"LINC00502","LINC00502",0.939735485663144
"RP3-402G11.27","RP3-402G11.27",0.939665989927601
"RP11-1145L24.1","RP11-1145L24.1",0.939633492726928
"DPP10-AS3","DPP10-AS3",0.939553480494999
"RP11-807H7.2","RP11-807H7.2",0.939485425514379
"RP11-700F16.3","RP11-700F16.3",0.939333881096372
"LINC00968","LINC00968",0.939326463863644
"RP11-395N3.2","RP11-395N3.2",0.93930385809366
"RP11-269C4.2","RP11-269C4.2",0.93922823444556
"RP11-338N10.1","RP11-338N10.1",0.939208232730478
"RP11-461M2.2","RP11-461M2.2",0.939179105954598
"RP1-80N2.2","RP1-80N2.2",0.939156638561527
"RP11-404O13.5","RP11-404O13.5",0.939132999886929
"CTB-174D11.1","CTB-174D11.1",0.93912043927861
"RP3-462D8.2","RP3-462D8.2",0.93911911953764
"RP11-706C16.7","RP11-706C16.7",0.93907937964875
"LINC01099","LINC01099",0.939043144178009
"AL132709.1","AL132709.1",0.939033633279298
"IGBP1-AS1","IGBP1-AS1",0.938844447922523
"RP11-268P4.5","RP11-268P4.5",0.938808537464709
"RP11-260G13.1","RP11-260G13.1",0.938705126591567
"RP11-227G15.2","RP11-227G15.2",0.938685949936508
"RP11-35J1.1","RP11-35J1.1",0.938618292570136
"CTD-2315E11.1","CTD-2315E11.1",0.938515117166574
"RP4-760C5.5","RP4-760C5.5",0.938444721038311
"RP11-304F15.7","RP11-304F15.7",0.938441563508384
"LINC01561","LINC01561",0.938358935417317
"RP11-255P5.3","RP11-255P5.3",0.938343007118681
"CTD-2235C13.3","CTD-2235C13.3",0.93823141385506
"RP11-66B24.9","RP11-66B24.9",0.938189569336915
"RP1-111D6.4","RP1-111D6.4",0.938128064992299
"WI2-87327B8.2","WI2-87327B8.2",0.938121564540706
"RP11-169E6.4","RP11-169E6.4",0.93810216332944
"RP11-22L13.1","RP11-22L13.1",0.938092171510829
"RP11-554K11.2","RP11-554K11.2",0.938070439119737
"LINC00284","LINC00284",0.938065910614892
"RP11-145M4.2","RP11-145M4.2",0.938065129916808
"LINC01484","LINC01484",0.937996115562207
"LINC00500","LINC00500",0.937992522537312
"LINC01506","LINC01506",0.937921241402588
"CTD-2047H16.5","CTD-2047H16.5",0.937901649231039
"RP11-132E11.2","RP11-132E11.2",0.937894024957001
"RP11-153K16.2","RP11-153K16.2",0.937879711798356
"RP11-19P22.8","RP11-19P22.8",0.937858322952438
"RP11-404F10.2","RP11-404F10.2",0.937850254260258
"PAQR9-AS1","PAQR9-AS1",0.937837731100922
"RP11-445F6.2","RP11-445F6.2",0.937825135277308
"AC005307.1","AC005307.1",0.937802793000809
"CTD-2531D15.4","CTD-2531D15.4",0.937750636457213
"RP11-420K14.8","RP11-420K14.8",0.937740840632346
"RP11-626P14.1","RP11-626P14.1",0.937723954800896
"CTD-2244C20.2","CTD-2244C20.2",0.937678715353167
"AC012368.1","AC012368.1",0.937661984743055
"RP5-1091N2.9","RP5-1091N2.9",0.937644502960246
"RP11-324J13.2","RP11-324J13.2",0.937641659004119
"CTD-3179P9.1","CTD-3179P9.1",0.937576721495168
"AP000679.2","AP000679.2",0.937569833060855
"RP4-625H18.2","RP4-625H18.2",0.937564472707828
"RP11-265F19.1","RP11-265F19.1",0.937495113737473
"RP11-47I22.2","RP11-47I22.2",0.937479112337994
"ISX-AS1","ISX-AS1",0.937468987362415
"LINC01203","LINC01203",0.937377640011823
"RP11-242P2.1","RP11-242P2.1",0.937362412716438
"AC093495.4","AC093495.4",0.937277233252866
"RP11-138E2.1","RP11-138E2.1",0.937276564013842
"RP11-36B6.1","RP11-36B6.1",0.937274235305765
"RP11-506O24.1","RP11-506O24.1",0.93721887575945
"AC004012.1","AC004012.1",0.937155937150219
"RP3-467D16.3","RP3-467D16.3",0.937123690498147
"RP11-448G15.1","RP11-448G15.1",0.937094589371643
"KB-1732A1.1","KB-1732A1.1",0.937078863472974
"RP11-510M2.6","RP11-510M2.6",0.937039671499035
"RP11-310I9.1","RP11-310I9.1",0.936985393157685
"RP11-298A8.2","RP11-298A8.2",0.936946670194055
"LINC00922","LINC00922",0.936941291002689
"RP11-358D14.3","RP11-358D14.3",0.936753466346063
"RP11-122C5.3","RP11-122C5.3",0.936733408091664
"RP11-80I15.4","RP11-80I15.4",0.936683989228802
"MKX-AS1","MKX-AS1",0.936664013392391
"RP11-778H2.1","RP11-778H2.1",0.936638061252447
"AC116366.5","AC116366.5",0.93661986386666
"RP11-534C12.1","RP11-534C12.1",0.936619069224975
"RP11-484N16.1","RP11-484N16.1",0.936550221975959
"RP11-91I8.3","RP11-91I8.3",0.936547613191268
"LINC01010","LINC01010",0.936528103523235
"MIR142","MIR142",0.936502333071198
"CTC-490G23.4","CTC-490G23.4",0.936489643166098
"RP11-89N17.3","RP11-89N17.3",0.936487821320208
"RP11-303E16.5","RP11-303E16.5",0.936470946845188
"C1QTNF1-AS1","C1QTNF1-AS1",0.936363451225223
"RP11-53L24.1","RP11-53L24.1",0.936288826405069
"RP11-554L12.1","RP11-554L12.1",0.936277252835316
"RP11-574O16.1","RP11-574O16.1",0.936245636997869
"RP5-1017F8.2","RP5-1017F8.2",0.936185120010772
"RP11-115J16.3","RP11-115J16.3",0.936167260591226
"HAGLR","HAGLR",0.936158721456278
"UCHL1-AS1","UCHL1-AS1",0.936139861380825
"RP11-686F15.2","RP11-686F15.2",0.936115381439585
"CTD-2547L24.4","CTD-2547L24.4",0.936113769543848
"RP11-80I3.1","RP11-80I3.1",0.936103858291016
"AC024084.1","AC024084.1",0.936047846757181
"LINC00544","LINC00544",0.936031517162983
"RP11-667K14.3","RP11-667K14.3",0.936009197064717
"IL21-AS1","IL21-AS1",0.935889768714144
"CTD-2017C7.1","CTD-2017C7.1",0.935864362922661
"CTD-2616J11.16","CTD-2616J11.16",0.935776670575435
"UNQ6494","UNQ6494",0.935771718529449
"LHX5-AS1","LHX5-AS1",0.935752398692991
"RP11-292E2.1","RP11-292E2.1",0.935687341032452
"RP11-350N15.3","RP11-350N15.3",0.935658899630496
"RP5-968J1.1","RP5-968J1.1",0.935573449127458
"AC018730.4","AC018730.4",0.935503682890359
"RP11-343D2.11","RP11-343D2.11",0.935471652028206
"AC106870.2","AC106870.2",0.935438747632416
"RP11-351J23.2","RP11-351J23.2",0.93543233380693
"RP11-183I6.2","RP11-183I6.2",0.93538693630152
"RP11-353M9.1","RP11-353M9.1",0.935349172539399
"RP11-386G11.8","RP11-386G11.8",0.935289359419953
"RP11-693J15.5","RP11-693J15.5",0.935278280481284
"RP11-384J4.2","RP11-384J4.2",0.935265177501493
"CTB-7E3.1","CTB-7E3.1",0.935263491785779
"RP11-115J23.1","RP11-115J23.1",0.935261941405718
"AC005550.3","AC005550.3",0.935227349411376
"CTD-2545H1.2","CTD-2545H1.2",0.935221502078956
"RP11-310I24.1","RP11-310I24.1",0.935210623629135
"RP11-114L10.2","RP11-114L10.2",0.935194965421115
"RP11-263K4.5","RP11-263K4.5",0.935167617808145
"RP11-428G5.5","RP11-428G5.5",0.935149274393874
"RP11-573G6.10","RP11-573G6.10",0.935120126120379
"RP5-858B6.1","RP5-858B6.1",0.935096439353297
"RP4-580N22.2","RP4-580N22.2",0.935087128669436
"RP11-277P12.20","RP11-277P12.20",0.935020807252013
"RP11-459O16.9","RP11-459O16.9",0.935019877874856
"RP11-395P13.4","RP11-395P13.4",0.934994677693777
"CTB-108O6.2","CTB-108O6.2",0.934965212771029
"C3orf67-AS1","C3orf67-AS1",0.934964653756141
"RP11-342K6.3","RP11-342K6.3",0.934948222709604
"RP11-432I5.4","RP11-432I5.4",0.934901610272019
"TMEM220-AS1","TMEM220-AS1",0.934852936782993
"RP1-230L10.1","RP1-230L10.1",0.934830104531599
"RP11-301G7.1","RP11-301G7.1",0.934812480121327
"CTC-498M16.2","CTC-498M16.2",0.934799121997136
"RP5-994D16.3","RP5-994D16.3",0.934793227326644
"RP11-95P2.3","RP11-95P2.3",0.934757602145885
"RP11-556I13.2","RP11-556I13.2",0.934638963047326
"AC008069.1","AC008069.1",0.934596570834834
"RP11-17G12.3","RP11-17G12.3",0.934563411308123
"RP11-203E14.1","RP11-203E14.1",0.934515289791583
"RP11-25I9.2","RP11-25I9.2",0.934388716955665
"RP11-324J3.1","RP11-324J3.1",0.934374901967465
"CTD-2026K11.4","CTD-2026K11.4",0.934330745112256
"RP11-31I22.3","RP11-31I22.3",0.934314524507327
"ERICH6-AS1","ERICH6-AS1",0.93429036570786
"RP11-87E22.2","RP11-87E22.2",0.934242061770784
"RP11-1057B8.2","RP11-1057B8.2",0.93422719983363
"LINC01471","LINC01471",0.934195841205924
"RP11-699L21.2","RP11-699L21.2",0.934144814292948
"CTD-2553C6.1","CTD-2553C6.1",0.934144346122237
"RP11-475I24.8","RP11-475I24.8",0.934136352109731
"LINC01426","LINC01426",0.934124256549458
"RP11-79H23.3","RP11-79H23.3",0.934053727127138
"LINC01038","LINC01038",0.934037618140291
"CTD-2562J17.7","CTD-2562J17.7",0.934037179027257
"RP11-40C11.2","RP11-40C11.2",0.933995001234461
"RP5-945F2.2","RP5-945F2.2",0.933929746504627
"PTPRD-AS2","PTPRD-AS2",0.933908941157896
"CTD-3113P16.5","CTD-3113P16.5",0.933884082241393
"RP11-845M18.7","RP11-845M18.7",0.933757833620219
"RP11-25I11.1","RP11-25I11.1",0.933752173145356
"RP11-473M10.3","RP11-473M10.3",0.933730451424405
"RP11-219E7.4","RP11-219E7.4",0.933664557020899
"RP4-630C24.3","RP4-630C24.3",0.933636315669831
"SNAP47-AS1","SNAP47-AS1",0.933607851671388
"CTB-32O4.4","CTB-32O4.4",0.933579948464386
"RP11-672A2.5","RP11-672A2.5",0.933571095718949
"RP11-373D23.3","RP11-373D23.3",0.933538139525353
"RP11-115D19.4","RP11-115D19.4",0.93345354768276
"RP11-1100L3.7","RP11-1100L3.7",0.933420887383381
"RP11-570L15.1","RP11-570L15.1",0.933403468335132
"MIR4496","MIR4496",0.933358880892923
"RP5-1022J11.2","RP5-1022J11.2",0.933272342531563
"RP11-25O10.2","RP11-25O10.2",0.933270439344697
"RP11-399K21.10","RP11-399K21.10",0.933183644775929
"RP11-474D1.4","RP11-474D1.4",0.933130075980449
"RP11-66N24.6","RP11-66N24.6",0.933091109928928
"RP11-164N3.2","RP11-164N3.2",0.933050596763985
"RP5-1033H22.2","RP5-1033H22.2",0.933049586255759
"AC018755.17","AC018755.17",0.933047553880626
"RP11-804A23.4","RP11-804A23.4",0.93304562682069
"CTB-133P21.1","CTB-133P21.1",0.933027678115984
"RP11-362A9.3","RP11-362A9.3",0.932972485096315
"RP11-1100L3.8","RP11-1100L3.8",0.932969346262955
"RP11-527N12.2","RP11-527N12.2",0.932966494534135
"CTB-186G2.1","CTB-186G2.1",0.932951680059356
"RP11-325O24.6","RP11-325O24.6",0.932900479967382
"RP11-116N8.2","RP11-116N8.2",0.932892563113286
"AGAP2-AS1","AGAP2-AS1",0.932889843167613
"DLEU1-AS1","DLEU1-AS1",0.932866636512204
"RP5-1022P6.5","RP5-1022P6.5",0.932812096713453
"RP11-114G11.5","RP11-114G11.5",0.932785125235722
"RP1-122K4.3","RP1-122K4.3",0.932744295576293
"AP001059.6","AP001059.6",0.932699935616648
"RP11-139I14.2","RP11-139I14.2",0.932654989232229
"AC008088.4","AC008088.4",0.932509594573908
"RP11-415C15.3","RP11-415C15.3",0.932441919851271
"RP11-407A16.3","RP11-407A16.3",0.932438732798433
"MAPK4","MAPK4",0.932374132677139
"TAT-AS1","TAT-AS1",0.93235723350877
"RP11-363N22.2","RP11-363N22.2",0.932330370392543
"RP11-152O14.1","RP11-152O14.1",0.932323565372489
"RP11-32K4.1","RP11-32K4.1",0.93230269669705
"RP11-707F2.1","RP11-707F2.1",0.932281999721052
"RP11-138B4.1","RP11-138B4.1",0.93214692954043
"CTD-2647E9.3","CTD-2647E9.3",0.932143233887639
"RP11-762H8.5","RP11-762H8.5",0.932079887695561
"RP11-316M1.12","RP11-316M1.12",0.932016139421449
"RP11-620J15.1","RP11-620J15.1",0.932009805151806
"RP11-405F3.4","RP11-405F3.4",0.931980101450784
"AC008592.4","AC008592.4",0.931961858163748
"CTA-276F8.2","CTA-276F8.2",0.931941944085445
"LINC01231","LINC01231",0.931931901413244
"RP5-1027G4.3","RP5-1027G4.3",0.931925291788272
"CFAP58-AS1","CFAP58-AS1",0.931828385586898
"PDCD4-AS1","PDCD4-AS1",0.931711056117692
"LINC00473","LINC00473",0.931683558093951
"LINC00704","LINC00704",0.931663312957424
"FGF12-AS3","FGF12-AS3",0.931574186620588
"RP11-90M2.5","RP11-90M2.5",0.931484114923869
"AC079776.3","AC079776.3",0.931478784048565
"LINC00928","LINC00928",0.931456126952514
"RP11-184M15.2","RP11-184M15.2",0.931454846251991
"RP11-321G12.1","RP11-321G12.1",0.931352691260755
"LINC00943","LINC00943",0.93134255025955
"RP11-513M16.7","RP11-513M16.7",0.93126493462239
"RP11-344B5.3","RP11-344B5.3",0.931226477732876
"RP11-613D13.8","RP11-613D13.8",0.931197978345115
"RP11-553P9.2","RP11-553P9.2",0.931197704936649
"AC007391.2","AC007391.2",0.931145442945038
"RP11-103J8.2","RP11-103J8.2",0.931093821625316
"RP11-718I15.1","RP11-718I15.1",0.931074083166858
"CTD-2334D19.1","CTD-2334D19.1",0.931061019051714
"RP1-138A5.3","RP1-138A5.3",0.931025810064449
"CHKB-AS1","CHKB-AS1",0.931006610948548
"LINC01117","LINC01117",0.930997330315261
"AGBL5-AS1","AGBL5-AS1",0.930992842363159
"LINC01611","LINC01611",0.930962208503002
"CTD-2134A5.4","CTD-2134A5.4",0.930914486982247
"RP1-292L20.3","RP1-292L20.3",0.930907263932253
"RP4-545L17.11","RP4-545L17.11",0.930850268420981
"RP11-543D5.1","RP11-543D5.1",0.930841920750828
"LINC01241","LINC01241",0.930831155612478
"RP11-666A8.9","RP11-666A8.9",0.930768100656925
"LINC00354","LINC00354",0.930756823333876
"RP11-338K17.8","RP11-338K17.8",0.930696351094848
"RP11-239A17.1","RP11-239A17.1",0.93066499518652
"RP11-478B9.1","RP11-478B9.1",0.930657711824344
"RP4-584D14.5","RP4-584D14.5",0.930656543734757
"RP11-883G14.2","RP11-883G14.2",0.93058943846472
"SIAH2-AS1","SIAH2-AS1",0.930572517160667
"LINC01116","LINC01116",0.930548624159322
"AC002480.2","AC002480.2",0.93038779781176
"RP11-317B7.3","RP11-317B7.3",0.930387357817016
"AC005355.2","AC005355.2",0.930384737267682
"RP11-25I15.2","RP11-25I15.2",0.930377516690613
"RP1-163M9.8","RP1-163M9.8",0.930374848541889
"RP4-694A7.2","RP4-694A7.2",0.930357283324227
"RP11-384E22.1","RP11-384E22.1",0.930309911323185
"RP11-521D12.2","RP11-521D12.2",0.930287811979902
"RP11-10H3.1","RP11-10H3.1",0.930278242156321
"LINC00857","LINC00857",0.93026035615808
"AC068491.2","AC068491.2",0.930227392086773
"RP11-1055B8.10","RP11-1055B8.10",0.930052577231934
"LINC00278","LINC00278",0.929937264043027
"RP11-304L19.12","RP11-304L19.12",0.92986298066858
"CTD-2526A2.2","CTD-2526A2.2",0.929797698711592
"CTD-3037G24.4","CTD-3037G24.4",0.929734445098315
"RP11-944C7.1","RP11-944C7.1",0.929714707930907
"UBE2E1-AS1","UBE2E1-AS1",0.929705581495844
"RP11-406O23.2","RP11-406O23.2",0.929664761610511
"ARSD-AS1","ARSD-AS1",0.929633014826929
"AF129408.17","AF129408.17",0.929558374808082
"LINC00701","LINC00701",0.929484124648123
"RP11-342D11.2","RP11-342D11.2",0.929471022666328
"CTD-2260A17.3","CTD-2260A17.3",0.929407242353683
"RP11-78F17.1","RP11-78F17.1",0.929304748263028
"RP11-180D21.3","RP11-180D21.3",0.929193167683015
"RP11-388K12.2","RP11-388K12.2",0.929124654574127
"CTB-191K22.5","CTB-191K22.5",0.929115833133948
"KCNQ5-AS1","KCNQ5-AS1",0.929077048840377
"RP11-292E2.4","RP11-292E2.4",0.929051881422366
"LOXL1-AS1","LOXL1-AS1",0.929012772287391
"LINC00958","LINC00958",0.929004305781078
"RP5-945I17.2","RP5-945I17.2",0.928969350086889
"CTD-2185K10.1","CTD-2185K10.1",0.928962274943248
"CTC-548K16.5","CTC-548K16.5",0.928929295148305
"LINC00279","LINC00279",0.92892815769296
"CTB-147C13.1","CTB-147C13.1",0.928855929421937
"CTD-2357A8.3","CTD-2357A8.3",0.928750068438551
"RP11-1028N23.4","RP11-1028N23.4",0.92873642747126
"RP11-416N2.4","RP11-416N2.4",0.928686104633856
"RP11-399K21.11","RP11-399K21.11",0.928670838699447
"AC096554.1","AC096554.1",0.928638130364158
"RP11-54A9.1","RP11-54A9.1",0.928580862297395
"RP11-1D12.2","RP11-1D12.2",0.928459374065569
"LINC00960","LINC00960",0.928447317737519
"RP11-744I24.3","RP11-744I24.3",0.928373856166937
"RP11-70C1.1","RP11-70C1.1",0.928373293573483
"U51244.2","U51244.2",0.928359790962674
"AC021188.4","AC021188.4",0.928298587307934
"MIR4435-2HG","MIR4435-2HG",0.928291408602584
"CTD-2236F14.1","CTD-2236F14.1",0.928199892020402
"RP11-407B7.3","RP11-407B7.3",0.928196092591764
"RP5-1050E16.2","RP5-1050E16.2",0.928189981540313
"RP11-515O17.2","RP11-515O17.2",0.928153492749797
"AC013269.3","AC013269.3",0.928124034708749
"CTC-359M8.1","CTC-359M8.1",0.928110873229913
"HAND2-AS1","HAND2-AS1",0.928100329874367
"RP11-624A4.1","RP11-624A4.1",0.928075167367501
"RP11-544M22.1","RP11-544M22.1",0.928045416961666
"CTD-2281M20.1","CTD-2281M20.1",0.928025192795897
"RP11-506D12.5","RP11-506D12.5",0.928024906149017
"CTD-2589H19.6","CTD-2589H19.6",0.927887477815224
"RP11-261N11.8","RP11-261N11.8",0.927884982133362
"RP11-672L10.3","RP11-672L10.3",0.927845707961426
"RP11-10N16.3","RP11-10N16.3",0.92778608570963
"RP11-98D18.15","RP11-98D18.15",0.927761875993034
"CTC-332L22.1","CTC-332L22.1",0.927759920916936
"RP11-191L9.4","RP11-191L9.4",0.927731832884637
"AF127577.10","AF127577.10",0.927697321337383
"CTD-2515H24.2","CTD-2515H24.2",0.927670004103203
"RP11-606D9.1","RP11-606D9.1",0.927604724037632
"CTD-3187F8.11","CTD-3187F8.11",0.927490900474255
"RP11-506F3.1","RP11-506F3.1",0.92741473336338
"RP11-936I5.1","RP11-936I5.1",0.92739954088761
"RP11-62L18.3","RP11-62L18.3",0.927298666910108
"CTD-2199O4.1","CTD-2199O4.1",0.927281689255553
"CTD-2015H3.2","CTD-2015H3.2",0.927274518934932
"RP11-177F11.1","RP11-177F11.1",0.927232319735622
"RP4-813D12.3","RP4-813D12.3",0.927175001348798
"RP11-643A5.2","RP11-643A5.2",0.927162451814154
"RP11-475O23.2","RP11-475O23.2",0.927132765678689
"RP11-450H6.3","RP11-450H6.3",0.927098513296701
"LINC01149","LINC01149",0.927093471150996
"RP11-483L5.1","RP11-483L5.1",0.927078873942133
"CNTN4-AS1","CNTN4-AS1",0.927062315568373
"RP11-357H14.17","RP11-357H14.17",0.927061888491434
"SLC39A12-AS1","SLC39A12-AS1",0.92704442293765
"AC084809.3","AC084809.3",0.92702395281565
"LURAP1L-AS1","LURAP1L-AS1",0.927014676993061
"RP11-340I6.7","RP11-340I6.7",0.926950282222998
"PLS1-AS1","PLS1-AS1",0.926915292372426
"LINC00951","LINC00951",0.926885333385562
"AC093326.3","AC093326.3",0.926882870846606
"RP11-143J24.1","RP11-143J24.1",0.926864646632621
"C17orf77","C17orf77",0.926819462027598
"LINC00907","LINC00907",0.926784092334766
"CTA-398F10.1","CTA-398F10.1",0.926694916839373
"LINC00671","LINC00671",0.926608551595236
"RP11-353N14.4","RP11-353N14.4",0.926548190976711
"AC083843.2","AC083843.2",0.926545055363553
"RP11-392B6.1","RP11-392B6.1",0.926513541470613
"RP11-50D16.4","RP11-50D16.4",0.926495049142328
"AC079354.3","AC079354.3",0.926442971622392
"RP11-30J20.1","RP11-30J20.1",0.926442135030665
"RP11-412H9.2","RP11-412H9.2",0.926438942819416
"CTC-499J9.1","CTC-499J9.1",0.926418883064441
"RP5-1101C3.1","RP5-1101C3.1",0.926417174352057
"AL133493.2","AL133493.2",0.926407821787131
"HIF1A-AS2","HIF1A-AS2",0.926337695982463
"RP11-766F14.1","RP11-766F14.1",0.92627648989764
"RP11-278C7.4","RP11-278C7.4",0.926248273848293
"AC005592.3","AC005592.3",0.926172612396285
"FEZF1-AS1","FEZF1-AS1",0.926120799665164
"XACT","XACT",0.926109663350077
"RP5-1006K12.1","RP5-1006K12.1",0.926032711704305
"C8orf87","C8orf87",0.926023876104638
"RP4-536B24.2","RP4-536B24.2",0.925957248741857
"AC008271.1","AC008271.1",0.925936553197225
"RP11-10J21.5","RP11-10J21.5",0.925904114776395
"RP11-76G10.1","RP11-76G10.1",0.925898482743128
"NHS-AS1","NHS-AS1",0.925863844688482
"RP11-122M14.3","RP11-122M14.3",0.925857667283285
"RP11-706O15.5","RP11-706O15.5",0.925836808874809
"AC005540.3","AC005540.3",0.92566791676258
"RP11-656A15.1","RP11-656A15.1",0.92556250597681
"RP11-278H7.1","RP11-278H7.1",0.92554278925525
"RP11-167N4.2","RP11-167N4.2",0.92552271797012
"CTC-459M5.2","CTC-459M5.2",0.925497761245674
"RP11-404L6.2","RP11-404L6.2",0.925460896199263
"FARSA-AS1","FARSA-AS1",0.92542099790755
"RP11-647K16.1","RP11-647K16.1",0.925400084315509
"RP5-837I24.2","RP5-837I24.2",0.925386808508443
"RP3-369A17.4","RP3-369A17.4",0.925334807909702
"RP1-90K10.4","RP1-90K10.4",0.925330112272702
"RP11-2C24.7","RP11-2C24.7",0.925320501935355
"RP3-438O4.4","RP3-438O4.4",0.925320436120835
"NFIA-AS2","NFIA-AS2",0.925294986309083
"RP11-728E14.2","RP11-728E14.2",0.925251318137447
"RP5-837I24.4","RP5-837I24.4",0.925216329676008
"RP11-27M9.1","RP11-27M9.1",0.92519068180485
"CTD-2254N19.1","CTD-2254N19.1",0.925176233949991
"RP11-346C20.3","RP11-346C20.3",0.925120440213534
"RP11-356I2.1","RP11-356I2.1",0.925087622100986
"GAS6-AS1","GAS6-AS1",0.925050138519009
"PWRN2","PWRN2",0.925044135059555
"RP11-889D3.2","RP11-889D3.2",0.925021555404805
"KCNQ1-AS1","KCNQ1-AS1",0.924989385247275
"RP11-333E1.2","RP11-333E1.2",0.924871416896805
"AP000797.4","AP000797.4",0.924861722740775
"CASC20","CASC20",0.924846425995982
"RP5-1050D4.4","RP5-1050D4.4",0.92483846040869
"RP11-290M5.4","RP11-290M5.4",0.924822681704846
"AP001189.4","AP001189.4",0.924817861904078
"TERC","TERC",0.924798979388385
"AC013463.2","AC013463.2",0.924796270290328
"RP11-522M21.3","RP11-522M21.3",0.924772235408351
"LINC01405","LINC01405",0.924759440551782
"RP11-770J1.4","RP11-770J1.4",0.924731996392769
"AC000068.5","AC000068.5",0.924707821758103
"RP11-13E5.2","RP11-13E5.2",0.924689929540234
"RP5-1160K1.6","RP5-1160K1.6",0.92465345974271
"RP11-77H9.6","RP11-77H9.6",0.924620553742789
"RP11-650L12.1","RP11-650L12.1",0.924571957201908
"RP11-863P13.1","RP11-863P13.1",0.92455242068862
"SRGAP2-AS1","SRGAP2-AS1",0.924273076371061
"CMB9-22P13.2","CMB9-22P13.2",0.924272773409199
"LINC01257","LINC01257",0.924239417866625
"RP11-1055B8.3","RP11-1055B8.3",0.924233707940962
"RP11-269M20.3","RP11-269M20.3",0.924178294163755
"RP11-97N19.3","RP11-97N19.3",0.924175093763281
"CTD-2544N14.3","CTD-2544N14.3",0.924142524809523
"RP11-611O2.5","RP11-611O2.5",0.924125237170325
"RP11-380D23.1","RP11-380D23.1",0.924113440710731
"RP11-15F12.1","RP11-15F12.1",0.924082679041181
"RP11-47L3.1","RP11-47L3.1",0.924076881133987
"CTD-2002J20.1","CTD-2002J20.1",0.924064126951043
"RP4-784A16.5","RP4-784A16.5",0.924046135064881
"RP1-232L24.3","RP1-232L24.3",0.924026420931959
"LINC00945","LINC00945",0.923985012884244
"AP4B1-AS1","AP4B1-AS1",0.923972083283358
"RP11-435O5.5","RP11-435O5.5",0.923826846198549
"RP11-321E2.4","RP11-321E2.4",0.923776000341003
"RP5-855D21.1","RP5-855D21.1",0.923716282588712
"RP11-359G22.4","RP11-359G22.4",0.92369141849727
"RP11-54H7.4","RP11-54H7.4",0.923630875989526
"RP11-89C3.4","RP11-89C3.4",0.923622467262714
"RP11-693J15.6","RP11-693J15.6",0.923620418912437
"RP11-180O5.2","RP11-180O5.2",0.923594118414055
"ATXN8OS","ATXN8OS",0.923573430940057
"RP11-240L7.4","RP11-240L7.4",0.923529294084664
"AC010746.3","AC010746.3",0.923480475830159
"RP11-662G23.1","RP11-662G23.1",0.923446098569574
"CTD-2659N19.10","CTD-2659N19.10",0.923338536212294
"RP1-272L16.1","RP1-272L16.1",0.923323970852643
"RP11-127B20.2","RP11-127B20.2",0.923320943617496
"BMPR1B-AS1","BMPR1B-AS1",0.923289064656044
"RP11-616M22.12","RP11-616M22.12",0.923266235598421
"PGM5P4-AS1","PGM5P4-AS1",0.923244037343172
"AC012499.1","AC012499.1",0.92323941644615
"RP11-497G19.7","RP11-497G19.7",0.923196955528284
"AC010761.9","AC010761.9",0.923169970154247
"RP11-136L23.2","RP11-136L23.2",0.923136068771524
"RP6-91H8.1","RP6-91H8.1",0.923113004865207
"CTD-2012J19.3","CTD-2012J19.3",0.923093647547301
"LINC01089","LINC01089",0.923030276593476
"AF230666.2","AF230666.2",0.923013887818291
"EDNRB-AS1","EDNRB-AS1",0.923012699120707
"RP4-533D7.4","RP4-533D7.4",0.922954163995891
"RP11-806K15.1","RP11-806K15.1",0.922948106222664
"CTD-2506J14.1","CTD-2506J14.1",0.922876596511181
"RP11-285C1.2","RP11-285C1.2",0.922875828674797
"RP11-143A12.3","RP11-143A12.3",0.922834520806055
"RP5-851M4.1","RP5-851M4.1",0.922832933296286
"KB-1183D5.13","KB-1183D5.13",0.922822694102722
"CTA-31J9.2","CTA-31J9.2",0.922806450484889
"LINC01595","LINC01595",0.922788932952833
"LA16c-329F2.1","LA16c-329F2.1",0.922785227685302
"AP000223.42","AP000223.42",0.922773723067634
"CTB-66B24.1","CTB-66B24.1",0.922732828067355
"F11-AS1","F11-AS1",0.922704552371816
"RP11-507B12.2","RP11-507B12.2",0.922669938398402
"GLIS3-AS1","GLIS3-AS1",0.922613457695684
"RP11-615J4.3","RP11-615J4.3",0.922603364065772
"RP11-12L8.1","RP11-12L8.1",0.922595599266948
"RP11-114F3.4","RP11-114F3.4",0.922594047801854
"RP11-879F14.2","RP11-879F14.2",0.922582042189056
"KB-1615E4.2","KB-1615E4.2",0.92252333657524
"RP11-383G10.5","RP11-383G10.5",0.922486327787749
"LL09NC01-254D11.1","LL09NC01-254D11.1",0.922447078107846
"RP11-472N13.2","RP11-472N13.2",0.922408917059903
"RP11-379L18.1","RP11-379L18.1",0.922387401622179
"CTC-499B15.8","CTC-499B15.8",0.922385715394596
"PEX5L-AS1","PEX5L-AS1",0.922380801439954
"LINC00452","LINC00452",0.922377416314546
"RP11-20A20.2","RP11-20A20.2",0.922346093307494
"AC103563.9","AC103563.9",0.922239122162607
"RP13-401N8.1","RP13-401N8.1",0.922236204775833
"RP11-553A21.3","RP11-553A21.3",0.922225397843948
"RP11-691H4.4","RP11-691H4.4",0.922200771483014
"AC005264.2","AC005264.2",0.922184880129525
"RP11-371A19.2","RP11-371A19.2",0.922184228760533
"RP11-152K4.2","RP11-152K4.2",0.922163377608992
"RP11-552I14.1","RP11-552I14.1",0.92214296105556
"AC069155.1","AC069155.1",0.922132076542211
"AC129492.6","AC129492.6",0.922126429554686
"AC004691.5","AC004691.5",0.922110436495958
"CHRM3-AS2","CHRM3-AS2",0.922091730641625
"AC004019.13","AC004019.13",0.922086003471474
"RP11-763F8.1","RP11-763F8.1",0.922076371750628
"CTD-2265O21.3","CTD-2265O21.3",0.922051332760976
"RP1-137H15.2","RP1-137H15.2",0.922043233053625
"RP11-473J6.1","RP11-473J6.1",0.922010575692383
"RP11-467L19.16","RP11-467L19.16",0.922008785386796
"RP5-1066H13.4","RP5-1066H13.4",0.921923736579466
"RP11-20I20.4","RP11-20I20.4",0.92191723883439
"RP5-1096D14.3","RP5-1096D14.3",0.921871481218137
"RP11-902B17.1","RP11-902B17.1",0.921847963066806
"ENOX1-AS1","ENOX1-AS1",0.921835050104394
"RP11-114H21.2","RP11-114H21.2",0.921759519096774
"AC007365.1","AC007365.1",0.921747346435413
"RP11-23P13.4","RP11-23P13.4",0.921707083854166
"RP11-598F7.4","RP11-598F7.4",0.921662566922039
"RP11-466A19.1","RP11-466A19.1",0.921625014011594
"LINCMD1","LINCMD1",0.921607183921208
"AC092316.1","AC092316.1",0.921560801782766
"RP11-81H3.2","RP11-81H3.2",0.92150855737592
"RP11-316M1.3","RP11-316M1.3",0.921501251370196
"RP11-875H7.5","RP11-875H7.5",0.92145256601183
"RP11-541G9.1","RP11-541G9.1",0.921446676147908
"RP11-189E14.5","RP11-189E14.5",0.921433032039383
"RP1-92C4.2","RP1-92C4.2",0.921422241284056
"RP11-96K19.5","RP11-96K19.5",0.921418613474425
"LINC00864","LINC00864",0.92137826868535
"RP11-519M16.1","RP11-519M16.1",0.921331936018117
"FLJ46066","FLJ46066",0.921321638183139
"RP11-57H12.3","RP11-57H12.3",0.921244490809108
"RP11-206M11.7","RP11-206M11.7",0.921231053720101
"AC012507.3","AC012507.3",0.921213475052669
"RP11-961A15.3","RP11-961A15.3",0.921136335532875
"RP11-715J22.3","RP11-715J22.3",0.921134502439867
"RP11-149P24.1","RP11-149P24.1",0.921119239626175
"RP11-1112C15.2","RP11-1112C15.2",0.921082256848865
"FAM183CP","FAM183CP",0.921075393415742
"AC007327.5","AC007327.5",0.921071179595448
"RP3-512E2.2","RP3-512E2.2",0.921071085017259
"LINC00184","LINC00184",0.921060390138821
"RP11-138I17.1","RP11-138I17.1",0.921044246211699
"RP1-151B14.6","RP1-151B14.6",0.921003571666924
"RP11-94M14.2","RP11-94M14.2",0.920983475546474
"RP11-549L6.3","RP11-549L6.3",0.920963122789276
"LINC01289","LINC01289",0.920945750223829
"RP11-622O11.4","RP11-622O11.4",0.920916361775754
"AC084149.2","AC084149.2",0.92091047241058
"RP1-244F24.1","RP1-244F24.1",0.920904289760991
"MAFTRR","MAFTRR",0.92079303484507
"AP001136.2","AP001136.2",0.920693599020227
"LINC00927","LINC00927",0.920659849294204
"RP11-687M24.4","RP11-687M24.4",0.920647002886326
"CTA-392E5.1","CTA-392E5.1",0.920551326633904
"RP11-711G10.1","RP11-711G10.1",0.920523813188464
"RP11-54A4.2","RP11-54A4.2",0.920519962794013
"RP11-223C24.1","RP11-223C24.1",0.920497407957656
"RP11-76E17.4","RP11-76E17.4",0.920471196531915
"LINC01222","LINC01222",0.920457342762966
"C4B","C4B",0.920417021197276
"CTD-2291D10.2","CTD-2291D10.2",0.920410623524328
"RP11-636O21.2","RP11-636O21.2",0.920384084553462
"RP11-820I16.4","RP11-820I16.4",0.920333259862685
"RP11-823E8.3","RP11-823E8.3",0.920311324587684
"RP13-16H11.7","RP13-16H11.7",0.920289176243185
"LINC01350","LINC01350",0.920248505729983
"RP11-304F15.6","RP11-304F15.6",0.920226256620892
"OSTN-AS1","OSTN-AS1",0.920172945068584
"LINC00237","LINC00237",0.920045635373107
"HOXB-AS1","HOXB-AS1",0.920041578584189
"RP5-875O13.1","RP5-875O13.1",0.920030730857452
"RP11-553K8.5","RP11-553K8.5",0.919929660150307
"RP11-292B1.2","RP11-292B1.2",0.919923826438779
"RP11-19O2.1","RP11-19O2.1",0.919892643158355
"AC073333.8","AC073333.8",0.91985605304015
"AC006273.4","AC006273.4",0.919855707783137
"MGC32805","MGC32805",0.919835308653509
"LINC00511","LINC00511",0.919829080807045
"RP3-399L15.1","RP3-399L15.1",0.91981812467307
"RP11-153F1.2","RP11-153F1.2",0.919808187043078
"RP11-446J8.1","RP11-446J8.1",0.919796051391299
"CH507-513H4.5","CH507-513H4.5",0.919738878099443
"RP11-95H11.1","RP11-95H11.1",0.919708750047182
"AC009505.2","AC009505.2",0.919687148337995
"MCCC1-AS1","MCCC1-AS1",0.919683895723238
"RP11-145H9.3","RP11-145H9.3",0.919681777450783
"RP11-563K23.1","RP11-563K23.1",0.919642632797336
"RP11-273B20.3","RP11-273B20.3",0.919637591072753
"CTB-107G13.1","CTB-107G13.1",0.919575718691435
"RP11-1191J2.2","RP11-1191J2.2",0.919572001564358
"LSINCT5","LSINCT5",0.919536778050598
"RP11-325E5.1","RP11-325E5.1",0.919502179655129
"RP1-212P9.3","RP1-212P9.3",0.919418920710675
"AC020571.3","AC020571.3",0.919418224101399
"RP11-555K2.4","RP11-555K2.4",0.919393764365634
"CTD-3162L10.4","CTD-3162L10.4",0.919390486591464
"RP11-807H22.7","RP11-807H22.7",0.919374281218941
"UBE2E2-AS1","UBE2E2-AS1",0.919343088460085
"LINC00575","LINC00575",0.919339550081343
"RP11-203E8.1","RP11-203E8.1",0.919331246145074
"GS1-114I9.1","GS1-114I9.1",0.919234192035739
"LINC00904","LINC00904",0.9192256979175
"NDP-AS1","NDP-AS1",0.919148132088989
"AC009313.1","AC009313.1",0.919139991743455
"RP11-416O18.2","RP11-416O18.2",0.919137365042899
"MME-AS1","MME-AS1",0.919130070518689
"LVCAT1","LVCAT1",0.919127801575428
"AC010967.2","AC010967.2",0.919022962523054
"CTD-3096P4.1","CTD-3096P4.1",0.918964848317194
"RP11-357P18.3","RP11-357P18.3",0.918886900248575
"CTA-796E4.4","CTA-796E4.4",0.91886479860221
"RP11-804H8.6","RP11-804H8.6",0.918861177042662
"C1orf195","C1orf195",0.918857684389246
"RBPMS-AS1","RBPMS-AS1",0.918829599155741
"STK24-AS1","STK24-AS1",0.918828722637834
"LINC01606","LINC01606",0.918662879132368
"RP11-706O15.7","RP11-706O15.7",0.918626427100207
"RP11-236B18.2","RP11-236B18.2",0.918607614319988
"RP5-1186N24.3","RP5-1186N24.3",0.918604722257578
"RP11-313P22.1","RP11-313P22.1",0.918601939080081
"AC108066.1","AC108066.1",0.918531726027886
"EPB41L4A-AS2","EPB41L4A-AS2",0.91845615210821
"RP11-148B18.1","RP11-148B18.1",0.918434239594171
"AC140481.8","AC140481.8",0.918411740279575
"RP5-983L19.2","RP5-983L19.2",0.91836756487951
"RP11-137H2.4","RP11-137H2.4",0.918319528816765
"RP11-26M5.3","RP11-26M5.3",0.918279589833323
"ZEB2-AS1","ZEB2-AS1",0.918189591904492
"RP11-347C18.5","RP11-347C18.5",0.918188712687681
"AC005753.1","AC005753.1",0.918099016374964
"RP11-738E22.3","RP11-738E22.3",0.918060876814965
"AC092687.3","AC092687.3",0.917993037054606
"RP11-286N3.2","RP11-286N3.2",0.91788662641583
"RP11-579D7.2","RP11-579D7.2",0.917864597537927
"RP11-44B19.1","RP11-44B19.1",0.917863121955813
"RP11-314P15.2","RP11-314P15.2",0.917853164372464
"RP11-848P1.4","RP11-848P1.4",0.917841219101767
"RP11-664H17.1","RP11-664H17.1",0.917833060778815
"RP11-513N24.1","RP11-513N24.1",0.917830089830746
"AC005616.1","AC005616.1",0.917827311415837
"RP11-45A12.2","RP11-45A12.2",0.917795581404608
"RP11-579D7.4","RP11-579D7.4",0.917783730541727
"RP11-46H11.3","RP11-46H11.3",0.917746901416056
"RP5-1182A14.5","RP5-1182A14.5",0.917738830690678
"RP11-138C9.1","RP11-138C9.1",0.917644040833526
"RP11-272B17.1","RP11-272B17.1",0.917598173438989
"AC005487.2","AC005487.2",0.917597149529903
"RP11-24N18.1","RP11-24N18.1",0.917592620052002
"RP11-406H21.2","RP11-406H21.2",0.917530413959184
"RP1-232P20.1","RP1-232P20.1",0.917517653517015
"CTA-520D8.2","CTA-520D8.2",0.917515259636909
"RP11-338N10.2","RP11-338N10.2",0.917454871855704
"RP11-1023P17.2","RP11-1023P17.2",0.917433621058619
"CTD-2134A5.3","CTD-2134A5.3",0.917409630075284
"LINC00381","LINC00381",0.917360071232234
"RP11-283G6.3","RP11-283G6.3",0.917346348294131
"LEMD1-AS1","LEMD1-AS1",0.917318041368778
"LINC01152","LINC01152",0.917258629123264
"RP11-501O2.3","RP11-501O2.3",0.917256455287039
"RP11-213H15.1","RP11-213H15.1",0.91725024010654
"AC006150.1","AC006150.1",0.917218011108303
"AC008103.3","AC008103.3",0.917142910732185
"RP5-899B16.2","RP5-899B16.2",0.917132693131513
"RP11-722M1.1","RP11-722M1.1",0.917091876418494
"CTA-929C8.8","CTA-929C8.8",0.917073381936193
"RP11-677I18.3","RP11-677I18.3",0.917058652879753
"RP11-768G7.3","RP11-768G7.3",0.917027755552335
"RP11-867G2.6","RP11-867G2.6",0.917022011864793
"RP11-91K8.5","RP11-91K8.5",0.916964988007105
"AC068490.2","AC068490.2",0.916945565548314
"RP11-346C4.3","RP11-346C4.3",0.916938243010137
"RP11-875O11.1","RP11-875O11.1",0.916917978107611
"Z83001.1","Z83001.1",0.916917864335497
"RP11-333A23.3","RP11-333A23.3",0.916909744028762
"CTD-2532K18.1","CTD-2532K18.1",0.916889121855502
"RP11-382D12.2","RP11-382D12.2",0.916885880833028
"RP11-636O21.1","RP11-636O21.1",0.91688502083213
"RP11-244N9.4","RP11-244N9.4",0.916866638791408
"RP11-552E10.1","RP11-552E10.1",0.916820130469703
"DOCK9-AS1","DOCK9-AS1",0.91677568752186
"AC007395.3","AC007395.3",0.916765229975353
"RP11-20B24.7","RP11-20B24.7",0.916650659983321
"RP11-405A12.2","RP11-405A12.2",0.916643545967298
"RP11-699A5.2","RP11-699A5.2",0.916632608117999
"AL450992.2","AL450992.2",0.916607449240247
"RP11-227B21.2","RP11-227B21.2",0.916606656697766
"AC008073.9","AC008073.9",0.916574182929044
"RP11-747D18.1","RP11-747D18.1",0.916403195332385
"RP11-362K14.7","RP11-362K14.7",0.916324352526858
"RNU11","RNU11",0.916322356705976
"RP11-680F20.9","RP11-680F20.9",0.916270053652031
"RP11-385M4.1","RP11-385M4.1",0.916242046561778
"RP11-563N12.2","RP11-563N12.2",0.916194626900689
"RP11-90C4.1","RP11-90C4.1",0.916136921824018
"LINC01193","LINC01193",0.916107956527375
"CTC-281F24.1","CTC-281F24.1",0.916059669118586
"RP11-304L19.8","RP11-304L19.8",0.916021083888339
"LINC01315","LINC01315",0.915978766882857
"RP11-153F10.2","RP11-153F10.2",0.915905380765638
"RP11-422P22.1","RP11-422P22.1",0.915890423963672
"RP11-45K10.2","RP11-45K10.2",0.915843180693119
"C9orf106","C9orf106",0.915798904845189
"RP11-303E16.3","RP11-303E16.3",0.915772846980433
"CTD-2050E21.1","CTD-2050E21.1",0.915770257754444
"CTC-484P3.3","CTC-484P3.3",0.915751387997186
"AC002064.5","AC002064.5",0.915732582883183
"RP11-875O11.3","RP11-875O11.3",0.915701214967341
"RP11-531A24.3","RP11-531A24.3",0.915671856724483
"AC118754.4","AC118754.4",0.915637662427816
"RP5-1039K5.16","RP5-1039K5.16",0.915635375874149
"RP11-315A16.1","RP11-315A16.1",0.915631885919868
"RP11-499F3.1","RP11-499F3.1",0.915611445807733
"RP11-173C1.1","RP11-173C1.1",0.915556618028244
"RP11-485G7.5","RP11-485G7.5",0.915554558323054
"RP11-838N2.5","RP11-838N2.5",0.915536422505724
"RP11-332M4.1","RP11-332M4.1",0.915516293887794
"RP11-87C7.3","RP11-87C7.3",0.915501897088762
"RP11-57A19.2","RP11-57A19.2",0.915479778704516
"LINC00290","LINC00290",0.915425439368878
"PHKA2-AS1","PHKA2-AS1",0.915327480672405
"RP11-700H6.2","RP11-700H6.2",0.915304329666909
"ITCH-AS1","ITCH-AS1",0.915283860590919
"RP11-698N11.2","RP11-698N11.2",0.915261812765573
"TET2-AS1","TET2-AS1",0.915231875340963
"RP11-697M17.2","RP11-697M17.2",0.91522760979216
"RP11-301L8.2","RP11-301L8.2",0.915216311304369
"RP11-18H21.2","RP11-18H21.2",0.914978506913302
"CTC-453G23.5","CTC-453G23.5",0.914893679573076
"CTA-392C11.1","CTA-392C11.1",0.914869435246572
"CTD-2313J23.1","CTD-2313J23.1",0.914805289103868
"RP11-493L12.3","RP11-493L12.3",0.914786839335175
"RP11-809C18.3","RP11-809C18.3",0.91466094140371
"AF001548.6","AF001548.6",0.914621713782813
"RP11-347I19.7","RP11-347I19.7",0.914472954445808
"RP5-1029F21.3","RP5-1029F21.3",0.914405825951209
"RP11-428F8.2","RP11-428F8.2",0.914358897432094
"KB-1466C5.1","KB-1466C5.1",0.914342826152076
"IQCA1-AS1","IQCA1-AS1",0.914288400083194
"RP11-982M15.6","RP11-982M15.6",0.914256829391113
"RP11-266O8.1","RP11-266O8.1",0.914136714333336
"RP11-448P19.1","RP11-448P19.1",0.914119168857043
"SAPCD1-AS1","SAPCD1-AS1",0.914083717887379
"AC074366.3","AC074366.3",0.914045797271525
"LINC00326","LINC00326",0.914030921366641
"RP11-560A15.3","RP11-560A15.3",0.914020886973804
"RP11-567N4.3","RP11-567N4.3",0.913984230209111
"CTC-529I10.1","CTC-529I10.1",0.913982878443726
"JMJD1C-AS1","JMJD1C-AS1",0.913974349655186
"TGFB2-AS1","TGFB2-AS1",0.913865429628376
"AC093590.1","AC093590.1",0.913855880394678
"AC007405.8","AC007405.8",0.913807717466913
"CTD-2523D13.2","CTD-2523D13.2",0.913789015382004
"CH17-125A10.2","CH17-125A10.2",0.91378822911371
"RP11-496I9.1","RP11-496I9.1",0.91367018118058
"RP11-397A16.1","RP11-397A16.1",0.913573565177857
"RP11-255G12.2","RP11-255G12.2",0.913564376726895
"RP11-375O18.2","RP11-375O18.2",0.913550502463388
"LINC00251","LINC00251",0.913523348106489
"RP11-434H14.1","RP11-434H14.1",0.913504699281463
"RP4-564M11.2","RP4-564M11.2",0.913461516963964
"RP11-259K15.2","RP11-259K15.2",0.9133924318348
"RORB-AS1","RORB-AS1",0.913360640196053
"AC010145.4","AC010145.4",0.913266974308682
"RP11-556G22.2","RP11-556G22.2",0.913251665548517
"RP4-789D17.5","RP4-789D17.5",0.913157340440336
"RP11-150O12.4","RP11-150O12.4",0.913112293484248
"RP11-326N17.2","RP11-326N17.2",0.913099505474604
"LINC01299","LINC01299",0.913088505122024
"AC005235.1","AC005235.1",0.913077755307083
"AQP4-AS1","AQP4-AS1",0.913068395850434
"CTD-2384B11.2","CTD-2384B11.2",0.913028825324988
"RP11-134O21.1","RP11-134O21.1",0.913018716831258
"RP4-669P10.16","RP4-669P10.16",0.912992380386623
"RP11-217C7.1","RP11-217C7.1",0.912991798980627
"RP11-246K15.1","RP11-246K15.1",0.912975668071073
"PCAT1","PCAT1",0.912955997093058
"RP11-169K17.3","RP11-169K17.3",0.912915903872434
"RP11-2E11.5","RP11-2E11.5",0.912905733218759
"RP11-44N11.2","RP11-44N11.2",0.91289403110963
"RP5-1180E21.5","RP5-1180E21.5",0.91286484698273
"RP11-462G12.4","RP11-462G12.4",0.912739643565649
"RP11-21G20.3","RP11-21G20.3",0.912739457714336
"RP11-35G22.1","RP11-35G22.1",0.912719965819244
"RP11-490O24.2","RP11-490O24.2",0.912700943988706
"RP11-1049H7.2","RP11-1049H7.2",0.912697653088833
"RP11-748L13.6","RP11-748L13.6",0.912602663197543
"RP11-13J8.1","RP11-13J8.1",0.91257617502345
"AF131216.6","AF131216.6",0.912501604360277
"RP1-288L1.4","RP1-288L1.4",0.912501493644626
"RP11-151A10.3","RP11-151A10.3",0.912495448087314
"CTC-457L16.2","CTC-457L16.2",0.912471807003029
"RP11-287D1.4","RP11-287D1.4",0.912470879036457
"RP4-790G17.7","RP4-790G17.7",0.91245938546494
"AC104076.3","AC104076.3",0.91220153636831
"RP11-1079H9.1","RP11-1079H9.1",0.912186114572252
"RP11-787I22.3","RP11-787I22.3",0.912108287456954
"RP11-494H4.3","RP11-494H4.3",0.912065519859623
"AC061961.2","AC061961.2",0.91201134056809
"DARS-AS1","DARS-AS1",0.911993268478704
"RP1-286D6.5","RP1-286D6.5",0.911979448591374
"RP11-398J10.2","RP11-398J10.2",0.911929841080907
"RP5-965F6.2","RP5-965F6.2",0.911907299715005
"LINC01424","LINC01424",0.911904696905594
"RP11-593F23.1","RP11-593F23.1",0.911880983862702
"RP11-192P3.4","RP11-192P3.4",0.91186991876337
"PTGES2-AS1","PTGES2-AS1",0.911816544627313
"RP11-598C10.1","RP11-598C10.1",0.911793522792289
"AC062029.1","AC062029.1",0.911787742879868
"RAI1-AS1","RAI1-AS1",0.911787417400528
"RP11-410N8.3","RP11-410N8.3",0.911772808014624
"RP11-59C5.3","RP11-59C5.3",0.911726959730808
"RP11-556O9.2","RP11-556O9.2",0.911722582016882
"AIRN","AIRN",0.911721193964434
"CTB-49A3.5","CTB-49A3.5",0.911692919405566
"Z83844.1","Z83844.1",0.91169226774315
"RP11-178L8.9","RP11-178L8.9",0.911683985359326
"CTD-2320G14.2","CTD-2320G14.2",0.911620656414164
"SYP-AS1","SYP-AS1",0.911582808444101
"RP11-92C4.3","RP11-92C4.3",0.911566160274414
"CTD-2034I21.1","CTD-2034I21.1",0.911522928135103
"RP11-386I14.4","RP11-386I14.4",0.911476551098023
"RP4-784A16.2","RP4-784A16.2",0.911399220798177
"C22orf34","C22orf34",0.911396234063468
"RP1-50J22.4","RP1-50J22.4",0.911387428743296
"RP11-524K22.1","RP11-524K22.1",0.911310851793952
"AC004988.1","AC004988.1",0.91129122705336
"LINC00620","LINC00620",0.911277425842293
"RP11-104H15.8","RP11-104H15.8",0.911241833089605
"CTD-2240E14.4","CTD-2240E14.4",0.911228055960929
"RP11-442O1.4","RP11-442O1.4",0.911203793156332
"RP11-354K4.2","RP11-354K4.2",0.911198527176806
"LINC00346","LINC00346",0.911189049407751
"LINC01094","LINC01094",0.911170836603713
"KCNAB1-AS2","KCNAB1-AS2",0.911079481045959
"CTD-2358C21.4","CTD-2358C21.4",0.911044734105167
"RP11-192H6.2","RP11-192H6.2",0.911036861779108
"AC104777.2","AC104777.2",0.911022987799663
"RP5-956O18.2","RP5-956O18.2",0.911013684402513
"RP1-86D1.5","RP1-86D1.5",0.91096199531404
"LINC00539","LINC00539",0.910943076206187
"RP4-541C22.5","RP4-541C22.5",0.910926920073941
"CTD-2047H16.4","CTD-2047H16.4",0.91092498931412
"PACRG-AS1","PACRG-AS1",0.910755450706669
"RP1-102E24.8","RP1-102E24.8",0.910723931076111
"NAALADL2-AS1","NAALADL2-AS1",0.910678592277169
"LINC00211","LINC00211",0.910533248991235
"RP5-884C9.2","RP5-884C9.2",0.910521565036925
"LINC01088","LINC01088",0.910505496293028
"RP11-298D21.3","RP11-298D21.3",0.910485935628492
"RP11-217E22.5","RP11-217E22.5",0.910438360706615
"SENCR","SENCR",0.910095050714534
"RP11-1030E3.1","RP11-1030E3.1",0.910093121026202
"AC010096.2","AC010096.2",0.910052866301604
"RP11-686D22.4","RP11-686D22.4",0.909919604557596
"LA16c-360A4.1","LA16c-360A4.1",0.909876969900915
"RP11-731C17.2","RP11-731C17.2",0.909838543925259
"RP11-439H13.2","RP11-439H13.2",0.909838174363383
"RP11-403A21.3","RP11-403A21.3",0.909825519515633
"RP13-870H17.3","RP13-870H17.3",0.909824091138482
"SEPSECS-AS1","SEPSECS-AS1",0.909779574870385
"AC000068.10","AC000068.10",0.909743105575768
"RP11-325L12.7","RP11-325L12.7",0.90967935106924
"RP1-79C4.1","RP1-79C4.1",0.909673929720449
"RP11-38F22.1","RP11-38F22.1",0.909621917394284
"CTD-2210P24.6","CTD-2210P24.6",0.909583234683882
"RP11-246A10.1","RP11-246A10.1",0.909529998868425
"LINC01220","LINC01220",0.909470547259198
"AC007491.1","AC007491.1",0.909387939225437
"LINC00609","LINC00609",0.909343134293816
"RP11-1018N14.2","RP11-1018N14.2",0.909328699025659
"RP11-54O7.3","RP11-54O7.3",0.909313863503124
"MIR124-2HG","MIR124-2HG",0.909303026400273
"CIRBP-AS1","CIRBP-AS1",0.909265436175557
"RP11-241G9.3","RP11-241G9.3",0.909147104515152
"RP11-124D2.3","RP11-124D2.3",0.908986109810525
"INE2","INE2",0.908886213303979
"RP11-550A5.2","RP11-550A5.2",0.908857142843231
"DNMBP-AS1","DNMBP-AS1",0.908804129983071
"WI2-80269A6.1","WI2-80269A6.1",0.90876968599542
"LINC01387","LINC01387",0.908743476806512
"RP11-589C21.6","RP11-589C21.6",0.908716013437923
"RP1-278O22.2","RP1-278O22.2",0.908702742412629
"RP11-284F21.9","RP11-284F21.9",0.908660371496277
"XXbac-BPG27H4.8","XXbac-BPG27H4.8",0.908650354967585
"LINC00706","LINC00706",0.908624510048165
"RP11-354I13.1","RP11-354I13.1",0.908576201123017
"CTB-127C13.1","CTB-127C13.1",0.908523564715454
"RP11-26L20.3","RP11-26L20.3",0.908504918274442
"RP11-883G14.3","RP11-883G14.3",0.908495119087777
"AC000032.2","AC000032.2",0.908464756302454
"CTB-25B13.12","CTB-25B13.12",0.908371024056092
"CTD-2007A10.1","CTD-2007A10.1",0.908316132896823
"RP11-756P10.2","RP11-756P10.2",0.908293786947897
"CASC16","CASC16",0.90828491243561
"RP11-893F2.13","RP11-893F2.13",0.908281984769247
"AC098820.4","AC098820.4",0.908257412900833
"AC022173.2","AC022173.2",0.908155329078809
"RP11-333I13.1","RP11-333I13.1",0.907971886120081
"GACAT3","GACAT3",0.907957358031196
"RP11-735G4.1","RP11-735G4.1",0.907928477002969
"CTC-232P5.1","CTC-232P5.1",0.907918738064014
"AC003090.1","AC003090.1",0.907810301907294
"AC025165.8","AC025165.8",0.907786344569975
"RP11-129M6.1","RP11-129M6.1",0.907742187590703
"RP11-124N19.3","RP11-124N19.3",0.907739163817739
"RP11-44F21.2","RP11-44F21.2",0.907697781276314
"RP3-429O6.1","RP3-429O6.1",0.907674143910843
"RP11-242D8.1","RP11-242D8.1",0.907642736339743
"LINC00441","LINC00441",0.907634877617397
"AC009134.1","AC009134.1",0.907598264406567
"CTC-523E23.11","CTC-523E23.11",0.907576628456909
"AC131056.3","AC131056.3",0.907540484809881
"RP1-124C6.1","RP1-124C6.1",0.907533209922513
"CTD-2589M5.4","CTD-2589M5.4",0.907456128686456
"RP11-184A2.3","RP11-184A2.3",0.907442670367163
"RP11-413H22.2","RP11-413H22.2",0.907442000443041
"JRKL-AS1","JRKL-AS1",0.907389964464797
"CTD-2540B15.6","CTD-2540B15.6",0.907383530171385
"RP11-328C8.4","RP11-328C8.4",0.907340485469755
"RP11-229P13.15","RP11-229P13.15",0.907257533854274
"RP11-311H10.4","RP11-311H10.4",0.907208787994595
"AC007317.1","AC007317.1",0.907193976971484
"AP001059.5","AP001059.5",0.90717627463736
"RP4-791M13.5","RP4-791M13.5",0.907165764947882
"MAGI2-AS2","MAGI2-AS2",0.907165440948751
"AC079117.1","AC079117.1",0.907132568449486
"RP11-736P16.1","RP11-736P16.1",0.907107705461406
"RP11-776A13.1","RP11-776A13.1",0.907057189606157
"RP11-122A21.2","RP11-122A21.2",0.907050395502395
"RP11-79E3.3","RP11-79E3.3",0.907037664737958
"CTD-2113L7.1","CTD-2113L7.1",0.90696741835496
"RP11-240G22.5","RP11-240G22.5",0.90692047099203
"CTB-50L17.9","CTB-50L17.9",0.906788285932795
"RP11-16C1.3","RP11-16C1.3",0.906780355506202
"RP11-84A14.5","RP11-84A14.5",0.906778346484528
"RP11-363L24.3","RP11-363L24.3",0.906744039103509
"RP11-10C8.2","RP11-10C8.2",0.906737723889478
"RP11-473L15.3","RP11-473L15.3",0.906712424837178
"RP11-24F11.2","RP11-24F11.2",0.906662006228907
"RP11-307O13.1","RP11-307O13.1",0.90665589091171
"RPPH1","RPPH1",0.906637523922328
"ADAMTS9-AS1","ADAMTS9-AS1",0.906618761278036
"AF038458.5","AF038458.5",0.906610529059403
"CTD-2140G10.2","CTD-2140G10.2",0.906576801192247
"CTD-3154N5.1","CTD-3154N5.1",0.906536418391691
"CTD-2026K11.5","CTD-2026K11.5",0.906508612671322
"ARAP1-AS1","ARAP1-AS1",0.906497714754832
"CTA-243E7.4","CTA-243E7.4",0.906440881358738
"AC114763.1","AC114763.1",0.906417755312537
"RP3-523C21.2","RP3-523C21.2",0.906415186352373
"RP11-523H20.3","RP11-523H20.3",0.906390689789126
"JARID2-AS1","JARID2-AS1",0.906364471031517
"AP000688.11","AP000688.11",0.906346024144919
"LINC00839","LINC00839",0.906338376833362
"RP11-326A13.1","RP11-326A13.1",0.906324136318967
"RP3-417O22.3","RP3-417O22.3",0.906322374075628
"RP11-43F13.3","RP11-43F13.3",0.906306483967579
"AC006004.1","AC006004.1",0.906303675473187
"TSPEAR-AS1","TSPEAR-AS1",0.906287800220708
"RP11-401H2.1","RP11-401H2.1",0.9061994067011
"LINC00664","LINC00664",0.906153894053041
"RP6-109B7.2","RP6-109B7.2",0.906142382569793
"RP5-907D15.4","RP5-907D15.4",0.906141347367773
"RP11-739G5.1","RP11-739G5.1",0.906003955037474
"RP11-141A19.1","RP11-141A19.1",0.905855502459382
"RP11-348M17.2","RP11-348M17.2",0.905767196229576
"RP5-981O7.2","RP5-981O7.2",0.905738759821423
"AC010731.2","AC010731.2",0.905701011687642
"CTC-518B2.9","CTC-518B2.9",0.9056969492507
"XXbac-BPG181B23.7","XXbac-BPG181B23.7",0.905643326997105
"RP11-768F21.1","RP11-768F21.1",0.90562040657768
"RP11-809N8.2","RP11-809N8.2",0.905617350714208
"LINC00954","LINC00954",0.90554764160212
"RP11-399K21.14","RP11-399K21.14",0.905546866769726
"AC010149.4","AC010149.4",0.905530722371084
"RP11-153K11.3","RP11-153K11.3",0.905526701657098
"RP4-680D5.2","RP4-680D5.2",0.905501439102362
"NKILA","NKILA",0.905477149419282
"RP11-1109M24.5","RP11-1109M24.5",0.905476325845006
"RP11-843B15.2","RP11-843B15.2",0.905391307353881
"KB-68A7.1","KB-68A7.1",0.905362004950064
"MIR137HG","MIR137HG",0.905320153639308
"RP11-408E5.5","RP11-408E5.5",0.905180676081131
"RP5-1086L22.1","RP5-1086L22.1",0.905179419679159
"RP4-665J23.4","RP4-665J23.4",0.905169767761243
"RP11-305L7.1","RP11-305L7.1",0.905161898936489
"LINC01106","LINC01106",0.905158109143765
"CTD-2081C10.7","CTD-2081C10.7",0.905134483934011
"LLNLR-246C6.1","LLNLR-246C6.1",0.905103807365711
"AC079742.4","AC079742.4",0.905062288957443
"RP5-933K21.3","RP5-933K21.3",0.905004151718381
"RP4-683M8.2","RP4-683M8.2",0.904971305786381
"RP11-230B22.1","RP11-230B22.1",0.904947785740846
"MEIS1-AS2","MEIS1-AS2",0.904939703110965
"ELFN2","ELFN2",0.904904706428368
"RP13-516M14.4","RP13-516M14.4",0.904838766671986
"AC017074.1","AC017074.1",0.904680768841321
"RP11-872D17.4","RP11-872D17.4",0.904672403985261
"RP1-90G24.11","RP1-90G24.11",0.904665417898571
"RP11-102G14.1","RP11-102G14.1",0.9046624817254
"RP1-267L14.3","RP1-267L14.3",0.904646171181138
"RP11-108E14.1","RP11-108E14.1",0.904636989599528
"RP11-588P8.1","RP11-588P8.1",0.904606256641426
"KCNQ1DN","KCNQ1DN",0.904590433624351
"RP11-48B3.3","RP11-48B3.3",0.904582877229044
"RP11-57C13.3","RP11-57C13.3",0.904578882732204
"CTD-2044J15.1","CTD-2044J15.1",0.904527622980971
"RP11-704J17.5","RP11-704J17.5",0.904514203351111
"HCG14","HCG14",0.90447243811742
"RP11-136B18.2","RP11-136B18.2",0.904456785716461
"RP11-481J2.2","RP11-481J2.2",0.90444394574436
"RP11-138I1.4","RP11-138I1.4",0.904436513981233
"CTA-126B4.7","CTA-126B4.7",0.904408798853615
"FGF13-AS1","FGF13-AS1",0.90439371628733
"AP003774.5","AP003774.5",0.904357577749432
"RP11-430C7.5","RP11-430C7.5",0.904336328345749
"RP5-984P4.4","RP5-984P4.4",0.90427582446937
"RP11-439E19.7","RP11-439E19.7",0.904158873253202
"WARS2-IT1","WARS2-IT1",0.904143880678995
"CTD-2349P21.6","CTD-2349P21.6",0.90409560917031
"RP11-33H15.1","RP11-33H15.1",0.90407058369773
"RP11-854K16.3","RP11-854K16.3",0.90404976150823
"MTUS2-AS1","MTUS2-AS1",0.904015568663869
"RP11-120A1.1","RP11-120A1.1",0.903981460106258
"RP11-545P7.4","RP11-545P7.4",0.903977054162175
"RP11-239H6.2","RP11-239H6.2",0.903935292726142
"AC027601.1","AC027601.1",0.903923160790011
"LINC01558","LINC01558",0.903894424522246
"RP11-762H8.1","RP11-762H8.1",0.903814351629209
"RP11-539L10.2","RP11-539L10.2",0.903789828454474
"RP11-307L14.1","RP11-307L14.1",0.903751376319629
"RP1-261G23.5","RP1-261G23.5",0.903733642619338
"LINC00607","LINC00607",0.903725862493804
"RP1-29C18.10","RP1-29C18.10",0.903694686855013
"AC012322.1","AC012322.1",0.903675817594364
"RP11-433A10.3","RP11-433A10.3",0.903674536439009
"AC108004.2","AC108004.2",0.903665608314346
"RP11-196H14.3","RP11-196H14.3",0.903651690125039
"RP11-498P14.4","RP11-498P14.4",0.903639208243971
"AC053503.4","AC053503.4",0.903619428812819
"RP11-227D13.5","RP11-227D13.5",0.903394298598556
"RP11-422P24.12","RP11-422P24.12",0.903357477484316
"LINC01425","LINC01425",0.903344832954417
"SERPINB9P1","SERPINB9P1",0.903301349432554
"LINC01280","LINC01280",0.903283601701251
"RP11-422J15.1","RP11-422J15.1",0.903277940094455
"RP11-13K12.2","RP11-13K12.2",0.903262267664304
"MIR646HG","MIR646HG",0.903191728169608
"RP11-473O4.3","RP11-473O4.3",0.903164911581915
"RP11-73G16.3","RP11-73G16.3",0.903137997000645
"RP3-446N13.5","RP3-446N13.5",0.903088985310119
"RP11-683L23.7","RP11-683L23.7",0.903049039439261
"RP11-96D1.7","RP11-96D1.7",0.903026286843955
"RP11-297H3.3","RP11-297H3.3",0.902961336800709
"bP-2189O9.3","bP-2189O9.3",0.902955104373831
"RP11-61D3.1","RP11-61D3.1",0.902932675267913
"RP11-85O21.2","RP11-85O21.2",0.902924042100651
"RP11-156L14.1","RP11-156L14.1",0.9028877388824
"ABHD15-AS1","ABHD15-AS1",0.90276457967273
"RP11-456D7.1","RP11-456D7.1",0.902730423914398
"ALDH1L1-AS2","ALDH1L1-AS2",0.902727502077463
"AC034228.4","AC034228.4",0.902716888346192
"AP001626.1","AP001626.1",0.902716444238777
"RP11-616M22.7","RP11-616M22.7",0.902698949705109
"RP1-178F15.4","RP1-178F15.4",0.902692134672767
"BRWD1-AS1","BRWD1-AS1",0.902657647069503
"CTA-254O6.1","CTA-254O6.1",0.902646900307394
"RP11-675F6.3","RP11-675F6.3",0.902645175636325
"RP11-4B16.3","RP11-4B16.3",0.902641766822559
"RP11-370I10.10","RP11-370I10.10",0.902596651247008
"LINC01500","LINC01500",0.902595764159395
"CTD-2245F17.2","CTD-2245F17.2",0.902587679862533
"DOCK4-AS1","DOCK4-AS1",0.902529783106382
"RP11-332H18.5","RP11-332H18.5",0.902528978480702
"NCRNA00250","NCRNA00250",0.902526242849035
"PAPPA-AS2","PAPPA-AS2",0.90252458650427
"RP11-67L3.4","RP11-67L3.4",0.902517725363097
"RP11-182N22.8","RP11-182N22.8",0.902515360061781
"LINC01250","LINC01250",0.902459012660494
"RP11-538I12.2","RP11-538I12.2",0.902438751187658
"LINC00487","LINC00487",0.90242361165344
"CTD-2333K2.1","CTD-2333K2.1",0.902375025449182
"RP11-359D14.3","RP11-359D14.3",0.902359275323763
"RP11-454P21.1","RP11-454P21.1",0.902343891762656
"RP13-577H12.2","RP13-577H12.2",0.902329551448321
"RP11-381I15.1","RP11-381I15.1",0.902240468534161
"RP11-398G24.2","RP11-398G24.2",0.902206889343489
"PGM5-AS1","PGM5-AS1",0.902173462575472
"AC007036.6","AC007036.6",0.902161356499748
"AC005152.3","AC005152.3",0.902152147922016
"AC007740.1","AC007740.1",0.902056273300979
"CTC-232P5.3","CTC-232P5.3",0.902006590946329
"AC008834.1","AC008834.1",0.902001239086165
"RP11-15J22.8","RP11-15J22.8",0.901997155006231
"CTA-384D8.33","CTA-384D8.33",0.901902978538549
"RP11-56B16.4","RP11-56B16.4",0.901738722513012
"RP11-710E1.2","RP11-710E1.2",0.901705779057262
"RP11-531H8.1","RP11-531H8.1",0.901693018893928
"RP11-390F4.6","RP11-390F4.6",0.90169239586033
"RP11-780K2.1","RP11-780K2.1",0.901673765495901
"CACTIN-AS1","CACTIN-AS1",0.901644743224178
"RP11-864I4.4","RP11-864I4.4",0.901605802294296
"MIR548XHG","MIR548XHG",0.901580443296355
"RP11-80H5.2","RP11-80H5.2",0.901464154720254
"RP11-775H9.2","RP11-775H9.2",0.901396822997938
"RP11-76E17.3","RP11-76E17.3",0.90135877105728
"RP11-218E20.5","RP11-218E20.5",0.901286452116494
"RP11-570L15.2","RP11-570L15.2",0.901268198928103
"RP11-481J2.4","RP11-481J2.4",0.901266006167131
"LINC01460","LINC01460",0.901265197235839
"AC011524.3","AC011524.3",0.901215742697931
"RP11-804A23.1","RP11-804A23.1",0.901204150798562
"RP11-678G15.2","RP11-678G15.2",0.901171329309377
"RP11-307B6.3","RP11-307B6.3",0.90115638511096
"HOXB-AS3","HOXB-AS3",0.901131541580385
"RP11-157P1.4","RP11-157P1.4",0.90112692181108
"RP1-101D8.1","RP1-101D8.1",0.901123855128642
"RP4-684O24.5","RP4-684O24.5",0.901037872742035
"RP5-1125N11.1","RP5-1125N11.1",0.900994496610993
"RP11-498C9.2","RP11-498C9.2",0.900975587524507
"AC004490.1","AC004490.1",0.900961435198948
"LINC01427","LINC01427",0.900905638705558
"RP11-116O11.1","RP11-116O11.1",0.900886250348279
"LL21NC02-21A1.1","LL21NC02-21A1.1",0.900862780880785
"RP11-412P11.1","RP11-412P11.1",0.900773494060654
"LINC00911","LINC00911",0.900771701306762
"RP11-643M14.1","RP11-643M14.1",0.900741931543682
"RP11-396F22.1","RP11-396F22.1",0.900698888966998
"RP11-883G14.1","RP11-883G14.1",0.900689933686763
"RP11-299D14.2","RP11-299D14.2",0.90064607939388
"RP11-567G24.3","RP11-567G24.3",0.900463969927472
"RP11-830F9.5","RP11-830F9.5",0.900452297125887
"MIR9-3HG","MIR9-3HG",0.900420247072963
"SNAP25-AS1","SNAP25-AS1",0.900366516953092
"RP1-27K12.4","RP1-27K12.4",0.900339198440216
"RP11-1250I15.3","RP11-1250I15.3",0.900308465771999
"HAS2-AS1","HAS2-AS1",0.900293955582213
"SLCO4A1-AS1","SLCO4A1-AS1",0.900270491122807
"LINGO1-AS2","LINGO1-AS2",0.900221349668428
"IQCJ-SCHIP1-AS1","IQCJ-SCHIP1-AS1",0.900204263396032
"RP11-188P20.3","RP11-188P20.3",0.900175048517168
"RP11-736I10.1","RP11-736I10.1",0.900133459414601
"AP005135.2","AP005135.2",0.900072946055151
"CTC-518P12.6","CTC-518P12.6",0.899970264658266
"RP11-499E18.1","RP11-499E18.1",0.89989226284474
"RBMS3-AS3","RBMS3-AS3",0.899833509715048
"RP11-122L9.1","RP11-122L9.1",0.899824651488788
"CTD-2231E14.8","CTD-2231E14.8",0.89981167797302
"TRPC7-AS1","TRPC7-AS1",0.89979685501244
"RP11-107N15.1","RP11-107N15.1",0.899784870513793
"RP11-809N8.4","RP11-809N8.4",0.899766696321443
"RP11-206L10.4","RP11-206L10.4",0.899752698275835
"CTB-51J22.1","CTB-51J22.1",0.899727138115552
"RP11-112L6.2","RP11-112L6.2",0.89970974034326
"RP11-44N12.2","RP11-44N12.2",0.899578360964833
"RP11-597D13.9","RP11-597D13.9",0.899552242107353
"RP11-175P13.2","RP11-175P13.2",0.899466814670887
"RP4-597N16.4","RP4-597N16.4",0.899434655458997
"RP11-17E3.1","RP11-17E3.1",0.899370569357019
"RASSF1-AS1","RASSF1-AS1",0.89936901706323
"RP11-42O15.3","RP11-42O15.3",0.899317215487622
"RP11-356C4.5","RP11-356C4.5",0.899279994588086
"RP11-168P13.1","RP11-168P13.1",0.899252587767251
"RP5-887A10.1","RP5-887A10.1",0.899214179368079
"CTB-47B11.3","CTB-47B11.3",0.899169637742208
"RP1-46F2.3","RP1-46F2.3",0.899062480833569
"RP11-70P17.1","RP11-70P17.1",0.899047517469601
"CTD-2282P23.2","CTD-2282P23.2",0.899023166740963
"RP11-379F4.9","RP11-379F4.9",0.899006088386082
"RP11-316M21.7","RP11-316M21.7",0.898957568055865
"RP11-613M10.6","RP11-613M10.6",0.8989461822142
"RP11-75C10.9","RP11-75C10.9",0.898909082832146
"CTD-2066L21.1","CTD-2066L21.1",0.898907645231359
"RP11-177H2.2","RP11-177H2.2",0.898882619482823
"RP11-497G19.2","RP11-497G19.2",0.898871710295994
"RP11-157D23.2","RP11-157D23.2",0.898819176672793
"CTB-33G10.6","CTB-33G10.6",0.898794859457246
"AC010745.2","AC010745.2",0.898684706554303
"RP4-537K23.4","RP4-537K23.4",0.898665841905025
"RP4-736H5.3","RP4-736H5.3",0.898665139904788
"RP11-262A16.1","RP11-262A16.1",0.898659486830307
"LA16c-325D7.1","LA16c-325D7.1",0.898594263253704
"RP11-463J10.3","RP11-463J10.3",0.898532291861677
"RP1-127H14.3","RP1-127H14.3",0.898494268708219
"SOX21-AS1","SOX21-AS1",0.898441718698291
"RP11-750H9.5","RP11-750H9.5",0.898389114351659
"RP11-467K18.2","RP11-467K18.2",0.898360388843187
"RP11-294N21.3","RP11-294N21.3",0.898344015081137
"RP11-124N14.3","RP11-124N14.3",0.898178440011664
"LINC01348","LINC01348",0.898143210785614
"CTC-264K15.6","CTC-264K15.6",0.898118883485016
"RP3-388N13.3","RP3-388N13.3",0.898088239342255
"HPN-AS1","HPN-AS1",0.898066358449321
"CTD-2049O4.1","CTD-2049O4.1",0.898032797233537
"CTD-2196E14.3","CTD-2196E14.3",0.898002968067131
"CTD-3118D11.2","CTD-3118D11.2",0.897965838908968
"AC073928.2","AC073928.2",0.897952519894172
"CTD-3037G24.5","CTD-3037G24.5",0.897889804353156
"RP11-433J20.1","RP11-433J20.1",0.897881410924951
"RP11-640L9.1","RP11-640L9.1",0.897841551745382
"ST3GAL5-AS1","ST3GAL5-AS1",0.897814921551595
"RP11-440L14.4","RP11-440L14.4",0.897803927186193
"FLJ22447","FLJ22447",0.897797852399246
"RP11-626G11.1","RP11-626G11.1",0.897778631440332
"MIR222HG","MIR222HG",0.897747833127933
"RP11-12M5.1","RP11-12M5.1",0.897686846002613
"RP11-50I19.2","RP11-50I19.2",0.897644166017315
"RP11-10J18.3","RP11-10J18.3",0.897632503444496
"RP11-395I14.2","RP11-395I14.2",0.897589482569599
"RP11-242O24.3","RP11-242O24.3",0.897390714661158
"LINC01068","LINC01068",0.897305740549955
"CTC-273B12.5","CTC-273B12.5",0.89730232301104
"RP5-1050D4.2","RP5-1050D4.2",0.897295775794561
"RP11-91J19.3","RP11-91J19.3",0.897276382645716
"RP11-281P23.2","RP11-281P23.2",0.897257247209665
"RP11-494I9.2","RP11-494I9.2",0.897255907293073
"RP11-24P14.1","RP11-24P14.1",0.89718114912304
"AF186192.1","AF186192.1",0.897131391445004
"RP1-153P14.8","RP1-153P14.8",0.897106998865964
"RP11-54O7.16","RP11-54O7.16",0.897016783971986
"ERICD","ERICD",0.896968931967869
"RP11-466P24.6","RP11-466P24.6",0.896965024505343
"CTD-2006K23.1","CTD-2006K23.1",0.896958625211034
"RP11-325N19.3","RP11-325N19.3",0.896958181739443
"RP11-102N12.2","RP11-102N12.2",0.896802548666331
"RP11-129I19.2","RP11-129I19.2",0.896776352100972
"RP11-809O17.1","RP11-809O17.1",0.896768650518653
"RP11-710F7.2","RP11-710F7.2",0.896752283191836
"RP11-10N23.5","RP11-10N23.5",0.896748785146737
"CTD-2306M5.1","CTD-2306M5.1",0.896744442099943
"RP11-13N12.2","RP11-13N12.2",0.89670923017397
"LINC00887","LINC00887",0.896596319771989
"RP4-758J18.7","RP4-758J18.7",0.896557292920594
"RP11-462G2.2","RP11-462G2.2",0.89651506415058
"CTC-526N19.1","CTC-526N19.1",0.896489781135424
"AC104777.4","AC104777.4",0.896488039650261
"LINC01169","LINC01169",0.896485280999138
"AC019186.1","AC019186.1",0.896472481726081
"RP11-359I18.5","RP11-359I18.5",0.896471586548354
"CTA-293F17.1","CTA-293F17.1",0.896432206970669
"LINC01019","LINC01019",0.896411026001449
"RP13-126C7.1","RP13-126C7.1",0.89636369863857
"MGC15885","MGC15885",0.896355587930379
"RP11-430H10.2","RP11-430H10.2",0.896327201924441
"RP11-367H1.1","RP11-367H1.1",0.896315243398038
"LINC00517","LINC00517",0.896303952691487
"LINC00930","LINC00930",0.896297407655004
"LINC00906","LINC00906",0.896285918008528
"RP11-557C18.4","RP11-557C18.4",0.896282565357541
"RP11-6B19.1","RP11-6B19.1",0.896267783759279
"RP5-1139B12.4","RP5-1139B12.4",0.89625807056402
"RP11-406H4.1","RP11-406H4.1",0.89624623298796
"AC011738.4","AC011738.4",0.896230343288106
"AC004160.4","AC004160.4",0.89622947772485
"RP11-89M20.2","RP11-89M20.2",0.896165053961751
"RP11-344E13.4","RP11-344E13.4",0.896160390197182
"RP11-89K21.1","RP11-89K21.1",0.896128960821401
"RP11-2E11.9","RP11-2E11.9",0.896108576920141
"RP11-547I7.1","RP11-547I7.1",0.896065392097133
"RP11-435J9.2","RP11-435J9.2",0.896041378543601
"RP11-856F16.2","RP11-856F16.2",0.896037049912162
"RP11-218D6.4","RP11-218D6.4",0.895952256120974
"RP11-729I10.2","RP11-729I10.2",0.89593699916454
"RP1-67K17.3","RP1-67K17.3",0.895889550017714
"NR2F2-AS1","NR2F2-AS1",0.895834363705356
"AC139712.4","AC139712.4",0.895791235460691
"RP11-14N7.2","RP11-14N7.2",0.895720551136493
"AP000473.6","AP000473.6",0.895707846071529
"RP11-408B11.2","RP11-408B11.2",0.895655667929396
"RP11-322E11.2","RP11-322E11.2",0.895629539766787
"AC099344.3","AC099344.3",0.895615837591583
"LINC01356","LINC01356",0.895578435416963
"RP11-798K23.4","RP11-798K23.4",0.895543084923108
"RP13-317D12.3","RP13-317D12.3",0.895467786411208
"RP11-164P12.4","RP11-164P12.4",0.895440633234182
"AC000403.4","AC000403.4",0.895396277809058
"AP000697.6","AP000697.6",0.895371944689579
"RP4-800F24.1","RP4-800F24.1",0.895289661345202
"AC093690.1","AC093690.1",0.895225329147152
"RP11-480I12.10","RP11-480I12.10",0.89518145770773
"LRP1-AS","LRP1-AS",0.895173660841079
"RP11-379P15.1","RP11-379P15.1",0.895151802391205
"LINC01060","LINC01060",0.895147033836945
"RP11-704C2.1","RP11-704C2.1",0.895116803172377
"RP5-1074L1.1","RP5-1074L1.1",0.895043654931052
"RP11-45P15.4","RP11-45P15.4",0.894994080078991
"RP11-304F15.3","RP11-304F15.3",0.894992185751955
"AC005197.2","AC005197.2",0.894978106827414
"CTA-481E9.4","CTA-481E9.4",0.894948963226838
"LINC00216","LINC00216",0.894871509201533
"LINC00336","LINC00336",0.894840980839691
"RP11-489D6.2","RP11-489D6.2",0.894837266474026
"RP11-104J23.1","RP11-104J23.1",0.894815773667434
"KB-1592A4.15","KB-1592A4.15",0.894771195414484
"RP11-1026M7.2","RP11-1026M7.2",0.894685665311138
"RP1-207H1.3","RP1-207H1.3",0.894662063868657
"RP11-415J8.3","RP11-415J8.3",0.894640269068657
"RP11-143I21.1","RP11-143I21.1",0.894608379241824
"CTD-3193O13.11","CTD-3193O13.11",0.894553085300972
"RARA-AS1","RARA-AS1",0.894536797909476
"AL162759.1","AL162759.1",0.894451211493466
"RP11-44N21.1","RP11-44N21.1",0.894451064916278
"AC078842.3","AC078842.3",0.894397218125746
"RP11-45A16.4","RP11-45A16.4",0.894396373479284
"RP11-734I18.1","RP11-734I18.1",0.894392098007593
"RP11-20B24.4","RP11-20B24.4",0.894387485623
"CTB-58E17.5","CTB-58E17.5",0.894371067203389
"LA16c-380H5.6","LA16c-380H5.6",0.894368771982006
"RP11-431M3.2","RP11-431M3.2",0.894321106865686
"AC007277.3","AC007277.3",0.89429013876099
"RP11-473E2.4","RP11-473E2.4",0.894239905688232
"SALRNA2","SALRNA2",0.894199776766519
"RP11-48G14.1","RP11-48G14.1",0.894195983061063
"AC073115.6","AC073115.6",0.89411966198656
"KCCAT198","KCCAT198",0.894090477109742
"RP11-785D18.3","RP11-785D18.3",0.894034413107811
"RP11-1C8.5","RP11-1C8.5",0.894033218606416
"RP11-368I23.4","RP11-368I23.4",0.894025353156202
"LINC00472","LINC00472",0.894002086623534
"KCNMA1-AS3","KCNMA1-AS3",0.893978733907926
"RP11-379B8.1","RP11-379B8.1",0.89393007158414
"BIRC6-AS1","BIRC6-AS1",0.893910636095877
"RP4-647C14.3","RP4-647C14.3",0.893890842957671
"TBX2-AS1","TBX2-AS1",0.893859992684357
"RP11-770E5.1","RP11-770E5.1",0.89385794559252
"LINC01076","LINC01076",0.893837111390584
"LA16c-444G7.2","LA16c-444G7.2",0.893833984495742
"LLNLR-249E10.1","LLNLR-249E10.1",0.893786216065501
"RP11-295M18.6","RP11-295M18.6",0.893771104847926
"CTA-243E7.1","CTA-243E7.1",0.893753789629008
"ADGRA1-AS1","ADGRA1-AS1",0.893748927287478
"RP11-698F20.3","RP11-698F20.3",0.893724269392027
"LINC00314","LINC00314",0.893721062108984
"FAM225A","FAM225A",0.893659797329636
"RP11-71E19.1","RP11-71E19.1",0.893652621481132
"RP11-53I6.3","RP11-53I6.3",0.893644802497813
"AC018647.3","AC018647.3",0.893605223347514
"RP11-1018N14.5","RP11-1018N14.5",0.893571451954699
"RP3-449M8.6","RP3-449M8.6",0.893558373032713
"RP11-647P12.1","RP11-647P12.1",0.893550759069468
"CTD-2509G16.2","CTD-2509G16.2",0.893456283463765
"RP11-284F21.10","RP11-284F21.10",0.893372957378252
"CECR3","CECR3",0.893297750545615
"AP000438.2","AP000438.2",0.893268215590636
"AP006621.8","AP006621.8",0.893192508009313
"RP11-440D17.3","RP11-440D17.3",0.893182366107407
"LA16c-385E7.1","LA16c-385E7.1",0.893012254734065
"RP11-649E7.5","RP11-649E7.5",0.892983643397301
"RP11-1070N10.3","RP11-1070N10.3",0.892879058995363
"RP11-490B18.5","RP11-490B18.5",0.892859401826896
"ATXN2-AS","ATXN2-AS",0.89279410086274
"RP11-15M15.2","RP11-15M15.2",0.892791943670043
"AC092168.3","AC092168.3",0.892714660372752
"C1orf147","C1orf147",0.892698366478887
"RP11-25H12.1","RP11-25H12.1",0.892675102859206
"LINC00349","LINC00349",0.892584095312665
"RP11-430H10.4","RP11-430H10.4",0.892548511557256
"GDNF-AS1","GDNF-AS1",0.892447455162023
"LVCAT5","LVCAT5",0.892409862160072
"RP11-286N3.1","RP11-286N3.1",0.892395118711019
"RP11-834C11.8","RP11-834C11.8",0.892385784932993
"RP11-13N12.1","RP11-13N12.1",0.892364964011775
"MIR155HG","MIR155HG",0.892346300340698
"AC012494.1","AC012494.1",0.892284027934806
"GS1-594A7.3","GS1-594A7.3",0.892236709359194
"RP11-961A15.1","RP11-961A15.1",0.89221617459622
"CTD-2215L10.1","CTD-2215L10.1",0.892195661163176
"LBX2-AS1","LBX2-AS1",0.892176168728242
"CTD-2227C6.2","CTD-2227C6.2",0.892157343525325
"AC007563.5","AC007563.5",0.892086430182848
"AC096570.2","AC096570.2",0.891982931099392
"RP1-302D9.2","RP1-302D9.2",0.891959359276408
"LAMP5-AS1","LAMP5-AS1",0.891866309417721
"CTA-150C2.13","CTA-150C2.13",0.89184585939752
"RP11-593F5.2","RP11-593F5.2",0.891834073876242
"RP11-40A13.1","RP11-40A13.1",0.89180041537885
"RP4-583P15.10","RP4-583P15.10",0.891799904431768
"CTD-2162K18.3","CTD-2162K18.3",0.891775114019548
"RP1-269M15.3","RP1-269M15.3",0.891766199536793
"CTA-246H3.12","CTA-246H3.12",0.891720693582392
"RP11-826N14.2","RP11-826N14.2",0.89171924817635
"CTD-2270L9.4","CTD-2270L9.4",0.891719138707442
"C20orf166-AS1","C20orf166-AS1",0.891718358040757
"RP1-223B1.1","RP1-223B1.1",0.891706940480434
"RP11-293M10.6","RP11-293M10.6",0.891646766406392
"RP11-532N4.2","RP11-532N4.2",0.891633058597036
"RP11-767C1.2","RP11-767C1.2",0.891629351119501
"C1QTNF9-AS1","C1QTNF9-AS1",0.891626861535998
"SIX3-AS1","SIX3-AS1",0.891565699822217
"CTD-2008P7.1","CTD-2008P7.1",0.891481313403824
"CTC-546K23.1","CTC-546K23.1",0.891442669770083
"CTD-2216M2.1","CTD-2216M2.1",0.891404021889387
"MTUS2-AS2","MTUS2-AS2",0.891391615521366
"RP11-148L24.1","RP11-148L24.1",0.891388778307805
"U91319.1","U91319.1",0.891345691543848
"LA16c-395F10.2","LA16c-395F10.2",0.891336115041216
"RP11-720L2.4","RP11-720L2.4",0.891261625613696
"CTD-2058B24.2","CTD-2058B24.2",0.891226384881591
"RP11-108L7.15","RP11-108L7.15",0.891220376052155
"AC116614.1","AC116614.1",0.891211319073842
"RP11-60A8.1","RP11-60A8.1",0.891144212999659
"RP11-256L11.3","RP11-256L11.3",0.891131786309587
"RP11-403A21.1","RP11-403A21.1",0.891122956471242
"PLCE1-AS1","PLCE1-AS1",0.891103981599949
"AC006116.17","AC006116.17",0.891076505676595
"RP11-459K23.2","RP11-459K23.2",0.891031853495299
"RP11-661A12.7","RP11-661A12.7",0.890995788210691
"LINC01531","LINC01531",0.890975403740059
"LRP4-AS1","LRP4-AS1",0.890915187436548
"RP11-753N8.1","RP11-753N8.1",0.890872207571648
"RP11-806L2.6","RP11-806L2.6",0.89083026344232
"RP11-431J24.2","RP11-431J24.2",0.890739334052892
"RP11-739N10.1","RP11-739N10.1",0.890723194929708
"RP11-525A16.4","RP11-525A16.4",0.89072158661268
"RP11-156K13.1","RP11-156K13.1",0.890712151186147
"CTD-2251F13.1","CTD-2251F13.1",0.890659819276351
"RP11-27G22.1","RP11-27G22.1",0.890648893377087
"RP11-348J24.2","RP11-348J24.2",0.890608706639816
"RP11-795J1.1","RP11-795J1.1",0.890537569881329
"RP11-35O15.1","RP11-35O15.1",0.890481336186322
"DIRC3-AS1","DIRC3-AS1",0.890466082386532
"RP11-244F12.2","RP11-244F12.2",0.890464030439256
"CTD-2316B1.2","CTD-2316B1.2",0.890328044640376
"RP11-737F9.1","RP11-737F9.1",0.890323891646897
"AC091801.1","AC091801.1",0.890211099633448
"RP11-26L16.1","RP11-26L16.1",0.890188455934926
"RP11-6O2.2","RP11-6O2.2",0.890181739524615
"CARD8-AS1","CARD8-AS1",0.890148745934357
"RP11-271F18.4","RP11-271F18.4",0.890145719780036
"AC002480.4","AC002480.4",0.890112913166799
"LINC00900","LINC00900",0.890112228664992
"RP11-256I23.2","RP11-256I23.2",0.890110845087498
"RP11-314D7.2","RP11-314D7.2",0.889941543946638
"GPC5-AS1","GPC5-AS1",0.889871814837737
"RP13-653N12.1","RP13-653N12.1",0.889802008570724
"AP000696.2","AP000696.2",0.889801101433455
"RP11-96A15.1","RP11-96A15.1",0.889787477001243
"CEBPA-AS1","CEBPA-AS1",0.88974973989431
"RP11-357F12.1","RP11-357F12.1",0.889707467335659
"RP11-69I8.3","RP11-69I8.3",0.889701844400164
"CTD-2194A8.2","CTD-2194A8.2",0.889606504767051
"FAM230C","FAM230C",0.889586188655404
"RP11-706O15.3","RP11-706O15.3",0.889574038175267
"RP11-343B18.2","RP11-343B18.2",0.889549214100728
"AC141928.1","AC141928.1",0.889542495715294
"C1orf140","C1orf140",0.889492631378009
"RP11-390K5.3","RP11-390K5.3",0.889384108455625
"RP11-526P5.2","RP11-526P5.2",0.88936236543054
"RP4-655J12.4","RP4-655J12.4",0.889361132535755
"RP6-24A23.3","RP6-24A23.3",0.889342333923915
"AC068535.3","AC068535.3",0.889312129660497
"CTC-203F4.2","CTC-203F4.2",0.889284168576569
"DLGAP1-AS5","DLGAP1-AS5",0.889266385257214
"RP11-158M2.3","RP11-158M2.3",0.889233183654137
"RP11-707P17.1","RP11-707P17.1",0.88920881181217
"RP11-276H1.3","RP11-276H1.3",0.889170968262639
"CTD-2540L5.5","CTD-2540L5.5",0.889150580370668
"RP11-86H7.6","RP11-86H7.6",0.889122353557207
"AC099344.2","AC099344.2",0.889100758773998
"CTA-221G9.7","CTA-221G9.7",0.889097389462737
"SEC62-AS1","SEC62-AS1",0.889084006069182
"RP11-216N14.8","RP11-216N14.8",0.889075321507491
"AC078883.3","AC078883.3",0.889074529111837
"RP11-326A19.3","RP11-326A19.3",0.889068884016138
"CTD-2272D18.1","CTD-2272D18.1",0.889044197621047
"RP4-533D7.5","RP4-533D7.5",0.888949826249701
"AC013480.2","AC013480.2",0.88892312692165
"CTD-2588J1.1","CTD-2588J1.1",0.888915140312767
"PEX5L-AS2","PEX5L-AS2",0.88890842064032
"RP11-874J12.4","RP11-874J12.4",0.888857894256673
"RP11-138H8.2","RP11-138H8.2",0.888825681105928
"RP11-210L7.3","RP11-210L7.3",0.888781632123114
"RP11-298E9.7","RP11-298E9.7",0.888758581611415
"DKFZP434K028","DKFZP434K028",0.888750828507669
"CASC15","CASC15",0.888664973531511
"RP11-302F12.3","RP11-302F12.3",0.888615596156683
"PCAT18","PCAT18",0.888604077405887
"CTC-391G2.1","CTC-391G2.1",0.888584684053131
"RP11-314A20.5","RP11-314A20.5",0.888536559331579
"RP11-49I4.3","RP11-49I4.3",0.888535482136512
"CTD-2631K10.1","CTD-2631K10.1",0.888534704654658
"CTD-3074O7.2","CTD-3074O7.2",0.888457518257958
"RP11-624L4.2","RP11-624L4.2",0.88838569725924
"SAMMSON","SAMMSON",0.888373745119184
"RP11-173D14.3","RP11-173D14.3",0.888370416925394
"AP000402.3","AP000402.3",0.888296373207409
"RP11-522B15.4","RP11-522B15.4",0.88825150249551
"RP4-697K14.3","RP4-697K14.3",0.888169018577652
"AC140912.1","AC140912.1",0.888042020785826
"CTD-2545M3.8","CTD-2545M3.8",0.888033634595536
"RP11-42O4.2","RP11-42O4.2",0.888023273770001
"RP11-728G15.1","RP11-728G15.1",0.888017871900859
"LINC00402","LINC00402",0.887960893506967
"AC116609.1","AC116609.1",0.887945573554833
"RP11-1398P2.1","RP11-1398P2.1",0.887913500550912
"RP11-247A12.7","RP11-247A12.7",0.887881331931419
"LINC00865","LINC00865",0.88788007495742
"AC093732.1","AC093732.1",0.887871380423597
"RP1-292B18.3","RP1-292B18.3",0.887851502669516
"AC024560.2","AC024560.2",0.887846047139369
"RP11-567C20.2","RP11-567C20.2",0.887825702473867
"RP11-61O11.1","RP11-61O11.1",0.887762075137618
"DEPDC1-AS1","DEPDC1-AS1",0.887760847677142
"WWTR1-AS1","WWTR1-AS1",0.887673746061226
"RP11-537A6.9","RP11-537A6.9",0.887577935289683
"RP11-121A14.2","RP11-121A14.2",0.887543419726066
"MIR3180-4","MIR3180-4",0.88754227462395
"GRTP1-AS1","GRTP1-AS1",0.88748703964328
"LINC01630","LINC01630",0.887481331696965
"CTD-2175A23.1","CTD-2175A23.1",0.887418452049416
"RP11-677M14.2","RP11-677M14.2",0.887380600411988
"SLC6A1-AS1","SLC6A1-AS1",0.887361150338244
"CTB-58E17.2","CTB-58E17.2",0.887347956788076
"RP11-283I3.2","RP11-283I3.2",0.887321759102403
"CTD-2035E11.3","CTD-2035E11.3",0.887262588436662
"RP1-68D18.4","RP1-68D18.4",0.887228208118585
"RP11-839G9.1","RP11-839G9.1",0.887189951170244
"AC004623.2","AC004623.2",0.887131610684787
"CTD-2017C7.2","CTD-2017C7.2",0.887116905295224
"STARD4-AS1","STARD4-AS1",0.887111368494678
"RP11-203J24.9","RP11-203J24.9",0.887081849938818
"CH17-302M23.1","CH17-302M23.1",0.887017284936349
"RP11-449J1.1","RP11-449J1.1",0.887006476183078
"CTC-525D6.2","CTC-525D6.2",0.887005070005345
"EP300-AS1","EP300-AS1",0.886964042955703
"RP11-20I23.7","RP11-20I23.7",0.88696031829996
"MESTIT1","MESTIT1",0.886955967700543
"LINC01065","LINC01065",0.886937374238876
"LINC01307","LINC01307",0.886909856119906
"LINC00599","LINC00599",0.886864919774733
"RP11-133F8.2","RP11-133F8.2",0.886835646953818
"CTD-2207P18.1","CTD-2207P18.1",0.886761720963338
"RP11-605F22.1","RP11-605F22.1",0.886688142751283
"RP11-67C2.2","RP11-67C2.2",0.886650377897125
"NEBL-AS1","NEBL-AS1",0.886627726055157
"RP3-399L15.3","RP3-399L15.3",0.886609840511139
"RP11-73K9.3","RP11-73K9.3",0.886596213116031
"RP11-158M9.1","RP11-158M9.1",0.886548332956109
"RP5-965G21.6","RP5-965G21.6",0.886506704261012
"RP11-705O24.3","RP11-705O24.3",0.886496592866731
"RP4-719C8.1","RP4-719C8.1",0.886438226169911
"RP3-460G2.2","RP3-460G2.2",0.886438112035318
"LINC00334","LINC00334",0.886371397324421
"AC115522.3","AC115522.3",0.886269697531599
"TMC3-AS1","TMC3-AS1",0.886240004070598
"LINC01381","LINC01381",0.886236344306899
"SFTPD-AS1","SFTPD-AS1",0.886214276066351
"AC010880.1","AC010880.1",0.886138735040139
"RP11-983G14.1","RP11-983G14.1",0.886091285120201
"LINC01402","LINC01402",0.886087837632091
"RP11-51G5.1","RP11-51G5.1",0.886076137378306
"RP11-620J15.3","RP11-620J15.3",0.886062403090507
"ZBTB46-AS1","ZBTB46-AS1",0.886006328618271
"RP11-486F17.1","RP11-486F17.1",0.886000181713829
"CH17-437K3.1","CH17-437K3.1",0.885988106390485
"CTD-2544M6.1","CTD-2544M6.1",0.885983457133535
"KBTBD11-OT1","KBTBD11-OT1",0.885955908742366
"LINC01248","LINC01248",0.885909065006278
"AC007461.2","AC007461.2",0.885866760309999
"BACH1-AS1","BACH1-AS1",0.885830184831673
"RP11-28H5.2","RP11-28H5.2",0.885798316805749
"RP11-73E17.2","RP11-73E17.2",0.885780715753907
"CTC-508F8.1","CTC-508F8.1",0.885766113433652
"CTC-499B15.5","CTC-499B15.5",0.885720362787011
"CTD-3222D19.10","CTD-3222D19.10",0.885711555708934
"RP1-41C23.4","RP1-41C23.4",0.885690159646137
"RP11-998D10.4","RP11-998D10.4",0.885665150916029
"RP11-620J15.4","RP11-620J15.4",0.885578388114175
"RP11-711D18.2","RP11-711D18.2",0.885564858641909
"RP11-317L10.1","RP11-317L10.1",0.88553764294933
"NTRK3-AS1","NTRK3-AS1",0.885515884517873
"AP001464.4","AP001464.4",0.885487730649482
"AATBC","AATBC",0.885463128324306
"LINC01322","LINC01322",0.885452841803743
"MIR4300HG","MIR4300HG",0.885419582323168
"RP11-973N13.3","RP11-973N13.3",0.885386934666916
"RP11-159M11.2","RP11-159M11.2",0.885234373435093
"RP11-1191J2.5","RP11-1191J2.5",0.885201399343632
"RP11-66B24.1","RP11-66B24.1",0.885111992634157
"CTA-445C9.14","CTA-445C9.14",0.885106068563017
"AC007131.1","AC007131.1",0.885105747417343
"RP11-84C13.2","RP11-84C13.2",0.885069434496475
"RP11-157J24.2","RP11-157J24.2",0.885008631418857
"RP11-87M18.2","RP11-87M18.2",0.884991616263385
"RP11-474N24.6","RP11-474N24.6",0.884985551327116
"RP11-661A12.5","RP11-661A12.5",0.884979821091038
"LINC00269","LINC00269",0.884943858595647
"RP11-530C5.1","RP11-530C5.1",0.884933942787709
"RP11-286E11.1","RP11-286E11.1",0.884930989071388
"LINC00896","LINC00896",0.884918404662147
"RP11-227D2.3","RP11-227D2.3",0.884884225524249
"LINC00271","LINC00271",0.88487336531493
"HID1-AS1","HID1-AS1",0.884838512066424
"RP11-159D12.11","RP11-159D12.11",0.884819712900519
"LINC01465","LINC01465",0.884792395208384
"RP11-297C4.2","RP11-297C4.2",0.884761609075309
"DLGAP1-AS4","DLGAP1-AS4",0.884658277867467
"RP11-476F14.1","RP11-476F14.1",0.884609996733025
"LINC01229","LINC01229",0.884536667557157
"TMEM246-AS1","TMEM246-AS1",0.884498314073298
"RP11-138E9.2","RP11-138E9.2",0.884481534037384
"RP11-32B5.7","RP11-32B5.7",0.884474611373607
"CTD-2561B21.11","CTD-2561B21.11",0.884470114032063
"DSCAS","DSCAS",0.884463544008932
"RP11-165E7.1","RP11-165E7.1",0.884420295613415
"LINC00570","LINC00570",0.88439342279408
"FGF14-AS1","FGF14-AS1",0.884361709527547
"C2orf27B","C2orf27B",0.88434761649264
"RP11-284F21.11","RP11-284F21.11",0.884337919919573
"RP1-159A19.4","RP1-159A19.4",0.884270596594204
"ANKRD34C-AS1","ANKRD34C-AS1",0.884260810560003
"PIK3CD-AS2","PIK3CD-AS2",0.88425952041408
"RP11-407G23.7","RP11-407G23.7",0.884236007457219
"LINC00320","LINC00320",0.884198697923186
"AC012594.1","AC012594.1",0.884174159703069
"RP11-90J7.3","RP11-90J7.3",0.8841063154402
"RP11-1055B8.2","RP11-1055B8.2",0.884036037653686
"RP11-174G17","RP11-174G17",0.884028982840502
"LINC00483","LINC00483",0.88400287030703
"RP11-275H4.1","RP11-275H4.1",0.883985011603386
"RP11-1078H9.2","RP11-1078H9.2",0.883956041048558
"CTD-2201E9.4","CTD-2201E9.4",0.883946753565365
"MIR219A2","MIR219A2",0.883922462669096
"USP30-AS1","USP30-AS1",0.88387276116114
"CTC-497E21.5","CTC-497E21.5",0.883791290666969
"AL121656.5","AL121656.5",0.883788695621874
"RP11-310P5.1","RP11-310P5.1",0.88376492483088
"ZNF341-AS1","ZNF341-AS1",0.883704388011269
"RP11-90P5.2","RP11-90P5.2",0.883677661275583
"PTCSC2","PTCSC2",0.883671495090124
"RP11-10A14.4","RP11-10A14.4",0.883594534062204
"AC023137.2","AC023137.2",0.883547364911329
"CTD-2503O16.4","CTD-2503O16.4",0.88354712189169
"C2-AS1","C2-AS1",0.883520890265803
"RP13-554M15.8","RP13-554M15.8",0.883516360543807
"LINC01235","LINC01235",0.883507771337783
"RP11-559M23.1","RP11-559M23.1",0.883455024093534
"RP11-290C10.1","RP11-290C10.1",0.88342287644916
"RP11-160N1.10","RP11-160N1.10",0.88340979693557
"RP1-273G13.3","RP1-273G13.3",0.883358410050599
"AC069277.2","AC069277.2",0.883353595382683
"LINC01505","LINC01505",0.883329314279314
"AC016735.1","AC016735.1",0.883290152992282
"RP11-70D24.2","RP11-70D24.2",0.883237995358221
"RP11-126L15.4","RP11-126L15.4",0.883236620401635
"RP11-133L14.5","RP11-133L14.5",0.883218137382019
"RP11-4N23.4","RP11-4N23.4",0.883197959820135
"RP11-204E9.1","RP11-204E9.1",0.883187118323017
"RP11-845M18.6","RP11-845M18.6",0.883119958024588
"TMEM92-AS1","TMEM92-AS1",0.883107043907506
"AC018731.3","AC018731.3",0.88308647857931
"AC009410.1","AC009410.1",0.88307062890842
"RP11-307P5.1","RP11-307P5.1",0.882991014494542
"CTD-2366F13.2","CTD-2366F13.2",0.882856272167687
"CTC-518B2.10","CTC-518B2.10",0.882797740666954
"EGFR-AS1","EGFR-AS1",0.882782454303233
"RP13-297E16.4","RP13-297E16.4",0.88275455221439
"LINC00365","LINC00365",0.882703799952233
"CYB561D2","CYB561D2",0.882683765128115
"RP11-395G23.3","RP11-395G23.3",0.882673282756169
"RP11-404P21.3","RP11-404P21.3",0.882634670237717
"CTC-340I23.2","CTC-340I23.2",0.88258574505634
"LINC01485","LINC01485",0.882556114290311
"RP11-95O2.1","RP11-95O2.1",0.882545549776106
"RP11-630C16.2","RP11-630C16.2",0.882491748725937
"LINC00639","LINC00639",0.882484050452699
"AC018816.3","AC018816.3",0.882448585921664
"AC009950.2","AC009950.2",0.882412528761463
"RP1-12G14.7","RP1-12G14.7",0.882376753208647
"RP11-62I21.1","RP11-62I21.1",0.882311721732713
"RP11-802E16.3","RP11-802E16.3",0.882297591493651
"RP11-492I21.1","RP11-492I21.1",0.88227682686817
"RP5-1184F4.7","RP5-1184F4.7",0.882226413582886
"RP11-525G13.2","RP11-525G13.2",0.882138916032043
"RP11-583F2.5","RP11-583F2.5",0.882133202928433
"RP11-119D9.1","RP11-119D9.1",0.882119293960785
"AC005757.6","AC005757.6",0.882064682747465
"RP11-357N13.3","RP11-357N13.3",0.882018164680793
"TDRG1","TDRG1",0.88198742396594
"RP11-395B7.4","RP11-395B7.4",0.881940749046662
"RP11-398M15.1","RP11-398M15.1",0.881938994180988
"CTC-254B4.1","CTC-254B4.1",0.881932645092619
"RP11-3L21.2","RP11-3L21.2",0.881831505015179
"RBMS3-AS2","RBMS3-AS2",0.881814623346671
"CTD-2649C14.3","CTD-2649C14.3",0.881793642626939
"AC007879.6","AC007879.6",0.881759848414319
"RP11-347E10.1","RP11-347E10.1",0.881641253103699
"RP11-2L8.2","RP11-2L8.2",0.881630022056475
"FAM170B-AS1","FAM170B-AS1",0.88160331373665
"RP11-383H17.4","RP11-383H17.4",0.881558367367214
"CTC-369A16.2","CTC-369A16.2",0.881553823723388
"RP11-379K17.12","RP11-379K17.12",0.881547124822217
"RP4-651E10.4","RP4-651E10.4",0.88150699880734
"RP11-324E6.6","RP11-324E6.6",0.881468207264254
"GS1-433O24.1","GS1-433O24.1",0.881451714642842
"CTA-373H7.7","CTA-373H7.7",0.881419074526846
"AC006296.2","AC006296.2",0.881408777879957
"RP11-20D14.6","RP11-20D14.6",0.881391444766856
"RP5-1057J7.7","RP5-1057J7.7",0.881391173130787
"RP11-46F15.2","RP11-46F15.2",0.881310699338043
"AP000289.6","AP000289.6",0.881309766386209
"AC010649.1","AC010649.1",0.881294961961953
"RP11-148B6.2","RP11-148B6.2",0.881247332780452
"RP11-1124B17.1","RP11-1124B17.1",0.881124076161743
"RP11-181K12.2","RP11-181K12.2",0.881097748194711
"FER1L6-AS2","FER1L6-AS2",0.881072300071805
"RP11-261C10.5","RP11-261C10.5",0.881039188474182
"RP11-527L4.2","RP11-527L4.2",0.880940049244766
"LINC00940","LINC00940",0.880796443978107
"RP5-858L17.1","RP5-858L17.1",0.880774410823191
"AC008060.7","AC008060.7",0.880756656571461
"RP11-521D12.1","RP11-521D12.1",0.880643776027469
"RP11-481E4.2","RP11-481E4.2",0.880564776139387
"RUVBL1-AS1","RUVBL1-AS1",0.880498399902568
"FRMD6-AS2","FRMD6-AS2",0.880491673010786
"RP11-379L18.3","RP11-379L18.3",0.880477133006064
"CTD-2636A23.2","CTD-2636A23.2",0.880403727443317
"CTB-32O4.3","CTB-32O4.3",0.880355629357872
"LINC00488","LINC00488",0.880282489078245
"RP1-249H1.2","RP1-249H1.2",0.880243860863936
"RP11-173A6.3","RP11-173A6.3",0.880125657118461
"RP11-449H15.2","RP11-449H15.2",0.880062017623596
"RP13-977J11.9","RP13-977J11.9",0.880058256873375
"AC007365.3","AC007365.3",0.880047826424958
"RP11-223C24.2","RP11-223C24.2",0.88000369672912
"AC002480.3","AC002480.3",0.87997607430325
"RP13-884E18.4","RP13-884E18.4",0.879930643122474
"AP001601.2","AP001601.2",0.87991732184542
"RP11-431M7.3","RP11-431M7.3",0.879881747123264
"ADAMTS9-AS2","ADAMTS9-AS2",0.879823262515253
"RP11-649G15.2","RP11-649G15.2",0.879804411848422
"RP11-428L21.1","RP11-428L21.1",0.879802953221626
"CTC-558O2.1","CTC-558O2.1",0.879788162586493
"RP11-733O18.1","RP11-733O18.1",0.879751754652903
"RP11-81K13.1","RP11-81K13.1",0.879549057303343
"RP11-399F2.2","RP11-399F2.2",0.879547762996042
"RP3-522J7.6","RP3-522J7.6",0.879543318416974
"RP11-797D24.3","RP11-797D24.3",0.879539136084084
"RP11-282O18.7","RP11-282O18.7",0.879465992348482
"POU6F2-AS2","POU6F2-AS2",0.879454586921994
"RP11-357K6.3","RP11-357K6.3",0.879410173170776
"RP11-299P2.2","RP11-299P2.2",0.879359588037855
"AC010975.1","AC010975.1",0.879326291595484
"RP11-321L2.1","RP11-321L2.1",0.879323182008084
"RP11-354K1.2","RP11-354K1.2",0.879311052757126
"AC087491.2","AC087491.2",0.879297734023435
"RP11-85E16.1","RP11-85E16.1",0.87925611145145
"RP11-400N13.3","RP11-400N13.3",0.879124947814637
"RP11-68E19.2","RP11-68E19.2",0.879093035225668
"RP11-298D21.1","RP11-298D21.1",0.879079334436753
"SLC16A12-AS1","SLC16A12-AS1",0.879058485136495
"HAGLROS","HAGLROS",0.878967684746376
"RP11-679B19.1","RP11-679B19.1",0.878931375956491
"CTC-529L17.2","CTC-529L17.2",0.878840607543253
"RP11-517B11.4","RP11-517B11.4",0.878819097097566
"RP5-858B6.3","RP5-858B6.3",0.878778917744897
"C17orf82","C17orf82",0.878777234696686
"AC000035.3","AC000035.3",0.878726209441307
"CTA-286B10.7","CTA-286B10.7",0.878708178079971
"RP11-383C6.2","RP11-383C6.2",0.878634285847442
"RP1-142L7.5","RP1-142L7.5",0.878633606169483
"LINC01185","LINC01185",0.878586544948789
"CTA-992D9.11","CTA-992D9.11",0.878567618040648
"LA16c-444G7.1","LA16c-444G7.1",0.878557368827455
"LINC00616","LINC00616",0.878550975972241
"RP11-166N17.3","RP11-166N17.3",0.878480287452882
"LINC01114","LINC01114",0.878463629524886
"RP11-569A11.1","RP11-569A11.1",0.878442693515988
"AC139099.4","AC139099.4",0.878410980677203
"RP11-563P16.1","RP11-563P16.1",0.878372935354729
"RP11-290F5.2","RP11-290F5.2",0.878361169285034
"RP11-101E7.2","RP11-101E7.2",0.878288212855492
"RP11-344N10.2","RP11-344N10.2",0.878274439822404
"CTD-3253I12.1","CTD-3253I12.1",0.878230139035423
"RP11-318A15.8","RP11-318A15.8",0.878200237310055
"AC024592.9","AC024592.9",0.878188973827021
"AF064858.11","AF064858.11",0.878184344211346
"AC114803.3","AC114803.3",0.878154828016232
"CTC-482H14.5","CTC-482H14.5",0.878121805842546
"CTD-2201G3.1","CTD-2201G3.1",0.878098211203356
"SCARNA2","SCARNA2",0.878086976325817
"MIR1302-9","MIR1302-9",0.878054017150379
"RP11-642M2.1","RP11-642M2.1",0.877997538451574
"RP11-814P5.1","RP11-814P5.1",0.877986188233892
"RTCA-AS1","RTCA-AS1",0.877967634104204
"RP11-385F5.5","RP11-385F5.5",0.877967493778717
"CTD-2151A2.1","CTD-2151A2.1",0.877950737886421
"PTGER4P2-CDK2AP2P2","PTGER4P2-CDK2AP2P2",0.877945499513431
"RP5-1021I20.2","RP5-1021I20.2",0.87792480107033
"AF064858.7","AF064858.7",0.877919689281699
"AC105393.1","AC105393.1",0.877876630238045
"AC100802.3","AC100802.3",0.877824822682114
"AJ239322.1","AJ239322.1",0.87776806908645
"RP11-440G5.2","RP11-440G5.2",0.877753683380465
"RP4-594I10.3","RP4-594I10.3",0.877724950886366
"RP11-339N8.1","RP11-339N8.1",0.877710605068561
"RP4-655C5.9","RP4-655C5.9",0.877705921252744
"CTB-58E17.3","CTB-58E17.3",0.87765116059561
"KB-1107E3.1","KB-1107E3.1",0.87760609292182
"RP11-739B23.1","RP11-739B23.1",0.877591997223576
"RP11-73O6.3","RP11-73O6.3",0.877474715162758
"RP11-175E9.1","RP11-175E9.1",0.877444035590499
"RP1-156L9.1","RP1-156L9.1",0.877348845234949
"CTD-2263F21.1","CTD-2263F21.1",0.877335435518837
"LINC01109","LINC01109",0.8773282797989
"RP11-126K1.6","RP11-126K1.6",0.877326543352938
"RP11-20J15.3","RP11-20J15.3",0.877299399690586
"AC010132.10","AC010132.10",0.877254733095397
"RP11-563E2.2","RP11-563E2.2",0.877245998738876
"RP1-30M3.6","RP1-30M3.6",0.877189887005307
"AC010761.8","AC010761.8",0.877126937618883
"CTD-2023N9.2","CTD-2023N9.2",0.877123943818584
"SEMA3B-AS1","SEMA3B-AS1",0.877061005478876
"RP11-260M19.2","RP11-260M19.2",0.877056451057999
"NCK1-AS1","NCK1-AS1",0.877053010541885
"RP11-401P9.5","RP11-401P9.5",0.877051049218101
"RP11-728F11.4","RP11-728F11.4",0.877014677200302
"RP11-92A5.2","RP11-92A5.2",0.876966550035285
"RP11-757A13.1","RP11-757A13.1",0.876942104849259
"RP3-324O17.8","RP3-324O17.8",0.876935240908562
"AC079790.2","AC079790.2",0.87691529917926
"RP11-164O23.7","RP11-164O23.7",0.876907522747024
"RP11-696N14.1","RP11-696N14.1",0.876870600293982
"AC092597.3","AC092597.3",0.87686944968621
"RP11-354I10.1","RP11-354I10.1",0.876850513445912
"RP11-173P15.10","RP11-173P15.10",0.876839741008723
"LINC01013","LINC01013",0.876801295521561
"RP11-141O11.2","RP11-141O11.2",0.8767746772048
"LINC00403","LINC00403",0.876744993418973
"RP11-713M15.1","RP11-713M15.1",0.876697722700002
"RP1-12G14.5","RP1-12G14.5",0.876697631051945
"OGFR-AS1","OGFR-AS1",0.876639807602443
"RP11-521B24.5","RP11-521B24.5",0.876602767808777
"LINC00242","LINC00242",0.876566230087113
"RP11-260O18.1","RP11-260O18.1",0.876564196542574
"RP11-202H2.1","RP11-202H2.1",0.876530701314432
"LINC01202","LINC01202",0.876449051038752
"AC125421.1","AC125421.1",0.876411025684863
"LMLN-AS1","LMLN-AS1",0.876398216094284
"RP11-511B23.1","RP11-511B23.1",0.876375751581774
"AC007193.9","AC007193.9",0.876338314509537
"PTCSC3","PTCSC3",0.876320497024985
"CTD-2532N20.1","CTD-2532N20.1",0.876263511083354
"AC078842.4","AC078842.4",0.876259851824809
"AC009878.2","AC009878.2",0.876201230885338
"LINC01305","LINC01305",0.876201016626789
"RP11-579E24.2","RP11-579E24.2",0.87609490080099
"RP11-669C19.1","RP11-669C19.1",0.876059253588279
"CTC-529P8.1","CTC-529P8.1",0.876038308075165
"CTD-2574D22.7","CTD-2574D22.7",0.87601751596227
"RP11-666F17.1","RP11-666F17.1",0.875841547452636
"RP11-308B5.2","RP11-308B5.2",0.875838372025879
"AC093063.3","AC093063.3",0.875829613364452
"CTD-2203A3.1","CTD-2203A3.1",0.875566733499475
"RP1-80N2.3","RP1-80N2.3",0.875547691351509
"RP11-472K22.1","RP11-472K22.1",0.875530464248755
"RP11-104E19.1","RP11-104E19.1",0.875515943375535
"AC012456.4","AC012456.4",0.875469758416245
"RP11-649A16.1","RP11-649A16.1",0.875281932049312
"AC007386.2","AC007386.2",0.875246142034019
"RP11-32B5.8","RP11-32B5.8",0.875206437912813
"MAST4-AS1","MAST4-AS1",0.875187822544832
"AC079135.1","AC079135.1",0.875166330887894
"XX-C2158C12.1","XX-C2158C12.1",0.87516268267012
"CTD-3187F8.14","CTD-3187F8.14",0.875018202313736
"RP5-1048B16.1","RP5-1048B16.1",0.875003640072501
"RP11-305P14.1","RP11-305P14.1",0.874566259028925
"RP11-334G22.1","RP11-334G22.1",0.874533980126654
"CTD-2541J13.2","CTD-2541J13.2",0.874506528136206
"RP5-952N6.1","RP5-952N6.1",0.8744698463434
"RP3-333A15.1","RP3-333A15.1",0.874405525216449
"RP3-337H4.9","RP3-337H4.9",0.874362592611702
"RP11-527H14.6","RP11-527H14.6",0.87432677860859
"RP11-245C17.2","RP11-245C17.2",0.874317845034077
"RP1-102E24.10","RP1-102E24.10",0.874279109737142
"FAM3D-AS1","FAM3D-AS1",0.874230528099359
"RP11-556N4.1","RP11-556N4.1",0.874177602625941
"RP11-386G21.1","RP11-386G21.1",0.874095038538052
"RP11-329B9.5","RP11-329B9.5",0.874094506505127
"RP5-1125A11.4","RP5-1125A11.4",0.87404390713434
"RP11-3G20.2","RP11-3G20.2",0.873978773676042
"CTD-2588C8.8","CTD-2588C8.8",0.873925489944706
"RP11-1167A19.2","RP11-1167A19.2",0.873921005159861
"RP5-1025A1.3","RP5-1025A1.3",0.873918535092617
"RP11-626G11.3","RP11-626G11.3",0.873910945678956
"CTD-2396E7.11","CTD-2396E7.11",0.873899525602408
"LINC01476","LINC01476",0.873759478745936
"RP11-775C24.5","RP11-775C24.5",0.873746252279601
"AC144450.2","AC144450.2",0.873653038847611
"SPATA13-AS1","SPATA13-AS1",0.873630443645208
"RP11-860B13.3","RP11-860B13.3",0.873502046136803
"AC004051.2","AC004051.2",0.873472094433377
"PGM5P3-AS1","PGM5P3-AS1",0.873304194522946
"RP11-268I9.3","RP11-268I9.3",0.873290484354451
"MIR193BHG","MIR193BHG",0.873281070550373
"SNRK-AS1","SNRK-AS1",0.873264066918936
"CTD-2566J3.1","CTD-2566J3.1",0.873246917876606
"AC107218.3","AC107218.3",0.873218379677283
"RP11-722E23.2","RP11-722E23.2",0.873161351607501
"MIR4500HG","MIR4500HG",0.873146556227439
"RP11-793A3.1","RP11-793A3.1",0.873102885414611
"ACTN1-AS1","ACTN1-AS1",0.873066018985876
"LINC01077","LINC01077",0.873028095139771
"RP11-155O18.6","RP11-155O18.6",0.873014291999492
"RP11-20B7.1","RP11-20B7.1",0.872889976211443
"RP11-50C13.1","RP11-50C13.1",0.872822368447003
"AP001065.15","AP001065.15",0.872815401344613
"RP11-53A1.3","RP11-53A1.3",0.872778843452844
"RP11-586L23.1","RP11-586L23.1",0.872772671082735
"TPRG1-AS1","TPRG1-AS1",0.872678429904907
"RP11-465C12.1","RP11-465C12.1",0.872667598700346
"RP11-822E23.2","RP11-822E23.2",0.872636470098094
"RP11-422N16.3","RP11-422N16.3",0.872590559641533
"LINC01449","LINC01449",0.87256667101831
"RP11-560G2.1","RP11-560G2.1",0.872558055175342
"CTD-2227E11.1","CTD-2227E11.1",0.872480613797211
"CTD-2009A10.1","CTD-2009A10.1",0.872398088394113
"RP11-1228E12.1","RP11-1228E12.1",0.872353779745288
"XXyac-YX155B6.5","XXyac-YX155B6.5",0.872277602637765
"LINC00210","LINC00210",0.872227397586976
"RP11-962G15.1","RP11-962G15.1",0.872188905606532
"RP11-313P18.1","RP11-313P18.1",0.872111113332915
"CH507-42P11.7","CH507-42P11.7",0.872032965936741
"RP11-231E19.1","RP11-231E19.1",0.872009534961536
"RP1-242N11.1","RP1-242N11.1",0.871948588033451
"CTD-2517M22.9","CTD-2517M22.9",0.871902619994557
"RP11-680A11.5","RP11-680A11.5",0.87188788926505
"RP11-720L8.1","RP11-720L8.1",0.87188504407174
"RP11-602N24.3","RP11-602N24.3",0.871844405090386
"RP11-115J16.2","RP11-115J16.2",0.871821277541623
"LA16c-358B7.3","LA16c-358B7.3",0.871820256679889
"AP000251.3","AP000251.3",0.871812892891163
"RP11-775D22.3","RP11-775D22.3",0.87179158601302
"RP11-490E15.2","RP11-490E15.2",0.871737629139805
"PARD6G-AS1","PARD6G-AS1",0.871712287773438
"MIR7-3HG","MIR7-3HG",0.871500278137646
"RP11-6O2.4","RP11-6O2.4",0.87137392665438
"RP11-326K13.4","RP11-326K13.4",0.871370268812143
"RP11-709A23.1","RP11-709A23.1",0.871359656072843
"RP11-372K14.2","RP11-372K14.2",0.871280301223935
"CTC-228N24.2","CTC-228N24.2",0.871275334589845
"CTD-3193O13.1","CTD-3193O13.1",0.871234492079856
"RP11-273B20.1","RP11-273B20.1",0.871225514562806
"RP11-218F4.1","RP11-218F4.1",0.871191960771416
"RP11-446H18.5","RP11-446H18.5",0.871150979315431
"RP11-400K9.4","RP11-400K9.4",0.870976998293805
"RP11-222N13.1","RP11-222N13.1",0.870948998180872
"AC079305.10","AC079305.10",0.870899707063459
"RP11-557H15.4","RP11-557H15.4",0.870848162114976
"RP11-478J18.2","RP11-478J18.2",0.870774348943103
"RP11-418J17.3","RP11-418J17.3",0.870724287501394
"RP11-762H8.3","RP11-762H8.3",0.870716739195981
"RP11-435O5.6","RP11-435O5.6",0.870698287309425
"AP000688.29","AP000688.29",0.870603399653148
"RP11-313A24.1","RP11-313A24.1",0.870590075511083
"TFAP2A-AS1","TFAP2A-AS1",0.870576579174558
"EPHA5-AS1","EPHA5-AS1",0.870575702362453
"LINC00877","LINC00877",0.870545428128254
"RP11-526I2.1","RP11-526I2.1",0.870508523755393
"AP003068.9","AP003068.9",0.870494352933478
"RP11-326C3.7","RP11-326C3.7",0.87043929206433
"RP11-143E21.6","RP11-143E21.6",0.870387876095868
"RP11-621L6.2","RP11-621L6.2",0.87033264668922
"CTC-255N20.1","CTC-255N20.1",0.870293865678155
"RP11-434E6.4","RP11-434E6.4",0.870153207271342
"RP11-638I2.8","RP11-638I2.8",0.87015140839678
"KIAA0087","KIAA0087",0.870097801008859
"RP11-276E15.4","RP11-276E15.4",0.870085607667415
"PRKAG2-AS1","PRKAG2-AS1",0.869967867155852
"MTOR-AS1","MTOR-AS1",0.869941084287521
"AC005772.2","AC005772.2",0.869928828671292
"RP11-4C20.3","RP11-4C20.3",0.869900449285972
"RP11-350N15.6","RP11-350N15.6",0.869893217190972
"CASC6","CASC6",0.869887403816988
"RP11-354P11.2","RP11-354P11.2",0.869766439225724
"EFCAB6-AS1","EFCAB6-AS1",0.869741118103625
"LINC00303","LINC00303",0.869709339935195
"LINC01588","LINC01588",0.869691284555632
"CTD-2021H9.1","CTD-2021H9.1",0.86953997538894
"HCG16","HCG16",0.869536931178142
"RP11-380P13.1","RP11-380P13.1",0.869459353149625
"LMF1-AS1","LMF1-AS1",0.869437097441306
"AC007064.24","AC007064.24",0.869390413091073
"RP3-510H16.3","RP3-510H16.3",0.869368568330735
"RP11-981G7.3","RP11-981G7.3",0.869351166273081
"CTD-2540B15.9","CTD-2540B15.9",0.869256893553099
"RP11-526N18.1","RP11-526N18.1",0.869223782556473
"LINC01580","LINC01580",0.869171706001457
"AC010524.4","AC010524.4",0.869169234925988
"RP11-417L19.2","RP11-417L19.2",0.869147419772636
"AP000221.1","AP000221.1",0.869102285871402
"RP11-354M1.2","RP11-354M1.2",0.869068291572557
"RP11-588P7.2","RP11-588P7.2",0.869058885726617
"RP11-342M3.5","RP11-342M3.5",0.869040854686481
"RP11-461A8.1","RP11-461A8.1",0.86901485054758
"CTD-3193K9.11","CTD-3193K9.11",0.86897620822263
"RP3-454B23.1","RP3-454B23.1",0.868885356034363
"RP11-120J1.1","RP11-120J1.1",0.868872863961069
"RP11-1143G9.5","RP11-1143G9.5",0.868734355231428
"CTC-431G16.2","CTC-431G16.2",0.868701901150772
"C20orf187","C20orf187",0.868688103380422
"LINC00629","LINC00629",0.868685366811275
"AC005932.1","AC005932.1",0.868652285113411
"CTD-2091N23.1","CTD-2091N23.1",0.868625347733737
"RP11-900F13.3","RP11-900F13.3",0.86860348033322
"RP11-567C2.1","RP11-567C2.1",0.8685864545758
"CTB-113P19.1","CTB-113P19.1",0.868517826975333
"CTC-325H20.4","CTC-325H20.4",0.868494659569295
"RP11-46I8.3","RP11-46I8.3",0.868489517605118
"L29074.3","L29074.3",0.868381259643
"CTD-3032H12.2","CTD-3032H12.2",0.868345314172412
"RP11-99H20.1","RP11-99H20.1",0.868309702781959
"RP11-941H19.3","RP11-941H19.3",0.868265861710646
"RP6-191P20.4","RP6-191P20.4",0.86823527219907
"RP11-619A14.3","RP11-619A14.3",0.868193363811659
"RP11-249C24.10","RP11-249C24.10",0.868181501183683
"RP11-14O19.2","RP11-14O19.2",0.868155307608293
"COL18A1-AS1","COL18A1-AS1",0.868121893216634
"RP11-368I23.2","RP11-368I23.2",0.868089115124423
"RP11-1105O14.1","RP11-1105O14.1",0.868077115823941
"DKFZP434A062","DKFZP434A062",0.867953747524061
"LINC01001","LINC01001",0.867939800806463
"CTB-31N19.5","CTB-31N19.5",0.867935839538189
"OOEP-AS1","OOEP-AS1",0.867923237425585
"AC104134.2","AC104134.2",0.867900676959378
"RP3-477O4.14","RP3-477O4.14",0.867888383730954
"CTD-2316B1.1","CTD-2316B1.1",0.867708105996498
"RP1-122K4.2","RP1-122K4.2",0.867703178070104
"RP11-168L22.2","RP11-168L22.2",0.867693018518542
"CTD-2555I5.1","CTD-2555I5.1",0.867654303174143
"RP11-25L3.3","RP11-25L3.3",0.867596417614318
"RP11-375I20.6","RP11-375I20.6",0.867546172512562
"RP6-201G10.2","RP6-201G10.2",0.867506768385631
"AC016907.3","AC016907.3",0.867492700180348
"AC005076.5","AC005076.5",0.86745710776489
"ODF2-AS1","ODF2-AS1",0.867387498888132
"RP11-474I16.8","RP11-474I16.8",0.86737176130924
"RP11-210G22.1","RP11-210G22.1",0.867366365333365
"RP11-184E9.1","RP11-184E9.1",0.867347660454895
"RP11-393I23.4","RP11-393I23.4",0.86728665294756
"RP4-550H1.4","RP4-550H1.4",0.867183270660691
"CTD-2373H9.5","CTD-2373H9.5",0.867156176982525
"RP11-298E2.2","RP11-298E2.2",0.867141678818649
"XXbac-BPG157A10.21","XXbac-BPG157A10.21",0.867076066726192
"RP11-586D19.2","RP11-586D19.2",0.86703778256301
"CTD-2168K21.2","CTD-2168K21.2",0.866935815380653
"DKFZP434L187","DKFZP434L187",0.86693257107543
"RP11-114J13.1","RP11-114J13.1",0.86693084914148
"RP11-276H7.3","RP11-276H7.3",0.866928057003306
"LINC01361","LINC01361",0.866744642327078
"LINC00989","LINC00989",0.866630832895645
"LINC00427","LINC00427",0.866574214428692
"RP11-536G4.1","RP11-536G4.1",0.866413741863407
"RP11-560J1.2","RP11-560J1.2",0.866397990590664
"LINC00635","LINC00635",0.866363184339237
"LINC00642","LINC00642",0.866344440346671
"AC002454.1","AC002454.1",0.866100011422334
"RP11-135J2.3","RP11-135J2.3",0.866087956127362
"RP11-497E19.1","RP11-497E19.1",0.866078611812321
"RP11-90C1.1","RP11-90C1.1",0.866067602464369
"RP3-508I15.19","RP3-508I15.19",0.866042035768078
"KB-431C1.5","KB-431C1.5",0.86594808496502
"RP1-228P16.8","RP1-228P16.8",0.865938718230634
"RP11-72L22.1","RP11-72L22.1",0.865769996653559
"RP11-442H21.2","RP11-442H21.2",0.865730868985185
"LINC00152","LINC00152",0.865614552790857
"RP11-16K12.1","RP11-16K12.1",0.86549471968509
"RP11-676J12.6","RP11-676J12.6",0.865487311099064
"IGSF11-AS1","IGSF11-AS1",0.865476398195329
"RP11-74E22.6","RP11-74E22.6",0.865444798099005
"U95743.1","U95743.1",0.865391886222349
"ARHGAP26-AS1","ARHGAP26-AS1",0.865350107834884
"RP11-491H19.1","RP11-491H19.1",0.86533564660349
"AC007682.1","AC007682.1",0.865335402698521
"RP11-1101K5.1","RP11-1101K5.1",0.865287234583384
"CTD-2542C24.8","CTD-2542C24.8",0.865264677254285
"RP1-10C16.1","RP1-10C16.1",0.865245064685627
"BANCR","BANCR",0.865045517006942
"ZNF295-AS1","ZNF295-AS1",0.865001932347455
"RP11-718O11.1","RP11-718O11.1",0.864990546544932
"RP11-77E14.2","RP11-77E14.2",0.864938069527405
"CTC-565M22.1","CTC-565M22.1",0.864911185910477
"RP11-363E6.3","RP11-363E6.3",0.864876865661938
"BAIAP2-AS1","BAIAP2-AS1",0.86475802188595
"RP11-413B19.2","RP11-413B19.2",0.864745813909805
"AP000959.2","AP000959.2",0.864724977017075
"AC005262.2","AC005262.2",0.86470214045418
"AC006296.1","AC006296.1",0.864692866878431
"RP11-326C3.15","RP11-326C3.15",0.864588577252984
"CTB-113D17.1","CTB-113D17.1",0.864564601083677
"RP11-218I7.2","RP11-218I7.2",0.864551993268263
"CTD-2154B17.4","CTD-2154B17.4",0.864532099270906
"LINC00378","LINC00378",0.864518803360803
"RP11-247A12.8","RP11-247A12.8",0.864515795891851
"RP11-676J15.1","RP11-676J15.1",0.864498847237775
"RP11-83M16.5","RP11-83M16.5",0.864480624323734
"LINC01020","LINC01020",0.864434364065512
"RP11-435D7.3","RP11-435D7.3",0.864429795600913
"RP11-452L6.8","RP11-452L6.8",0.864405345328733
"RP11-1078H9.5","RP11-1078H9.5",0.864357328959613
"AC097468.7","AC097468.7",0.864349236124382
"RP11-99L13.1","RP11-99L13.1",0.86432366786148
"AC005523.3","AC005523.3",0.864273796103818
"AC007386.4","AC007386.4",0.864230857942417
"CTD-2325A15.5","CTD-2325A15.5",0.864222963916743
"RP11-574F11.3","RP11-574F11.3",0.864184996870796
"RP11-509J21.4","RP11-509J21.4",0.864159825451233
"RP11-480D4.1","RP11-480D4.1",0.864145758392456
"RP11-958F21.1","RP11-958F21.1",0.864085506471387
"LINC01591","LINC01591",0.864058653824507
"RP5-1158E12.3","RP5-1158E12.3",0.864038318652518
"RP11-18B16.2","RP11-18B16.2",0.863974688842213
"RP11-603J24.5","RP11-603J24.5",0.863930064167288
"RP5-898J17.1","RP5-898J17.1",0.863899430616238
"RP1-56K13.2","RP1-56K13.2",0.863778112717381
"RP11-167P22.3","RP11-167P22.3",0.863754318148541
"RP11-129M16.4","RP11-129M16.4",0.863725512363097
"RP11-993B23.3","RP11-993B23.3",0.863713410186603
"FOXN3-AS1","FOXN3-AS1",0.863654592145334
"NKX2-2-AS1","NKX2-2-AS1",0.863629258878089
"CTD-2308N23.2","CTD-2308N23.2",0.863534478536903
"AF131215.8","AF131215.8",0.863479611659317
"AC002127.4","AC002127.4",0.863461963236165
"AC007193.10","AC007193.10",0.863441143717611
"AC016768.1","AC016768.1",0.863435685103162
"DLGAP1-AS2","DLGAP1-AS2",0.863364795117507
"RP11-57J16.1","RP11-57J16.1",0.86336458403594
"AC092171.2","AC092171.2",0.863346628787666
"RP5-968P14.2","RP5-968P14.2",0.863339927907088
"AC005616.2","AC005616.2",0.863338643319803
"CTD-3099C6.7","CTD-3099C6.7",0.863319759591345
"RP11-702F3.4","RP11-702F3.4",0.863233277541121
"RP11-122F24.1","RP11-122F24.1",0.863229416112175
"RP11-511B23.2","RP11-511B23.2",0.863175352001672
"RP11-320P7.2","RP11-320P7.2",0.863159100712303
"RP1-35C21.1","RP1-35C21.1",0.863128695467724
"RP11-299H21.1","RP11-299H21.1",0.863127570201491
"RP11-839D17.3","RP11-839D17.3",0.863115281692755
"RP11-13N13.6","RP11-13N13.6",0.862976344416737
"RP11-210M15.2","RP11-210M15.2",0.862944963244896
"RP11-284H19.1","RP11-284H19.1",0.862940095597873
"UNC5B-AS1","UNC5B-AS1",0.862907056536243
"CH17-140K24.3","CH17-140K24.3",0.862857313113653
"RP11-353N14.2","RP11-353N14.2",0.862825272311927
"AC004066.3","AC004066.3",0.862751219690853
"RP11-216B9.9","RP11-216B9.9",0.862732320251645
"RP11-535A19.2","RP11-535A19.2",0.862681766586863
"RP11-506H21.5","RP11-506H21.5",0.86265933654206
"RBMS3-AS1","RBMS3-AS1",0.862602514494539
"AC011513.4","AC011513.4",0.862546567011462
"AC005009.1","AC005009.1",0.86250174801559
"LINC00578","LINC00578",0.862408439959736
"CTC-506B8.1","CTC-506B8.1",0.862348382470324
"RP11-1006G14.2","RP11-1006G14.2",0.86227125918447
"PLBD1-AS1","PLBD1-AS1",0.862255683814529
"AC006262.4","AC006262.4",0.862226338192474
"RP5-1039K5.18","RP5-1039K5.18",0.862211253061738
"DPP10-AS1","DPP10-AS1",0.862177822834844
"RP11-81F13.2","RP11-81F13.2",0.86217665205577
"AC098973.2","AC098973.2",0.862071978209805
"RP11-305K5.1","RP11-305K5.1",0.862044464163774
"LINC01011","LINC01011",0.862008974409929
"CTC-350I8.1","CTC-350I8.1",0.86196284269496
"RP4-758J18.10","RP4-758J18.10",0.86191639854447
"C9orf170","C9orf170",0.861869845687865
"RP11-540N6.1","RP11-540N6.1",0.861859993479378
"IL10RB-AS1","IL10RB-AS1",0.861857734029998
"RP11-451B8.1","RP11-451B8.1",0.861836486026969
"ITIH4-AS1","ITIH4-AS1",0.861835437202312
"LINC01616","LINC01616",0.861833246652228
"RP11-18D7.3","RP11-18D7.3",0.861630619913919
"RP11-430C1.1","RP11-430C1.1",0.861592679211907
"RP11-48G14.2","RP11-48G14.2",0.861588467468124
"CTD-2591A6.2","CTD-2591A6.2",0.861565728934998
"AP000282.3","AP000282.3",0.861554398205064
"AC011294.3","AC011294.3",0.861502932630983
"NPPA-AS1","NPPA-AS1",0.861461010217771
"NTM-AS1","NTM-AS1",0.86145856636203
"RP11-80H18.4","RP11-80H18.4",0.861253836584144
"AJ003147.9","AJ003147.9",0.8610842691946
"RP11-33B1.4","RP11-33B1.4",0.860994682222384
"RP11-31K23.2","RP11-31K23.2",0.860993888326392
"CYP4A22-AS1","CYP4A22-AS1",0.860956932497647
"RP11-65M17.3","RP11-65M17.3",0.860890141351757
"RP13-991F5.2","RP13-991F5.2",0.860881476165588
"FUT8-AS1","FUT8-AS1",0.860724428350193
"RP11-434E6.5","RP11-434E6.5",0.860692384316833
"RP5-1027O15.1","RP5-1027O15.1",0.860677904361752
"IGF2BP2-AS1","IGF2BP2-AS1",0.860658522229184
"RP5-1068H6.6","RP5-1068H6.6",0.860641412652365
"RP11-37N22.1","RP11-37N22.1",0.860630818831131
"LINC00382","LINC00382",0.860611855262357
"AP000998.2","AP000998.2",0.860607131885274
"CTD-2147F2.2","CTD-2147F2.2",0.86058915291474
"RP11-148K1.10","RP11-148K1.10",0.860572422403979
"PACERR","PACERR",0.860515082684999
"AC106053.1","AC106053.1",0.860510263286421
"LINC01415","LINC01415",0.860498349209571
"AFAP1-AS1","AFAP1-AS1",0.860451954040241
"RP11-75C9.2","RP11-75C9.2",0.860433523641375
"RP11-380F14.2","RP11-380F14.2",0.860403874216268
"LINC01288","LINC01288",0.860397089423305
"AC113617.1","AC113617.1",0.860384823847116
"AC009264.1","AC009264.1",0.860380728159268
"AC009542.2","AC009542.2",0.860299251803062
"RP11-375N15.2","RP11-375N15.2",0.860220013786352
"RP3-416J7.4","RP3-416J7.4",0.860065887277693
"TMEM108-AS1","TMEM108-AS1",0.860061738100048
"RP11-469H8.6","RP11-469H8.6",0.860050795172603
"RP11-307C19.2","RP11-307C19.2",0.86002542046976
"AC009005.2","AC009005.2",0.860016745990064
"RP11-138P22.1","RP11-138P22.1",0.860002736501362
"RP11-793H13.3","RP11-793H13.3",0.859999346158845
"RP11-550H2.1","RP11-550H2.1",0.859918253833302
"RP11-179A10.1","RP11-179A10.1",0.85987845889084
"NAV2-AS1","NAV2-AS1",0.859866796826317
"RP11-523O18.1","RP11-523O18.1",0.859859404971751
"RP11-953B20.1","RP11-953B20.1",0.859783377397892
"RP5-1119A7.14","RP5-1119A7.14",0.85975062482829
"CTA-984G1.5","CTA-984G1.5",0.859603423609281
"SCHLAP1","SCHLAP1",0.859599166648089
"CTD-3193O13.13","CTD-3193O13.13",0.859564773683827
"RP11-65M17.1","RP11-65M17.1",0.859558570515127
"AC098617.1","AC098617.1",0.859556309028493
"AC142119.1","AC142119.1",0.859550004354114
"RP11-115J16.1","RP11-115J16.1",0.85954020824475
"SH3RF3-AS1","SH3RF3-AS1",0.85947669756915
"RP11-849N15.1","RP11-849N15.1",0.859455164987932
"RP11-797H7.5","RP11-797H7.5",0.85944799179024
"RP11-234G16.5","RP11-234G16.5",0.859236424591784
"RP11-563J2.2","RP11-563J2.2",0.859215156683998
"CTD-2058B24.3","CTD-2058B24.3",0.859178795286872
"CTD-2583P5.3","CTD-2583P5.3",0.859178407113942
"CTD-2192J16.26","CTD-2192J16.26",0.859132246569409
"AC092687.4","AC092687.4",0.859077399282631
"GAS5-AS1","GAS5-AS1",0.859070054910929
"RP1-273N12.4","RP1-273N12.4",0.859009771889478
"RP11-34A14.3","RP11-34A14.3",0.859006867530115
"RP5-1024C24.1","RP5-1024C24.1",0.85885643567819
"LINC01568","LINC01568",0.858820727128887
"RP11-542K23.10","RP11-542K23.10",0.858809893554763
"RP11-274B18.4","RP11-274B18.4",0.858788276366448
"MGC45922","MGC45922",0.858752649745854
"RP11-554D15.1","RP11-554D15.1",0.858704262247903
"RP11-84C10.4","RP11-84C10.4",0.858650774087548
"BOK-AS1","BOK-AS1",0.858644794688375
"LINC01494","LINC01494",0.858644128982099
"RP11-77G23.2","RP11-77G23.2",0.858578783743516
"CTC-428G20.6","CTC-428G20.6",0.858570513019826
"RP11-196H14.2","RP11-196H14.2",0.858494118133405
"RP11-374M1.5","RP11-374M1.5",0.85848584402351
"CTD-3064H18.4","CTD-3064H18.4",0.858412491057414
"SPIN4-AS1","SPIN4-AS1",0.858364107494083
"RP5-942I16.1","RP5-942I16.1",0.858348947818315
"RP3-402G11.28","RP3-402G11.28",0.858345188765395
"F10-AS1","F10-AS1",0.858339772455706
"RP5-850O15.3","RP5-850O15.3",0.858290742904743
"CASC18","CASC18",0.85827111097049
"RP11-932O9.8","RP11-932O9.8",0.858257763366505
"CTD-2310F14.1","CTD-2310F14.1",0.858232616385518
"AP003774.6","AP003774.6",0.85822888365461
"AC016994.2","AC016994.2",0.858225035192744
"RP11-69M1.8","RP11-69M1.8",0.85821705949508
"RP11-521D12.5","RP11-521D12.5",0.858197162813012
"RP11-514P8.2","RP11-514P8.2",0.858168602475257
"ITPKB-AS1","ITPKB-AS1",0.858136573718499
"AC092155.4","AC092155.4",0.858130088354379
"RP11-463I20.3","RP11-463I20.3",0.85812089737219
"RP11-514F3.4","RP11-514F3.4",0.858092313024878
"RP11-190C22.9","RP11-190C22.9",0.858070697340429
"RP11-469L4.1","RP11-469L4.1",0.858051750697478
"EMX2OS","EMX2OS",0.858025622564207
"C11orf44","C11orf44",0.857983355898295
"RP11-170M17.1","RP11-170M17.1",0.857952882722363
"RP11-66N24.7","RP11-66N24.7",0.857917349738218
"RP11-479J7.2","RP11-479J7.2",0.857914509143168
"RP11-582J16.4","RP11-582J16.4",0.857900415402446
"LINC01411","LINC01411",0.857850338809971
"RP11-116O18.3","RP11-116O18.3",0.857816496674084
"RP11-278A23.4","RP11-278A23.4",0.857701200840563
"RP11-94A24.1","RP11-94A24.1",0.857658539144724
"LINC01221","LINC01221",0.857656715973625
"LUADT1","LUADT1",0.857646460078219
"LINC01191","LINC01191",0.857634617606577
"UCKL1-AS1","UCKL1-AS1",0.857598600606299
"CTD-2514K5.4","CTD-2514K5.4",0.857508517427191
"CTC-459F4.3","CTC-459F4.3",0.857498169617821
"LINC01550","LINC01550",0.857490739562614
"CTD-2623N2.5","CTD-2623N2.5",0.857477437970864
"LINC01554","LINC01554",0.85746878590832
"RP11-408N14.1","RP11-408N14.1",0.857436662352579
"RP11-461F11.3","RP11-461F11.3",0.857423174034294
"LINC00920","LINC00920",0.857362431147274
"RP11-670E13.6","RP11-670E13.6",0.857338526515555
"RP11-313P18.2","RP11-313P18.2",0.857311172398525
"RP11-806L2.2","RP11-806L2.2",0.857282604453759
"RP11-400D2.3","RP11-400D2.3",0.857269329812252
"RP11-74M11.2","RP11-74M11.2",0.857178651082972
"AC062020.1","AC062020.1",0.857171462160008
"RP11-317J10.4","RP11-317J10.4",0.857081534205099
"CTD-2021H9.3","CTD-2021H9.3",0.857038429221249
"CTD-2552K11.2","CTD-2552K11.2",0.856976094690188
"AC016644.1","AC016644.1",0.856973236286748
"TTC39C-AS1","TTC39C-AS1",0.856971342012011
"RP5-1139I1.2","RP5-1139I1.2",0.856932819210206
"SMAD5-AS1","SMAD5-AS1",0.856923245805592
"RP11-157E16.1","RP11-157E16.1",0.856908722102177
"CTD-3032J10.4","CTD-3032J10.4",0.856895129607373
"RP11-363G15.2","RP11-363G15.2",0.856868892628514
"RP1-90J4.1","RP1-90J4.1",0.856862565405695
"RP11-804F13.1","RP11-804F13.1",0.856820506635813
"DNAJC9-AS1","DNAJC9-AS1",0.856783882410875
"CTA-212D2.2","CTA-212D2.2",0.856664643221817
"RP11-476K15.1","RP11-476K15.1",0.856619894644138
"ARRDC3-AS1","ARRDC3-AS1",0.85661575470582
"AP001605.4","AP001605.4",0.856599963721131
"RP11-619J20.1","RP11-619J20.1",0.856475574424499
"RP11-160H22.5","RP11-160H22.5",0.856431692534831
"CTD-2562J17.2","CTD-2562J17.2",0.856426772478213
"CTC-458G6.2","CTC-458G6.2",0.856364874988576
"AC083949.1","AC083949.1",0.856360183258047
"XXbac-BPG55C20.7","XXbac-BPG55C20.7",0.856359427122147
"RP11-766N7.3","RP11-766N7.3",0.856308245881077
"PCAT6","PCAT6",0.856283091819331
"RP11-507B12.1","RP11-507B12.1",0.856259146114956
"RP11-387M24.5","RP11-387M24.5",0.856257736761543
"RP11-521C20.2","RP11-521C20.2",0.856230857671941
"CISTR","CISTR",0.856173361497717
"RP11-78A19.3","RP11-78A19.3",0.856159854289537
"RP11-758P17.3","RP11-758P17.3",0.85615436397195
"RP11-10A14.5","RP11-10A14.5",0.856143700147566
"DLGAP1-AS3","DLGAP1-AS3",0.856034091461531
"RP11-38M8.1","RP11-38M8.1",0.855961028042066
"RP5-991G20.2","RP5-991G20.2",0.855945332233989
"MIR3945HG","MIR3945HG",0.855875650437179
"RP11-973F15.2","RP11-973F15.2",0.855867379838652
"RP4-613A2.1","RP4-613A2.1",0.855849819674075
"RP11-478K15.6","RP11-478K15.6",0.8558352559279
"RP13-60M5.2","RP13-60M5.2",0.855824194571079
"RP11-467I17.1","RP11-467I17.1",0.855773895542006
"IPO9-AS1","IPO9-AS1",0.855747691982792
"RP11-327F22.1","RP11-327F22.1",0.855729099984076
"RP11-103J17.1","RP11-103J17.1",0.855726924974724
"AC159540.1","AC159540.1",0.855720769295599
"LINC00551","LINC00551",0.855696642342873
"RP11-205M3.3","RP11-205M3.3",0.855496514082271
"RP11-397O8.7","RP11-397O8.7",0.855496305969921
"LINC00844","LINC00844",0.855362801232547
"LINC-ROR","LINC-ROR",0.855332901306645
"AC062028.1","AC062028.1",0.855282864893431
"RP11-264I13.2","RP11-264I13.2",0.85521309482724
"RP5-1056L3.1","RP5-1056L3.1",0.855135012128073
"RP11-404J23.1","RP11-404J23.1",0.85513368956212
"CTD-2288F12.1","CTD-2288F12.1",0.855116908319419
"RP11-426C22.6","RP11-426C22.6",0.8550353699854
"RP11-158M2.2","RP11-158M2.2",0.854874061428176
"LINC00879","LINC00879",0.854859540337575
"RP11-123O10.3","RP11-123O10.3",0.854855610168756
"C12orf77","C12orf77",0.85481276712197
"AC096669.2","AC096669.2",0.854783677091007
"RP11-469N6.1","RP11-469N6.1",0.854764998502666
"RP11-388C12.5","RP11-388C12.5",0.854698984639551
"SMARCA5-AS1","SMARCA5-AS1",0.854698068575316
"RP3-331H24.5","RP3-331H24.5",0.854686569218532
"RP11-346J10.1","RP11-346J10.1",0.854674352072044
"CTD-2176I21.2","CTD-2176I21.2",0.854665987439085
"AC108004.3","AC108004.3",0.854639792193127
"AC005329.7","AC005329.7",0.854628604551345
"AC013264.2","AC013264.2",0.85450197438554
"RP11-618K13.2","RP11-618K13.2",0.854499817218424
"LINC01123","LINC01123",0.854478560895622
"RP11-252E2.1","RP11-252E2.1",0.854310431535141
"CTD-3157E16.2","CTD-3157E16.2",0.854297248552486
"AC020743.3","AC020743.3",0.854263030405863
"LINC00992","LINC00992",0.854248970770594
"MIR296","MIR296",0.854225638587644
"RP11-500G22.4","RP11-500G22.4",0.85421598554036
"RP11-473M20.9","RP11-473M20.9",0.854199110753974
"AF064858.6","AF064858.6",0.854195827893045
"RP11-128P17.3","RP11-128P17.3",0.854185863343485
"RP1-92O14.6","RP1-92O14.6",0.854140747125034
"LINC01497","LINC01497",0.854079954408299
"RP11-498C9.16","RP11-498C9.16",0.854028444216446
"RP11-718G2.5","RP11-718G2.5",0.853988907711857
"RP11-138H11.1","RP11-138H11.1",0.853815660210095
"MORC1-AS1","MORC1-AS1",0.853767014517455
"AC007405.4","AC007405.4",0.853744177846405
"LINC01080","LINC01080",0.853708378258112
"HAR1A","HAR1A",0.853618249211766
"RP11-358H12.1","RP11-358H12.1",0.853540514030636
"RP11-388P9.2","RP11-388P9.2",0.853509328463026
"LINC01115","LINC01115",0.853505190737744
"RP11-277B15.3","RP11-277B15.3",0.853462971530413
"RP11-379C10.1","RP11-379C10.1",0.853458138829852
"AC096669.1","AC096669.1",0.853383385657886
"CTA-747E2.10","CTA-747E2.10",0.853330152565459
"ID2-AS1","ID2-AS1",0.853325294165315
"ABCA9-AS1","ABCA9-AS1",0.853184980475694
"FAM95B1","FAM95B1",0.853176732237625
"RP11-61A14.4","RP11-61A14.4",0.853115425543277
"RP11-130C19.3","RP11-130C19.3",0.853066946442011
"RP1-149A16.3","RP1-149A16.3",0.853009980368063
"LINC01435","LINC01435",0.852937389901794
"CTB-147C22.9","CTB-147C22.9",0.852928042052732
"AC018643.4","AC018643.4",0.852879737437251
"AC009262.2","AC009262.2",0.852868250207883
"RP11-96B5.3","RP11-96B5.3",0.852693928749963
"RP11-16B13.1","RP11-16B13.1",0.852689292078258
"HORMAD2-AS1","HORMAD2-AS1",0.85263941827605
"LDLRAD4-AS1","LDLRAD4-AS1",0.852631109932547
"ADARB2-AS1","ADARB2-AS1",0.852446041918226
"RP4-734G22.3","RP4-734G22.3",0.852418181417621
"RP11-574H6.1","RP11-574H6.1",0.852352036586377
"RP11-433J8.1","RP11-433J8.1",0.85220155966517
"CTD-2162K18.4","CTD-2162K18.4",0.852185126282406
"RP11-90K17.2","RP11-90K17.2",0.85207981183104
"AC005592.1","AC005592.1",0.852036955637423
"RP11-626E13.1","RP11-626E13.1",0.851944656743987
"RP11-179K3.2","RP11-179K3.2",0.851903388944859
"LINC00498","LINC00498",0.851825340176349
"RP11-259P1.1","RP11-259P1.1",0.851811796868645
"RP1-86C11.7","RP1-86C11.7",0.851704725243141
"RP4-534N18.2","RP4-534N18.2",0.851666035416685
"CTB-58E17.9","CTB-58E17.9",0.851628988775541
"AC113610.1","AC113610.1",0.851607684667243
"RP11-321M21.3","RP11-321M21.3",0.851493612804853
"RP11-503D12.1","RP11-503D12.1",0.851434303735588
"MIR34A","MIR34A",0.851342906996312
"RP11-202D18.2","RP11-202D18.2",0.85133664052619
"RP11-145A3.1","RP11-145A3.1",0.851272747954881
"RP11-69E11.8","RP11-69E11.8",0.851236770293641
"NLGN1-AS1","NLGN1-AS1",0.851233422711241
"RP11-24I21.1","RP11-24I21.1",0.85116236168536
"RP11-575H3.1","RP11-575H3.1",0.851114957668014
"RP11-462B18.2","RP11-462B18.2",0.85104823373149
"RP3-449M8.9","RP3-449M8.9",0.850948423042088
"CTC-548K16.1","CTC-548K16.1",0.850800935226069
"RP11-519G16.5","RP11-519G16.5",0.850742417730483
"RP11-115C10.1","RP11-115C10.1",0.850737853690429
"LINC01219","LINC01219",0.850694524034813
"RP11-452H21.1","RP11-452H21.1",0.850680282927791
"RP11-771K4.1","RP11-771K4.1",0.850614697653825
"RP11-749H20.1","RP11-749H20.1",0.850612096071866
"PTCHD1-AS","PTCHD1-AS",0.85055318515372
"WWC2-AS1","WWC2-AS1",0.850540891684006
"RP11-473M20.16","RP11-473M20.16",0.850509633246537
"CTD-2517O10.6","CTD-2517O10.6",0.850479064613437
"LINC00508","LINC00508",0.850410383221651
"RP11-325K19.1","RP11-325K19.1",0.850390445613179
"CTD-2184C24.2","CTD-2184C24.2",0.850385166922482
"RP11-272K23.3","RP11-272K23.3",0.850384402193274
"MIMT1","MIMT1",0.850341420369919
"AP000253.1","AP000253.1",0.850336682292756
"AC011524.1","AC011524.1",0.850319192809336
"RP11-212D3.4","RP11-212D3.4",0.850318384941795
"CTB-133G6.2","CTB-133G6.2",0.850253460041854
"RP11-390E23.3","RP11-390E23.3",0.85024775790118
"RP11-356N1.2","RP11-356N1.2",0.850235122540254
"FGF10-AS1","FGF10-AS1",0.850197023131498
"AC005307.4","AC005307.4",0.850192145165276
"RP11-1263C18.1","RP11-1263C18.1",0.850137588445665
"RP11-506K6.4","RP11-506K6.4",0.850125766963292
"PHACTR2-AS1","PHACTR2-AS1",0.850077588928879
"RP11-628E19.2","RP11-628E19.2",0.849976621190763
"RP11-15I11.2","RP11-15I11.2",0.849955963293193
"ZNF252P-AS1","ZNF252P-AS1",0.849937745565285
"CTD-3187F8.2","CTD-3187F8.2",0.849893592905245
"RP4-657D16.6","RP4-657D16.6",0.849863613433975
"LINC01282","LINC01282",0.84983091469846
"RP11-496N12.9","RP11-496N12.9",0.849829275862883
"CTB-179K24.3","CTB-179K24.3",0.849739104448171
"RP11-412H8.2","RP11-412H8.2",0.849723834783722
"RP11-557H15.3","RP11-557H15.3",0.849695137863126
"RP11-425A6.5","RP11-425A6.5",0.849672711834209
"CTC-472C24.1","CTC-472C24.1",0.849632531789633
"XX-C2158C6.3","XX-C2158C6.3",0.849593852641194
"RP11-310H4.1","RP11-310H4.1",0.849589583440045
"AC144831.3","AC144831.3",0.849588174697071
"RP11-638I2.6","RP11-638I2.6",0.849562898138189
"BVES-AS1","BVES-AS1",0.849557934158188
"RP11-574K11.8","RP11-574K11.8",0.84955141358535
"MIR2052HG","MIR2052HG",0.849514488620242
"HCP5B","HCP5B",0.849506657692258
"RP13-580F15.2","RP13-580F15.2",0.849474946316497
"RP11-727F15.11","RP11-727F15.11",0.849417582729763
"RP11-335O4.3","RP11-335O4.3",0.849411347218646
"FOXG1-AS1","FOXG1-AS1",0.849407753409177
"RP11-220C2.1","RP11-220C2.1",0.849375680040227
"CTB-49A3.2","CTB-49A3.2",0.849349623143233
"SYNPR-AS1","SYNPR-AS1",0.849126480831141
"LINC00613","LINC00613",0.849061984994059
"RP11-7F17.5","RP11-7F17.5",0.849030264610128
"RP11-945A11.1","RP11-945A11.1",0.84898801964602
"AC064834.2","AC064834.2",0.848976162617396
"LINC01320","LINC01320",0.848946624164098
"RP11-486A14.2","RP11-486A14.2",0.848930584188689
"RP11-863K10.7","RP11-863K10.7",0.848814915049713
"RP11-307L3.4","RP11-307L3.4",0.848807428314367
"LINC01018","LINC01018",0.848798071522417
"RP11-546K22.2","RP11-546K22.2",0.848780869692106
"CTD-3224K15.2","CTD-3224K15.2",0.848780803620043
"AC090505.6","AC090505.6",0.848772278835385
"LINC00908","LINC00908",0.848743085182132
"RP5-881P19.7","RP5-881P19.7",0.848741316187466
"LINC00324","LINC00324",0.848681760078259
"KB-1836B5.4","KB-1836B5.4",0.848652016454102
"RP11-678G14.3","RP11-678G14.3",0.848649178749388
"RP11-337N6.2","RP11-337N6.2",0.848593318937141
"RP11-635L1.3","RP11-635L1.3",0.848487233834422
"KCNMB2-AS1","KCNMB2-AS1",0.848471844914588
"AC007308.7","AC007308.7",0.84837191075409
"RP11-295D22.1","RP11-295D22.1",0.848364583910018
"RP11-401P9.6","RP11-401P9.6",0.848346116422658
"RP11-191N8.2","RP11-191N8.2",0.848308304911851
"RP11-41O4.2","RP11-41O4.2",0.848303069878454
"RP11-35J10.5","RP11-35J10.5",0.848224956979874
"CTD-2292M14.1","CTD-2292M14.1",0.848224517237072
"RP11-61J19.3","RP11-61J19.3",0.848214779630646
"RP11-287F9.2","RP11-287F9.2",0.8481729777065
"AC124944.5","AC124944.5",0.848169005814614
"RP11-835E18.5","RP11-835E18.5",0.848143157584571
"AD001527.7","AD001527.7",0.848136241364315
"RP11-167N5.5","RP11-167N5.5",0.848135622121436
"RP11-362A1.1","RP11-362A1.1",0.848034034054365
"RP11-188C12.3","RP11-188C12.3",0.84803005974387
"AC068831.15","AC068831.15",0.848013713410519
"RP11-377G16.2","RP11-377G16.2",0.848000041023965
"CTD-2527I21.15","CTD-2527I21.15",0.847889320453214
"PWRN4","PWRN4",0.847875131680442
"RP11-105N14.2","RP11-105N14.2",0.847796371121758
"RP11-534L6.2","RP11-534L6.2",0.847793797798998
"RP11-881L2.1","RP11-881L2.1",0.847746850870163
"AC093390.1","AC093390.1",0.847744513418957
"RP11-734K23.9","RP11-734K23.9",0.847743926199246
"CTD-2196P11.2","CTD-2196P11.2",0.847628469657031
"RP11-442O1.3","RP11-442O1.3",0.84760036836978
"RP11-321E8.4","RP11-321E8.4",0.847576756460128
"RP11-1096G20.5","RP11-1096G20.5",0.847572132951503
"RP11-82L20.1","RP11-82L20.1",0.847569988202303
"RP11-343K8.3","RP11-343K8.3",0.847541949098395
"AC010894.3","AC010894.3",0.84753068752148
"CTD-3076O17.1","CTD-3076O17.1",0.847501994299216
"RP11-6N17.2","RP11-6N17.2",0.847473174860561
"RP5-1198O20.4","RP5-1198O20.4",0.847462553382183
"MFI2-AS1","MFI2-AS1",0.847447888669501
"HIF1A-AS1","HIF1A-AS1",0.847423025482826
"RP11-110L15.2","RP11-110L15.2",0.847392121017323
"AC002056.5","AC002056.5",0.847385291067446
"CTD-2035E11.5","CTD-2035E11.5",0.847371695655005
"RP11-575F12.3","RP11-575F12.3",0.847348210928986
"AF121898.3","AF121898.3",0.847341955701627
"RP11-728E14.3","RP11-728E14.3",0.84726449886033
"LINC01533","LINC01533",0.847213433810699
"DBH-AS1","DBH-AS1",0.847157818162988
"LINC01215","LINC01215",0.847112995068092
"CTC-265F19.3","CTC-265F19.3",0.84697505956406
"RP11-538D16.2","RP11-538D16.2",0.846907066884892
"RP11-290L1.2","RP11-290L1.2",0.846883421431738
"RP5-1102E8.3","RP5-1102E8.3",0.8468292362961
"HHATL-AS1","HHATL-AS1",0.846808702892512
"RP11-723D22.3","RP11-723D22.3",0.846765908823642
"SLC14A2-AS1","SLC14A2-AS1",0.84675933585943
"RP11-38L15.8","RP11-38L15.8",0.84661978134016
"RP11-923I11.5","RP11-923I11.5",0.846616639989473
"CTB-167B5.1","CTB-167B5.1",0.846600534853392
"CYP4F26P","CYP4F26P",0.846526830635327
"RP11-74E22.5","RP11-74E22.5",0.846462666073529
"RP13-631K18.3","RP13-631K18.3",0.846446942152299
"AC096669.3","AC096669.3",0.846302767571263
"CTA-363E6.7","CTA-363E6.7",0.846207085885322
"RP11-857B24.5","RP11-857B24.5",0.846192530431177
"AP000320.6","AP000320.6",0.846182880419935
"RP11-575L7.4","RP11-575L7.4",0.846175129309134
"AC004540.4","AC004540.4",0.846154771590857
"MRVI1-AS1","MRVI1-AS1",0.846145880031278
"AC147651.1","AC147651.1",0.846117277562928
"RP11-177J6.1","RP11-177J6.1",0.84610421075308
"RP11-6E9.5","RP11-6E9.5",0.846104157361303
"RP11-1072A3.4","RP11-1072A3.4",0.845886333963967
"RP11-218E20.2","RP11-218E20.2",0.845826106730042
"RP1-149A16.17","RP1-149A16.17",0.845824424787556
"HAR1B","HAR1B",0.845818726067181
"CTD-3051D23.4","CTD-3051D23.4",0.84579092993295
"RP11-379C10.4","RP11-379C10.4",0.845717456998982
"CTD-2396E7.10","CTD-2396E7.10",0.84568154792137
"RP11-180M15.6","RP11-180M15.6",0.845501901675593
"ARAP1-AS2","ARAP1-AS2",0.845491760898518
"CTC-248O19.1","CTC-248O19.1",0.845466247926717
"CTC-563A5.2","CTC-563A5.2",0.845364644688593
"CTD-2619J13.9","CTD-2619J13.9",0.845342743389059
"RP11-126K1.2","RP11-126K1.2",0.845335483368487
"RP11-101E14.3","RP11-101E14.3",0.845327202187897
"LINC00683","LINC00683",0.845321110896565
"RP11-735B13.2","RP11-735B13.2",0.845305272436007
"RP11-302M6.5","RP11-302M6.5",0.845293664847577
"CTD-2562J17.4","CTD-2562J17.4",0.845260634466348
"RP11-793J2.1","RP11-793J2.1",0.845258066895411
"RP11-496D24.2","RP11-496D24.2",0.845228027294251
"CTD-2142D14.1","CTD-2142D14.1",0.845181126655742
"LINC01538","LINC01538",0.845173552834831
"CTA-407F11.8","CTA-407F11.8",0.845151028932174
"RP11-180P8.1","RP11-180P8.1",0.845148889953449
"CTD-2126E3.4","CTD-2126E3.4",0.845133816890828
"RP11-108K14.12","RP11-108K14.12",0.84511935736428
"C3orf79","C3orf79",0.845086612218569
"RP11-567L7.5","RP11-567L7.5",0.845032819016716
"RP11-19O2.2","RP11-19O2.2",0.845010443958617
"RP11-753C18.12","RP11-753C18.12",0.845009953605289
"CTD-3149D2.4","CTD-3149D2.4",0.84496467913139
"RP11-219A15.2","RP11-219A15.2",0.844958622391263
"AC073133.2","AC073133.2",0.844958601466007
"AC009518.4","AC009518.4",0.844918941137337
"WI2-85898F10.1","WI2-85898F10.1",0.844918259168902
"LINC00891","LINC00891",0.844888795428002
"RP4-545C24.1","RP4-545C24.1",0.844888103659504
"CTD-2145A24.4","CTD-2145A24.4",0.84476750322235
"CCDC183-AS1","CCDC183-AS1",0.844749257881088
"RP11-263E1.1","RP11-263E1.1",0.84474477028274
"RP5-1177I5.3","RP5-1177I5.3",0.844710148076586
"RP11-256I23.1","RP11-256I23.1",0.844680158638967
"RP11-561O23.5","RP11-561O23.5",0.84467552555726
"RP11-140A10.3","RP11-140A10.3",0.844609384788338
"RP11-109E12.5","RP11-109E12.5",0.844270620179477
"RP11-74K11.2","RP11-74K11.2",0.844257384897841
"RP11-733D4.1","RP11-733D4.1",0.844203210160197
"RP11-51M24.1","RP11-51M24.1",0.844182625629568
"RP11-217B1.2","RP11-217B1.2",0.844155106517089
"RP11-281A20.1","RP11-281A20.1",0.844113897572246
"OVCH1-AS1","OVCH1-AS1",0.844084144390278
"RP5-896L10.1","RP5-896L10.1",0.843995916684061
"AC018799.1","AC018799.1",0.843959050382585
"CTC-543D15.3","CTC-543D15.3",0.843944967386892
"CTD-2588J6.2","CTD-2588J6.2",0.843901784563395
"RP11-680F20.10","RP11-680F20.10",0.84374615636718
"RP11-352D13.5","RP11-352D13.5",0.843732009847823
"HNF4A-AS1","HNF4A-AS1",0.843682554845379
"RP11-269G24.4","RP11-269G24.4",0.843626329053967
"RP5-1142A6.8","RP5-1142A6.8",0.843597680797529
"DDX39B-AS1","DDX39B-AS1",0.843462002749613
"RP5-855F16.1","RP5-855F16.1",0.843450154335084
"LINC01344","LINC01344",0.8434420051472
"RP5-1042K10.10","RP5-1042K10.10",0.84337049512186
"RP11-162D9.3","RP11-162D9.3",0.843354054265361
"MEG8","MEG8",0.843347052606712
"RP11-282I1.2","RP11-282I1.2",0.843280508599023
"AC004603.4","AC004603.4",0.8432586197967
"RP11-196H14.4","RP11-196H14.4",0.843223083915545
"LINC01122","LINC01122",0.843215631747574
"CTC-360P9.4","CTC-360P9.4",0.843193002331944
"AC073325.1","AC073325.1",0.843130231985807
"CTC-558O2.2","CTC-558O2.2",0.843125668878958
"LINC01197","LINC01197",0.843001473303433
"CTC-479C5.10","CTC-479C5.10",0.842945460795432
"LINC00092","LINC00092",0.842931395141363
"RP11-29B9.1","RP11-29B9.1",0.842921083266907
"RP11-881M11.8","RP11-881M11.8",0.842879556856316
"RP11-653B10.1","RP11-653B10.1",0.842767735232133
"LINC01510","LINC01510",0.842641307764261
"RP11-669I1.1","RP11-669I1.1",0.842638186856579
"RP11-420L9.5","RP11-420L9.5",0.842585923205709
"AP000281.2","AP000281.2",0.842569800972704
"RP11-367F23.1","RP11-367F23.1",0.842567309800597
"RP11-863P13.4","RP11-863P13.4",0.8425452968225
"RP11-543H12.1","RP11-543H12.1",0.842512684577746
"AC073842.19","AC073842.19",0.842494795946142
"AC008592.7","AC008592.7",0.842395605466137
"RP11-111H3.3","RP11-111H3.3",0.842371781395764
"RP11-797M17.1","RP11-797M17.1",0.842318461819301
"RP5-855F14.2","RP5-855F14.2",0.842317107830876
"RP11-49I11.1","RP11-49I11.1",0.842279278750214
"RP5-984P4.6","RP5-984P4.6",0.842263274545877
"RP11-546M21.6","RP11-546M21.6",0.842205436349955
"RP11-286N22.10","RP11-286N22.10",0.84217194144568
"RP11-737O24.1","RP11-737O24.1",0.842125517397986
"RP11-181B11.2","RP11-181B11.2",0.842114263269065
"CTC-448D22.1","CTC-448D22.1",0.842091153748696
"RP11-342K6.4","RP11-342K6.4",0.842065335318322
"LINC01570","LINC01570",0.842024059782874
"RP11-788H18.1","RP11-788H18.1",0.842007650280807
"RP1-153P14.5","RP1-153P14.5",0.842004994862844
"ABALON","ABALON",0.841990059055131
"AC002128.5","AC002128.5",0.841928340827018
"RP11-576D8.4","RP11-576D8.4",0.841869013491658
"CTD-3035K23.6","CTD-3035K23.6",0.841827313795874
"RP5-1057I20.5","RP5-1057I20.5",0.841769085803158
"CTD-2341M24.1","CTD-2341M24.1",0.841762654863984
"AC027119.1","AC027119.1",0.841723118837663
"AC013402.5","AC013402.5",0.841681264188084
"RP4-724E16.2","RP4-724E16.2",0.841629096024967
"LINC00565","LINC00565",0.841582956947149
"RP11-219G17.4","RP11-219G17.4",0.841531454657865
"AC004947.2","AC004947.2",0.841530883696599
"RP11-504P24.9","RP11-504P24.9",0.841497659977731
"RP11-39M21.2","RP11-39M21.2",0.84148763311728
"RP11-582E3.2","RP11-582E3.2",0.841483573933079
"RP11-3B7.1","RP11-3B7.1",0.84147590866729
"AC005355.1","AC005355.1",0.841429800580775
"RP11-47J17.2","RP11-47J17.2",0.841331828281276
"GHET1","GHET1",0.841165052504938
"RP11-556H2.4","RP11-556H2.4",0.841160279760027
"RP11-484P15.1","RP11-484P15.1",0.841039732386328
"RP11-73M7.6","RP11-73M7.6",0.840665075566938
"PLA2G4C-AS1","PLA2G4C-AS1",0.840605809950845
"RP11-830F9.6","RP11-830F9.6",0.840493215108033
"RP11-290H9.5","RP11-290H9.5",0.840489010418272
"RP11-476H24.1","RP11-476H24.1",0.840425828324031
"CTD-2330K9.3","CTD-2330K9.3",0.840357766550611
"RP11-538C21.2","RP11-538C21.2",0.840321951309717
"RP11-33O4.1","RP11-33O4.1",0.840302641795518
"RP11-455P21.3","RP11-455P21.3",0.840228885909099
"RP11-390P2.4","RP11-390P2.4",0.84022493288346
"RP11-329B9.1","RP11-329B9.1",0.840221103037005
"AC012593.1","AC012593.1",0.840199173530262
"RP11-567N4.2","RP11-567N4.2",0.840197235399924
"RP3-467N11.1","RP3-467N11.1",0.84001811597109
"RP11-134L10.1","RP11-134L10.1",0.840002282681237
"RP4-686C3.7","RP4-686C3.7",0.839997870822985
"RP4-697K14.15","RP4-697K14.15",0.839990122105236
"AC093381.2","AC093381.2",0.839913188700664
"RP11-406A9.2","RP11-406A9.2",0.839899354961512
"AC015849.16","AC015849.16",0.839871205230263
"B3GALT5-AS1","B3GALT5-AS1",0.839850698618753
"MCM8-AS1","MCM8-AS1",0.839811620950054
"RP4-671O14.7","RP4-671O14.7",0.839768848219976
"RP11-34D15.2","RP11-34D15.2",0.839749743011808
"LINC01208","LINC01208",0.839724695515369
"RP11-488I20.8","RP11-488I20.8",0.839630607829109
"RP11-796E2.4","RP11-796E2.4",0.839624403036288
"RP11-103H7.1","RP11-103H7.1",0.839619461682084
"CTD-2213F21.3","CTD-2213F21.3",0.839512507132117
"AC092675.3","AC092675.3",0.839429405437509
"LINC00471","LINC00471",0.839428842715575
"MIR381HG","MIR381HG",0.83940646886865
"AC004471.9","AC004471.9",0.839365855266681
"RP11-459C13.1","RP11-459C13.1",0.839332409549887
"AC016738.3","AC016738.3",0.839321643799743
"RP11-97E7.2","RP11-97E7.2",0.839280757732727
"RP11-443B7.1","RP11-443B7.1",0.83927555312015
"RP11-339B21.13","RP11-339B21.13",0.839267604816217
"RP11-16C18.3","RP11-16C18.3",0.839249226651295
"RP11-365H22.2","RP11-365H22.2",0.83923077947777
"GRM7-AS3","GRM7-AS3",0.839229630798543
"RP11-236B18.5","RP11-236B18.5",0.839176106089254
"LINC00640","LINC00640",0.839170980229194
"LINC00934","LINC00934",0.839102262166938
"RP11-141J13.5","RP11-141J13.5",0.839097249098433
"RP11-700H6.1","RP11-700H6.1",0.839005160875297
"LINC01440","LINC01440",0.838989189219645
"AP002856.7","AP002856.7",0.838978433435458
"RP11-30K9.5","RP11-30K9.5",0.838893453845452
"SEPT4-AS1","SEPT4-AS1",0.838753882709316
"RP11-404I7.1","RP11-404I7.1",0.838662870264186
"AC004862.6","AC004862.6",0.838660085304834
"AL133249.1","AL133249.1",0.838635578903988
"RP11-5O24.1","RP11-5O24.1",0.838533379092741
"RP11-945C19.4","RP11-945C19.4",0.838513699973188
"RP11-317P15.4","RP11-317P15.4",0.838470469196693
"RP11-806H10.4","RP11-806H10.4",0.838359002642579
"LINC01201","LINC01201",0.838346481881169
"RP11-437J2.4","RP11-437J2.4",0.838311253453841
"UBXN7-AS1","UBXN7-AS1",0.838260688062088
"LGALS8-AS1","LGALS8-AS1",0.838248050674072
"AC006262.5","AC006262.5",0.838234729732889
"AC023469.1","AC023469.1",0.838232086964448
"RP11-177B4.2","RP11-177B4.2",0.838098209387531
"RP11-465L10.10","RP11-465L10.10",0.838080971463413
"LINC00351","LINC00351",0.838058793259573
"RP5-906C1.1","RP5-906C1.1",0.838021101946088
"KB-1410C5.3","KB-1410C5.3",0.838018090829748
"PKNOX2-AS1","PKNOX2-AS1",0.837981079313093
"ADORA2A-AS1","ADORA2A-AS1",0.837895802128803
"C21orf91-OT1","C21orf91-OT1",0.837778163137794
"RP11-1348G14.8","RP11-1348G14.8",0.837657606835862
"RP11-637A17.2","RP11-637A17.2",0.837656930916054
"RP11-407N17.5","RP11-407N17.5",0.837648111766078
"RP11-561B11.6","RP11-561B11.6",0.837603181618649
"RASGRF2-AS1","RASGRF2-AS1",0.83757391945017
"RP11-418I22.2","RP11-418I22.2",0.837547885742243
"CTC-207P7.1","CTC-207P7.1",0.837517741177539
"RP11-384P7.7","RP11-384P7.7",0.837449580964961
"RP5-856G1.2","RP5-856G1.2",0.837380025155579
"RP11-190D6.2","RP11-190D6.2",0.837307755888914
"RP5-1024G6.7","RP5-1024G6.7",0.837257227090277
"RP11-375A5.1","RP11-375A5.1",0.836933559647252
"RP11-1094H24.4","RP11-1094H24.4",0.836889980356375
"RP11-80B9.1","RP11-80B9.1",0.836834303100916
"RP11-281O15.8","RP11-281O15.8",0.836828437748754
"RP11-463J7.2","RP11-463J7.2",0.836816451489445
"ATP11A-AS1","ATP11A-AS1",0.836777450438614
"AC002401.1","AC002401.1",0.836736119943108
"AC022154.7","AC022154.7",0.836690818598991
"CTD-2154I11.2","CTD-2154I11.2",0.836656477880376
"CTD-2020K17.1","CTD-2020K17.1",0.83661205333858
"RP1-65P5.5","RP1-65P5.5",0.836596011806564
"RP11-346D14.1","RP11-346D14.1",0.836527927446889
"RP11-742B18.1","RP11-742B18.1",0.836394810660702
"LINC01012","LINC01012",0.836377204736592
"CTD-2541J13.1","CTD-2541J13.1",0.836251526387446
"PYCARD-AS1","PYCARD-AS1",0.836228346685137
"RP11-396C23.2","RP11-396C23.2",0.836210225857136
"TARID","TARID",0.836183847895403
"RP11-754N21.1","RP11-754N21.1",0.836119323430536
"RP11-862L9.3","RP11-862L9.3",0.836082695460907
"RP11-346L1.2","RP11-346L1.2",0.836078168043442
"CTD-2555C10.3","CTD-2555C10.3",0.83600398071268
"AC008079.10","AC008079.10",0.835965343654328
"RP11-63M22.2","RP11-63M22.2",0.835952252255102
"RP11-249M12.2","RP11-249M12.2",0.835951429451354
"RP11-64P14.7","RP11-64P14.7",0.835873825155911
"AC093818.1","AC093818.1",0.83570504630014
"RP11-242P2.2","RP11-242P2.2",0.835686930087819
"RP11-255P5.2","RP11-255P5.2",0.835670530356418
"RP11-982M15.8","RP11-982M15.8",0.835575319329066
"CTD-3220F14.3","CTD-3220F14.3",0.835513917314517
"U91328.19","U91328.19",0.835479496613097
"RP11-436F23.1","RP11-436F23.1",0.835445962510747
"AC003084.2","AC003084.2",0.835417156222195
"RP11-113D6.6","RP11-113D6.6",0.8353864458182
"RP11-459O16.8","RP11-459O16.8",0.835311438063678
"AP003774.1","AP003774.1",0.835311184945902
"RP13-977J11.2","RP13-977J11.2",0.835310816568043
"RP11-484K9.4","RP11-484K9.4",0.835267301472277
"RP11-159L20.2","RP11-159L20.2",0.835254067701162
"RP1-224A6.9","RP1-224A6.9",0.835248173085493
"RP11-728K20.3","RP11-728K20.3",0.835217879206315
"RP11-358N2.2","RP11-358N2.2",0.835215216245695
"RP11-6E9.4","RP11-6E9.4",0.835170400720633
"CTD-3224K15.3","CTD-3224K15.3",0.83508669909642
"RP11-16N2.1","RP11-16N2.1",0.835039907861323
"CTD-2336O2.3","CTD-2336O2.3",0.835020154553223
"PCA3","PCA3",0.834987185947668
"RP11-122K13.7","RP11-122K13.7",0.834962409042924
"RP11-96C21.2","RP11-96C21.2",0.834949697494849
"LINC00229","LINC00229",0.834896823261874
"RP11-446F17.3","RP11-446F17.3",0.834889966330547
"RP11-85B7.2","RP11-85B7.2",0.834860773438143
"CTC-429P9.1","CTC-429P9.1",0.834853254011678
"RP5-1057I20.4","RP5-1057I20.4",0.834843062231883
"RP5-1116H23.4","RP5-1116H23.4",0.834839918946926
"MIR4432HG","MIR4432HG",0.834793685761681
"SRGAP3-AS3","SRGAP3-AS3",0.834754278450752
"RP11-481J13.1","RP11-481J13.1",0.834750948262906
"RP11-179B15.5","RP11-179B15.5",0.834750322941171
"CTD-3032J10.2","CTD-3032J10.2",0.834715362352033
"RP11-709D24.6","RP11-709D24.6",0.834606467135447
"RP11-897M7.4","RP11-897M7.4",0.834576816523168
"FAM53B-AS1","FAM53B-AS1",0.834559225477284
"RP13-650J16.1","RP13-650J16.1",0.834531761324407
"RP11-195B17.1","RP11-195B17.1",0.834417219190653
"KB-1471A8.1","KB-1471A8.1",0.834404650802747
"RP11-455O6.8","RP11-455O6.8",0.834337145451461
"RP11-403P17.6","RP11-403P17.6",0.834293078725072
"RP11-452H21.4","RP11-452H21.4",0.834288143265976
"RP11-598F7.3","RP11-598F7.3",0.834243145148088
"RP11-1109F11.3","RP11-1109F11.3",0.834198633823763
"RP11-220I1.2","RP11-220I1.2",0.834155113642983
"RP11-572O6.1","RP11-572O6.1",0.834071784437442
"CTD-2243E23.1","CTD-2243E23.1",0.834001631506025
"FLNB-AS1","FLNB-AS1",0.83385142997925
"RP3-428L16.1","RP3-428L16.1",0.83383380093002
"RP11-481J2.3","RP11-481J2.3",0.833773419223237
"RP11-98G7.1","RP11-98G7.1",0.8337705928661
"AP001059.7","AP001059.7",0.833748458560872
"CTD-2561B21.5","CTD-2561B21.5",0.833740206032799
"CTD-2195M15.3","CTD-2195M15.3",0.833680101005544
"DOCK9-AS2","DOCK9-AS2",0.833648348157149
"LINC01284","LINC01284",0.833553041039753
"RP11-221N13.4","RP11-221N13.4",0.833507535210836
"LINC01393","LINC01393",0.833484120159537
"RP11-661A12.12","RP11-661A12.12",0.833464425968821
"RP11-617D20.2","RP11-617D20.2",0.833456658782036
"RP11-157F20.3","RP11-157F20.3",0.833442404768262
"RP11-785H20.1","RP11-785H20.1",0.833356443556442
"bP-2171C21.3","bP-2171C21.3",0.833276100696113
"RP11-359E10.1","RP11-359E10.1",0.833235718714526
"RP11-769O8.2","RP11-769O8.2",0.833206781083389
"CTD-2036P10.5","CTD-2036P10.5",0.833169377647793
"CTD-2008A1.3","CTD-2008A1.3",0.83316665351364
"C15orf59-AS1","C15orf59-AS1",0.833133819902359
"RP11-736N17.10","RP11-736N17.10",0.833081775812605
"AC007126.1","AC007126.1",0.83303581621965
"SIRPG-AS1","SIRPG-AS1",0.833015870841225
"RP11-545M17.1","RP11-545M17.1",0.832977405767342
"TEX26-AS1","TEX26-AS1",0.832943545271279
"AC022201.4","AC022201.4",0.832888748806921
"RP11-724N1.1","RP11-724N1.1",0.832883409872282
"RP11-486M23.2","RP11-486M23.2",0.832880791417419
"LINC01351","LINC01351",0.832819846922596
"RP11-18H21.3","RP11-18H21.3",0.832817864867802
"AC012442.6","AC012442.6",0.832796930686046
"RP4-553F17.1","RP4-553F17.1",0.832784826979966
"CTD-3128G10.6","CTD-3128G10.6",0.832766200434009
"LINCR-0001","LINCR-0001",0.832626059832945
"CTD-2623N2.11","CTD-2623N2.11",0.83248356030655
"CTD-2026K11.6","CTD-2026K11.6",0.832446965970283
"AC093110.3","AC093110.3",0.832404716753116
"AC011288.2","AC011288.2",0.832365152143337
"RP11-166B2.7","RP11-166B2.7",0.832362062743696
"RP3-521E19.2","RP3-521E19.2",0.832334833432447
"RP11-662J14.2","RP11-662J14.2",0.832209475125322
"RP11-473O4.4","RP11-473O4.4",0.832183008110217
"RP11-452K12.7","RP11-452K12.7",0.832138339896018
"RP5-837M10.4","RP5-837M10.4",0.832077395228787
"AC007950.2","AC007950.2",0.832042293732139
"RP11-240M16.1","RP11-240M16.1",0.832035952982671
"CTD-2020K17.3","CTD-2020K17.3",0.832031838148402
"RP11-385E5.5","RP11-385E5.5",0.832020385150361
"AC093627.7","AC093627.7",0.832017290097335
"AC104777.1","AC104777.1",0.831961091390456
"RP11-703G6.1","RP11-703G6.1",0.831949657591307
"CTD-2525I3.2","CTD-2525I3.2",0.831936915619758
"RP11-109G23.3","RP11-109G23.3",0.831921566484959
"RP11-96K19.2","RP11-96K19.2",0.831827756890953
"RP11-562A8.5","RP11-562A8.5",0.831792470523354
"RP11-843A23.1","RP11-843A23.1",0.831782564947325
"RP11-329E24.6","RP11-329E24.6",0.831774114468229
"RP11-29H23.4","RP11-29H23.4",0.831754958942002
"CTB-180A7.3","CTB-180A7.3",0.83173808138146
"RP11-789C1.2","RP11-789C1.2",0.831674237782449
"AC018832.1","AC018832.1",0.831646871745673
"AFDN-AS1","AFDN-AS1",0.831561775814592
"LINC00939","LINC00939",0.831559644102883
"LA16c-60D12.2","LA16c-60D12.2",0.831549982684094
"RP11-320G10.1","RP11-320G10.1",0.831539129379554
"LINC00937","LINC00937",0.831356971633453
"RP4-764O22.1","RP4-764O22.1",0.831300742964084
"RP11-1060J15.9","RP11-1060J15.9",0.831300019499174
"CTD-2256P15.2","CTD-2256P15.2",0.831187166587039
"LINC01243","LINC01243",0.831116172548753
"RP11-669E14.4","RP11-669E14.4",0.831069890328203
"RP11-778D9.13","RP11-778D9.13",0.831033793615328
"RP11-315L6.1","RP11-315L6.1",0.830917962969848
"RP11-456K23.1","RP11-456K23.1",0.830887655487205
"AC012314.8","AC012314.8",0.830886138158117
"RP1-122P22.4","RP1-122P22.4",0.830878241926703
"RP11-805F19.1","RP11-805F19.1",0.830792179998275
"RP11-438L19.1","RP11-438L19.1",0.830722214260777
"RP11-982M15.2","RP11-982M15.2",0.830693986764208
"AC010105.1","AC010105.1",0.830641821503665
"GRM5-AS1","GRM5-AS1",0.830531365263252
"CTC-241F20.4","CTC-241F20.4",0.830445232181083
"RP11-13K12.1","RP11-13K12.1",0.830426292121371
"AC034228.3","AC034228.3",0.830367325781271
"NALCN-AS1","NALCN-AS1",0.830125505847194
"RP11-255M2.2","RP11-255M2.2",0.830076000863893
"U91328.22","U91328.22",0.830062049559084
"AP001469.5","AP001469.5",0.830039584710349
"RP11-728K20.2","RP11-728K20.2",0.829950517786289
"LINC00866","LINC00866",0.829932345948772
"LINC00870","LINC00870",0.829872433750464
"FAM27C","FAM27C",0.829853840542663
"MACC1-AS1","MACC1-AS1",0.829804310501917
"FOCAD-AS1","FOCAD-AS1",0.829796731566486
"RP11-3D4.4","RP11-3D4.4",0.8297570010835
"CTD-2619J13.19","CTD-2619J13.19",0.829753294450998
"RP11-625H11.2","RP11-625H11.2",0.829746770480597
"MEG9","MEG9",0.829734587943342
"RP11-124B13.1","RP11-124B13.1",0.829666950818729
"RP11-44M6.1","RP11-44M6.1",0.829604632444634
"LINC01620","LINC01620",0.829520476710473
"RP11-332J15.1","RP11-332J15.1",0.829445874024919
"BBOX1-AS1","BBOX1-AS1",0.829360073466305
"CTD-2587H24.5","CTD-2587H24.5",0.829306378723576
"RP11-92B11.3","RP11-92B11.3",0.829262146313869
"PRR29-AS1","PRR29-AS1",0.82925826061858
"CTD-2308B18.3","CTD-2308B18.3",0.829235636774125
"RP11-342M21.2","RP11-342M21.2",0.829226281009617
"RP11-439L18.1","RP11-439L18.1",0.829139933905237
"LINC01331","LINC01331",0.829131666939508
"RP11-354P11.4","RP11-354P11.4",0.829078429716566
"RP11-362K2.2","RP11-362K2.2",0.829077054577191
"RP11-428O18.6","RP11-428O18.6",0.829012782511785
"RP11-76E12.1","RP11-76E12.1",0.828974039554646
"RP3-400B16.1","RP3-400B16.1",0.828927858189417
"C7orf65","C7orf65",0.828925171839935
"RP4-555D20.2","RP4-555D20.2",0.828858665146642
"RP3-500L14.2","RP3-500L14.2",0.828841747586849
"LINC00871","LINC00871",0.828783314300214
"RP5-860P4.2","RP5-860P4.2",0.828767185291036
"RP11-1152H15.1","RP11-1152H15.1",0.828756744392805
"AC006960.7","AC006960.7",0.828728683290556
"RP11-59H7.4","RP11-59H7.4",0.828660086292648
"CTD-2547G23.2","CTD-2547G23.2",0.828605038075232
"AC011239.1","AC011239.1",0.828556524792466
"TTC39A-AS1","TTC39A-AS1",0.828546278049023
"RP11-561I11.4","RP11-561I11.4",0.828525196321175
"RP5-828H9.1","RP5-828H9.1",0.828503648422764
"RP1-309F20.3","RP1-309F20.3",0.82845875544207
"RP11-148I19.1","RP11-148I19.1",0.828434075259448
"RP3-473B4.3","RP3-473B4.3",0.828384743303859
"RP5-1103G7.10","RP5-1103G7.10",0.828286251102293
"AC096574.5","AC096574.5",0.828240994401615
"KB-1205A7.2","KB-1205A7.2",0.82814669013858
"RP11-258O13.1","RP11-258O13.1",0.828140250920331
"RP11-1080G15.1","RP11-1080G15.1",0.828095531573838
"RP11-303E16.6","RP11-303E16.6",0.828073561221253
"LINC01433","LINC01433",0.828027105537966
"AC073283.4","AC073283.4",0.828021940983251
"CTB-176F20.3","CTB-176F20.3",0.828010788161336
"LINC01563","LINC01563",0.827922666797218
"RP11-432J24.2","RP11-432J24.2",0.827877421595416
"RP11-677M14.3","RP11-677M14.3",0.827807061375451
"RP11-324D17.1","RP11-324D17.1",0.827798436488212
"CRAT37","CRAT37",0.827731873689712
"LINC01214","LINC01214",0.827649389807904
"AC006946.15","AC006946.15",0.827575604544134
"RP11-820I16.1","RP11-820I16.1",0.82754223558743
"LINC00449","LINC00449",0.82753642365075
"RP11-879F14.1","RP11-879F14.1",0.827499358925202
"AC015849.2","AC015849.2",0.827450846386503
"RP11-306I1.2","RP11-306I1.2",0.827317555948336
"AC139100.3","AC139100.3",0.827298955785494
"KB-1930G5.4","KB-1930G5.4",0.827240621325419
"LPP-AS1","LPP-AS1",0.827218073419935
"LINC00520","LINC00520",0.827167002019911
"CTD-2013N17.4","CTD-2013N17.4",0.82716618678234
"RP11-703H8.9","RP11-703H8.9",0.827157194279491
"UXT-AS1","UXT-AS1",0.827122875693082
"AC073635.5","AC073635.5",0.827079943683362
"LINC01239","LINC01239",0.827075201584072
"LINC00581","LINC00581",0.827046868564531
"HLTF-AS1","HLTF-AS1",0.827005921875156
"RP11-478C1.7","RP11-478C1.7",0.826954499782139
"RP11-340A13.2","RP11-340A13.2",0.826924786658531
"RP11-599B13.7","RP11-599B13.7",0.826871597061946
"CTD-2600O9.2","CTD-2600O9.2",0.826849988189038
"CTC-251D13.1","CTC-251D13.1",0.826794365727005
"RP11-214N1.1","RP11-214N1.1",0.826765344781747
"RP11-458K10.1","RP11-458K10.1",0.826742879485197
"RP11-756H6.1","RP11-756H6.1",0.826730265570879
"RP11-363E6.4","RP11-363E6.4",0.826579391084068
"RP11-637O11.2","RP11-637O11.2",0.826426422030761
"CLDN10-AS1","CLDN10-AS1",0.8263907700716
"RP11-493L12.4","RP11-493L12.4",0.826363976255893
"RP11-243J18.2","RP11-243J18.2",0.826343949361744
"LLNLR-284B4.1","LLNLR-284B4.1",0.826319495966971
"RP1-167O22.1","RP1-167O22.1",0.826271573183664
"NLGN4Y-AS1","NLGN4Y-AS1",0.82626267552906
"RP11-849H4.4","RP11-849H4.4",0.826256951512952
"RP11-192H23.5","RP11-192H23.5",0.826242808857283
"RP11-1109F11.5","RP11-1109F11.5",0.826207638467589
"RP11-61L14.6","RP11-61L14.6",0.826100375501894
"CCDC148-AS1","CCDC148-AS1",0.826027928545053
"RP11-262K1.1","RP11-262K1.1",0.825770471088949
"CTC-756D1.2","CTC-756D1.2",0.825706188901543
"RP11-96O20.2","RP11-96O20.2",0.825658562699899
"CTB-35F21.4","CTB-35F21.4",0.825583355700926
"PLCE1-AS2","PLCE1-AS2",0.82557812896369
"CTC-281M20.1","CTC-281M20.1",0.825525859467025
"RP11-307C19.1","RP11-307C19.1",0.825488758109044
"LINC00853","LINC00853",0.825264746582833
"RP11-609L23.1","RP11-609L23.1",0.825260449581636
"RP11-289H16.1","RP11-289H16.1",0.825255049189493
"RP11-802O23.3","RP11-802O23.3",0.825222047289715
"LINC00392","LINC00392",0.825211437743713
"RP11-161H23.9","RP11-161H23.9",0.825207523957198
"LINC00448","LINC00448",0.825088237688683
"DLG1-AS1","DLG1-AS1",0.825057760108859
"RP11-642D21.2","RP11-642D21.2",0.825053578686534
"CTB-35F21.1","CTB-35F21.1",0.825028367745555
"CTD-2342J14.6","CTD-2342J14.6",0.825007250428087
"RP11-158M2.5","RP11-158M2.5",0.824992077572723
"PACRG-AS3","PACRG-AS3",0.824979703573835
"MYHAS","MYHAS",0.824970546854991
"RP11-362K14.6","RP11-362K14.6",0.824919271066548
"RP11-622C24.2","RP11-622C24.2",0.824822800838642
"RP11-95I16.4","RP11-95I16.4",0.824793693554338
"RP5-1024N4.2","RP5-1024N4.2",0.824780775417976
"WEE2-AS1","WEE2-AS1",0.824671790403181
"RP11-632L2.2","RP11-632L2.2",0.824671405687185
"RP11-621L6.3","RP11-621L6.3",0.824574869497559
"RP11-730K11.1","RP11-730K11.1",0.824555050836734
"AC092620.3","AC092620.3",0.824434669412994
"AP000470.2","AP000470.2",0.824336129165494
"RP11-686D16.1","RP11-686D16.1",0.824325798961367
"AC091729.7","AC091729.7",0.824283526255485
"RP11-718B12.2","RP11-718B12.2",0.824228190374905
"RP11-624C23.1","RP11-624C23.1",0.824200244927453
"RP11-391J2.3","RP11-391J2.3",0.824104357021699
"RP11-332J15.2","RP11-332J15.2",0.823958686922743
"CACNA1C-AS1","CACNA1C-AS1",0.823950612587678
"RP11-468E2.5","RP11-468E2.5",0.823929027707194
"RP11-706O15.1","RP11-706O15.1",0.823926060576463
"RP11-930O11.3","RP11-930O11.3",0.823902742259684
"AC073316.1","AC073316.1",0.823817295094443
"RP4-604K5.3","RP4-604K5.3",0.82379909517707
"CTD-2036P10.3","CTD-2036P10.3",0.823707046798422
"AC007193.6","AC007193.6",0.823622079401648
"RP11-977B10.2","RP11-977B10.2",0.823597453341183
"RP5-967N21.11","RP5-967N21.11",0.823564942710896
"CASC11","CASC11",0.823558749485385
"C20orf203","C20orf203",0.823546366665881
"LL0XNC01-237H1.3","LL0XNC01-237H1.3",0.823504091545203
"RP11-687M24.8","RP11-687M24.8",0.823493834018898
"RP11-432I5.2","RP11-432I5.2",0.823486744848834
"CTD-3234P18.6","CTD-3234P18.6",0.823474430747598
"LINC00535","LINC00535",0.823453884589071
"RP11-21M24.3","RP11-21M24.3",0.823345129145008
"RP11-426L16.3","RP11-426L16.3",0.823287948794846
"AC004485.3","AC004485.3",0.823257546391733
"RP11-307L14.2","RP11-307L14.2",0.823248168352668
"AF001548.5","AF001548.5",0.823048250592288
"U91328.21","U91328.21",0.82298695781548
"RP11-843P14.2","RP11-843P14.2",0.822941934725001
"AC063976.3","AC063976.3",0.822934400643939
"RP11-415G4.1","RP11-415G4.1",0.822906591858905
"CTC-366B18.2","CTC-366B18.2",0.822881779912143
"RP11-53B2.3","RP11-53B2.3",0.822757497060534
"AC004471.10","AC004471.10",0.8226772358113
"RP4-678D15.1","RP4-678D15.1",0.822551608871882
"RP11-159D23.2","RP11-159D23.2",0.82253378178606
"LINC01511","LINC01511",0.822487793022515
"RP11-569G13.3","RP11-569G13.3",0.82247488114122
"LINC01132","LINC01132",0.822463949996718
"CTB-25B13.9","CTB-25B13.9",0.822451019410405
"RP11-443N24.2","RP11-443N24.2",0.822446256205489
"RP11-23F23.2","RP11-23F23.2",0.82244122212608
"RP11-15M15.1","RP11-15M15.1",0.822435215605196
"RP4-530I15.9","RP4-530I15.9",0.822380397966729
"RP11-362K14.5","RP11-362K14.5",0.822378985868799
"AP000688.15","AP000688.15",0.822376740021831
"RP11-331K21.1","RP11-331K21.1",0.822329889639312
"LINC00901","LINC00901",0.822299222844443
"RP11-473E2.2","RP11-473E2.2",0.822219491806474
"CTB-113P19.3","CTB-113P19.3",0.821975986662661
"CTB-12O2.1","CTB-12O2.1",0.821904497151346
"AP000282.2","AP000282.2",0.821805641514393
"RP11-585P4.5","RP11-585P4.5",0.821794875988664
"RP11-264L1.4","RP11-264L1.4",0.821638296775509
"RP11-563J2.3","RP11-563J2.3",0.821634930553478
"RP11-482M8.3","RP11-482M8.3",0.821588676608706
"RP11-463I20.2","RP11-463I20.2",0.821587392382841
"RP11-415J8.5","RP11-415J8.5",0.821517326603459
"RP11-923I11.4","RP11-923I11.4",0.821512502342332
"RP11-105N14.1","RP11-105N14.1",0.821487143491389
"RP11-497G19.1","RP11-497G19.1",0.821459450879941
"LINC01378","LINC01378",0.821247965355716
"RP11-762E8.1","RP11-762E8.1",0.821210457128378
"AC007078.4","AC007078.4",0.821202513171294
"RP5-1070A16.1","RP5-1070A16.1",0.821198440242342
"RP11-799O21.2","RP11-799O21.2",0.821170601431696
"RP11-1252I4.2","RP11-1252I4.2",0.821099053348858
"CTB-171A8.1","CTB-171A8.1",0.821091545683442
"SNHG23","SNHG23",0.821088873591635
"RP11-354H21.1","RP11-354H21.1",0.821086007190585
"CTD-2380F24.1","CTD-2380F24.1",0.820984551273019
"CTC-551A13.1","CTC-551A13.1",0.820964778411999
"RP4-752I6.1","RP4-752I6.1",0.820863048385841
"CTB-113P19.4","CTB-113P19.4",0.820827619416146
"RP11-367J11.2","RP11-367J11.2",0.820807030066642
"CTD-2308L22.1","CTD-2308L22.1",0.820728089215117
"RP11-600F24.7","RP11-600F24.7",0.820523171422212
"NEXN-AS1","NEXN-AS1",0.820482013337315
"RP11-389G6.3","RP11-389G6.3",0.820474111355699
"CTB-31O20.3","CTB-31O20.3",0.820429910756594
"RP11-4K16.2","RP11-4K16.2",0.820380502459595
"RP11-90C4.2","RP11-90C4.2",0.820374873642539
"EXTL3-AS1","EXTL3-AS1",0.820352241221417
"CTC-510F12.7","CTC-510F12.7",0.820333592399538
"RP11-88E10.5","RP11-88E10.5",0.820323332128142
"RP11-65J21.1","RP11-65J21.1",0.820312810138075
"RP11-105C19.1","RP11-105C19.1",0.820291114211096
"AC011523.2","AC011523.2",0.820287245680639
"RP11-108H9.1","RP11-108H9.1",0.820281964128882
"CTC-537E7.2","CTC-537E7.2",0.82025135492062
"RP11-178L8.7","RP11-178L8.7",0.820227920511605
"RP11-154H23.5","RP11-154H23.5",0.820162329281823
"CTD-2270P14.5","CTD-2270P14.5",0.820154042622596
"RP11-329B9.3","RP11-329B9.3",0.820150283051742
"RP11-161I10.1","RP11-161I10.1",0.820105829301128
"CTC-336P14.1","CTC-336P14.1",0.82005940954621
"RP11-573G6.6","RP11-573G6.6",0.820037430269482
"RP11-210M15.1","RP11-210M15.1",0.820028541218918
"CTC-559E9.1","CTC-559E9.1",0.820015229380572
"RP11-638L3.1","RP11-638L3.1",0.819997268692778
"LINC00678","LINC00678",0.819961258312349
"RP11-258B16.1","RP11-258B16.1",0.819933205884234
"RP11-615I2.6","RP11-615I2.6",0.819931800425298
"RP13-39P12.3","RP13-39P12.3",0.819917738557603
"AC007040.6","AC007040.6",0.819788419111466
"KB-1507C5.4","KB-1507C5.4",0.819774922648849
"RP11-165M1.3","RP11-165M1.3",0.819767261322365
"RP11-101O21.1","RP11-101O21.1",0.8196542019442
"CTD-2587M2.1","CTD-2587M2.1",0.819639390304926
"RP11-35J23.1","RP11-35J23.1",0.819603351651112
"RP11-104O19.4","RP11-104O19.4",0.819597198214743
"BAALC-AS2","BAALC-AS2",0.819486304387175
"RP3-522D1.1","RP3-522D1.1",0.819477954311053
"RP11-495P10.3","RP11-495P10.3",0.819459420625335
"RP11-496H1.2","RP11-496H1.2",0.81944544765792
"RP11-818O24.3","RP11-818O24.3",0.819396907279481
"RP11-490M8.1","RP11-490M8.1",0.819385922480846
"RP11-304M2.5","RP11-304M2.5",0.81933023145342
"RP11-329B9.4","RP11-329B9.4",0.819317051248168
"RP11-413N10.3","RP11-413N10.3",0.819304353586294
"RP11-290O12.2","RP11-290O12.2",0.819258781926176
"RP1-40E16.11","RP1-40E16.11",0.819216680520367
"RP11-798K3.4","RP11-798K3.4",0.819185665467076
"CTD-2311M21.3","CTD-2311M21.3",0.819112645411078
"CH507-39O4.2","CH507-39O4.2",0.819081495003699
"RP11-334J6.7","RP11-334J6.7",0.819044550626688
"RP11-469J4.3","RP11-469J4.3",0.818951570646308
"CTC-268N12.2","CTC-268N12.2",0.818846287671095
"RP1-76B20.11","RP1-76B20.11",0.818691133763601
"NRIR","NRIR",0.818627094062039
"RP11-308D13.3","RP11-308D13.3",0.818496921520984
"RFPL1S","RFPL1S",0.81848100670384
"AC091814.2","AC091814.2",0.818451840577625
"RP11-14J7.6","RP11-14J7.6",0.818441249153236
"RP11-684B21.1","RP11-684B21.1",0.818324510584527
"LINC01103","LINC01103",0.818313989810209
"RP11-10C24.1","RP11-10C24.1",0.818305511228157
"AC073834.3","AC073834.3",0.818064796344391
"AC073987.1","AC073987.1",0.81793174498127
"RP11-617F23.1","RP11-617F23.1",0.817821207319697
"PARD3-AS1","PARD3-AS1",0.817797363984569
"RP11-785G17.1","RP11-785G17.1",0.817717814051677
"U73166.2","U73166.2",0.81762598501778
"RP11-3P17.4","RP11-3P17.4",0.81760490756283
"CTD-2005H7.2","CTD-2005H7.2",0.817581030419557
"RP4-771M4.3","RP4-771M4.3",0.817561791333709
"EPN2-AS1","EPN2-AS1",0.817546432435296
"RP11-256I9.2","RP11-256I9.2",0.817534138811627
"RP11-360K13.1","RP11-360K13.1",0.817456497531022
"GRPEL2-AS1","GRPEL2-AS1",0.817434869014431
"RP11-402J6.1","RP11-402J6.1",0.817433930822485
"RP11-737O24.2","RP11-737O24.2",0.817433565469877
"RP11-574O7.1","RP11-574O7.1",0.817302888395135
"RP11-306O13.1","RP11-306O13.1",0.817266652826429
"AC105053.3","AC105053.3",0.817215530227901
"RP11-160H12.2","RP11-160H12.2",0.817182303864619
"RP11-930O11.1","RP11-930O11.1",0.817096024251998
"RP11-141A19.2","RP11-141A19.2",0.817006765017219
"RP11-766N7.4","RP11-766N7.4",0.817005930029917
"RP1-69D17.3","RP1-69D17.3",0.81698997981473
"RP5-867C24.5","RP5-867C24.5",0.816913891505343
"AC005042.5","AC005042.5",0.816903743687541
"RP11-495P10.6","RP11-495P10.6",0.816806784937627
"P3H2-AS1","P3H2-AS1",0.816774687798348
"CTD-2560E9.3","CTD-2560E9.3",0.816673702519692
"LINC00519","LINC00519",0.816508197111122
"RP11-5C23.2","RP11-5C23.2",0.816452892015998
"RNU12","RNU12",0.816445266326483
"LL22NC03-2H8.4","LL22NC03-2H8.4",0.81642925286464
"XXbac-B135H6.15","XXbac-B135H6.15",0.816411892689013
"LINC00658","LINC00658",0.816241881181236
"RP11-403D15.2","RP11-403D15.2",0.816236128318939
"RP11-1275H24.3","RP11-1275H24.3",0.816169691030597
"RP1-28O17.1","RP1-28O17.1",0.816112548177271
"SAMD12-AS1","SAMD12-AS1",0.816108664101382
"RP11-410D17.2","RP11-410D17.2",0.816096938704351
"RP11-532F6.3","RP11-532F6.3",0.816056206181576
"CTD-2293H3.2","CTD-2293H3.2",0.815979017563654
"LL09NC01-139C3.1","LL09NC01-139C3.1",0.815977683115527
"RP11-250B2.5","RP11-250B2.5",0.815922770485419
"RP5-921G16.2","RP5-921G16.2",0.815883728594346
"RP11-707M3.3","RP11-707M3.3",0.815881408638333
"CTC-575N7.1","CTC-575N7.1",0.815836294858047
"DKFZP434H168","DKFZP434H168",0.815833554256479
"AC099754.1","AC099754.1",0.815828733710853
"LINC01624","LINC01624",0.815790386475602
"RP11-508O18.1","RP11-508O18.1",0.815691408612387
"NDUFV2-AS1","NDUFV2-AS1",0.815684423376944
"C10orf25","C10orf25",0.815672343762958
"RP11-460B17.3","RP11-460B17.3",0.815618655238614
"RP11-529E10.7","RP11-529E10.7",0.815614224456118
"RP11-169K16.4","RP11-169K16.4",0.815540385925075
"RP3-437I16.1","RP3-437I16.1",0.815535262431706
"FLJ41941","FLJ41941",0.815465070412754
"EAF1-AS1","EAF1-AS1",0.815405737754737
"CTC-215O4.4","CTC-215O4.4",0.815397546971754
"KB-7G2.9","KB-7G2.9",0.81532995620406
"MAP3K14-AS1","MAP3K14-AS1",0.815324682224602
"RP11-203F8.1","RP11-203F8.1",0.815323470021151
"RP11-711C17.2","RP11-711C17.2",0.815243964150077
"RP3-466P17.1","RP3-466P17.1",0.815024809228072
"RP11-473C19.1","RP11-473C19.1",0.814983242702154
"AF064860.7","AF064860.7",0.81495046028443
"RP11-420O16.1","RP11-420O16.1",0.814863251987041
"CTD-2527I21.14","CTD-2527I21.14",0.814751683333991
"LINC00845","LINC00845",0.814738120445069
"LL0XNC01-116E7.2","LL0XNC01-116E7.2",0.814731239037407
"RP11-472K22.2","RP11-472K22.2",0.814701260806987
"ZNF385D-AS1","ZNF385D-AS1",0.814695039843806
"AC064874.1","AC064874.1",0.814556527097912
"RP11-23N2.4","RP11-23N2.4",0.814541143305225
"RP11-114B7.6","RP11-114B7.6",0.814483966079036
"KIAA0196-AS1","KIAA0196-AS1",0.814447922311539
"INAFM2","INAFM2",0.814407954018711
"RP11-126O1.4","RP11-126O1.4",0.814332252869352
"RP11-488L18.8","RP11-488L18.8",0.814327078732013
"C5orf17","C5orf17",0.814301005521771
"FGF12-AS1","FGF12-AS1",0.814221405578019
"AC133680.1","AC133680.1",0.814213993423479
"UBR5-AS1","UBR5-AS1",0.814159753445885
"AC068831.6","AC068831.6",0.814092681546652
"RP1-60O19.2","RP1-60O19.2",0.814082881824785
"RP11-425M5.8","RP11-425M5.8",0.814076560140064
"AC093627.12","AC093627.12",0.813889821432028
"AC005606.14","AC005606.14",0.813869456437681
"RP5-906A24.2","RP5-906A24.2",0.813814216627801
"LINC00501","LINC00501",0.813785746457608
"LINC01234","LINC01234",0.813765423424155
"RP11-482M8.1","RP11-482M8.1",0.813553615931404
"RP11-266N13.2","RP11-266N13.2",0.813538208070519
"RP11-981G7.6","RP11-981G7.6",0.813459993731962
"RP6-74O6.6","RP6-74O6.6",0.813443364092824
"RP11-1148L6.5","RP11-1148L6.5",0.813361991540867
"LINC01107","LINC01107",0.813282270285959
"AC084082.3","AC084082.3",0.813248409375274
"CASC9","CASC9",0.813114218104161
"AP001627.1","AP001627.1",0.81307745837771
"RP11-186N15.3","RP11-186N15.3",0.813016363785728
"RP11-297M9.2","RP11-297M9.2",0.813002988409329
"RP11-410N8.4","RP11-410N8.4",0.812992161841113
"RP11-521M14.1","RP11-521M14.1",0.812980548714016
"AC008060.8","AC008060.8",0.812959699984927
"RP11-359D24.1","RP11-359D24.1",0.812931108871823
"RP11-443O13.3","RP11-443O13.3",0.812904420010778
"MAFG-AS1","MAFG-AS1",0.812883164952905
"AC000068.9","AC000068.9",0.81285754300067
"RP1-45I4.2","RP1-45I4.2",0.812806366400854
"AC103563.8","AC103563.8",0.812773010353602
"RP11-234K24.3","RP11-234K24.3",0.812763430907531
"OSBPL10-AS1","OSBPL10-AS1",0.81273303324178
"AC147651.4","AC147651.4",0.812730164095865
"RP1-151F17.2","RP1-151F17.2",0.812697271524732
"RP11-425D10.10","RP11-425D10.10",0.812686412580668
"RP5-1069C8.2","RP5-1069C8.2",0.81263049464903
"RP4-694B14.8","RP4-694B14.8",0.812578794518439
"RP11-57H14.2","RP11-57H14.2",0.812569905729047
"LINC01170","LINC01170",0.812429862269546
"RP3-355L5.5","RP3-355L5.5",0.812395128263956
"AF127577.11","AF127577.11",0.812344275159572
"RP1-67K17.4","RP1-67K17.4",0.812322955868812
"RP11-109D9.4","RP11-109D9.4",0.812286087810892
"RP11-640I15.1","RP11-640I15.1",0.812068948137527
"RP11-21C4.1","RP11-21C4.1",0.811845233458894
"AC108056.1","AC108056.1",0.811829323318925
"RP11-518I13.1","RP11-518I13.1",0.811608797278404
"RP11-28G8.1","RP11-28G8.1",0.811591636370505
"RP11-107E5.4","RP11-107E5.4",0.811578182432609
"RP11-238K6.1","RP11-238K6.1",0.811469102764243
"CLIP1-AS1","CLIP1-AS1",0.811466069090005
"AC007620.3","AC007620.3",0.811440529808608
"RP11-360F5.3","RP11-360F5.3",0.811407022287879
"RP11-13K12.5","RP11-13K12.5",0.811275636112808
"RP11-498C9.3","RP11-498C9.3",0.811253698173545
"FRMD6-AS1","FRMD6-AS1",0.81124922944784
"RP11-397C18.2","RP11-397C18.2",0.811180110788917
"RP11-436D10.3","RP11-436D10.3",0.810976993021065
"RP11-520D19.2","RP11-520D19.2",0.810970656516333
"AC004593.3","AC004593.3",0.810965843241985
"FLJ31356","FLJ31356",0.81095570087586
"RP11-271M24.2","RP11-271M24.2",0.810902135056452
"RP11-96D24.1","RP11-96D24.1",0.81089706758397
"CH17-140K24.1","CH17-140K24.1",0.810837151128403
"RP11-66D17.5","RP11-66D17.5",0.810747592586958
"CTD-2528A14.3","CTD-2528A14.3",0.810730764760433
"RP11-649A18.12","RP11-649A18.12",0.81070690933835
"AC110781.3","AC110781.3",0.81069069478799
"RP11-576N17.5","RP11-576N17.5",0.81056784408297
"AC008992.1","AC008992.1",0.81050468822627
"RP11-191L17.1","RP11-191L17.1",0.810485281243976
"RP11-863P13.5","RP11-863P13.5",0.810458593392004
"RP11-244N9.6","RP11-244N9.6",0.810453217984808
"KB-1208A12.3","KB-1208A12.3",0.810354516833775
"CTD-2228A4.1","CTD-2228A4.1",0.810293682689557
"LINC01336","LINC01336",0.810231288235871
"RP11-548P2.2","RP11-548P2.2",0.810213011278661
"RP5-1172N10.2","RP5-1172N10.2",0.810196109110851
"A2M-AS1","A2M-AS1",0.810184776251658
"ELMO1-AS1","ELMO1-AS1",0.810170146770442
"CTB-76P12.1","CTB-76P12.1",0.810167477390698
"RP1-261D10.2","RP1-261D10.2",0.810091729290512
"RP11-67H2.1","RP11-67H2.1",0.810083385287374
"AC006942.4","AC006942.4",0.810064262440494
"CTD-2302M15.1","CTD-2302M15.1",0.810041276059785
"AC099342.1","AC099342.1",0.810001398409752
"RP4-681N20.5","RP4-681N20.5",0.809980982994355
"SC22CB-1D7.1","SC22CB-1D7.1",0.809895521791901
"MIR194-2HG","MIR194-2HG",0.809883800408417
"RP11-130L8.1","RP11-130L8.1",0.809870885228938
"RP11-88H9.2","RP11-88H9.2",0.809771339529424
"RP4-601P9.2","RP4-601P9.2",0.809746204025859
"RP11-196G18.24","RP11-196G18.24",0.809533808155262
"CTD-2517M22.16","CTD-2517M22.16",0.809521910412036
"CTD-3110H11.1","CTD-3110H11.1",0.809501334383165
"COL4A2-AS1","COL4A2-AS1",0.809501199972319
"AL035610.2","AL035610.2",0.809495112036052
"AC009955.8","AC009955.8",0.809480777652575
"RP11-87C12.5","RP11-87C12.5",0.809439633836528
"RP11-434D2.2","RP11-434D2.2",0.809334714143895
"RP11-1017G21.6","RP11-1017G21.6",0.80930566987477
"AP003068.23","AP003068.23",0.809119713900971
"LPP-AS2","LPP-AS2",0.809103718275746
"RP11-504I13.3","RP11-504I13.3",0.809060878596295
"RP13-476E20.1","RP13-476E20.1",0.809052246736004
"AC010987.5","AC010987.5",0.808995617132165
"RP11-70C1.3","RP11-70C1.3",0.808983894077725
"RP11-342I1.2","RP11-342I1.2",0.808940285033893
"RP11-860B13.1","RP11-860B13.1",0.808876320972633
"RP11-292D4.1","RP11-292D4.1",0.80887224006916
"C9orf147","C9orf147",0.808856336535654
"RP11-502I4.3","RP11-502I4.3",0.808825435157183
"CTD-2503I6.1","CTD-2503I6.1",0.808780406890957
"AC007389.3","AC007389.3",0.808749884239981
"MIR5689HG","MIR5689HG",0.808725734048708
"AC005324.6","AC005324.6",0.808693860156956
"AC004069.2","AC004069.2",0.808693747514104
"RP11-93I21.3","RP11-93I21.3",0.808689901525207
"RP11-557L19.1","RP11-557L19.1",0.808684511443465
"RP11-484D2.2","RP11-484D2.2",0.808643665588654
"CTD-2027I19.3","CTD-2027I19.3",0.808621488312764
"PART1","PART1",0.808587960588298
"RP11-18A15.1","RP11-18A15.1",0.808456005324815
"RP11-348F1.3","RP11-348F1.3",0.808442933167453
"RP11-213G2.2","RP11-213G2.2",0.808428758485073
"RP11-296A18.6","RP11-296A18.6",0.808317806909902
"RP11-439E19.9","RP11-439E19.9",0.808310928854381
"RP11-801F7.1","RP11-801F7.1",0.808274789471781
"C15orf32","C15orf32",0.808268657833745
"RP5-1139B12.2","RP5-1139B12.2",0.808256382721072
"ATP1B3-AS1","ATP1B3-AS1",0.808178209244257
"RP11-484L8.1","RP11-484L8.1",0.808146797245212
"RP11-263K19.6","RP11-263K19.6",0.808065458813376
"RP1-257A7.4","RP1-257A7.4",0.807993362847057
"LA16c-316G12.2","LA16c-316G12.2",0.807916640236499
"MGC16275","MGC16275",0.807867355737296
"RP11-603J24.21","RP11-603J24.21",0.80785570099495
"WWC2-AS2","WWC2-AS2",0.807839857501364
"CTD-2587H24.10","CTD-2587H24.10",0.807723723227142
"RP11-350G8.5","RP11-350G8.5",0.80759876137527
"LINC00910","LINC00910",0.807566909963799
"RP11-219B4.7","RP11-219B4.7",0.807532056043754
"RP11-55K13.1","RP11-55K13.1",0.807524219036251
"KIF25-AS1","KIF25-AS1",0.807522305160448
"RP11-42I10.1","RP11-42I10.1",0.807486534108099
"CTD-2013N24.2","CTD-2013N24.2",0.807479983889963
"AC067960.1","AC067960.1",0.807450601539152
"LA16c-312E8.2","LA16c-312E8.2",0.807431449007443
"RP4-555D20.4","RP4-555D20.4",0.80741865088129
"CTB-49A3.4","CTB-49A3.4",0.807399362400151
"RP11-103J8.1","RP11-103J8.1",0.807122232226891
"KB-208E9.1","KB-208E9.1",0.807064020663388
"RP1-59D14.5","RP1-59D14.5",0.807010930640546
"RP11-396O20.1","RP11-396O20.1",0.806906683143927
"RP11-158K1.3","RP11-158K1.3",0.806886482588421
"LINC01501","LINC01501",0.80685919611993
"RP11-442J21.2","RP11-442J21.2",0.806839004104707
"AC005780.1","AC005780.1",0.80682922484458
"KIFC1","KIFC1",0.806793272703312
"GSN-AS1","GSN-AS1",0.806791801859457
"AJ006995.3","AJ006995.3",0.806780024750606
"RP5-1004I9.1","RP5-1004I9.1",0.806733149503317
"RP3-514A23.2","RP3-514A23.2",0.806642792953901
"CTD-2568A17.8","CTD-2568A17.8",0.806577125910675
"CYP1B1-AS1","CYP1B1-AS1",0.806515738611473
"RP11-49K24.8","RP11-49K24.8",0.806514946000732
"CTC-537E7.3","CTC-537E7.3",0.806495439823655
"AC000370.2","AC000370.2",0.806478792987475
"RP11-513G19.1","RP11-513G19.1",0.806477651612259
"RP11-402L5.1","RP11-402L5.1",0.80647239060907
"LINC00626","LINC00626",0.806438447440288
"RP5-1044H5.1","RP5-1044H5.1",0.806428531111365
"RP11-521B24.3","RP11-521B24.3",0.806420549209492
"AC015987.1","AC015987.1",0.806414794112043
"AC008440.5","AC008440.5",0.80637247449292
"RP11-752G15.8","RP11-752G15.8",0.806363650062757
"AC074011.2","AC074011.2",0.806260653629634
"RP11-16E18.3","RP11-16E18.3",0.80623897014051
"RP4-705F19.1","RP4-705F19.1",0.806238836059837
"RP11-745C15.2","RP11-745C15.2",0.806210011068174
"GS1-259H13.2","GS1-259H13.2",0.806184751291191
"AC106869.2","AC106869.2",0.806135293145004
"RP11-488L18.10","RP11-488L18.10",0.806127495428976
"TIPARP-AS1","TIPARP-AS1",0.806065106946729
"RP11-580I1.1","RP11-580I1.1",0.805919132125962
"MIAT","MIAT",0.805896719388294
"DLGAP1-AS1","DLGAP1-AS1",0.805892642193636
"CDKN2B-AS1","CDKN2B-AS1",0.805865883693068
"AC108868.5","AC108868.5",0.805838700387002
"RP11-727A23.7","RP11-727A23.7",0.805786304962981
"RP11-680H20.2","RP11-680H20.2",0.805784989504655
"RP11-876N24.2","RP11-876N24.2",0.805782800947718
"FAM201A","FAM201A",0.805742360349141
"RP11-1379J22.5","RP11-1379J22.5",0.805697013794902
"RP11-304F15.4","RP11-304F15.4",0.80569522280421
"RP11-1085N6.2","RP11-1085N6.2",0.805690495947014
"SPATA41","SPATA41",0.805370647934352
"CTD-2090I13.1","CTD-2090I13.1",0.805346730937114
"RP5-940J5.3","RP5-940J5.3",0.805344398502755
"AC007879.2","AC007879.2",0.805297119482603
"RP11-235C23.5","RP11-235C23.5",0.805281330939658
"LINC00903","LINC00903",0.805270196398018
"LA16c-390H2.4","LA16c-390H2.4",0.805243498036622
"LINC01560","LINC01560",0.805165929711244
"CTD-2555A7.2","CTD-2555A7.2",0.805127950427397
"AC078941.1","AC078941.1",0.805098111413677
"RP11-348N5.7","RP11-348N5.7",0.805081144732199
"RP11-542K23.7","RP11-542K23.7",0.805065477028219
"CPEB1-AS1","CPEB1-AS1",0.804948006788254
"ZNF503-AS2","ZNF503-AS2",0.804916327796139
"RP11-864J10.4","RP11-864J10.4",0.804790384248879
"CACNA2D3-AS1","CACNA2D3-AS1",0.804786619955879
"RP11-317N12.1","RP11-317N12.1",0.804782561375785
"RP11-11M20.4","RP11-11M20.4",0.804775089817167
"AC073342.12","AC073342.12",0.804737450011986
"RP11-554E23.4","RP11-554E23.4",0.804713332477286
"AC002066.1","AC002066.1",0.804691744922818
"RP11-686G23.2","RP11-686G23.2",0.804673008881337
"RP11-522B15.3","RP11-522B15.3",0.804598303972392
"MIR22HG","MIR22HG",0.804596804743536
"PABPC5-AS1","PABPC5-AS1",0.804500264630847
"RP11-126K1.9","RP11-126K1.9",0.804482388474415
"RP11-181G12.2","RP11-181G12.2",0.80446943877776
"RP1-85F18.6","RP1-85F18.6",0.804429969110222
"RP1-202O8.3","RP1-202O8.3",0.804321390052587
"AC007292.3","AC007292.3",0.804253606997826
"RP11-248M19.1","RP11-248M19.1",0.804241796459643
"AC005013.5","AC005013.5",0.804221757337136
"RP11-46D6.1","RP11-46D6.1",0.804135395300076
"RP11-207C16.4","RP11-207C16.4",0.804119618374719
"RP11-165F24.3","RP11-165F24.3",0.804101198297167
"RP11-12A16.3","RP11-12A16.3",0.803974607326278
"CELF2-AS2","CELF2-AS2",0.803959429540205
"CTD-2186M15.3","CTD-2186M15.3",0.803933442661503
"CTD-3035D6.2","CTD-3035D6.2",0.803922475571812
"RP13-753N3.3","RP13-753N3.3",0.803900253177753
"RP11-227H4.5","RP11-227H4.5",0.80386796450587
"RP11-716H6.2","RP11-716H6.2",0.803758923691333
"RP11-166D18.1","RP11-166D18.1",0.803716319872014
"RP11-173P15.7","RP11-173P15.7",0.803709196875773
"MIR8069-1","MIR8069-1",0.803663219419338
"SPACA6P-AS","SPACA6P-AS",0.803634283175288
"RP11-572O17.1","RP11-572O17.1",0.803585430550264
"RP11-886P16.6","RP11-886P16.6",0.803456054396194
"CTC-471J1.11","CTC-471J1.11",0.803430337020295
"CTD-2184D3.6","CTD-2184D3.6",0.803393984542997
"RP11-27K13.3","RP11-27K13.3",0.803374624835311
"RP11-1C8.7","RP11-1C8.7",0.803356403810396
"RP11-508N12.2","RP11-508N12.2",0.803254197269352
"RP11-78B10.2","RP11-78B10.2",0.803252390034296
"RP11-1042B17.3","RP11-1042B17.3",0.803226265776103
"EHD4-AS1","EHD4-AS1",0.803182484573835
"UPK1A-AS1","UPK1A-AS1",0.803170595741435
"RP11-817G13.3","RP11-817G13.3",0.803161695998228
"RP11-545G3.1","RP11-545G3.1",0.803066287460347
"VWA8-AS1","VWA8-AS1",0.80298342586806
"RP11-775B15.2","RP11-775B15.2",0.80297362746674
"RP11-816J8.1","RP11-816J8.1",0.802960456361905
"RP3-526F5.2","RP3-526F5.2",0.802948706219764
"RP11-235E17.6","RP11-235E17.6",0.802926643866177
"AC008937.3","AC008937.3",0.802914321246671
"RP11-620J15.2","RP11-620J15.2",0.802880704494575
"RP1-91J24.3","RP1-91J24.3",0.802853031534261
"CTC-543D15.8","CTC-543D15.8",0.802843234928164
"HCG9","HCG9",0.802752105866938
"RP11-63A1.1","RP11-63A1.1",0.802723528660714
"SEMA3F-AS1","SEMA3F-AS1",0.802709158252944
"RP11-457M11.7","RP11-457M11.7",0.802694380173438
"RP11-46A10.5","RP11-46A10.5",0.802539141419614
"RP11-1105G2.3","RP11-1105G2.3",0.802519196374935
"RP11-1084A12.2","RP11-1084A12.2",0.80245373296976
"RP11-524O1.4","RP11-524O1.4",0.80228597716348
"RP11-180M15.3","RP11-180M15.3",0.802256696392293
"RP11-624M8.1","RP11-624M8.1",0.802187088927998
"AC007128.1","AC007128.1",0.802179638257615
"RP11-678G14.4","RP11-678G14.4",0.802152845273787
"AC074183.4","AC074183.4",0.802096864487986
"RP11-90K6.1","RP11-90K6.1",0.8020361279404
"RP11-862G15.2","RP11-862G15.2",0.802018981337752
"RP11-21L23.3","RP11-21L23.3",0.801958837737392
"RP13-270P17.3","RP13-270P17.3",0.801929005248945
"AC073133.1","AC073133.1",0.801920078834208
"RP11-358B23.1","RP11-358B23.1",0.801918294446469
"RP11-253A20.1","RP11-253A20.1",0.801867183724544
"RP11-568J23.4","RP11-568J23.4",0.801786729203146
"RP11-563M4.1","RP11-563M4.1",0.80174333663662
"AC020594.5","AC020594.5",0.801723031954812
"RP4-569M23.2","RP4-569M23.2",0.801691038541287
"RP5-827C21.4","RP5-827C21.4",0.801680647322412
"RP11-108L7.14","RP11-108L7.14",0.801675536156497
"AP000255.6","AP000255.6",0.801667957917536
"RP11-79N23.1","RP11-79N23.1",0.801642541325269
"GRIK1-AS1","GRIK1-AS1",0.801582590241741
"AF131216.5","AF131216.5",0.801489026346295
"SLC9A9-AS1","SLC9A9-AS1",0.801454389185987
"RP4-761J14.10","RP4-761J14.10",0.801393797781856
"RP11-527L4.5","RP11-527L4.5",0.80135356584744
"RP11-617I14.1","RP11-617I14.1",0.801284037787714
"RP11-586K2.1","RP11-586K2.1",0.801229260174613
"RP11-157I4.4","RP11-157I4.4",0.801120151743789
"SIDT1-AS1","SIDT1-AS1",0.80111498053742
"AC005358.3","AC005358.3",0.801113954442429
"RP4-569M23.5","RP4-569M23.5",0.801090596578666
"RP11-459O1.2","RP11-459O1.2",0.801067888749295
"RP11-146E13.4","RP11-146E13.4",0.801045344745299
"RP11-435M3.2","RP11-435M3.2",0.80102132586239
"LINC00601","LINC00601",0.801016126410766
"RP11-418H16.1","RP11-418H16.1",0.801012416530114
"RP1-90G24.10","RP1-90G24.10",0.800972255124846
"RP11-66B24.2","RP11-66B24.2",0.800835367256432
"CTB-33G10.11","CTB-33G10.11",0.80083415705194
"AC002472.11","AC002472.11",0.800827842728284
"RAMP2-AS1","RAMP2-AS1",0.800822790943076
"RP11-274H2.2","RP11-274H2.2",0.800766859382125
"LINC01503","LINC01503",0.800749871535757
"AC026471.6","AC026471.6",0.800722311800615
"ZEB1-AS1","ZEB1-AS1",0.80068203965788
"RP11-805F19.2","RP11-805F19.2",0.800660061389592
"RP1-293L6.1","RP1-293L6.1",0.800607153797389
"LINC00691","LINC00691",0.800580651184236
"RP11-243A14.1","RP11-243A14.1",0.800512504510086
"RP11-418I22.3","RP11-418I22.3",0.800483041151578
"RP11-131K5.2","RP11-131K5.2",0.80036265762719
"CTC-239J10.1","CTC-239J10.1",0.80035333605667
"RP11-185E12.2","RP11-185E12.2",0.800332749795895
"USP12-AS2","USP12-AS2",0.800321362461694
"RP11-323I1.1","RP11-323I1.1",0.800311228273811
"RP11-231I16.1","RP11-231I16.1",0.80030065897226
"RP11-98O2.1","RP11-98O2.1",0.800294337801679
"RP11-83N9.6","RP11-83N9.6",0.800274162792262
"RP11-353N14.5","RP11-353N14.5",0.800230596176368
"RP11-547D23.1","RP11-547D23.1",0.800182389269022
"RP3-405J10.4","RP3-405J10.4",0.800131754004613
"GS1-251I9.3","GS1-251I9.3",0.800061697416062
"RP5-921G16.1","RP5-921G16.1",0.800004977245064
"RP4-673M15.1","RP4-673M15.1",0.799982272583701
"RP11-474P2.2","RP11-474P2.2",0.799976583034441
"UBAC2-AS1","UBAC2-AS1",0.79991570224147
"RP4-693M11.3","RP4-693M11.3",0.799867098015172
"TSPOAP1-AS1","TSPOAP1-AS1",0.799860622367274
"RP13-820C6.2","RP13-820C6.2",0.799821371270416
"RP11-67K19.3","RP11-67K19.3",0.799788841013746
"RP11-269F21.1","RP11-269F21.1",0.799782159964558
"RP11-717F1.1","RP11-717F1.1",0.799768462866993
"AC090616.2","AC090616.2",0.799768167392591
"RP5-901A4.1","RP5-901A4.1",0.799741114685973
"RP11-810P8.1","RP11-810P8.1",0.799666076116964
"RP11-550P17.5","RP11-550P17.5",0.799657909014276
"RP11-111K18.2","RP11-111K18.2",0.799628610153962
"RP11-296K13.4","RP11-296K13.4",0.799584500843109
"RP11-77K12.4","RP11-77K12.4",0.799567863645623
"RP11-783K16.14","RP11-783K16.14",0.799437149981395
"RP11-1038A11.3","RP11-1038A11.3",0.799416964252383
"RP4-781K5.2","RP4-781K5.2",0.79940100188187
"RP11-737O24.5","RP11-737O24.5",0.799397470094198
"RP11-92G12.3","RP11-92G12.3",0.79938062634734
"KRTAP5-AS1","KRTAP5-AS1",0.799352940879899
"CTD-3222D19.12","CTD-3222D19.12",0.799280572104827
"RP4-665J23.2","RP4-665J23.2",0.799243451817053
"TCF4-AS2","TCF4-AS2",0.799221351330432
"RP11-624L4.1","RP11-624L4.1",0.79918541346619
"RP11-327I22.5","RP11-327I22.5",0.799080281332799
"RP11-316M21.6","RP11-316M21.6",0.798979078867935
"AC013448.1","AC013448.1",0.798971960856161
"RP4-655C5.4","RP4-655C5.4",0.798926327114381
"OCIAD1-AS1","OCIAD1-AS1",0.798911797570185
"AC016682.1","AC016682.1",0.798910985595216
"CTD-2015H6.3","CTD-2015H6.3",0.798840625586072
"AC144450.1","AC144450.1",0.798809656112577
"RP11-202G11.2","RP11-202G11.2",0.798757465688468
"RP11-270M14.4","RP11-270M14.4",0.798709420576183
"RP11-355F16.1","RP11-355F16.1",0.798690812433462
"AC007880.1","AC007880.1",0.798640764650998
"RP11-461A8.5","RP11-461A8.5",0.798587950604532
"KB-1043D8.6","KB-1043D8.6",0.798579449430483
"LINC00327","LINC00327",0.798572049662245
"PATL2","PATL2",0.798433799847607
"LINC01195","LINC01195",0.798365105666439
"RP11-498P14.3","RP11-498P14.3",0.798332552282412
"RP1-7G5.6","RP1-7G5.6",0.798279078840973
"RP11-38G5.2","RP11-38G5.2",0.79827742520867
"RP11-262I2.2","RP11-262I2.2",0.798066983099036
"RP1-50O24.6","RP1-50O24.6",0.798065874677071
"CTD-2515O10.5","CTD-2515O10.5",0.79795041095437
"RP11-357K6.1","RP11-357K6.1",0.797938270182618
"RP11-171L9.1","RP11-171L9.1",0.797872266802375
"LINC00606","LINC00606",0.797841053452886
"RP11-429O1.1","RP11-429O1.1",0.797799973813009
"RP11-43D2.2","RP11-43D2.2",0.797790910096198
"RP11-642C5.1","RP11-642C5.1",0.797765478893103
"AJ006998.2","AJ006998.2",0.797753103776711
"CTC-510F12.2","CTC-510F12.2",0.797715569551793
"AC012370.3","AC012370.3",0.797715566162304
"GS1-72M22.1","GS1-72M22.1",0.797709187502793
"RP11-3B12.3","RP11-3B12.3",0.797603328644366
"RP11-417F21.1","RP11-417F21.1",0.797534753244043
"CTD-2184D3.7","CTD-2184D3.7",0.797492401293855
"RP11-164N3.3","RP11-164N3.3",0.797302869749184
"PDX1-AS1","PDX1-AS1",0.797209274194498
"RP11-363J20.2","RP11-363J20.2",0.797189364207625
"PCAT5","PCAT5",0.797187272863724
"LINC00460","LINC00460",0.797185302797779
"LINC01363","LINC01363",0.79713819429774
"RP11-554E23.2","RP11-554E23.2",0.797132913730316
"RP11-318E3.9","RP11-318E3.9",0.797099445698104
"RP11-1348G14.4","RP11-1348G14.4",0.797024908819223
"CTD-2249K22.1","CTD-2249K22.1",0.797015790974121
"CTA-29F11.1","CTA-29F11.1",0.796999298887107
"RP1-63M2.7","RP1-63M2.7",0.79696977581392
"RP11-18I14.11","RP11-18I14.11",0.796927776522803
"LINC01270","LINC01270",0.796882194710714
"RP3-453C12.15","RP3-453C12.15",0.796861003056758
"RP11-141J13.3","RP11-141J13.3",0.796852210818488
"RP13-314C10.5","RP13-314C10.5",0.796825310443981
"RP11-20B24.5","RP11-20B24.5",0.796766214912345
"CTD-2537O9.1","CTD-2537O9.1",0.796763921629797
"PCDH9-AS4","PCDH9-AS4",0.796592927959658
"RP11-431M3.1","RP11-431M3.1",0.796571765273905
"RP11-245J9.5","RP11-245J9.5",0.796564780076887
"FLJ42969","FLJ42969",0.796496602802905
"AC107399.2","AC107399.2",0.796473722164624
"RP11-1299A16.3","RP11-1299A16.3",0.796431667825554
"RP11-1000B6.2","RP11-1000B6.2",0.796332766162344
"AC007349.4","AC007349.4",0.796246873566067
"RP11-86A5.1","RP11-86A5.1",0.796220414858559
"CTA-212A2.4","CTA-212A2.4",0.796186358257796
"RP11-433J8.2","RP11-433J8.2",0.796186106943124
"RP11-310E22.4","RP11-310E22.4",0.796171742222705
"RP5-1116H23.5","RP5-1116H23.5",0.796121170775323
"RP11-409K20.6","RP11-409K20.6",0.796110382433227
"RP11-123M6.2","RP11-123M6.2",0.795877845644479
"CTD-3076O17.2","CTD-3076O17.2",0.795736363240375
"RP11-70D24.3","RP11-70D24.3",0.795728451556645
"RP11-338E21.1","RP11-338E21.1",0.795612662176656
"ERVH-1","ERVH-1",0.795568775454557
"RP11-546K22.1","RP11-546K22.1",0.795550896289832
"RP11-342D14.1","RP11-342D14.1",0.79554701293068
"DLGAP2-AS1","DLGAP2-AS1",0.795379014477489
"CTC-297N7.1","CTC-297N7.1",0.79537383422678
"AJ239322.3","AJ239322.3",0.795361522567346
"LINC01353","LINC01353",0.795243117404668
"RP11-146I2.1","RP11-146I2.1",0.795160749922581
"RP11-112L6.3","RP11-112L6.3",0.795009893653988
"RP11-83N9.5","RP11-83N9.5",0.794969366094054
"AC079145.4","AC079145.4",0.794939727862699
"RP11-680B3.2","RP11-680B3.2",0.794930723714415
"NAV2-AS2","NAV2-AS2",0.794903623848849
"RP13-467H17.1","RP13-467H17.1",0.794880312693921
"RP11-364C11.2","RP11-364C11.2",0.794876854358525
"RP11-881M11.4","RP11-881M11.4",0.794869167387466
"RP11-135A24.2","RP11-135A24.2",0.794839024861301
"FOXP4-AS1","FOXP4-AS1",0.794825139681496
"RP11-541F9.2","RP11-541F9.2",0.794736885790258
"RP3-322G13.7","RP3-322G13.7",0.794699463671326
"AC004837.5","AC004837.5",0.794643002119919
"RP11-378I6.1","RP11-378I6.1",0.794562495189316
"LINC00443","LINC00443",0.794496111425164
"RP11-51J9.5","RP11-51J9.5",0.794473558313841
"RP11-95I16.2","RP11-95I16.2",0.794424446001017
"RP11-1391J7.1","RP11-1391J7.1",0.794419829780891
"RP11-62J1.4","RP11-62J1.4",0.794389773569228
"RP11-406O16.1","RP11-406O16.1",0.794374830814523
"RP11-78O7.2","RP11-78O7.2",0.794343136300506
"RP11-336K24.5","RP11-336K24.5",0.794339583565692
"AC005597.1","AC005597.1",0.794217719190566
"RP11-400N9.1","RP11-400N9.1",0.794121296617871
"RP11-326C3.11","RP11-326C3.11",0.794074265249249
"RP11-56F10.3","RP11-56F10.3",0.793939793465776
"RP11-84A19.4","RP11-84A19.4",0.793931577545516
"LINC00970","LINC00970",0.793921794656956
"CTA-384D8.36","CTA-384D8.36",0.793868207202635
"RP11-161D15.3","RP11-161D15.3",0.793709736263711
"LINC00235","LINC00235",0.79369236580672
"LINC00603","LINC00603",0.793583288154386
"CTD-3193O13.14","CTD-3193O13.14",0.793574792952513
"AC096649.3","AC096649.3",0.793498491707796
"RP11-460H9.1","RP11-460H9.1",0.793480333744603
"AC091633.3","AC091633.3",0.793438833228547
"LATS2-AS1","LATS2-AS1",0.793404757025819
"RP11-336K24.12","RP11-336K24.12",0.793374168475885
"RP4-758J18.13","RP4-758J18.13",0.793237209263903
"AC011625.1","AC011625.1",0.793134955588354
"RP5-892K4.1","RP5-892K4.1",0.793098325818169
"NREP-AS1","NREP-AS1",0.793070570583544
"RP11-556G22.3","RP11-556G22.3",0.792983485797763
"DNM1P35","DNM1P35",0.792967003707901
"RP11-567M16.2","RP11-567M16.2",0.79296540181071
"RRS1-AS1","RRS1-AS1",0.792842985848344
"YEATS2-AS1","YEATS2-AS1",0.792826025388737
"RP11-3D4.2","RP11-3D4.2",0.792822185887591
"RP11-91I20.1","RP11-91I20.1",0.792773285745482
"RP11-305L7.3","RP11-305L7.3",0.792750815801274
"CFLAR-AS1","CFLAR-AS1",0.7927293815434
"AL022476.2","AL022476.2",0.792724458935541
"CTD-2582D11.1","CTD-2582D11.1",0.792653894902032
"RP11-121P12.1","RP11-121P12.1",0.792607458017373
"LINC01574","LINC01574",0.792565614834354
"RP11-15E1.5","RP11-15E1.5",0.792562159022027
"LCMT1-AS2","LCMT1-AS2",0.79231948121991
"PRC1-AS1","PRC1-AS1",0.792306427137194
"RP5-1120P11.1","RP5-1120P11.1",0.792207236356489
"RP11-147G16.1","RP11-147G16.1",0.792048458544998
"RP11-397C12.1","RP11-397C12.1",0.792012745565412
"KB-1980E6.3","KB-1980E6.3",0.791981821456183
"MYCNOS","MYCNOS",0.791972505802994
"CTD-2256P15.4","CTD-2256P15.4",0.791774809856569
"RP11-284N8.3","RP11-284N8.3",0.791741840237287
"RP11-124N3.3","RP11-124N3.3",0.791720146051628
"CTC-367F4.1","CTC-367F4.1",0.791701359912033
"RP11-258F1.1","RP11-258F1.1",0.791678859191956
"AC068831.10","AC068831.10",0.791583876479814
"AC005523.2","AC005523.2",0.791579273457959
"CTD-2653D5.1","CTD-2653D5.1",0.79157906557848
"PLA2G4E-AS1","PLA2G4E-AS1",0.79156565500457
"RP11-460I13.2","RP11-460I13.2",0.791559328779974
"CTD-2650P22.1","CTD-2650P22.1",0.791532471967246
"AC005537.2","AC005537.2",0.791504272202987
"CTC-459F4.5","CTC-459F4.5",0.791430048875753
"RP11-58G13.1","RP11-58G13.1",0.791404813114028
"RP11-152P23.2","RP11-152P23.2",0.791352935733891
"RP11-263K4.3","RP11-263K4.3",0.791352742812023
"RP11-452J21.2","RP11-452J21.2",0.791295852793554
"PWRN1","PWRN1",0.791289835628359
"EHMT2-AS1","EHMT2-AS1",0.791285367752323
"RP11-406D1.2","RP11-406D1.2",0.791234253039105
"CTD-2533K21.4","CTD-2533K21.4",0.791156553026548
"SUCLA2-AS1","SUCLA2-AS1",0.79109926822169
"RP11-53B2.4","RP11-53B2.4",0.791081843815685
"ALKBH3-AS1","ALKBH3-AS1",0.791033792280419
"SLC25A30-AS1","SLC25A30-AS1",0.791021508054425
"RP3-463P15.1","RP3-463P15.1",0.790940924815242
"RP11-174G6.1","RP11-174G6.1",0.790917900032362
"RP11-361H10.7","RP11-361H10.7",0.790913528786433
"RP11-148B3.2","RP11-148B3.2",0.790883477357016
"KCNMA1-AS1","KCNMA1-AS1",0.790786447633088
"RP11-666A8.8","RP11-666A8.8",0.790753928721796
"CRNDE","CRNDE",0.790746062475234
"RP11-196G11.2","RP11-196G11.2",0.790726879729174
"AC009502.4","AC009502.4",0.790583109171426
"AC102948.2","AC102948.2",0.790558390698673
"RP11-89N17.1","RP11-89N17.1",0.79051194583394
"CTB-55O6.10","CTB-55O6.10",0.790491703029904
"FLJ35934","FLJ35934",0.790436829753481
"LINC01075","LINC01075",0.790273393635711
"RP11-286B14.1","RP11-286B14.1",0.790271418763826
"AC006041.1","AC006041.1",0.790231847496619
"RP11-4B14.3","RP11-4B14.3",0.790174890727074
"AP000462.3","AP000462.3",0.790149352513125
"GK-AS1","GK-AS1",0.790142240044768
"LINC01516","LINC01516",0.790110696421087
"RP4-671G15.2","RP4-671G15.2",0.790108302920677
"RP11-697H9.2","RP11-697H9.2",0.790020124742141
"HNCAT21","HNCAT21",0.789999156800286
"AC005624.2","AC005624.2",0.789988573314199
"OSTM1-AS1","OSTM1-AS1",0.789939391307716
"MIR217HG","MIR217HG",0.789898420726021
"RP4-788P17.1","RP4-788P17.1",0.789891453550806
"PCDH9-AS1","PCDH9-AS1",0.789852385620317
"RP11-575F12.2","RP11-575F12.2",0.789789999393952
"ZNF503-AS1","ZNF503-AS1",0.78976792819138
"RP11-247A12.2","RP11-247A12.2",0.789618468994548
"RP5-1007H16.1","RP5-1007H16.1",0.789595108590611
"RP11-358M3.1","RP11-358M3.1",0.789576269751199
"RP1-249I4.2","RP1-249I4.2",0.78955472635322
"RP11-850A17.1","RP11-850A17.1",0.789471706154565
"RP4-756G23.5","RP4-756G23.5",0.789452371500619
"RP11-245D16.4","RP11-245D16.4",0.789314235004739
"LINC01509","LINC01509",0.789237855739996
"RP11-867G23.3","RP11-867G23.3",0.789161069234259
"RP11-135A1.2","RP11-135A1.2",0.789145681662157
"RP11-161M6.2","RP11-161M6.2",0.788999628973937
"RP11-385F7.1","RP11-385F7.1",0.788974631661098
"AC064834.1","AC064834.1",0.788803345053849
"RP11-74E22.3","RP11-74E22.3",0.788784098716554
"RP11-329N22.1","RP11-329N22.1",0.788731367533643
"RP11-444A22.1","RP11-444A22.1",0.788723078304548
"LINC00923","LINC00923",0.788698233778276
"RP11-355E10.1","RP11-355E10.1",0.788678507966363
"RP11-465I4.2","RP11-465I4.2",0.788633980186739
"RP11-466A19.3","RP11-466A19.3",0.788618017585687
"RP11-432J24.5","RP11-432J24.5",0.78860603308563
"CTD-2023N9.1","CTD-2023N9.1",0.788596006342792
"AC004870.3","AC004870.3",0.788589761504248
"RP1-125I3.2","RP1-125I3.2",0.788533914984052
"PRR7-AS1","PRR7-AS1",0.788508534442812
"RP13-923O23.6","RP13-923O23.6",0.788486653598056
"RP11-274H2.3","RP11-274H2.3",0.788448724084768
"RP1-138B7.7","RP1-138B7.7",0.788439082859853
"LINC00538","LINC00538",0.7884028907595
"AC116366.6","AC116366.6",0.788289691387098
"RP11-1079K10.3","RP11-1079K10.3",0.788238393153831
"NAV2-AS4","NAV2-AS4",0.78815868415629
"RP11-66N24.3","RP11-66N24.3",0.788155064654326
"RP11-467L13.7","RP11-467L13.7",0.78813141808813
"LINC00652","LINC00652",0.788082755885267
"RP11-532M24.1","RP11-532M24.1",0.788057464542395
"AC124944.3","AC124944.3",0.788035269130312
"LINC00589","LINC00589",0.787970936002474
"RP11-849I19.1","RP11-849I19.1",0.787953390128765
"AC006196.1","AC006196.1",0.787825323313149
"MATN1-AS1","MATN1-AS1",0.787668832035561
"DSCR9","DSCR9",0.787665170151686
"C7orf69","C7orf69",0.787613151737918
"RP11-259O2.1","RP11-259O2.1",0.787520739537789
"AC013472.4","AC013472.4",0.787460427490306
"RP11-404E16.1","RP11-404E16.1",0.787440907035046
"RP11-456O19.2","RP11-456O19.2",0.787415578784659
"RP11-654D12.2","RP11-654D12.2",0.787364101129752
"RP11-121C2.3","RP11-121C2.3",0.787335980194393
"RP11-6N17.10","RP11-6N17.10",0.787306459143255
"TSPEAR-AS2","TSPEAR-AS2",0.787301295192272
"RP11-313F23.4","RP11-313F23.4",0.787159520451914
"AP001610.5","AP001610.5",0.786767346258231
"RP11-266J6.2","RP11-266J6.2",0.786749429815679
"RP11-280K24.1","RP11-280K24.1",0.786745107852356
"RP3-441A12.1","RP3-441A12.1",0.786625375523232
"RP11-25C19.3","RP11-25C19.3",0.786559828318066
"RP11-25G10.2","RP11-25G10.2",0.786445658754252
"SMC2-AS1","SMC2-AS1",0.786268134973699
"LA16c-360H6.3","LA16c-360H6.3",0.786238854619963
"RP11-174G17.2","RP11-174G17.2",0.786122883381912
"RP11-327O17.2","RP11-327O17.2",0.786113017756757
"RP11-403I13.5","RP11-403I13.5",0.786092804489501
"AC004053.1","AC004053.1",0.786026142064007
"RP11-463O9.9","RP11-463O9.9",0.785993700871696
"CTD-3096M3.1","CTD-3096M3.1",0.785989443390158
"LINC01392","LINC01392",0.785975752154871
"AC018766.6","AC018766.6",0.785954311560264
"RP11-25K19.1","RP11-25K19.1",0.785945194429342
"RAD21-AS1","RAD21-AS1",0.785826471006778
"RP11-363D14.1","RP11-363D14.1",0.785764830690607
"GS1-24F4.2","GS1-24F4.2",0.785724294397761
"RP4-760C5.3","RP4-760C5.3",0.785694915872387
"RP11-20G13.5","RP11-20G13.5",0.785694470220371
"RP11-883A18.3","RP11-883A18.3",0.785613502025117
"RP11-6B4.1","RP11-6B4.1",0.785604655652791
"RP11-81F13.1","RP11-81F13.1",0.785579980735481
"RP11-407N8.5","RP11-407N8.5",0.785524171070872
"RP11-353K11.1","RP11-353K11.1",0.785511091389411
"AC012360.6","AC012360.6",0.785469865601535
"RP11-24C3.2","RP11-24C3.2",0.785438953488207
"RP11-498P14.5","RP11-498P14.5",0.785435878330348
"RP3-523E19.2","RP3-523E19.2",0.785392942312455
"RP11-81K2.1","RP11-81K2.1",0.785388272059961
"AC006130.3","AC006130.3",0.78535516911615
"RP11-644C3.1","RP11-644C3.1",0.785348111328842
"RP11-94I2.4","RP11-94I2.4",0.78526694955711
"RP11-161M6.3","RP11-161M6.3",0.78525220002661
"CTD-2117L12.1","CTD-2117L12.1",0.785187522633074
"CTC-340D7.1","CTC-340D7.1",0.785151671638828
"EGOT","EGOT",0.785107782790377
"LINC00305","LINC00305",0.785086585509892
"INHBA-AS1","INHBA-AS1",0.785072782006016
"RP11-632F7.3","RP11-632F7.3",0.785018049533575
"RP11-840I19.3","RP11-840I19.3",0.784896555343879
"RP11-283G6.4","RP11-283G6.4",0.78489134554477
"ERVK-28","ERVK-28",0.784817912887947
"RP1-137D17.1","RP1-137D17.1",0.784739846485837
"RP11-778J15.1","RP11-778J15.1",0.784673880671156
"AC009506.1","AC009506.1",0.784667954488611
"CTD-3194G12.2","CTD-3194G12.2",0.784635569603415
"UBXN10-AS1","UBXN10-AS1",0.784600440634473
"RP11-509A17.3","RP11-509A17.3",0.784465613464933
"LIN28B-AS1","LIN28B-AS1",0.784455021497504
"GRID1-AS1","GRID1-AS1",0.784448099907196
"CTD-2349P21.12","CTD-2349P21.12",0.784413084885684
"RP11-379J13.2","RP11-379J13.2",0.784361076644794
"LINC00867","LINC00867",0.784348517534247
"RP11-379H8.1","RP11-379H8.1",0.784253662036937
"RP1-153G14.4","RP1-153G14.4",0.784153342395983
"LINC00390","LINC00390",0.78408378394332
"RP11-13A1.3","RP11-13A1.3",0.783994077735879
"RP11-293A21.1","RP11-293A21.1",0.783984867126866
"CNOT10-AS1","CNOT10-AS1",0.783925760165403
"EDRF1-AS1","EDRF1-AS1",0.78387549221011
"RP11-326C3.12","RP11-326C3.12",0.783800278911249
"MRPL23-AS1","MRPL23-AS1",0.783711070201222
"RP11-46O21.2","RP11-46O21.2",0.783706494265658
"RP11-350N15.5","RP11-350N15.5",0.783668894296008
"AC092535.3","AC092535.3",0.783461182373825
"RP1-168L15.5","RP1-168L15.5",0.783411423097905
"RP3-510D11.2","RP3-510D11.2",0.783355712921355
"AC005522.7","AC005522.7",0.78333490769734
"RP11-736K20.5","RP11-736K20.5",0.783331369780238
"RP11-120K19.4","RP11-120K19.4",0.783327999310471
"MAPT-AS1","MAPT-AS1",0.783305135784788
"RP11-715J22.4","RP11-715J22.4",0.783262780217469
"RP5-1164C1.2","RP5-1164C1.2",0.783231988145853
"CTC-338M12.6","CTC-338M12.6",0.783160387132405
"RP3-395P12.2","RP3-395P12.2",0.783072923106946
"RP11-545M8.4","RP11-545M8.4",0.783012657539835
"RP11-209D14.2","RP11-209D14.2",0.783008898022945
"LINC01111","LINC01111",0.782947603777967
"PITPNA-AS1","PITPNA-AS1",0.782890656118804
"RP11-966I7.3","RP11-966I7.3",0.782843373528333
"HCG18","HCG18",0.782754639185818
"AC008074.3","AC008074.3",0.78273882838925
"DDR1-AS1","DDR1-AS1",0.782727949883195
"RP11-798G7.6","RP11-798G7.6",0.782719488737307
"CACNA1C-AS2","CACNA1C-AS2",0.78271941538833
"LINC01386","LINC01386",0.782691070429017
"RP11-295P9.12","RP11-295P9.12",0.782677588657033
"JAZF1-AS1","JAZF1-AS1",0.782657894116771
"AC010136.2","AC010136.2",0.782634421867477
"CTC-338M12.7","CTC-338M12.7",0.782632259446961
"RP1-223E5.4","RP1-223E5.4",0.782627123480007
"RP11-434P11.2","RP11-434P11.2",0.782514334603563
"AC005220.3","AC005220.3",0.782471229510691
"CPB2-AS1","CPB2-AS1",0.78246950442463
"LINC01478","LINC01478",0.782465879927691
"RP11-1263C18.2","RP11-1263C18.2",0.782449955046599
"RP11-110L15.1","RP11-110L15.1",0.782439656801868
"RP11-513M1.1","RP11-513M1.1",0.782367552934762
"RP11-555M1.3","RP11-555M1.3",0.782356041427386
"RP11-245G13.2","RP11-245G13.2",0.782319862189762
"LINC01600","LINC01600",0.782169712273301
"RP11-1060J15.7","RP11-1060J15.7",0.78211425413758
"PCYT1B-AS1","PCYT1B-AS1",0.782100255963689
"RP11-789C2.1","RP11-789C2.1",0.782057859484859
"RP11-662I13.2","RP11-662I13.2",0.78201863813634
"RP11-690J15.1","RP11-690J15.1",0.78200926589341
"RP11-517I3.1","RP11-517I3.1",0.781959747722437
"KB-1410C5.5","KB-1410C5.5",0.781954869168039
"AC100830.3","AC100830.3",0.78181770920729
"RP11-70L8.4","RP11-70L8.4",0.781795981141359
"RP11-347C12.11","RP11-347C12.11",0.781795538521237
"RP1-90G24.6","RP1-90G24.6",0.781774726887439
"RP11-44I10.3","RP11-44I10.3",0.781698294253592
"RP11-514D23.2","RP11-514D23.2",0.781687561714845
"GRM7-AS1","GRM7-AS1",0.78159423623205
"GS1-57L11.1","GS1-57L11.1",0.781591538130328
"GPC6-AS2","GPC6-AS2",0.781551008921814
"AC009227.2","AC009227.2",0.781442742679876
"RP11-552F3.13","RP11-552F3.13",0.78138996790117
"RP3-453P22.2","RP3-453P22.2",0.78133035607462
"RP11-30L8.1","RP11-30L8.1",0.781305550314712
"PTPRJ-AS1","PTPRJ-AS1",0.781271169014226
"RP11-173P15.9","RP11-173P15.9",0.781248092123251
"RP11-113K21.4","RP11-113K21.4",0.78120425656598
"RP11-359G22.2","RP11-359G22.2",0.781048898789389
"RP11-259K5.1","RP11-259K5.1",0.781040805982438
"KB-173C10.2","KB-173C10.2",0.78102881541487
"CTD-2031P19.5","CTD-2031P19.5",0.78101850712229
"RP11-387H17.4","RP11-387H17.4",0.781009326854582
"STAU2-AS1","STAU2-AS1",0.780991771928277
"AC007319.1","AC007319.1",0.780984679963428
"CTB-13F3.1","CTB-13F3.1",0.780867124321007
"RP4-604G5.1","RP4-604G5.1",0.78077650351465
"RP11-67H24.2","RP11-67H24.2",0.780742647389167
"RP11-50B3.2","RP11-50B3.2",0.780721412118029
"RP11-70F11.8","RP11-70F11.8",0.780457476070739
"FRMPD3-AS1","FRMPD3-AS1",0.780417846749551
"VIM-AS1","VIM-AS1",0.780379045956268
"RP5-1121H13.3","RP5-1121H13.3",0.780370839676292
"RP11-61L19.2","RP11-61L19.2",0.780362102872127
"APOBEC3B-AS1","APOBEC3B-AS1",0.780304895068317
"RP11-894P9.2","RP11-894P9.2",0.780223789736074
"AC018359.1","AC018359.1",0.780135471233281
"RP4-622L5.7","RP4-622L5.7",0.780107205324728
"CADM2-AS1","CADM2-AS1",0.780077482987631
"RP4-598P13.1","RP4-598P13.1",0.779991677148607
"RP11-752D24.2","RP11-752D24.2",0.779805466567768
"RP11-702B10.1","RP11-702B10.1",0.779638901372324
"CTC-529G1.1","CTC-529G1.1",0.779611208156029
"RP11-71E19.2","RP11-71E19.2",0.779588652809623
"RP11-136K7.2","RP11-136K7.2",0.779396370982681
"SRP14-AS1","SRP14-AS1",0.779360040673441
"RP5-1157M23.2","RP5-1157M23.2",0.779248194431213
"RP11-35G9.5","RP11-35G9.5",0.779148070244116
"RP11-343J18.2","RP11-343J18.2",0.779144075188546
"RP11-629G13.1","RP11-629G13.1",0.779143222508216
"GS1-279B7.2","GS1-279B7.2",0.779138864829593
"RP11-19E11.1","RP11-19E11.1",0.779076834995036
"RP11-202I11.2","RP11-202I11.2",0.77900688064415
"RP11-47G4.2","RP11-47G4.2",0.778576380182551
"RP11-318C2.1","RP11-318C2.1",0.778503444651323
"RP11-560I19.1","RP11-560I19.1",0.778444736197826
"RP11-315E17.1","RP11-315E17.1",0.778380177048171
"RP11-905K4.1","RP11-905K4.1",0.778173811362985
"RP11-569G13.2","RP11-569G13.2",0.778170741650998
"CTC-436K13.1","CTC-436K13.1",0.778144073645478
"RP11-217E13.1","RP11-217E13.1",0.778099491632444
"RP13-766D20.4","RP13-766D20.4",0.778089623443224
"DLGAP4-AS1","DLGAP4-AS1",0.77796826847714
"RP11-1L9.1","RP11-1L9.1",0.777842785262044
"RP11-474G23.3","RP11-474G23.3",0.777785343125009
"RP11-533E19.2","RP11-533E19.2",0.777756435281692
"RP11-120I21.2","RP11-120I21.2",0.777728814200049
"RP3-428L16.2","RP3-428L16.2",0.777698522124632
"RP11-285F7.2","RP11-285F7.2",0.777697804185399
"RP11-229P13.22","RP11-229P13.22",0.777681563582643
"MCF2L-AS1","MCF2L-AS1",0.777611694310768
"MYCNUT","MYCNUT",0.777587565255197
"AC022816.2","AC022816.2",0.777565089573523
"AC128709.2","AC128709.2",0.77755059879677
"LINC01567","LINC01567",0.777480632049039
"RP11-2G1.1","RP11-2G1.1",0.77743621582609
"RP11-350N15.4","RP11-350N15.4",0.777430917310097
"RP11-92K15.1","RP11-92K15.1",0.777416526760708
"PHKA1-AS1","PHKA1-AS1",0.777338747488622
"RP3-337H4.8","RP3-337H4.8",0.777254385225524
"CTD-2531D15.5","CTD-2531D15.5",0.777220270245037
"C6orf3","C6orf3",0.77716029326151
"RP3-393E18.2","RP3-393E18.2",0.777143333675474
"RP11-213G6.2","RP11-213G6.2",0.776953066298216
"CTD-2376I4.2","CTD-2376I4.2",0.776757288956317
"CTD-2619J13.27","CTD-2619J13.27",0.776729264827577
"RP11-362I1.1","RP11-362I1.1",0.776692090746777
"CTD-2309O5.3","CTD-2309O5.3",0.776665842562764
"RP11-428C19.4","RP11-428C19.4",0.776582569766282
"RP11-455F5.6","RP11-455F5.6",0.776568715479738
"RP11-533E19.5","RP11-533E19.5",0.776543296784735
"LINC00518","LINC00518",0.776423322782751
"PITRM1-AS1","PITRM1-AS1",0.77624268519558
"CTD-3023L14.1","CTD-3023L14.1",0.776209499361906
"RP4-529N6.2","RP4-529N6.2",0.776188794446099
"RP11-473A10.2","RP11-473A10.2",0.776107229425201
"CTD-2525I3.3","CTD-2525I3.3",0.776053728056746
"AC008067.2","AC008067.2",0.776045021648692
"RP11-365P13.5","RP11-365P13.5",0.776022594613783
"AP000343.2","AP000343.2",0.77590188300264
"PCDH9-AS2","PCDH9-AS2",0.77584965044193
"RP11-12D24.10","RP11-12D24.10",0.775848848519528
"RP11-94C24.6","RP11-94C24.6",0.775809392137999
"AC104699.1","AC104699.1",0.775713458889796
"RP11-359E3.4","RP11-359E3.4",0.775697157516136
"RP5-836J3.1","RP5-836J3.1",0.775660801837599
"AC072062.3","AC072062.3",0.775656897462397
"RP11-713P17.3","RP11-713P17.3",0.775644421638941
"RP11-445N18.5","RP11-445N18.5",0.775605030455095
"RP11-671P2.1","RP11-671P2.1",0.775583970533454
"LINC00571","LINC00571",0.775564596007924
"RP11-384M15.3","RP11-384M15.3",0.775411248278484
"RP11-716H6.1","RP11-716H6.1",0.775361997464492
"ZNF350-AS1","ZNF350-AS1",0.775343449560305
"RP5-1065O2.4","RP5-1065O2.4",0.775232489572331
"LINC00540","LINC00540",0.775055178005002
"RP5-958B11.2","RP5-958B11.2",0.775001522133381
"AC003956.1","AC003956.1",0.775000399872233
"RP11-468E2.10","RP11-468E2.10",0.774939671678199
"FIRRE","FIRRE",0.774916617722718
"RP11-264B17.4","RP11-264B17.4",0.774835399860669
"RP11-615I2.1","RP11-615I2.1",0.774824253581191
"LINC01166","LINC01166",0.774736290255478
"RP11-340F14.6","RP11-340F14.6",0.774734033631346
"RP11-277K23.1","RP11-277K23.1",0.774682039718942
"RP11-79M19.2","RP11-79M19.2",0.774568893409337
"LINC01524","LINC01524",0.774538463618126
"RP11-407N8.6","RP11-407N8.6",0.774531249774871
"TRAPPC12-AS1","TRAPPC12-AS1",0.774530996165428
"RP11-80A15.1","RP11-80A15.1",0.774489594205087
"LINC00387","LINC00387",0.774443423809526
"AP000146.2","AP000146.2",0.774423735203271
"EPB41L4A-AS1","EPB41L4A-AS1",0.774402392791525
"LINC01352","LINC01352",0.774395285026392
"LINC00621","LINC00621",0.774309767563189
"RP11-855A2.3","RP11-855A2.3",0.774101220245815
"RP11-98D18.17","RP11-98D18.17",0.774091455780157
"RP11-479G22.8","RP11-479G22.8",0.77402494609888
"RP5-1087E8.3","RP5-1087E8.3",0.773891736179599
"RP11-260E18.1","RP11-260E18.1",0.773823721054169
"GTF3C2-AS1","GTF3C2-AS1",0.773708721116799
"RP5-1050D4.5","RP5-1050D4.5",0.773694452574076
"RP11-702F3.1","RP11-702F3.1",0.773692455736707
"RP11-108O10.2","RP11-108O10.2",0.773668291841218
"RP11-390N6.1","RP11-390N6.1",0.773627634662388
"RP4-663N10.1","RP4-663N10.1",0.773621938212083
"GS1-256O22.5","GS1-256O22.5",0.773588264154116
"AC002310.7","AC002310.7",0.773566390287218
"ADNP-AS1","ADNP-AS1",0.773542959098707
"RP11-536K7.5","RP11-536K7.5",0.773475086496467
"RP11-64B16.5","RP11-64B16.5",0.773398513436224
"RP11-344P13.4","RP11-344P13.4",0.773396659959017
"RP4-594L9.2","RP4-594L9.2",0.773340427955911
"RP11-505E24.2","RP11-505E24.2",0.773249839331132
"AC009133.12","AC009133.12",0.773064554128435
"SMAD1-AS2","SMAD1-AS2",0.773034440512378
"GTSCR1","GTSCR1",0.772996527754821
"CTB-186G2.4","CTB-186G2.4",0.77299421454899
"RP11-100M12.3","RP11-100M12.3",0.772980590708911
"RP11-631F7.1","RP11-631F7.1",0.772904214318186
"RP11-211C9.1","RP11-211C9.1",0.772899191259348
"RP13-20L14.1","RP13-20L14.1",0.772834932891857
"PPP4R1-AS1","PPP4R1-AS1",0.772775509848343
"RP1-187B23.1","RP1-187B23.1",0.772751782956893
"RP5-1112D6.8","RP5-1112D6.8",0.772672293724412
"RP3-430N8.11","RP3-430N8.11",0.772643877212575
"RP11-521C20.5","RP11-521C20.5",0.772532723082683
"RP11-1055B8.4","RP11-1055B8.4",0.772424986465733
"RP11-800A3.3","RP11-800A3.3",0.772398139729016
"RP11-443B20.1","RP11-443B20.1",0.772333028086633
"RP11-159H10.3","RP11-159H10.3",0.772306894191006
"LINC00106","LINC00106",0.772273781186823
"RP11-548H3.1","RP11-548H3.1",0.772257372761499
"RP5-1073O3.2","RP5-1073O3.2",0.772221848781673
"MYLK-AS2","MYLK-AS2",0.772212928080744
"PWRN3","PWRN3",0.772205779251282
"XXbac-B444P24.14","XXbac-B444P24.14",0.77219092195103
"RP13-20L14.6","RP13-20L14.6",0.772155294558452
"RP11-247C2.2","RP11-247C2.2",0.772146799271897
"RP11-114G22.1","RP11-114G22.1",0.772098706819774
"LINC01579","LINC01579",0.772076833400598
"RP11-47P18.2","RP11-47P18.2",0.772010309465023
"AC004009.3","AC004009.3",0.771984202554035
"AC004901.1","AC004901.1",0.771980268513898
"RP11-967K21.1","RP11-967K21.1",0.771863258331846
"RP13-631K18.2","RP13-631K18.2",0.771805047739218
"ARHGEF7-AS2","ARHGEF7-AS2",0.771793965754948
"ZNF571-AS1","ZNF571-AS1",0.771372294609996
"RP11-360F5.1","RP11-360F5.1",0.771295544385688
"RP4-697P8.3","RP4-697P8.3",0.771294368694411
"LINC00461","LINC00461",0.771290819879403
"RP11-932O9.9","RP11-932O9.9",0.771137355923237
"RP11-51J9.6","RP11-51J9.6",0.77110863620194
"RP11-1C8.4","RP11-1C8.4",0.771065534242162
"LINC00559","LINC00559",0.770810401590596
"RP11-873E20.1","RP11-873E20.1",0.770808535434504
"RP11-431N15.2","RP11-431N15.2",0.770777265142707
"RP11-94B19.5","RP11-94B19.5",0.770610835362879
"MEG3","MEG3",0.770578572722441
"LINC01442","LINC01442",0.770568206728134
"DCUN1D2-AS","DCUN1D2-AS",0.770563920960481
"RP11-320M2.1","RP11-320M2.1",0.77054910696992
"RP5-1057I20.2","RP5-1057I20.2",0.77049061950465
"AC137723.5","AC137723.5",0.770486520766465
"STXBP5-AS1","STXBP5-AS1",0.770484514975732
"RP11-115H18.1","RP11-115H18.1",0.770461011720609
"ATP2A1-AS1","ATP2A1-AS1",0.770418711098531
"RP11-751H17.1","RP11-751H17.1",0.770402118978466
"RP3-355L5.4","RP3-355L5.4",0.770391213477727
"CTD-2143L24.1","CTD-2143L24.1",0.770389465645123
"RP11-255C15.3","RP11-255C15.3",0.770306283134712
"CTB-43P18.1","CTB-43P18.1",0.770281529287865
"OSMR-AS1","OSMR-AS1",0.770278658321158
"RP11-567I13.1","RP11-567I13.1",0.77026823200061
"RP11-1085N6.3","RP11-1085N6.3",0.770042405019812
"CH17-264L24.1","CH17-264L24.1",0.770024191907413
"CTD-2145A24.5","CTD-2145A24.5",0.769876169614281
"AC142472.6","AC142472.6",0.769821206226891
"RP11-436F21.1","RP11-436F21.1",0.769614790870548
"LINC00467","LINC00467",0.769565094887268
"LINC00536","LINC00536",0.769533278443518
"LINC01376","LINC01376",0.769531928095975
"LA16c-325D7.2","LA16c-325D7.2",0.769499865344349
"CTD-2659N19.4","CTD-2659N19.4",0.769447999667016
"RP11-136F16.1","RP11-136F16.1",0.76937377641806
"CTC-501O10.1","CTC-501O10.1",0.769323868313757
"RP11-817O13.9","RP11-817O13.9",0.769282377922936
"AC005498.4","AC005498.4",0.769241014604405
"RP11-426J5.2","RP11-426J5.2",0.769197896011184
"RP11-77H9.8","RP11-77H9.8",0.769101957338732
"RP11-17A1.3","RP11-17A1.3",0.768998405855329
"AC006160.5","AC006160.5",0.768986319408789
"RP11-238K6.2","RP11-238K6.2",0.768863222349275
"RP11-531F16.4","RP11-531F16.4",0.768852864859355
"RP11-161I6.2","RP11-161I6.2",0.768734147789842
"U47924.31","U47924.31",0.768617001172728
"RP11-436D23.1","RP11-436D23.1",0.768614963979506
"RP11-288L9.4","RP11-288L9.4",0.768586626565192
"MIR24-2","MIR24-2",0.768500409672332
"CTC-444N24.13","CTC-444N24.13",0.768440248807001
"RP11-159F24.6","RP11-159F24.6",0.768413461081981
"GCC2-AS1","GCC2-AS1",0.768389892196695
"CTD-2528A14.5","CTD-2528A14.5",0.768235545928114
"RP11-384O8.1","RP11-384O8.1",0.768205978369372
"RP11-10L7.1","RP11-10L7.1",0.768195222899732
"XXyac-YR29IB3.1","XXyac-YR29IB3.1",0.768029766736053
"GAS6-AS2","GAS6-AS2",0.768011051723645
"NALT1","NALT1",0.76795877027436
"RP11-818F20.4","RP11-818F20.4",0.767957247267315
"AC068499.10","AC068499.10",0.767908527400576
"RP11-380D11.2","RP11-380D11.2",0.767906769947341
"RP11-503L19.1","RP11-503L19.1",0.767898494192231
"RP11-703H8.7","RP11-703H8.7",0.767895292562788
"LINC01035","LINC01035",0.767875671560018
"RP5-1148A21.3","RP5-1148A21.3",0.767839495195339
"CTD-3131K8.3","CTD-3131K8.3",0.767808397096781
"RP11-118E18.2","RP11-118E18.2",0.767677846805802
"AC010127.3","AC010127.3",0.767649576205369
"AP000857.3","AP000857.3",0.767634304485167
"AC008937.2","AC008937.2",0.767530054077016
"RP11-203L2.4","RP11-203L2.4",0.767527079341212
"RP11-111J6.2","RP11-111J6.2",0.767511673487397
"RP11-109D20.1","RP11-109D20.1",0.767456660084472
"RP11-464F9.21","RP11-464F9.21",0.767434746750362
"AC017060.1","AC017060.1",0.767373249376164
"RP13-580B18.4","RP13-580B18.4",0.767367045596573
"AC017074.2","AC017074.2",0.767204430813629
"USP3-AS1","USP3-AS1",0.767171309327688
"RHOXF1-AS1","RHOXF1-AS1",0.767058237695737
"RP1-92O14.3","RP1-92O14.3",0.766917449706095
"LINC00957","LINC00957",0.766917145237875
"RP11-118K6.3","RP11-118K6.3",0.766880834901247
"RP11-424D14.1","RP11-424D14.1",0.766855474793407
"AC102953.4","AC102953.4",0.766772546700441
"MBNL1-AS1","MBNL1-AS1",0.766754788434825
"RP5-1070G24.2","RP5-1070G24.2",0.766739030445931
"AC018878.3","AC018878.3",0.766658647001505
"RP11-501O2.5","RP11-501O2.5",0.766608439629025
"NAV2-AS3","NAV2-AS3",0.766563062887343
"RP11-301O19.1","RP11-301O19.1",0.766438198839272
"RP11-288I21.1","RP11-288I21.1",0.766369605299357
"CTD-2297D10.1","CTD-2297D10.1",0.766354487994504
"RP11-107D24.2","RP11-107D24.2",0.766254206459691
"RP11-15A1.7","RP11-15A1.7",0.766215268902422
"RP4-791M13.4","RP4-791M13.4",0.766074281745905
"AC009158.1","AC009158.1",0.766030294734311
"AC061992.2","AC061992.2",0.766007915204705
"AP001626.2","AP001626.2",0.765999336994853
"RP11-1148O4.2","RP11-1148O4.2",0.765959164656062
"CTA-228A9.3","CTA-228A9.3",0.765845551820483
"AP001347.6","AP001347.6",0.765836584379453
"AC137932.4","AC137932.4",0.765811668355196
"RNF139-AS1","RNF139-AS1",0.765774519884805
"KIRREL3-AS1","KIRREL3-AS1",0.765694950114516
"RP11-403P17.4","RP11-403P17.4",0.765630756457498
"RP11-1101H11.1","RP11-1101H11.1",0.765629490642376
"GNA14-AS1","GNA14-AS1",0.765627881880482
"CH17-408M7.1","CH17-408M7.1",0.765541639245706
"LMO7-AS1","LMO7-AS1",0.765441341265206
"RP11-108M9.4","RP11-108M9.4",0.765365187326829
"RP11-217L21.1","RP11-217L21.1",0.765237543934406
"RP11-245P10.4","RP11-245P10.4",0.765100765615877
"RP11-131L12.2","RP11-131L12.2",0.76505994715098
"RP11-85B7.5","RP11-85B7.5",0.764944596141892
"TMEM5-AS1","TMEM5-AS1",0.764939799437657
"GPR158-AS1","GPR158-AS1",0.764921351129849
"RP11-787D18.2","RP11-787D18.2",0.764899161036112
"LINC01252","LINC01252",0.764813323695334
"RP11-227G15.10","RP11-227G15.10",0.764775673709229
"RP11-114F10.3","RP11-114F10.3",0.764647383227976
"RP11-88E10.4","RP11-88E10.4",0.764577256956092
"RNASEH2B-AS1","RNASEH2B-AS1",0.764495249229164
"AC023469.2","AC023469.2",0.764488589561796
"RP11-102M11.2","RP11-102M11.2",0.764431204384246
"RP11-428J1.5","RP11-428J1.5",0.76440874503963
"AC098820.2","AC098820.2",0.764388821794854
"CTD-2621I17.6","CTD-2621I17.6",0.764371237155633
"SNHG12","SNHG12",0.764291546194649
"RP11-466F5.8","RP11-466F5.8",0.764212201907669
"RP11-280O1.2","RP11-280O1.2",0.764171352824615
"BSN-AS2","BSN-AS2",0.764116796768122
"AC107081.5","AC107081.5",0.764112745144738
"RP11-181G12.4","RP11-181G12.4",0.764062550320626
"RP11-25I15.3","RP11-25I15.3",0.764057699432913
"RP1-15D23.2","RP1-15D23.2",0.764055436616214
"CTD-2501M5.1","CTD-2501M5.1",0.764052276583942
"CTD-2201E18.5","CTD-2201E18.5",0.764018754260728
"RP11-648L3.2","RP11-648L3.2",0.76399018281257
"RP1-265C24.8","RP1-265C24.8",0.763989468326261
"RP11-890B15.2","RP11-890B15.2",0.763981877036749
"CTD-2026J24.1","CTD-2026J24.1",0.763950143671658
"MIR378D2","MIR378D2",0.763929467341064
"RP11-102N12.3","RP11-102N12.3",0.763886352115996
"RP11-262A12.1","RP11-262A12.1",0.763867257967182
"ARHGAP5-AS1","ARHGAP5-AS1",0.763775774036359
"RP11-475O6.1","RP11-475O6.1",0.763687670041298
"CTD-2024I7.13","CTD-2024I7.13",0.763588161871837
"RP5-827C21.6","RP5-827C21.6",0.763566234788736
"RP5-1116H23.3","RP5-1116H23.3",0.76353797519165
"AC015923.1","AC015923.1",0.763522336588163
"RP11-264K23.1","RP11-264K23.1",0.76350895559466
"RP11-571I18.4","RP11-571I18.4",0.763499033375311
"LINC01603","LINC01603",0.763299134112875
"AC022182.1","AC022182.1",0.763268404045525
"CCDC13-AS1","CCDC13-AS1",0.763190541585814
"RP11-264B14.1","RP11-264B14.1",0.763166636990491
"ASH1L-AS1","ASH1L-AS1",0.763124119371395
"RP11-298J23.5","RP11-298J23.5",0.763031587323705
"RP11-309M23.1","RP11-309M23.1",0.762950459432029
"SNHG10","SNHG10",0.762917428816171
"RP11-686O6.1","RP11-686O6.1",0.762906348656653
"CTB-32O4.2","CTB-32O4.2",0.762844032942403
"MLK7-AS1","MLK7-AS1",0.76283028761337
"FAM157C","FAM157C",0.762819656291656
"LINC01260","LINC01260",0.762721333665095
"RP11-1070N10.4","RP11-1070N10.4",0.762699708042932
"RP11-552F3.9","RP11-552F3.9",0.76268214911071
"RP11-134G8.7","RP11-134G8.7",0.762655906317003
"RP11-486O13.2","RP11-486O13.2",0.762549534408317
"RP5-1125N11.2","RP5-1125N11.2",0.762533648610942
"BCAR4","BCAR4",0.762454891954783
"RP11-395F4.1","RP11-395F4.1",0.76242624148159
"RP11-103C16.2","RP11-103C16.2",0.762410073172398
"LINC01477","LINC01477",0.762336282512011
"GTSE1-AS1","GTSE1-AS1",0.762333357733292
"XXbac-BPG294E21.9","XXbac-BPG294E21.9",0.762134529241069
"MIR210HG","MIR210HG",0.762111200323393
"NHEG1","NHEG1",0.761994261667965
"RP11-2O17.2","RP11-2O17.2",0.761948968660676
"AC005498.3","AC005498.3",0.761854056571337
"CTD-2033C11.1","CTD-2033C11.1",0.761814977919212
"PPP1R26-AS1","PPP1R26-AS1",0.761776950865056
"VLDLR-AS1","VLDLR-AS1",0.761719476077833
"AC004878.2","AC004878.2",0.761674967672597
"RP11-100N20.1","RP11-100N20.1",0.761627887963318
"RP11-625I7.1","RP11-625I7.1",0.761588624416924
"RP11-190A12.8","RP11-190A12.8",0.761577120183152
"AF196972.9","AF196972.9",0.761576999521196
"RP11-303E16.7","RP11-303E16.7",0.76152536212985
"AC010761.6","AC010761.6",0.761462465697546
"RP11-141B14.1","RP11-141B14.1",0.761444967563912
"LINC00886","LINC00886",0.761429422145039
"RP13-270P17.1","RP13-270P17.1",0.761337758438813
"AP001172.2","AP001172.2",0.761325562348071
"RP11-462G22.2","RP11-462G22.2",0.761298962611305
"CTC-429P9.2","CTC-429P9.2",0.761132004492528
"AC016723.4","AC016723.4",0.761106605280618
"SNCA-AS1","SNCA-AS1",0.761024827551605
"RP11-945A11.2","RP11-945A11.2",0.761017755447181
"RP11-164H13.1","RP11-164H13.1",0.760956280903068
"RP11-16E23.5","RP11-16E23.5",0.760916452380613
"SMAD1-AS1","SMAD1-AS1",0.760907337276093
"RP11-517P14.2","RP11-517P14.2",0.760885543277747
"RP11-245J9.6","RP11-245J9.6",0.76081426801957
"AP001468.58","AP001468.58",0.76077762188003
"KCNJ2-AS1","KCNJ2-AS1",0.760738326676158
"RP11-12J10.4","RP11-12J10.4",0.760716782525378
"RP11-6F2.5","RP11-6F2.5",0.760714948747672
"RP3-329A5.8","RP3-329A5.8",0.760676654007487
"AC092667.2","AC092667.2",0.760619688571896
"AC016738.4","AC016738.4",0.760607527902585
"AC108142.1","AC108142.1",0.760540716294051
"AC093642.3","AC093642.3",0.760368374602488
"C17orf100","C17orf100",0.760363484822836
"AC093627.10","AC093627.10",0.760353077798312
"RP11-723G8.2","RP11-723G8.2",0.760348349254506
"RP13-1032I1.7","RP13-1032I1.7",0.760301569721273
"RP11-358B23.5","RP11-358B23.5",0.760221224027071
"LINC01364","LINC01364",0.760160078384091
"RP11-63G10.2","RP11-63G10.2",0.760036440905726
"RP1-198K11.5","RP1-198K11.5",0.760023271174878
"RP11-415D17.3","RP11-415D17.3",0.759978128635126
"MEIS1-AS3","MEIS1-AS3",0.759948189800013
"LINC00670","LINC00670",0.759895896533064
"AP001255.2","AP001255.2",0.759854197596293
"CTD-3105H18.7","CTD-3105H18.7",0.759828252928279
"RP11-269C23.5","RP11-269C23.5",0.759717897933729
"LINC00200","LINC00200",0.7595447276436
"RP11-1008C21.2","RP11-1008C21.2",0.75948850057517
"RP11-629B11.5","RP11-629B11.5",0.759480615354375
"CYYR1-AS1","CYYR1-AS1",0.759385440288693
"CTD-2135D7.2","CTD-2135D7.2",0.759383061449855
"C9orf173-AS1","C9orf173-AS1",0.759295766505348
"JAKMIP2-AS1","JAKMIP2-AS1",0.759270422465846
"LINC01277","LINC01277",0.759266401607967
"RP4-704D23.1","RP4-704D23.1",0.759240330815656
"PLS3-AS1","PLS3-AS1",0.759096272678029
"HIPK1-AS1","HIPK1-AS1",0.75893527985874
"FAM87B","FAM87B",0.758924621454589
"RP11-122C21.1","RP11-122C21.1",0.758845669012682
"RP11-335O13.8","RP11-335O13.8",0.758766459784318
"RP11-111M22.3","RP11-111M22.3",0.758685706656453
"RP11-731N10.1","RP11-731N10.1",0.758469249516213
"MZF1-AS1","MZF1-AS1",0.758452317261069
"AC004510.3","AC004510.3",0.758431231112981
"RP11-96O20.5","RP11-96O20.5",0.758383788537312
"LINC00648","LINC00648",0.758331343446474
"LINC00884","LINC00884",0.758294767586905
"RP11-665C16.6","RP11-665C16.6",0.758292190987356
"CTD-3096M3.2","CTD-3096M3.2",0.758261231782366
"RP11-379K22.2","RP11-379K22.2",0.758243663260316
"LINC01182","LINC01182",0.758202775167924
"ZFHX4-AS1","ZFHX4-AS1",0.758170456470536
"AC092162.1","AC092162.1",0.758116505394866
"RP11-344P13.6","RP11-344P13.6",0.758081844238684
"MED14OS","MED14OS",0.758072716824405
"RP4-782L23.2","RP4-782L23.2",0.758030396768425
"CTA-223H9.9","CTA-223H9.9",0.757987910092302
"RP13-465B17.5","RP13-465B17.5",0.757940128955818
"LAMA5-AS1","LAMA5-AS1",0.757799644667021
"RP11-84A19.2","RP11-84A19.2",0.757719197988672
"RP11-486G15.2","RP11-486G15.2",0.757702808168654
"RP11-399E6.1","RP11-399E6.1",0.75727643956166
"CTB-129P6.4","CTB-129P6.4",0.757271501520635
"RP11-510M2.2","RP11-510M2.2",0.75725421256661
"RP11-3P22.2","RP11-3P22.2",0.75714982952861
"PRMT5-AS1","PRMT5-AS1",0.757031242647627
"RP11-701H24.3","RP11-701H24.3",0.757026320527636
"CTD-2302E22.6","CTD-2302E22.6",0.756968497936165
"RP11-521E5.1","RP11-521E5.1",0.756965095754016
"RP11-46I1.1","RP11-46I1.1",0.75691469693581
"RP11-472I20.3","RP11-472I20.3",0.756901586107718
"AC004540.5","AC004540.5",0.756871416627014
"RP11-203M5.2","RP11-203M5.2",0.75683565241842
"LINC01422","LINC01422",0.756830563757046
"RP11-404O13.1","RP11-404O13.1",0.75681754338835
"CTD-2524L6.3","CTD-2524L6.3",0.756796590776727
"RP11-127L20.3","RP11-127L20.3",0.756681889030952
"SACS-AS1","SACS-AS1",0.756673474202111
"AC006277.2","AC006277.2",0.756610510475595
"CADM3-AS1","CADM3-AS1",0.756473126678503
"LINC01324","LINC01324",0.756458153043869
"AC025171.1","AC025171.1",0.75644997188809
"RP11-33N16.2","RP11-33N16.2",0.756437841025003
"LINC01119","LINC01119",0.756434590040884
"RP11-85L21.4","RP11-85L21.4",0.756415710869997
"CTD-3203P2.1","CTD-3203P2.1",0.756374576792484
"DNAJB5-AS1","DNAJB5-AS1",0.756258745164355
"IDH1-AS1","IDH1-AS1",0.75625796116122
"RP11-531A24.5","RP11-531A24.5",0.75618260823259
"AP000462.2","AP000462.2",0.756158078136008
"AC067959.1","AC067959.1",0.756105709126757
"AC002539.1","AC002539.1",0.756019699225198
"AC010883.5","AC010883.5",0.755971168228961
"RP1-41C23.1","RP1-41C23.1",0.755896166918259
"RP11-169K17.4","RP11-169K17.4",0.755893554518373
"CTC-559E9.4","CTC-559E9.4",0.755892895983865
"RP11-739L10.1","RP11-739L10.1",0.7558440567072
"RP11-390F4.10","RP11-390F4.10",0.75583448827761
"LINC01144","LINC01144",0.755788306690924
"CTD-2371O3.3","CTD-2371O3.3",0.755775207952095
"AC005481.5","AC005481.5",0.755759554085214
"RP4-612B15.3","RP4-612B15.3",0.755658151826764
"PRKCA-AS1","PRKCA-AS1",0.755602972738715
"RP11-305F18.1","RP11-305F18.1",0.755572258049812
"AC003991.3","AC003991.3",0.755544877414203
"RP6-1O2.1","RP6-1O2.1",0.755537330752928
"RP11-168K11.2","RP11-168K11.2",0.755511556217903
"RP5-1185I7.1","RP5-1185I7.1",0.755487884118642
"RP11-458D21.1","RP11-458D21.1",0.75545582326309
"RP4-753F5.1","RP4-753F5.1",0.755311973985869
"RP11-313E19.2","RP11-313E19.2",0.755260422606451
"AC060834.3","AC060834.3",0.755220929935327
"RP11-480C16.1","RP11-480C16.1",0.755050149877329
"RP11-453M23.1","RP11-453M23.1",0.755001052684542
"RP11-849F2.9","RP11-849F2.9",0.754930946717414
"TUSC7","TUSC7",0.754923365106512
"DAOA-AS1","DAOA-AS1",0.75492083032754
"CTD-2012I17.1","CTD-2012I17.1",0.754867557286934
"RP11-473I1.5","RP11-473I1.5",0.754787799925584
"RP11-834C11.15","RP11-834C11.15",0.754779338833686
"RP5-965G21.4","RP5-965G21.4",0.754774722867739
"RP11-167H9.4","RP11-167H9.4",0.7547395225386
"LINC00637","LINC00637",0.754712750696097
"LINC01569","LINC01569",0.754638614709949
"RP11-318K12.2","RP11-318K12.2",0.754637601971259
"RP11-507K2.3","RP11-507K2.3",0.754574221484398
"RP11-196G18.23","RP11-196G18.23",0.754379430399353
"FLJ27354","FLJ27354",0.754327320547237
"CTD-3138F19.1","CTD-3138F19.1",0.754322182855762
"GNG12-AS1","GNG12-AS1",0.754219973272069
"LINC00636","LINC00636",0.754184128802851
"CTD-2336H13.2","CTD-2336H13.2",0.754096597822403
"RP11-359B12.2","RP11-359B12.2",0.754060286373807
"PCOLCE-AS1","PCOLCE-AS1",0.754021792278887
"AC074363.1","AC074363.1",0.753906867862508
"RP11-356C4.3","RP11-356C4.3",0.753778452109509
"CTD-2319I12.2","CTD-2319I12.2",0.753762652945189
"RP11-655C2.3","RP11-655C2.3",0.753749693729961
"CAHM","CAHM",0.753426643938132
"HEXA-AS1","HEXA-AS1",0.753422874477862
"DGUOK-AS1","DGUOK-AS1",0.75341155797525
"CTD-2260A17.1","CTD-2260A17.1",0.753333745218729
"AC004156.3","AC004156.3",0.753230422320921
"AC005954.4","AC005954.4",0.753173904708302
"AC130469.2","AC130469.2",0.753085400890401
"LINC00623","LINC00623",0.753076187549359
"AC079922.3","AC079922.3",0.753059253142166
"RP11-261C10.4","RP11-261C10.4",0.75305095539098
"RUSC1-AS1","RUSC1-AS1",0.752911666062069
"RP11-761N21.1","RP11-761N21.1",0.752748957878938
"LINC01586","LINC01586",0.752738418535257
"RP11-338L22.2","RP11-338L22.2",0.752652644236662
"RP4-791M13.3","RP4-791M13.3",0.752334252509892
"RP5-965G21.3","RP5-965G21.3",0.752201729689717
"LINC01224","LINC01224",0.752177259841297
"LINC01102","LINC01102",0.752158914331659
"RP4-794H19.1","RP4-794H19.1",0.752097451760054
"RP11-589P10.7","RP11-589P10.7",0.752087436834048
"RP11-227F19.5","RP11-227F19.5",0.752010492869964
"RP11-88I21.2","RP11-88I21.2",0.751906070799585
"LINC00941","LINC00941",0.751867766405066
"RP3-467L1.4","RP3-467L1.4",0.751770576847661
"RP11-431K24.1","RP11-431K24.1",0.751723325022294
"RP11-95D17.1","RP11-95D17.1",0.751684788147753
"RP11-485F13.1","RP11-485F13.1",0.751626634849086
"RP11-30K9.6","RP11-30K9.6",0.751624808695565
"RP11-181C3.1","RP11-181C3.1",0.751394524927805
"GPC6-AS1","GPC6-AS1",0.751380427822216
"PTOV1-AS2","PTOV1-AS2",0.751350042384782
"RP11-395D3.1","RP11-395D3.1",0.751302770766022
"PLCG1-AS1","PLCG1-AS1",0.751242951163202
"AC006946.16","AC006946.16",0.751238279099117
"RP11-430B1.2","RP11-430B1.2",0.751153303230832
"CTA-109P11.4","CTA-109P11.4",0.751120721011611
"RP11-1084I9.1","RP11-1084I9.1",0.75099345915722
"RP11-627G18.4","RP11-627G18.4",0.750952536231654
"RP11-989F5.1","RP11-989F5.1",0.750934373031551
"RP3-395M20.12","RP3-395M20.12",0.750908720837676
"RP11-460M2.1","RP11-460M2.1",0.750765286538665
"LINC01629","LINC01629",0.750685548990383
"RP3-406A7.7","RP3-406A7.7",0.75066744662541
"RP11-723O4.9","RP11-723O4.9",0.750661998978877
"CTD-2537I9.18","CTD-2537I9.18",0.750660818244861
"RP11-557J10.4","RP11-557J10.4",0.750577261949392
"RP11-717F1.2","RP11-717F1.2",0.750506161869509
"EIF2B5-AS1","EIF2B5-AS1",0.750332463107891
"RP11-380N8.7","RP11-380N8.7",0.750229532028283
"LINC00395","LINC00395",0.750165470527625
"CTD-2517M22.17","CTD-2517M22.17",0.750096687997371
"USP12-AS1","USP12-AS1",0.750061112005432
"RP1-191J18.66","RP1-191J18.66",0.750039501675746
"RP11-167J8.3","RP11-167J8.3",0.75000441120618
"AC083864.3","AC083864.3",0.749981113607092
"RP11-819C21.1","RP11-819C21.1",0.749975430372432
"AC016909.1","AC016909.1",0.749859561145987
"RP1-45I4.3","RP1-45I4.3",0.749761157128571
"RP11-654C22.2","RP11-654C22.2",0.7497410161671
"AC005534.8","AC005534.8",0.749644749009994
"RP11-53O19.3","RP11-53O19.3",0.74963819972785
"AC137932.5","AC137932.5",0.749587138404112
"B4GALT1-AS1","B4GALT1-AS1",0.749449998995147
"RP11-324I22.2","RP11-324I22.2",0.749447459621704
"RP11-634B7.4","RP11-634B7.4",0.749434806929865
"RP11-521O16.2","RP11-521O16.2",0.749336894774996
"C6orf99","C6orf99",0.749283107304503
"CTA-221G9.12","CTA-221G9.12",0.749274202078965
"CTA-268H5.14","CTA-268H5.14",0.749239861002944
"AC005304.1","AC005304.1",0.749176927788963
"RP11-843P14.1","RP11-843P14.1",0.749040610495983
"RP11-49K4.2","RP11-49K4.2",0.748820070974698
"RP11-895K13.2","RP11-895K13.2",0.748813074663334
"RP11-815J21.4","RP11-815J21.4",0.74872162240538
"AC008073.7","AC008073.7",0.7486779371918
"LINC01545","LINC01545",0.748558226230145
"RP11-449J21.5","RP11-449J21.5",0.748524199263954
"RP11-27G24.1","RP11-27G24.1",0.748481526431018
"RP11-697E22.1","RP11-697E22.1",0.748476068758666
"RP11-329J18.3","RP11-329J18.3",0.748440855799251
"RP11-374A4.1","RP11-374A4.1",0.748377894248957
"RP13-270P17.2","RP13-270P17.2",0.748327509892836
"RP11-386D6.2","RP11-386D6.2",0.748286729778358
"AC006946.17","AC006946.17",0.748233548697982
"RP11-627J17.1","RP11-627J17.1",0.748142165416569
"VAV3-AS1","VAV3-AS1",0.748105208374457
"RP11-312B8.1","RP11-312B8.1",0.748003794916817
"AF127577.8","AF127577.8",0.747936046672065
"RP11-398H6.1","RP11-398H6.1",0.747805371438767
"RP11-644N4.1","RP11-644N4.1",0.747784935060881
"RP11-807H17.1","RP11-807H17.1",0.747783711776158
"CTC-338M12.9","CTC-338M12.9",0.747749264370131
"RP11-542G1.1","RP11-542G1.1",0.747655265693346
"RP11-510J16.5","RP11-510J16.5",0.747644957906334
"RP11-416N4.4","RP11-416N4.4",0.747592199673834
"AC100830.4","AC100830.4",0.74750992400693
"RP11-266E6.3","RP11-266E6.3",0.747434328146574
"LINC00587","LINC00587",0.747275154045096
"RP11-107I14.4","RP11-107I14.4",0.747159323450246
"TNKS2-AS1","TNKS2-AS1",0.747118754484789
"RP11-54O15.3","RP11-54O15.3",0.746983465333678
"IBA57-AS1","IBA57-AS1",0.746972365596056
"DSG1-AS1","DSG1-AS1",0.746731308816806
"XXbac-BPG252P9.9","XXbac-BPG252P9.9",0.746647451236827
"RP11-154B12.3","RP11-154B12.3",0.746613317679454
"XXbac-B33L19.12","XXbac-B33L19.12",0.746612942962314
"AC092301.3","AC092301.3",0.746606396469149
"RORA-AS2","RORA-AS2",0.746599479767383
"AC079630.2","AC079630.2",0.746589444054176
"RP11-706P11.2","RP11-706P11.2",0.746516347793309
"PKI55","PKI55",0.746478514818109
"CTA-363E6.6","CTA-363E6.6",0.746456831772278
"CTD-2235C13.2","CTD-2235C13.2",0.746453142556634
"CTD-2523D13.1","CTD-2523D13.1",0.746434236943759
"ZNF630-AS1","ZNF630-AS1",0.746420986336665
"RP11-845C23.3","RP11-845C23.3",0.746405999709527
"RP4-564F22.5","RP4-564F22.5",0.746327662922231
"RP11-767N15.1","RP11-767N15.1",0.746206346032649
"AC004076.5","AC004076.5",0.746173848528225
"RP11-295G20.2","RP11-295G20.2",0.746170982219026
"RP11-554J4.1","RP11-554J4.1",0.746147006830434
"RP11-7F17.4","RP11-7F17.4",0.746082858672588
"RP11-536C10.4","RP11-536C10.4",0.746080003223555
"AC016700.2","AC016700.2",0.746008397912158
"RP11-22N19.2","RP11-22N19.2",0.745866142563278
"CTB-58E17.1","CTB-58E17.1",0.745752108914172
"RP11-286O1.1","RP11-286O1.1",0.745746940936226
"RP11-147L13.8","RP11-147L13.8",0.745708300865177
"RP5-971N18.3","RP5-971N18.3",0.74569861056895
"FAM222A-AS1","FAM222A-AS1",0.745693186966848
"RP11-697H9.3","RP11-697H9.3",0.745610607611029
"CTB-30L5.1","CTB-30L5.1",0.745595226480184
"RP11-1B20.1","RP11-1B20.1",0.745585003462901
"RP11-713D19.1","RP11-713D19.1",0.745577366901965
"RP5-1113E3.3","RP5-1113E3.3",0.745401155124836
"AP000797.3","AP000797.3",0.7453687330836
"RP1-140A9.1","RP1-140A9.1",0.745367950352904
"RP11-157L3.12","RP11-157L3.12",0.745334729863229
"RP11-217B7.2","RP11-217B7.2",0.745287362718158
"RP11-180I4.2","RP11-180I4.2",0.745239590696951
"RP11-114H23.1","RP11-114H23.1",0.74510021708932
"RP11-30L3.2","RP11-30L3.2",0.744899788757177
"RP11-1078H9.1","RP11-1078H9.1",0.744892518374693
"RP11-326G21.1","RP11-326G21.1",0.744725338887635
"RP11-479J7.1","RP11-479J7.1",0.744421295017836
"PROSER2-AS1","PROSER2-AS1",0.744371921693277
"PRKAR2A-AS1","PRKAR2A-AS1",0.74436155728948
"CTC-490G23.6","CTC-490G23.6",0.744341460781684
"RP11-255I10.2","RP11-255I10.2",0.744330646457186
"CYP17A1-AS1","CYP17A1-AS1",0.744167325583555
"AC018737.3","AC018737.3",0.744165830393028
"RP11-968A15.2","RP11-968A15.2",0.744122138416906
"RP11-110I1.6","RP11-110I1.6",0.744120315939846
"MIR3911","MIR3911",0.744114547056425
"LINC01541","LINC01541",0.744039342272238
"AC004549.6","AC004549.6",0.744021687708953
"RP1-293L8.2","RP1-293L8.2",0.743954728112088
"RP11-129K12.1","RP11-129K12.1",0.743950355385751
"RP11-389G6.4","RP11-389G6.4",0.743895688534964
"LINC01562","LINC01562",0.743827665247716
"RP11-390B4.3","RP11-390B4.3",0.743615655043258
"AC006547.13","AC006547.13",0.743396940221924
"RP11-15E18.1","RP11-15E18.1",0.743394534071492
"AC009276.4","AC009276.4",0.743293458922761
"RP11-290K4.2","RP11-290K4.2",0.743228911124401
"RP11-33N14.3","RP11-33N14.3",0.743209928191417
"AP000692.10","AP000692.10",0.743206582011899
"TBL1XR1-AS1","TBL1XR1-AS1",0.743136523022511
"RP4-613B23.1","RP4-613B23.1",0.743028276616805
"AP003900.6","AP003900.6",0.743005826593627
"MLIP-AS1","MLIP-AS1",0.742985271682505
"SPANXA2-OT1","SPANXA2-OT1",0.742943420559118
"MIR325HG","MIR325HG",0.742880555973603
"LINC00309","LINC00309",0.742859420604434
"GS1-120K12.4","GS1-120K12.4",0.742714481299456
"ASMTL-AS1","ASMTL-AS1",0.742707798941492
"AC005609.17","AC005609.17",0.742692480548038
"RP11-2E11.6","RP11-2E11.6",0.74265490349272
"SLC8A1-AS1","SLC8A1-AS1",0.742645750978235
"RP1-199J3.7","RP1-199J3.7",0.742637924262578
"RP11-440G9.1","RP11-440G9.1",0.742561503731972
"AC004112.4","AC004112.4",0.74253713181614
"RP11-517O13.3","RP11-517O13.3",0.742493014782663
"WWC3-AS1","WWC3-AS1",0.742458275883745
"RP11-304M2.6","RP11-304M2.6",0.742442658123053
"AC003088.1","AC003088.1",0.74230741061297
"LINC00376","LINC00376",0.742286450044214
"AC062017.1","AC062017.1",0.742256580799207
"RP11-61E11.2","RP11-61E11.2",0.74217844591805
"RP5-899B16.1","RP5-899B16.1",0.742170570126938
"ZNRF3-AS1","ZNRF3-AS1",0.742112727706837
"RP11-697E14.2","RP11-697E14.2",0.742063649534579
"CTD-2377O17.1","CTD-2377O17.1",0.742016623301757
"RP11-151A6.6","RP11-151A6.6",0.741887161891635
"RP11-557N21.1","RP11-557N21.1",0.741808578713608
"RP11-61I13.3","RP11-61I13.3",0.741807697767225
"CTD-2600O9.1","CTD-2600O9.1",0.741788768681811
"RP11-352G18.2","RP11-352G18.2",0.741765593882298
"RP6-65G23.3","RP6-65G23.3",0.74175640282891
"RP11-580I1.2","RP11-580I1.2",0.741743974743428
"RP5-940J5.8","RP5-940J5.8",0.741729024641993
"RP1-5O6.5","RP1-5O6.5",0.741664525614992
"RP11-354A14.1","RP11-354A14.1",0.741611303584506
"RP11-315D16.4","RP11-315D16.4",0.741527288797603
"LINC01136","LINC01136",0.741447101105424
"RP4-635E18.6","RP4-635E18.6",0.741438376068378
"RP11-366G5.1","RP11-366G5.1",0.741365273268959
"RP11-317N8.5","RP11-317N8.5",0.741308141514814
"RP5-968D22.3","RP5-968D22.3",0.741244041333539
"CCNT2-AS1","CCNT2-AS1",0.74123972951898
"RP11-810P12.5","RP11-810P12.5",0.741234974584364
"RP11-296E23.1","RP11-296E23.1",0.74122053730294
"RP11-386D6.1","RP11-386D6.1",0.741105037986219
"LINC00926","LINC00926",0.741033725682508
"RP11-1C8.6","RP11-1C8.6",0.741028941533119
"LMCD1-AS1","LMCD1-AS1",0.740938530182779
"RP11-10O22.1","RP11-10O22.1",0.740699368241472
"RP11-119H12.6","RP11-119H12.6",0.740615183084392
"RP11-136I14.5","RP11-136I14.5",0.740536201861225
"LINC01605","LINC01605",0.740530948244725
"RP11-231G3.1","RP11-231G3.1",0.740503366437907
"CTC-329D1.3","CTC-329D1.3",0.740480654960722
"RP11-439A17.10","RP11-439A17.10",0.740300722654803
"CTC-439O9.3","CTC-439O9.3",0.740264677615434
"MAGI1-AS1","MAGI1-AS1",0.740209585212133
"RP11-318C24.2","RP11-318C24.2",0.740152015272938
"RP1-313I6.12","RP1-313I6.12",0.740147545038513
"DPYD-AS1","DPYD-AS1",0.739824349403009
"RP1-71H24.1","RP1-71H24.1",0.739797827318084
"AP001596.6","AP001596.6",0.739583509277836
"RP11-342M1.3","RP11-342M1.3",0.739572437468676
"GATM-AS1","GATM-AS1",0.739571775330255
"RP11-651P23.5","RP11-651P23.5",0.73942529619091
"RP11-1437A8.6","RP11-1437A8.6",0.739423162439445
"THRIL","THRIL",0.739418445439338
"ARMCX3-AS1","ARMCX3-AS1",0.739415801070414
"RP11-459F6.1","RP11-459F6.1",0.739365949349832
"RP11-538I12.3","RP11-538I12.3",0.739286500762689
"RP11-1246C19.1","RP11-1246C19.1",0.739257065334374
"RP11-404I7.2","RP11-404I7.2",0.739192510338441
"LINC00407","LINC00407",0.739191070383433
"RP11-120K24.3","RP11-120K24.3",0.739049846645707
"TCEAL3-AS1","TCEAL3-AS1",0.739046120682704
"RP11-187O7.3","RP11-187O7.3",0.739031869348436
"AC016716.2","AC016716.2",0.739020942496456
"NDUFB2-AS1","NDUFB2-AS1",0.73898060875736
"DRAIC","DRAIC",0.738970669238746
"CH507-210P18.1","CH507-210P18.1",0.738969030080062
"RP11-490O6.2","RP11-490O6.2",0.738947641862313
"AC026167.1","AC026167.1",0.738937737438131
"LINC01006","LINC01006",0.738901738882006
"RP11-738G5.1","RP11-738G5.1",0.738679743261914
"RP11-320G24.1","RP11-320G24.1",0.738656902781241
"CD81-AS1","CD81-AS1",0.738619413377848
"RP11-367J11.3","RP11-367J11.3",0.738607963313759
"RP11-102J14.1","RP11-102J14.1",0.738568702142235
"RP11-797D24.4","RP11-797D24.4",0.738566876158567
"AC007285.7","AC007285.7",0.73853123751647
"PVT1","PVT1",0.738521227678532
"RP11-396B14.2","RP11-396B14.2",0.738396102770809
"MDC1-AS1","MDC1-AS1",0.73836233374731
"RP11-624D11.2","RP11-624D11.2",0.73834621912887
"LINC01492","LINC01492",0.738258478922229
"RP11-439M11.1","RP11-439M11.1",0.738216971756088
"RP11-273G15.2","RP11-273G15.2",0.738194547376887
"RP11-3D4.3","RP11-3D4.3",0.738151175709412
"ZNF649-AS1","ZNF649-AS1",0.738110518114817
"RP11-798K3.3","RP11-798K3.3",0.738027304069185
"LL09NC01-251B2.3","LL09NC01-251B2.3",0.737930548278866
"RP11-424G14.1","RP11-424G14.1",0.737874343313629
"ST7-AS2","ST7-AS2",0.737822028247242
"RP11-347C12.10","RP11-347C12.10",0.737781052323821
"RP11-21K12.3","RP11-21K12.3",0.737669694223331
"RP5-843L14.1","RP5-843L14.1",0.737524136171949
"ITGB5-AS1","ITGB5-AS1",0.737518026052067
"RP11-779O18.3","RP11-779O18.3",0.737516831512069
"RP11-63N8.3","RP11-63N8.3",0.737488686767062
"EWSAT1","EWSAT1",0.7374803711632
"RP11-875O11.2","RP11-875O11.2",0.737148245405631
"RP11-538P18.2","RP11-538P18.2",0.737131384250729
"SEMA6A-AS1","SEMA6A-AS1",0.737125008843124
"RP13-539F13.3","RP13-539F13.3",0.737118707165436
"RP11-332H14.1","RP11-332H14.1",0.7371160498877
"LINC01273","LINC01273",0.737112214023477
"AC007405.6","AC007405.6",0.737108532797817
"RP11-679C8.2","RP11-679C8.2",0.737036286168735
"LINC00638","LINC00638",0.736993560387923
"XXbac-BPGBPG55C20.3","XXbac-BPGBPG55C20.3",0.736971604369055
"RP11-295I5.4","RP11-295I5.4",0.736927489962828
"RP11-400N13.2","RP11-400N13.2",0.736911603631354
"FAM83C-AS1","FAM83C-AS1",0.736850039236504
"RP11-755F10.3","RP11-755F10.3",0.736829850608237
"RP11-3B12.2","RP11-3B12.2",0.736765384862496
"RP11-323N12.5","RP11-323N12.5",0.736749476888172
"RFX3-AS1","RFX3-AS1",0.736725171385103
"CTD-2530H12.4","CTD-2530H12.4",0.736710057110023
"AF038458.3","AF038458.3",0.736669386869391
"LARS2-AS1","LARS2-AS1",0.736488545583513
"AP000442.4","AP000442.4",0.736422158270585
"RP11-334N17.1","RP11-334N17.1",0.736420784626097
"CTC-548K16.2","CTC-548K16.2",0.736283671236383
"RP11-653J6.1","RP11-653J6.1",0.736235004015612
"RP11-565A3.1","RP11-565A3.1",0.736209787596695
"AC010524.2","AC010524.2",0.736136542005783
"CTB-73N10.1","CTB-73N10.1",0.736079434184597
"MED4-AS1","MED4-AS1",0.736072274785891
"RP11-419I17.2","RP11-419I17.2",0.735971446910663
"OLMALINC","OLMALINC",0.735943635900764
"RHPN1-AS1","RHPN1-AS1",0.735852510567986
"RP11-93K22.6","RP11-93K22.6",0.735703068675128
"AC097499.1","AC097499.1",0.73567954913577
"RP11-701H24.4","RP11-701H24.4",0.73567519315901
"RP11-561O23.8","RP11-561O23.8",0.735656450215052
"AC092635.1","AC092635.1",0.735526079195432
"LINC00457","LINC00457",0.735524255300068
"RP4-714D9.2","RP4-714D9.2",0.73549652290047
"CHODL-AS1","CHODL-AS1",0.735450875194098
"MEIOB","MEIOB",0.735372200333944
"RP11-145G20.1","RP11-145G20.1",0.735354971530647
"RP11-141E13.1","RP11-141E13.1",0.73532762276099
"MIR133A1HG","MIR133A1HG",0.735327448041455
"CTD-2655K5.1","CTD-2655K5.1",0.735278772111045
"RP11-265P11.1","RP11-265P11.1",0.735247297851381
"DIAPH2-AS1","DIAPH2-AS1",0.735145517307818
"RP5-1121E10.2","RP5-1121E10.2",0.735113792694129
"CMP21-97G8.2","CMP21-97G8.2",0.735100754340485
"HLX-AS1","HLX-AS1",0.735057272135623
"RP11-3J1.1","RP11-3J1.1",0.735047052849846
"RP11-588H7.1","RP11-588H7.1",0.735036022477313
"RP4-704D21.2","RP4-704D21.2",0.734804603993597
"RP11-11N9.4","RP11-11N9.4",0.734756112358097
"RP11-710C12.1","RP11-710C12.1",0.734663447790266
"RP11-459I19.1","RP11-459I19.1",0.734661192577149
"RP13-616I3.1","RP13-616I3.1",0.734466472152522
"SNHG18","SNHG18",0.734361901310417
"RP5-943J3.2","RP5-943J3.2",0.734303613348927
"RP11-1029J19.4","RP11-1029J19.4",0.734303088780789
"AC005944.2","AC005944.2",0.734296623918709
"RP11-724M22.1","RP11-724M22.1",0.734243935229596
"LINC01618","LINC01618",0.734221839578458
"GS1-393G12.14","GS1-393G12.14",0.734195433134674
"RP11-640N11.2","RP11-640N11.2",0.734189868890178
"RP11-1084E5.1","RP11-1084E5.1",0.734112047813172
"RP5-827C21.2","RP5-827C21.2",0.734008176399871
"RP11-736K20.6","RP11-736K20.6",0.733948944066336
"CTB-175E5.7","CTB-175E5.7",0.733883009499686
"RP11-562A8.4","RP11-562A8.4",0.733845104734458
"CTD-2545M3.2","CTD-2545M3.2",0.733797102227512
"AL591893.1","AL591893.1",0.733721183605522
"LINC01259","LINC01259",0.733606595767008
"RP11-714G18.1","RP11-714G18.1",0.733598029256829
"RP11-142A5.1","RP11-142A5.1",0.733558788654155
"RP11-147L13.12","RP11-147L13.12",0.733477701487592
"RP4-751H13.7","RP4-751H13.7",0.733397030389071
"RP5-826L7.1","RP5-826L7.1",0.733270102003678
"RP5-907D15.3","RP5-907D15.3",0.733190529306977
"RP11-278H7.4","RP11-278H7.4",0.733179263430668
"RP11-227F19.1","RP11-227F19.1",0.733018610226719
"RP11-341N2.1","RP11-341N2.1",0.732969823869801
"RP11-61O1.1","RP11-61O1.1",0.732934488844403
"ZBED5-AS1","ZBED5-AS1",0.732829182136653
"RP11-45A17.2","RP11-45A17.2",0.732771690966575
"AC002456.2","AC002456.2",0.73246852325754
"AP001062.9","AP001062.9",0.732383299346909
"RP11-147L13.15","RP11-147L13.15",0.732286855186487
"CTD-2291D10.1","CTD-2291D10.1",0.732168060069325
"RP11-455F5.4","RP11-455F5.4",0.732162216641756
"RP11-439H8.4","RP11-439H8.4",0.732065785306493
"RP11-755B10.3","RP11-755B10.3",0.732021099541258
"XX-C2158C12.2","XX-C2158C12.2",0.732008904097471
"FRY-AS1","FRY-AS1",0.731988100607439
"TM4SF19-AS1","TM4SF19-AS1",0.731912793360832
"RP1-292B18.4","RP1-292B18.4",0.73188727390671
"AF064858.8","AF064858.8",0.731841341312768
"LINC01291","LINC01291",0.731766680920087
"RP11-680F8.3","RP11-680F8.3",0.731749566451945
"RP11-79P5.9","RP11-79P5.9",0.731728279997433
"RP11-449P15.2","RP11-449P15.2",0.73169914507135
"CTD-3065B20.3","CTD-3065B20.3",0.731667334854129
"AC005301.9","AC005301.9",0.731632576919139
"AC016745.3","AC016745.3",0.731563170741021
"RP11-483I13.5","RP11-483I13.5",0.731505081458286
"MIF-AS1","MIF-AS1",0.73148204784637
"RP11-15H20.7","RP11-15H20.7",0.731453526141603
"RP11-365O16.6","RP11-365O16.6",0.731293652485612
"CNTN4-AS2","CNTN4-AS2",0.731237216277727
"LINC00598","LINC00598",0.731203549597694
"AC093642.6","AC093642.6",0.730923399746162
"RP11-74J13.8","RP11-74J13.8",0.73090566258707
"RP11-367G18.1","RP11-367G18.1",0.730852461991829
"C9orf139","C9orf139",0.730797537568574
"RP11-778J16.3","RP11-778J16.3",0.730727700730106
"RP11-666A20.4","RP11-666A20.4",0.730515076006294
"RP11-463D19.1","RP11-463D19.1",0.730309726469922
"AC005042.4","AC005042.4",0.730285869118884
"RP11-499O7.7","RP11-499O7.7",0.730242557061788
"RP11-453O5.1","RP11-453O5.1",0.730198305750653
"LINC01514","LINC01514",0.730166896295271
"RP11-326I11.4","RP11-326I11.4",0.730153670162548
"CTD-2017F17.2","CTD-2017F17.2",0.730078642006307
"RP11-799D4.4","RP11-799D4.4",0.730073590577201
"CTD-2283N19.1","CTD-2283N19.1",0.730068729024279
"RP11-519G16.2","RP11-519G16.2",0.730063585501201
"RP11-128A17.2","RP11-128A17.2",0.730040160261319
"AC004054.1","AC004054.1",0.729885130866635
"C1orf229","C1orf229",0.729799502525865
"NRSN2-AS1","NRSN2-AS1",0.729668937084206
"RP11-536C5.7","RP11-536C5.7",0.729620505973024
"RP11-319G6.1","RP11-319G6.1",0.729597044200428
"RP11-188P17.2","RP11-188P17.2",0.729424045967782
"RP11-537H15.3","RP11-537H15.3",0.729417797016685
"LINC01515","LINC01515",0.729414430357628
"RP11-563N4.1","RP11-563N4.1",0.729311349355587
"RP11-401F2.3","RP11-401F2.3",0.729230071633804
"RP11-9G1.3","RP11-9G1.3",0.729222781407171
"SCGB1B2P","SCGB1B2P",0.729181360561042
"CTD-2227I18.1","CTD-2227I18.1",0.729033878159373
"RP5-1024N4.4","RP5-1024N4.4",0.728985749730539
"RP11-186B7.7","RP11-186B7.7",0.72894062210017
"RP11-659P15.1","RP11-659P15.1",0.728800920511903
"RP6-114E22.1","RP6-114E22.1",0.728754582990482
"AC009133.15","AC009133.15",0.728715541219563
"RP1-100J12.1","RP1-100J12.1",0.728713630450124
"PTPRD-AS1","PTPRD-AS1",0.728699704441974
"AC104135.2","AC104135.2",0.728633145201953
"CTD-2561F5.1","CTD-2561F5.1",0.728631933710621
"LINC01416","LINC01416",0.728515136390831
"AC046143.3","AC046143.3",0.728476195949381
"RP11-227G15.12","RP11-227G15.12",0.728380619390668
"NAMA","NAMA",0.728284644644015
"RP11-38H17.1","RP11-38H17.1",0.728260497440432
"AC069394.1","AC069394.1",0.728240761958721
"RP11-354P11.8","RP11-354P11.8",0.728211617786193
"RP11-359P5.1","RP11-359P5.1",0.728142496995129
"AC087430.1","AC087430.1",0.728096557894789
"LINC00384","LINC00384",0.728093001382222
"RP11-626G11.5","RP11-626G11.5",0.728045587077254
"RP11-1007O24.3","RP11-1007O24.3",0.728044837439147
"RP11-884K10.7","RP11-884K10.7",0.728037896331896
"LINC01349","LINC01349",0.728009444016522
"RP11-457M11.5","RP11-457M11.5",0.727659110805372
"AC005592.2","AC005592.2",0.727629469580787
"RP11-7O11.3","RP11-7O11.3",0.72754261325168
"RP11-204E9.3","RP11-204E9.3",0.727487383456122
"RP1-30E17.2","RP1-30E17.2",0.727439108091914
"LA16c-349E10.1","LA16c-349E10.1",0.727423168477854
"RP11-575L7.8","RP11-575L7.8",0.727378140305747
"RP1-154K9.2","RP1-154K9.2",0.727335786031565
"ARNTL2-AS1","ARNTL2-AS1",0.72728285441079
"RP11-944L7.4","RP11-944L7.4",0.727272292281822
"NR2F1-AS1","NR2F1-AS1",0.727232780807602
"RP11-156K23.3","RP11-156K23.3",0.727183410840116
"RP11-629O1.2","RP11-629O1.2",0.727139611848218
"RP11-573D15.8","RP11-573D15.8",0.727055197733967
"RP11-348N5.9","RP11-348N5.9",0.727045827414992
"RP11-141M1.3","RP11-141M1.3",0.727037203885597
"RP11-99E15.2","RP11-99E15.2",0.726976841281255
"TSIX","TSIX",0.726932873343116
"RP11-680G24.6","RP11-680G24.6",0.726819002480711
"ZNF436-AS1","ZNF436-AS1",0.72680872165371
"LINC01003","LINC01003",0.72679268690677
"RP11-529G21.2","RP11-529G21.2",0.726761002628147
"AC104532.3","AC104532.3",0.726713991896808
"AC073071.1","AC073071.1",0.726619576680144
"RP11-417L19.4","RP11-417L19.4",0.726596291174122
"RP11-326A19.4","RP11-326A19.4",0.726570024387725
"RP11-265N6.1","RP11-265N6.1",0.726565589554128
"RP11-440D17.4","RP11-440D17.4",0.726537368363931
"RP11-521O16.1","RP11-521O16.1",0.726495933949547
"CTC-348L5.1","CTC-348L5.1",0.726450408789938
"LINC00964","LINC00964",0.726373492844743
"RP11-703M24.5","RP11-703M24.5",0.726154701847861
"RP11-109E12.1","RP11-109E12.1",0.725984767128899
"RP11-458F8.4","RP11-458F8.4",0.725916221022155
"CSTF3-AS1","CSTF3-AS1",0.725720556238836
"AP000254.8","AP000254.8",0.72572043342628
"RP11-525K10.1","RP11-525K10.1",0.725625221385097
"VIPR1-AS1","VIPR1-AS1",0.725590738810099
"RP11-725D20.1","RP11-725D20.1",0.725575388257336
"RP11-439E19.10","RP11-439E19.10",0.725555514218758
"RP11-219D15.3","RP11-219D15.3",0.725496992745244
"AC073934.6","AC073934.6",0.725380701084068
"RP11-158D2.2","RP11-158D2.2",0.725345043596191
"RP11-861E21.1","RP11-861E21.1",0.725287215424096
"RP11-333E1.1","RP11-333E1.1",0.72527200373547
"RP11-108P20.4","RP11-108P20.4",0.725215368295504
"CTC-467M3.1","CTC-467M3.1",0.725190870036379
"RP11-17A4.2","RP11-17A4.2",0.725092353836812
"RP11-152N13.16","RP11-152N13.16",0.725030591739479
"RP11-553A10.1","RP11-553A10.1",0.725025081079254
"RP11-533E19.7","RP11-533E19.7",0.725022987228004
"RP11-689P11.2","RP11-689P11.2",0.724937039255878
"RP11-977G19.14","RP11-977G19.14",0.724916583481254
"KIF9-AS1","KIF9-AS1",0.72485101678497
"AP000936.4","AP000936.4",0.724843949413463
"RP11-14N9.2","RP11-14N9.2",0.724793385846361
"RP11-111F5.4","RP11-111F5.4",0.72474087401032
"AC016722.4","AC016722.4",0.72468059831793
"RP11-91P24.7","RP11-91P24.7",0.724564089630705
"LINC01090","LINC01090",0.72442156672924
"AC006227.1","AC006227.1",0.724392333599035
"RP11-474P2.4","RP11-474P2.4",0.72438472369263
"RP5-1092A3.4","RP5-1092A3.4",0.724309558365191
"FOXP1-AS1","FOXP1-AS1",0.724304745590773
"RP11-96H19.1","RP11-96H19.1",0.724214292240904
"AC004895.4","AC004895.4",0.724176246943625
"CTD-2165H16.4","CTD-2165H16.4",0.724111328129043
"AC002467.7","AC002467.7",0.724084647141618
"LINC00972","LINC00972",0.724084049851709
"FER1L6-AS1","FER1L6-AS1",0.724059390951735
"RP11-293P20.2","RP11-293P20.2",0.72399900120201
"RP11-152D8.1","RP11-152D8.1",0.723891566356253
"ATP11AUN","ATP11AUN",0.723828738198847
"CTC-367J11.1","CTC-367J11.1",0.723808761734396
"CTA-392C11.2","CTA-392C11.2",0.723799556818439
"CTD-2245E15.3","CTD-2245E15.3",0.723431868191626
"RP11-384F7.2","RP11-384F7.2",0.723348098716751
"AC015691.13","AC015691.13",0.723337245997572
"RP11-583F2.2","RP11-583F2.2",0.723244999481102
"AC091878.1","AC091878.1",0.723072210991512
"RP13-188A5.1","RP13-188A5.1",0.723054279510268
"RP11-166P13.4","RP11-166P13.4",0.723048730134744
"RP11-493E12.1","RP11-493E12.1",0.722946306064889
"KCNK15-AS1","KCNK15-AS1",0.722914241198578
"RP13-131K19.1","RP13-131K19.1",0.722850982114043
"RP1-84O15.2","RP1-84O15.2",0.722677978525885
"AP004372.1","AP004372.1",0.72265178586892
"RORA-AS1","RORA-AS1",0.722636440245228
"RP11-2N5.1","RP11-2N5.1",0.722586935754928
"PRICKLE2-AS3","PRICKLE2-AS3",0.722564643530559
"RP11-454K7.1","RP11-454K7.1",0.722531660362395
"LINC00293","LINC00293",0.722528621878385
"RAB11B-AS1","RAB11B-AS1",0.722383687723249
"RP11-334J6.6","RP11-334J6.6",0.722329700305532
"AC092657.2","AC092657.2",0.722297911598543
"RP11-1069G10.1","RP11-1069G10.1",0.722291573377784
"RP11-127I20.5","RP11-127I20.5",0.722150666834506
"RP11-109N23.4","RP11-109N23.4",0.722118152291702
"RP11-532F6.5","RP11-532F6.5",0.722032611752328
"AC007192.6","AC007192.6",0.721865087100722
"RP11-65J21.4","RP11-65J21.4",0.721800067416215
"AC015933.2","AC015933.2",0.721790543204469
"GAS1RR","GAS1RR",0.721782046364293
"AZIN1-AS1","AZIN1-AS1",0.721637573562874
"RP11-527D7.1","RP11-527D7.1",0.721587402778718
"LINC01163","LINC01163",0.721585981916275
"LINC01126","LINC01126",0.72155755921509
"RP11-162G10.5","RP11-162G10.5",0.721426741543022
"RP11-70F11.7","RP11-70F11.7",0.721411729546572
"ZBTB20-AS2","ZBTB20-AS2",0.72138852708883
"AC008269.2","AC008269.2",0.721321970117782
"RP11-173M1.4","RP11-173M1.4",0.721260848754457
"RP11-549B18.1","RP11-549B18.1",0.721238000892295
"RP11-496B10.3","RP11-496B10.3",0.721154509536312
"RP11-669E14.6","RP11-669E14.6",0.720988086218852
"LSAMP-AS1","LSAMP-AS1",0.720923963785348
"CTC-503J8.4","CTC-503J8.4",0.72090404478381
"CTD-2215E18.2","CTD-2215E18.2",0.72087738147574
"DIAPH3-AS1","DIAPH3-AS1",0.720791738878304
"LINC00654","LINC00654",0.720761245126018
"NEAT1","NEAT1",0.72058467018358
"RP11-795H16.3","RP11-795H16.3",0.720428226941002
"RP11-370P15.2","RP11-370P15.2",0.720315138848307
"FAM41C","FAM41C",0.720260353238766
"RP11-1057B6.1","RP11-1057B6.1",0.720118301985205
"CTB-147C22.8","CTB-147C22.8",0.72007095173958
"RP11-644F5.16","RP11-644F5.16",0.719937652220825
"AC009299.2","AC009299.2",0.71992755234839
"RP11-664D1.1","RP11-664D1.1",0.719693521890505
"LANCL1-AS1","LANCL1-AS1",0.719676659965894
"RP11-297K8.2","RP11-297K8.2",0.719674473505759
"SERTAD4-AS1","SERTAD4-AS1",0.71958514402239
"RP11-426C22.5","RP11-426C22.5",0.719440887717502
"AC004381.7","AC004381.7",0.719383414905771
"NCAM1-AS1","NCAM1-AS1",0.719343680667734
"CTC-551A13.2","CTC-551A13.2",0.719322915888813
"RP11-390P24.1","RP11-390P24.1",0.7193166800376
"RP11-281J9.2","RP11-281J9.2",0.719301733324785
"RP11-543N12.1","RP11-543N12.1",0.719274594151823
"RP11-680F8.1","RP11-680F8.1",0.719235776173513
"RP11-471B22.3","RP11-471B22.3",0.719193822412006
"RP1-137K2.2","RP1-137K2.2",0.718931654642686
"CTD-3126B10.1","CTD-3126B10.1",0.718797430960229
"RP11-399K21.13","RP11-399K21.13",0.718710700067486
"RP4-781K5.4","RP4-781K5.4",0.718601908658555
"ARHGAP31-AS1","ARHGAP31-AS1",0.71849165274242
"PCAT7","PCAT7",0.718409843986759
"Z69720.2","Z69720.2",0.718359700900877
"RP11-723O4.2","RP11-723O4.2",0.718356016923121
"AC007292.7","AC007292.7",0.718341022114882
"AC004448.5","AC004448.5",0.718319431099288
"A2ML1-AS1","A2ML1-AS1",0.718297083876323
"RP11-692P14.1","RP11-692P14.1",0.718178252084542
"ITPR1-AS1","ITPR1-AS1",0.718097114230221
"CTC-241N9.1","CTC-241N9.1",0.718092600155322
"RP11-291L22.4","RP11-291L22.4",0.718056877442093
"AL109761.5","AL109761.5",0.718053189786202
"AC064871.3","AC064871.3",0.718029071301524
"PCDH9-AS3","PCDH9-AS3",0.717857590555289
"RP11-16E12.1","RP11-16E12.1",0.717602915406679
"AC009404.2","AC009404.2",0.717587313100537
"RP11-702H23.4","RP11-702H23.4",0.71757706753419
"RP1-78B3.1","RP1-78B3.1",0.717449210869678
"AC002398.11","AC002398.11",0.717441643945838
"RP11-490B18.6","RP11-490B18.6",0.717366350265889
"CTD-2521M24.6","CTD-2521M24.6",0.717319910533625
"RP11-79O8.1","RP11-79O8.1",0.717296798736553
"TMEM254-AS1","TMEM254-AS1",0.717269747821265
"CTD-2005H7.1","CTD-2005H7.1",0.717223962858628
"RP11-318A15.2","RP11-318A15.2",0.7171824946671
"RP11-134K13.4","RP11-134K13.4",0.716991892893845
"AC144831.1","AC144831.1",0.716988381065638
"RP11-85G18.6","RP11-85G18.6",0.716937800248412
"LINC01063","LINC01063",0.716837523490413
"RP11-159H22.2","RP11-159H22.2",0.716833276616622
"CTD-2014B16.3","CTD-2014B16.3",0.716528218698354
"RP3-406P24.3","RP3-406P24.3",0.716517616966997
"RP11-219B4.5","RP11-219B4.5",0.716515706109826
"RP11-1105G2.4","RP11-1105G2.4",0.716256345285459
"RP11-379B18.6","RP11-379B18.6",0.716095139079609
"RP11-476H16.1","RP11-476H16.1",0.715854649161528
"RP11-115F18.1","RP11-115F18.1",0.715850048391145
"RP11-82O19.1","RP11-82O19.1",0.715849804136974
"ENO1-AS1","ENO1-AS1",0.715816456170312
"RP3-448I9.1","RP3-448I9.1",0.715809513211317
"RP11-195C7.1","RP11-195C7.1",0.715801823546334
"RP11-93G5.1","RP11-93G5.1",0.715741827918709
"AP006621.9","AP006621.9",0.715703800800434
"RP1-209A6.1","RP1-209A6.1",0.715661316566548
"AC097467.2","AC097467.2",0.71561182619445
"RP11-736G13.1","RP11-736G13.1",0.715571798122768
"LINC01054","LINC01054",0.71557033420313
"RP11-360I2.1","RP11-360I2.1",0.715475854091273
"RP11-83B20.1","RP11-83B20.1",0.715425641159299
"RP1-278C19.8","RP1-278C19.8",0.715333170798012
"RP5-951N9.1","RP5-951N9.1",0.715266867638475
"AC097724.3","AC097724.3",0.715029092197789
"STEAP3-AS1","STEAP3-AS1",0.71482078653754
"AC016700.5","AC016700.5",0.714780940563027
"RP11-394O4.3","RP11-394O4.3",0.714749713625087
"RP5-1186P10.2","RP5-1186P10.2",0.714707234172201
"RP1-81D8.3","RP1-81D8.3",0.714689669206412
"RP1-35C21.2","RP1-35C21.2",0.714687203164036
"CTA-204B4.2","CTA-204B4.2",0.714686851482325
"RP11-168E17.1","RP11-168E17.1",0.714660761552747
"RP3-325F22.5","RP3-325F22.5",0.714587855707794
"RP4-735C1.6","RP4-735C1.6",0.714405410077927
"RP11-323F24.3","RP11-323F24.3",0.714394627323493
"RP5-1136G13.2","RP5-1136G13.2",0.714345489308704
"CTD-2647L4.1","CTD-2647L4.1",0.714316982022035
"RP11-101C11.1","RP11-101C11.1",0.714244286666521
"RP11-576E20.1","RP11-576E20.1",0.714014680883767
"AC019118.3","AC019118.3",0.713928098807666
"RP11-376O6.2","RP11-376O6.2",0.713692177839889
"CH17-132F21.5","CH17-132F21.5",0.713665527239538
"RP11-445P17.3","RP11-445P17.3",0.713654171934357
"CADM2-AS2","CADM2-AS2",0.713455876349697
"RP11-269F20.1","RP11-269F20.1",0.713431632872943
"AC008278.3","AC008278.3",0.713381343930268
"AP001258.4","AP001258.4",0.713341843931066
"CTC-542B22.2","CTC-542B22.2",0.713228625108723
"RP11-651L5.3","RP11-651L5.3",0.713185133443463
"LINC00276","LINC00276",0.713122459272734
"RP1-228P16.4","RP1-228P16.4",0.713081662770097
"AC009229.6","AC009229.6",0.713074578325275
"CTD-2034I4.1","CTD-2034I4.1",0.713056581579474
"AC005786.7","AC005786.7",0.712922527750119
"RP11-1060J15.4","RP11-1060J15.4",0.712850276309279
"RP11-16P6.1","RP11-16P6.1",0.712772712941111
"RP11-74E22.8","RP11-74E22.8",0.712617031660622
"RP11-381K20.2","RP11-381K20.2",0.712546338157889
"LINC00858","LINC00858",0.71238218387435
"RP1-167G20.1","RP1-167G20.1",0.712359205446083
"AC007879.5","AC007879.5",0.71182980539159
"RP11-1018N14.1","RP11-1018N14.1",0.711822076846393
"AC144652.1","AC144652.1",0.711523224029467
"CTD-2013N17.7","CTD-2013N17.7",0.711402961454578
"AP000640.10","AP000640.10",0.711315215610423
"AC009495.4","AC009495.4",0.711258071591271
"CTD-2616J11.9","CTD-2616J11.9",0.711156103975092
"AC012360.4","AC012360.4",0.711115347852621
"RP11-528I4.2","RP11-528I4.2",0.71105569297973
"RP11-93K22.13","RP11-93K22.13",0.711012578520384
"MIR302B","MIR302B",0.710967972382172
"RP13-735L24.1","RP13-735L24.1",0.710686717305541
"CTD-2537I9.12","CTD-2537I9.12",0.710601174114535
"RP5-1039K5.17","RP5-1039K5.17",0.710490181564153
"GS1-304P7.3","GS1-304P7.3",0.710472167896555
"CTD-2008L17.1","CTD-2008L17.1",0.710331719657055
"AC073321.4","AC073321.4",0.710277909290464
"RP11-540A21.2","RP11-540A21.2",0.710186584867523
"RP11-285E18.2","RP11-285E18.2",0.710163828868894
"RP11-10C24.2","RP11-10C24.2",0.710157472593705
"HCG11","HCG11",0.710134987036608
"RP11-901H12.1","RP11-901H12.1",0.710079725101073
"PWAR6","PWAR6",0.710054307830831
"CTD-2540F13.2","CTD-2540F13.2",0.710008868433651
"RP11-259O18.5","RP11-259O18.5",0.709933844646999
"AC007796.1","AC007796.1",0.709893790752402
"CTD-2583P5.1","CTD-2583P5.1",0.709886959399057
"AC005387.3","AC005387.3",0.709845250214782
"PRKG1-AS1","PRKG1-AS1",0.709593312421865
"CTD-3193K9.4","CTD-3193K9.4",0.709591351080986
"RP11-464F9.20","RP11-464F9.20",0.709583316430469
"RP11-348P10.2","RP11-348P10.2",0.709491404823502
"RP11-19N8.4","RP11-19N8.4",0.709378475017588
"RP11-1228E12.2","RP11-1228E12.2",0.709320310767145
"RP11-359M6.1","RP11-359M6.1",0.709238858072848
"RP11-225B17.2","RP11-225B17.2",0.709229438575648
"AC079779.6","AC079779.6",0.709088510692815
"RP13-766D20.2","RP13-766D20.2",0.708997624074291
"RGMB-AS1","RGMB-AS1",0.708934620196691
"ALG13-AS1","ALG13-AS1",0.708852149751731
"CARS-AS1","CARS-AS1",0.708759718778327
"RP1-40E16.9","RP1-40E16.9",0.708713940348946
"RP11-324C10.1","RP11-324C10.1",0.70871199193807
"RP11-177G23.2","RP11-177G23.2",0.708682860543664
"RP11-325L7.1","RP11-325L7.1",0.708632061395923
"RP11-748C4.1","RP11-748C4.1",0.708533146460263
"AC017101.10","AC017101.10",0.708468047020408
"AC007099.1","AC007099.1",0.708210141297174
"RP11-794M8.1","RP11-794M8.1",0.708198430124634
"CTD-2530N21.4","CTD-2530N21.4",0.708185149975229
"KB-1460A1.1","KB-1460A1.1",0.708027316962691
"SNHG15","SNHG15",0.70798766219972
"RP11-63A11.1","RP11-63A11.1",0.707942102798312
"RP11-269F21.3","RP11-269F21.3",0.707940744962393
"RP11-348F1.2","RP11-348F1.2",0.707920772529982
"AC005363.11","AC005363.11",0.707883444354796
"RP11-755F10.1","RP11-755F10.1",0.707870066389167
"CTD-2588E21.1","CTD-2588E21.1",0.707750987801059
"AC007364.1","AC007364.1",0.707704978304028
"RP11-758M4.4","RP11-758M4.4",0.707685482060891
"RP11-47P18.1","RP11-47P18.1",0.707570792366453
"RP11-903H12.3","RP11-903H12.3",0.707505599893087
"TLX1NB","TLX1NB",0.707329195683982
"RP11-455J20.3","RP11-455J20.3",0.707244984662787
"CTD-2349P21.5","CTD-2349P21.5",0.706933175709908
"RP11-104N10.1","RP11-104N10.1",0.706711612903947
"AP000962.2","AP000962.2",0.706653998640443
"KB-1125A3.11","KB-1125A3.11",0.706627469271655
"RP11-499F3.2","RP11-499F3.2",0.706578292589874
"AC005754.7","AC005754.7",0.706494432201821
"RP11-384F7.1","RP11-384F7.1",0.70644637569981
"AP000350.5","AP000350.5",0.706320257255156
"RP11-847H18.3","RP11-847H18.3",0.706285991786633
"RP11-347I19.8","RP11-347I19.8",0.706280040791443
"CTC-471C19.1","CTC-471C19.1",0.706183842572389
"RP11-719N22.2","RP11-719N22.2",0.70596721384744
"RP5-1116H23.6","RP5-1116H23.6",0.705928264985576
"LINC00862","LINC00862",0.705789896032145
"CTD-2036P10.6","CTD-2036P10.6",0.705780788390763
"RP11-386M24.9","RP11-386M24.9",0.705761616733441
"RP11-492A10.1","RP11-492A10.1",0.705720103001275
"CTD-2509G16.5","CTD-2509G16.5",0.705627138194021
"RP11-178L8.3","RP11-178L8.3",0.705539966797037
"RP11-250B2.3","RP11-250B2.3",0.705519728654093
"BRWD1-AS2","BRWD1-AS2",0.705393200451407
"RP11-400F19.6","RP11-400F19.6",0.705333805139453
"RP11-4O3.1","RP11-4O3.1",0.705287318003821
"CTD-2140B24.6","CTD-2140B24.6",0.705286947880281
"RP11-189B4.7","RP11-189B4.7",0.705274876723967
"RP11-483F11.7","RP11-483F11.7",0.705222214209981
"AC024704.2","AC024704.2",0.70518023022452
"CTD-2193G5.1","CTD-2193G5.1",0.70502763242944
"SPG20-AS1","SPG20-AS1",0.704972120623646
"RP11-231D20.2","RP11-231D20.2",0.704870646907772
"RP11-554D15.3","RP11-554D15.3",0.704788749976534
"RP11-467D6.1","RP11-467D6.1",0.704665058001406
"RP11-798L4.1","RP11-798L4.1",0.704570670726471
"RP11-386G11.10","RP11-386G11.10",0.704562709962823
"LINC01502","LINC01502",0.704560510838428
"RP11-526I2.5","RP11-526I2.5",0.704286031770274
"YTHDF3-AS1","YTHDF3-AS1",0.704262655532405
"RP11-689C9.1","RP11-689C9.1",0.704182633421066
"RP11-804N13.1","RP11-804N13.1",0.704137092581435
"RP11-744I24.2","RP11-744I24.2",0.70405226340376
"AP001432.14","AP001432.14",0.703811695617233
"RP11-172H24.4","RP11-172H24.4",0.703793087788821
"LINC00987","LINC00987",0.703768774581969
"RP11-141O15.1","RP11-141O15.1",0.70366192569536
"RP11-829H16.3","RP11-829H16.3",0.70360790005987
"RP4-769N13.7","RP4-769N13.7",0.703566971016108
"XXbac-B476C20.9","XXbac-B476C20.9",0.703565223308047
"AP003025.2","AP003025.2",0.703553527712206
"CTD-2105E13.14","CTD-2105E13.14",0.70352305189049
"CTB-99A3.1","CTB-99A3.1",0.703328882956269
"CTD-2184D3.5","CTD-2184D3.5",0.703261792432142
"RP11-123O22.1","RP11-123O22.1",0.702806204448859
"RP11-847H18.2","RP11-847H18.2",0.702749022408021
"RP11-505P4.7","RP11-505P4.7",0.702703357870095
"LINC00474","LINC00474",0.702511799782802
"RP11-500B12.1","RP11-500B12.1",0.702487382471432
"RP3-473L9.4","RP3-473L9.4",0.70241669736873
"LINC01470","LINC01470",0.702314316986616
"RP11-434D9.1","RP11-434D9.1",0.702253114554217
"RP11-1348G14.5","RP11-1348G14.5",0.70223794320644
"IL21R-AS1","IL21R-AS1",0.702187157351396
"RP11-265N6.2","RP11-265N6.2",0.702084573147604
"MAP3K14","MAP3K14",0.701989285901364
"RP11-156E8.1","RP11-156E8.1",0.70189881719742
"PRR34-AS1","PRR34-AS1",0.701849084954683
"RAPGEF4-AS1","RAPGEF4-AS1",0.701777993209467
"RP5-1139I1.1","RP5-1139I1.1",0.701745758894854
"AC079807.4","AC079807.4",0.7016948635404
"AC093673.5","AC093673.5",0.701595337113301
"RP11-715J22.2","RP11-715J22.2",0.701577328133157
"RP13-516M14.1","RP13-516M14.1",0.701517062050346
"TCF4-AS1","TCF4-AS1",0.701386150164154
"RP13-726E6.1","RP13-726E6.1",0.70137804894788
"RP11-455O6.9","RP11-455O6.9",0.7013700009486
"ZNF793-AS1","ZNF793-AS1",0.701206738291662
"RP5-834N19.1","RP5-834N19.1",0.701144115417832
"LINC01607","LINC01607",0.700966121124912
"RP5-1142A6.9","RP5-1142A6.9",0.700902047420251
"RP11-215P8.4","RP11-215P8.4",0.700829068916918
"AC003988.1","AC003988.1",0.700540334299512
"RP11-572M11.3","RP11-572M11.3",0.700483750622729
"RP11-793A3.2","RP11-793A3.2",0.700413193760059
"CTB-92J24.3","CTB-92J24.3",0.700378379878257
"CTD-2280E9.1","CTD-2280E9.1",0.700360722086868
"RP11-486O12.2","RP11-486O12.2",0.700264574110289
"AC016730.1","AC016730.1",0.700253657258905
"RP11-29B2.6","RP11-29B2.6",0.700165327559202
"CTC-308K20.1","CTC-308K20.1",0.699993220633845
"RP11-256L6.3","RP11-256L6.3",0.69996749900952
"CTB-55O6.12","CTB-55O6.12",0.699961606226303
"RP11-554A11.8","RP11-554A11.8",0.699923340944302
"RP11-452L6.7","RP11-452L6.7",0.699891765726414
"LINC00942","LINC00942",0.699861770203472
"RP4-565E6.1","RP4-565E6.1",0.699824090022192
"RP11-167P20.1","RP11-167P20.1",0.699812044157032
"RP11-326E22.1","RP11-326E22.1",0.699802829483444
"DPP9-AS1","DPP9-AS1",0.699780465079629
"GLIS2-AS1","GLIS2-AS1",0.699439811196708
"RP11-667K14.5","RP11-667K14.5",0.699367325231221
"RP1-137D17.2","RP1-137D17.2",0.69919777815249
"RP11-187E13.1","RP11-187E13.1",0.699151969752759
"RP11-408H1.3","RP11-408H1.3",0.699048530093703
"RP11-63G10.4","RP11-63G10.4",0.699019854411046
"RP11-382E9.1","RP11-382E9.1",0.698994234900099
"RP11-1134I14.8","RP11-1134I14.8",0.698873238362859
"RP11-484D2.5","RP11-484D2.5",0.69881507653404
"RP11-131L12.4","RP11-131L12.4",0.698802423844519
"RP11-20I20.2","RP11-20I20.2",0.698796936878333
"LINC01498","LINC01498",0.698771763426678
"RP11-438D8.2","RP11-438D8.2",0.698746151481889
"NEURL1-AS1","NEURL1-AS1",0.698602235181848
"RP11-87F15.2","RP11-87F15.2",0.698577463688374
"AC092687.5","AC092687.5",0.698397031201576
"HTT-AS","HTT-AS",0.698263861299097
"CATIP-AS2","CATIP-AS2",0.698035354511326
"RP11-334E6.3","RP11-334E6.3",0.698003838429667
"RP11-239L20.6","RP11-239L20.6",0.6979724296961
"LINC01431","LINC01431",0.697942397952388
"RP11-521L9.1","RP11-521L9.1",0.697780406097233
"RP11-596C23.6","RP11-596C23.6",0.697676906056296
"RP4-549L20.3","RP4-549L20.3",0.697539551694249
"RP4-591N18.2","RP4-591N18.2",0.697476366182042
"RP11-124N2.1","RP11-124N2.1",0.697413592033582
"LINC01495","LINC01495",0.697409830443124
"LINC01362","LINC01362",0.697367755549639
"HM13-AS1","HM13-AS1",0.697202963396171
"RP11-230C9.2","RP11-230C9.2",0.697145193201163
"RP11-471B22.2","RP11-471B22.2",0.697102586619758
"ST3GAL4-AS1","ST3GAL4-AS1",0.697048236594344
"AC097721.2","AC097721.2",0.697044031980415
"UTAT33","UTAT33",0.69704209924862
"RP11-269G24.3","RP11-269G24.3",0.696952067908393
"RP3-522J7.7","RP3-522J7.7",0.696935816256492
"RP1-253P7.4","RP1-253P7.4",0.6967428109275
"AC079610.2","AC079610.2",0.696710180822128
"RP11-1006G14.1","RP11-1006G14.1",0.696702456611186
"RP11-676J12.9","RP11-676J12.9",0.69664932737935
"RP11-68L18.1","RP11-68L18.1",0.696552601729458
"NCOA7-AS1","NCOA7-AS1",0.696318768011494
"RP1-206D15.6","RP1-206D15.6",0.696276605460609
"CTB-40H15.4","CTB-40H15.4",0.696228447967759
"RP11-321A17.4","RP11-321A17.4",0.696169899211595
"RP11-57C13.6","RP11-57C13.6",0.69598843032122
"CTD-2197I11.1","CTD-2197I11.1",0.695948399197666
"AC002463.3","AC002463.3",0.695927388351219
"AF127936.9","AF127936.9",0.695907591825202
"RP11-669M16.2","RP11-669M16.2",0.695819935924845
"RP11-307C12.13","RP11-307C12.13",0.695618134334318
"RP11-505E24.3","RP11-505E24.3",0.695541299947653
"UFL1-AS1","UFL1-AS1",0.695512920522533
"AC006372.4","AC006372.4",0.69528066807327
"AC005863.2","AC005863.2",0.695269350674378
"RP11-30L15.6","RP11-30L15.6",0.69525584757564
"LACTB2-AS1","LACTB2-AS1",0.695251628435959
"DCTN1-AS1","DCTN1-AS1",0.695131236315685
"RP11-165J3.6","RP11-165J3.6",0.695104723747248
"LINC01592","LINC01592",0.695097925754623
"LINC01428","LINC01428",0.695043873770877
"RP11-328K4.1","RP11-328K4.1",0.695021736786411
"RP11-411H5.1","RP11-411H5.1",0.694960555096737
"RP11-626G11.4","RP11-626G11.4",0.694923308180526
"RP11-6O2.3","RP11-6O2.3",0.694833962501781
"AC002117.1","AC002117.1",0.694577082227485
"RP11-307E17.8","RP11-307E17.8",0.6945208347422
"ZNF30-AS1","ZNF30-AS1",0.694414501737904
"AC010884.1","AC010884.1",0.69437270780215
"SLC22A18AS","SLC22A18AS",0.694216682763629
"AC073957.15","AC073957.15",0.694119039111599
"RP11-441O15.3","RP11-441O15.3",0.693901769088574
"CTD-2012K14.3","CTD-2012K14.3",0.693889990810498
"RP3-394A18.1","RP3-394A18.1",0.693877164751452
"RP11-85B7.4","RP11-85B7.4",0.693782300541903
"RP11-746B8.1","RP11-746B8.1",0.693745744602532
"RP11-191G24.1","RP11-191G24.1",0.69368706032784
"RP11-274B21.9","RP11-274B21.9",0.693338184489197
"RP11-379H18.1","RP11-379H18.1",0.693295580951559
"LL0XNC01-237H1.2","LL0XNC01-237H1.2",0.693253310257766
"RP11-61K9.3","RP11-61K9.3",0.69313064701377
"LINC00240","LINC00240",0.693104470457555
"RP11-539G18.3","RP11-539G18.3",0.69299225763061
"RP11-767I20.1","RP11-767I20.1",0.692843273346282
"ISPD-AS1","ISPD-AS1",0.692799663809146
"RP11-83A16.1","RP11-83A16.1",0.69271264214486
"PAXIP1-AS2","PAXIP1-AS2",0.69269499087676
"RP11-576I22.2","RP11-576I22.2",0.692450104977824
"CTD-2541M15.3","CTD-2541M15.3",0.692447025956718
"RP11-425A23.1","RP11-425A23.1",0.692387354006476
"RP11-144F15.1","RP11-144F15.1",0.69238253190398
"AC104667.3","AC104667.3",0.692306916414461
"RP11-608O21.1","RP11-608O21.1",0.69222903141202
"RP11-165A20.3","RP11-165A20.3",0.692130872539155
"MEF2C-AS1","MEF2C-AS1",0.692054159257224
"RP11-18C24.8","RP11-18C24.8",0.692014566612765
"RP11-77P6.2","RP11-77P6.2",0.692011081736664
"AC093627.9","AC093627.9",0.691793384722561
"RP11-193H5.1","RP11-193H5.1",0.691745652495623
"LINC00484","LINC00484",0.691723224424794
"RP11-143K11.7","RP11-143K11.7",0.691705944124879
"AC008277.1","AC008277.1",0.691703188463398
"RP11-77K12.9","RP11-77K12.9",0.691694665658024
"RP11-848P1.5","RP11-848P1.5",0.691656151782208
"RP5-1021I20.5","RP5-1021I20.5",0.691383628796881
"RP3-348I23.2","RP3-348I23.2",0.691326971319552
"CSE1L-AS1","CSE1L-AS1",0.691304379136568
"AC105461.1","AC105461.1",0.691184409877387
"CTD-2288O8.1","CTD-2288O8.1",0.691154123551314
"RP11-727F15.9","RP11-727F15.9",0.690969670880868
"RP11-91I20.4","RP11-91I20.4",0.690898585232748
"RP11-306G20.1","RP11-306G20.1",0.690884349768967
"RP11-255H23.4","RP11-255H23.4",0.690833141169013
"RP11-398E10.1","RP11-398E10.1",0.690670780354985
"RP11-152L20.3","RP11-152L20.3",0.690580542975408
"OGFRP1","OGFRP1",0.690574067051508
"RP11-1277A3.1","RP11-1277A3.1",0.690348717496074
"RP4-621B10.8","RP4-621B10.8",0.690254172208871
"TAF1A-AS1","TAF1A-AS1",0.690207502670177
"RP11-251P6.1","RP11-251P6.1",0.690171021339773
"B4GALT4-AS1","B4GALT4-AS1",0.690076911866309
"RP11-73M18.10","RP11-73M18.10",0.690069056695075
"RP11-679B19.2","RP11-679B19.2",0.690052015416217
"RP11-545P6.2","RP11-545P6.2",0.689860320426019
"RP11-109A6.5","RP11-109A6.5",0.689844558240992
"RP11-254F7.2","RP11-254F7.2",0.689806557810843
"RP11-327F22.4","RP11-327F22.4",0.689728808262333
"RP11-390F4.3","RP11-390F4.3",0.689560641132133
"RP11-529K1.4","RP11-529K1.4",0.689551320572191
"RP11-394I13.2","RP11-394I13.2",0.689407721146554
"RP11-556I14.2","RP11-556I14.2",0.689218754219159
"RP1-74B13.2","RP1-74B13.2",0.689208021697381
"PHEX-AS1","PHEX-AS1",0.688996906373949
"RP11-556I14.1","RP11-556I14.1",0.68896358116154
"LINC01481","LINC01481",0.688929890469738
"RP11-526F3.1","RP11-526F3.1",0.688819739347364
"RP11-96D1.5","RP11-96D1.5",0.688786200879004
"GNAS-AS1","GNAS-AS1",0.688707246265604
"RDH10-AS1","RDH10-AS1",0.688700004753075
"AC002451.3","AC002451.3",0.68859614821057
"CTB-12A17.3","CTB-12A17.3",0.688501537315815
"RP11-266K22.2","RP11-266K22.2",0.68845188973542
"RP11-320M16.2","RP11-320M16.2",0.688445047171634
"RP5-919F19.5","RP5-919F19.5",0.688245334641345
"RP4-777L9.2","RP4-777L9.2",0.688065616396709
"CTD-2256P15.1","CTD-2256P15.1",0.687817664292123
"RP11-281N10.1","RP11-281N10.1",0.687809366854139
"CRTC3-AS1","CRTC3-AS1",0.687686788337525
"RP11-65J3.3","RP11-65J3.3",0.687491475298284
"SPATA3-AS1","SPATA3-AS1",0.687457193444497
"AC023590.1","AC023590.1",0.687310347336532
"RP11-654A16.3","RP11-654A16.3",0.687287049619802
"RP11-377D9.3","RP11-377D9.3",0.687206226376938
"RP11-472M19.2","RP11-472M19.2",0.687172105284905
"RP11-304L19.11","RP11-304L19.11",0.687121030446445
"RP11-324O2.3","RP11-324O2.3",0.687025390730434
"AC005808.3","AC005808.3",0.686936623353322
"CTD-3051D23.1","CTD-3051D23.1",0.686889552233971
"CH17-340M24.3","CH17-340M24.3",0.686805656151956
"RP11-366L5.1","RP11-366L5.1",0.686770087102801
"RP11-275N1.1","RP11-275N1.1",0.686769681008744
"AC009948.5","AC009948.5",0.68669598009907
"RP11-435O5.4","RP11-435O5.4",0.686579307472126
"CTD-2571L23.8","CTD-2571L23.8",0.6864826097095
"FGF14-AS2","FGF14-AS2",0.68637672636133
"RP11-45F15.2","RP11-45F15.2",0.686076145512963
"RP11-693J15.4","RP11-693J15.4",0.685766977568127
"RP11-279O9.4","RP11-279O9.4",0.685701618206252
"NBAT1","NBAT1",0.685697978469531
"RP11-712L6.5","RP11-712L6.5",0.685528173231411
"AP000233.4","AP000233.4",0.685319088682704
"LINC00504","LINC00504",0.685226076809164
"RP4-798A10.7","RP4-798A10.7",0.685112772626492
"RP4-742J24.2","RP4-742J24.2",0.68504149223867
"CTC-806A22.1","CTC-806A22.1",0.684881960283792
"AC010096.1","AC010096.1",0.684828201084732
"LINC01594","LINC01594",0.684675562843745
"RP11-1060G2.2","RP11-1060G2.2",0.684631598664406
"RMDN2-AS1","RMDN2-AS1",0.684425133833769
"RP11-130F10.1","RP11-130F10.1",0.684421952132019
"CTD-3065J16.9","CTD-3065J16.9",0.684353780030707
"CTD-2203K17.1","CTD-2203K17.1",0.68430721397991
"MIRLET7DHG","MIRLET7DHG",0.684292338825823
"CTC-250I14.3","CTC-250I14.3",0.684246410938103
"RP11-53L24.2","RP11-53L24.2",0.68409414142056
"LINC01598","LINC01598",0.684021738784704
"RP11-861E21.2","RP11-861E21.2",0.683989357638588
"CH17-140K24.2","CH17-140K24.2",0.683920303852993
"SNHG19","SNHG19",0.683863083592171
"KCTD21-AS1","KCTD21-AS1",0.683857940046772
"ASTN2-AS1","ASTN2-AS1",0.683718182820633
"AC016995.3","AC016995.3",0.68363091904379
"RP11-705O1.8","RP11-705O1.8",0.683446536761668
"RP11-147L13.2","RP11-147L13.2",0.68337355734878
"DICER1-AS1","DICER1-AS1",0.683302901501913
"CTD-2350C19.2","CTD-2350C19.2",0.683202787345143
"AC140481.4","AC140481.4",0.683091408514588
"RP11-345P4.10","RP11-345P4.10",0.682851023952491
"CTD-2013M15.1","CTD-2013M15.1",0.682815616268995
"CTD-2192J16.11","CTD-2192J16.11",0.682778586992997
"LINC01137","LINC01137",0.682767686930462
"WDR11-AS1","WDR11-AS1",0.682766376994138
"PKIA-AS1","PKIA-AS1",0.682763962381549
"RP4-777O23.2","RP4-777O23.2",0.682744722396313
"RP11-116A1.1","RP11-116A1.1",0.682650274375553
"MORF4L2-AS1","MORF4L2-AS1",0.682549610800532
"RP11-412B14.1","RP11-412B14.1",0.682419740955906
"CTD-2298J14.2","CTD-2298J14.2",0.682310823171009
"CTC-550B14.7","CTC-550B14.7",0.682287813725036
"RP11-996F15.6","RP11-996F15.6",0.682236176695559
"AC106873.4","AC106873.4",0.682170384654489
"SMC5-AS1","SMC5-AS1",0.682094858664943
"RP11-660L16.2","RP11-660L16.2",0.681983637197482
"RP11-603J24.17","RP11-603J24.17",0.68196906717547
"RP4-682C21.5","RP4-682C21.5",0.681959636338529
"RP11-2H3.6","RP11-2H3.6",0.681774323460061
"RP11-338N10.3","RP11-338N10.3",0.681756000163226
"LINC00707","LINC00707",0.681653189731893
"RP1-266L20.4","RP1-266L20.4",0.681616911221634
"RP13-1032I1.11","RP13-1032I1.11",0.681588358308904
"LINC01266","LINC01266",0.681539480306291
"RP4-593H12.1","RP4-593H12.1",0.681488568418521
"RP13-131K19.2","RP13-131K19.2",0.681465472867705
"LINC00632","LINC00632",0.68145904050395
"KANSL1-AS1","KANSL1-AS1",0.681433576424562
"AC068196.1","AC068196.1",0.681309574590994
"LINC00506","LINC00506",0.681235905199989
"RP11-37C7.3","RP11-37C7.3",0.681013577805454
"RP11-218M22.1","RP11-218M22.1",0.680971875259296
"IL20RB-AS1","IL20RB-AS1",0.680916753377068
"RP11-973H7.1","RP11-973H7.1",0.680846428092241
"RP11-108M9.6","RP11-108M9.6",0.680812054457501
"RP11-420K8.1","RP11-420K8.1",0.680749992024446
"AC124997.1","AC124997.1",0.680743671303529
"RP11-354I13.2","RP11-354I13.2",0.680516314326086
"RP11-293N14.1","RP11-293N14.1",0.680499160047924
"RP11-417B4.2","RP11-417B4.2",0.680458542599609
"RP1-104O17.3","RP1-104O17.3",0.680399655636837
"AP001604.3","AP001604.3",0.680371558824436
"AC135050.5","AC135050.5",0.680350630580509
"RP11-115N4.1","RP11-115N4.1",0.680330059614082
"RP11-420A23.1","RP11-420A23.1",0.680155887719008
"RP4-548D19.3","RP4-548D19.3",0.680048972605272
"RP11-95O2.5","RP11-95O2.5",0.679977664340244
"CTD-2325P2.4","CTD-2325P2.4",0.679961837090961
"CTB-75G16.3","CTB-75G16.3",0.679655326993328
"AC009133.21","AC009133.21",0.67962112843293
"HHIP-AS1","HHIP-AS1",0.679324245020832
"RP11-211G3.3","RP11-211G3.3",0.6791987726895
"CTD-3037G24.3","CTD-3037G24.3",0.679187701766685
"LINC00470","LINC00470",0.678709153159027
"UBA6-AS1","UBA6-AS1",0.678701883914234
"AC005237.4","AC005237.4",0.678672324710089
"RP11-379J5.5","RP11-379J5.5",0.678650959579759
"LINC01456","LINC01456",0.678615861136867
"PVRL3-AS1","PVRL3-AS1",0.678531881266825
"SP2-AS1","SP2-AS1",0.678302326448084
"RP5-1142A6.2","RP5-1142A6.2",0.678233024567979
"RP11-180M15.4","RP11-180M15.4",0.6781814567075
"RP4-724E13.2","RP4-724E13.2",0.678118790225084
"CTC-236F12.4","CTC-236F12.4",0.677820022646611
"MAMDC2-AS1","MAMDC2-AS1",0.67778748648769
"CASC8","CASC8",0.677747697676315
"RP11-356O9.1","RP11-356O9.1",0.677716335982976
"AC073254.1","AC073254.1",0.677647660458044
"AC007383.3","AC007383.3",0.677399486840528
"RP11-259K5.2","RP11-259K5.2",0.677295998168623
"RP11-337N6.1","RP11-337N6.1",0.677176585598897
"AC010890.1","AC010890.1",0.677113087789433
"RP11-20I23.8","RP11-20I23.8",0.677000608008436
"CTD-2547H18.1","CTD-2547H18.1",0.676962555090117
"RP11-307C12.11","RP11-307C12.11",0.67695374177942
"RP1-90J20.8","RP1-90J20.8",0.676863379342011
"RP11-522I20.3","RP11-522I20.3",0.676838634407561
"RP5-1184F4.5","RP5-1184F4.5",0.676833114296171
"RP11-930O11.2","RP11-930O11.2",0.676766899811659
"RP11-567M16.3","RP11-567M16.3",0.676636047752264
"RP11-513M16.8","RP11-513M16.8",0.676624775544963
"RP11-122G18.12","RP11-122G18.12",0.676618538321149
"RP11-123B3.2","RP11-123B3.2",0.676399070978319
"AC084193.1","AC084193.1",0.676266950910787
"AC009120.10","AC009120.10",0.675971571703884
"RP11-259O18.4","RP11-259O18.4",0.675961283792577
"RP11-15A1.2","RP11-15A1.2",0.675936954021213
"RP11-396C23.4","RP11-396C23.4",0.675853534258683
"RP11-71N10.1","RP11-71N10.1",0.67571356870079
"CTD-2012K14.6","CTD-2012K14.6",0.675652275268379
"RP11-571M6.7","RP11-571M6.7",0.675472582588714
"AC006378.2","AC006378.2",0.675389635411262
"RP4-639F20.1","RP4-639F20.1",0.675318076335348
"CTC-471J1.9","CTC-471J1.9",0.675136429109947
"CTD-2033A16.3","CTD-2033A16.3",0.675081520017106
"RP11-406H23.2","RP11-406H23.2",0.675043278501283
"MACROD2-AS1","MACROD2-AS1",0.674994570224408
"AC144449.1","AC144449.1",0.67498136236442
"RP11-96C23.10","RP11-96C23.10",0.674822562366447
"RP11-374M1.4","RP11-374M1.4",0.674770686938545
"A1BG-AS1","A1BG-AS1",0.674751180153885
"CTD-2245F17.6","CTD-2245F17.6",0.674714397846357
"RP11-341G23.2","RP11-341G23.2",0.674653867818902
"RP11-121M22.1","RP11-121M22.1",0.674423404764353
"AC091729.9","AC091729.9",0.674338279845906
"CTD-3220F14.1","CTD-3220F14.1",0.674253709745568
"AC010976.2","AC010976.2",0.674211634516494
"PIK3IP1-AS1","PIK3IP1-AS1",0.674175690522316
"LINC00850","LINC00850",0.674099962905441
"RP11-145M9.5","RP11-145M9.5",0.674029215177032
"RP1-28O10.1","RP1-28O10.1",0.674000407733317
"CA3-AS1","CA3-AS1",0.673962397443549
"RP11-950C14.3","RP11-950C14.3",0.673949871478635
"LA16c-358B7.4","LA16c-358B7.4",0.673649901328004
"RASSF8-AS1","RASSF8-AS1",0.673309073072077
"AC005609.16","AC005609.16",0.673293608015561
"RP11-394O2.3","RP11-394O2.3",0.673261958878206
"RP11-629N8.3","RP11-629N8.3",0.673126622234723
"RP4-676J13.2","RP4-676J13.2",0.673083093065194
"RP11-644F5.11","RP11-644F5.11",0.672964469445916
"RP11-279O17.3","RP11-279O17.3",0.672800413608187
"RP11-1275H24.2","RP11-1275H24.2",0.672779970757448
"RP11-227G15.9","RP11-227G15.9",0.672762300693914
"AC011343.1","AC011343.1",0.672675891855286
"RP3-325F22.3","RP3-325F22.3",0.672538942315179
"RP11-53O19.2","RP11-53O19.2",0.672376859596532
"RP11-996F15.4","RP11-996F15.4",0.672181148999416
"LINC01547","LINC01547",0.672128012548005
"AC007251.2","AC007251.2",0.672086421873833
"AC009518.8","AC009518.8",0.67208139413957
"RP11-258F22.1","RP11-258F22.1",0.672008786403121
"ELOVL2-AS1","ELOVL2-AS1",0.671799602562901
"RP11-888D10.3","RP11-888D10.3",0.671760764152199
"RP11-98J9.1","RP11-98J9.1",0.671713051345225
"AB015752.3","AB015752.3",0.671665565995988
"RP11-802D6.1","RP11-802D6.1",0.671583208359102
"RP11-184D12.1","RP11-184D12.1",0.671558288181567
"RP11-150D5.2","RP11-150D5.2",0.671493940889451
"RP11-575L7.2","RP11-575L7.2",0.671410569114576
"CTB-11I22.1","CTB-11I22.1",0.671392068228111
"RP11-166A12.1","RP11-166A12.1",0.671372218020081
"C5orf66","C5orf66",0.671256401336201
"AC104653.1","AC104653.1",0.671254704245227
"RP11-167H9.5","RP11-167H9.5",0.671118516620615
"RP11-817O13.8","RP11-817O13.8",0.670990506899944
"RP5-823G15.5","RP5-823G15.5",0.670635133127925
"ACVR2B-AS1","ACVR2B-AS1",0.670633353939041
"RP11-702F3.3","RP11-702F3.3",0.67044031325947
"RP4-660H19.1","RP4-660H19.1",0.670356254247545
"RP11-458J1.1","RP11-458J1.1",0.670223073551979
"AC008781.7","AC008781.7",0.670093210839641
"RP13-192B19.2","RP13-192B19.2",0.669898979104059
"RP1-37C10.3","RP1-37C10.3",0.669869603188336
"RP11-110I1.13","RP11-110I1.13",0.669837016973728
"RP11-1035H13.2","RP11-1035H13.2",0.669676137552828
"PRKX-AS1","PRKX-AS1",0.669667179161691
"AC139099.6","AC139099.6",0.669370027505281
"SMIM2-AS1","SMIM2-AS1",0.669359483105415
"RP11-203J24.8","RP11-203J24.8",0.669345517730243
"RP11-467P9.1","RP11-467P9.1",0.66927751333802
"RP11-1090M7.1","RP11-1090M7.1",0.668940266570398
"NAALADL2-AS2","NAALADL2-AS2",0.668819126786985
"RP11-144G6.4","RP11-144G6.4",0.66881292628078
"RP5-933B4.1","RP5-933B4.1",0.668753103303744
"AC037445.1","AC037445.1",0.668752946813803
"CTD-2033A16.1","CTD-2033A16.1",0.668444125306681
"RP11-437L7.1","RP11-437L7.1",0.668283246984911
"RP11-1081L13.4","RP11-1081L13.4",0.668262936186135
"RP11-10K17.6","RP11-10K17.6",0.668087063169652
"RP11-35G9.3","RP11-35G9.3",0.667998596098156
"DUBR","DUBR",0.667962022085842
"LINC00574","LINC00574",0.667920003518494
"CTD-2553L13.10","CTD-2553L13.10",0.667909607806853
"RP11-403B2.7","RP11-403B2.7",0.66772490420512
"RP11-146N18.1","RP11-146N18.1",0.667719942184676
"RP5-884G6.2","RP5-884G6.2",0.667715721542811
"AC092171.4","AC092171.4",0.667620524742905
"RP11-54G14.1","RP11-54G14.1",0.667532818278445
"RP13-225O21.2","RP13-225O21.2",0.667399569155849
"RP11-98D18.3","RP11-98D18.3",0.667399466523623
"RP11-513D5.2","RP11-513D5.2",0.667258993688986
"CTB-111F10.1","CTB-111F10.1",0.667194842678452
"AC034243.1","AC034243.1",0.667154491215605
"AP000265.1","AP000265.1",0.667106110917721
"RP11-380I10.4","RP11-380I10.4",0.667023648829682
"RP11-305B6.3","RP11-305B6.3",0.666773602799723
"RP11-295I5.3","RP11-295I5.3",0.666738880879973
"RP11-669M16.1","RP11-669M16.1",0.666702696411019
"RP4-536B24.4","RP4-536B24.4",0.666668266343225
"RP11-21A7A.2","RP11-21A7A.2",0.666393034194216
"AC004158.3","AC004158.3",0.666284645878038
"AC018866.1","AC018866.1",0.666136843163636
"AF196970.3","AF196970.3",0.665972554370055
"CELSR3-AS1","CELSR3-AS1",0.665386165477668
"RP11-382A20.4","RP11-382A20.4",0.6653371908963
"RP11-369K17.1","RP11-369K17.1",0.665202738304525
"RP11-48B3.4","RP11-48B3.4",0.665061550617362
"RP1-166H1.2","RP1-166H1.2",0.664956735374838
"RP5-1039K5.13","RP5-1039K5.13",0.664945921608308
"LINC01023","LINC01023",0.664696008175097
"RP11-392O17.1","RP11-392O17.1",0.664686547916054
"RP11-290F24.6","RP11-290F24.6",0.664631802478427
"RP11-111F5.3","RP11-111F5.3",0.664566692004922
"RP11-20I23.13","RP11-20I23.13",0.664542877928092
"RP11-646I6.6","RP11-646I6.6",0.664522208746978
"AP001505.10","AP001505.10",0.66451272866739
"GAPLINC","GAPLINC",0.664439623043528
"RP11-414H17.5","RP11-414H17.5",0.664260124878767
"RP11-403I13.7","RP11-403I13.7",0.664186015233564
"RP11-517A5.5","RP11-517A5.5",0.664142227557665
"LINC01285","LINC01285",0.664065450139384
"RP11-384K6.8","RP11-384K6.8",0.663945915687723
"RP11-38L15.3","RP11-38L15.3",0.663924554480398
"RP11-421F16.3","RP11-421F16.3",0.663851752286822
"RP11-39M21.1","RP11-39M21.1",0.663780377554726
"RP5-1074L1.4","RP5-1074L1.4",0.663650238405778
"RP11-188D8.1","RP11-188D8.1",0.663605030094937
"RP11-16B9.1","RP11-16B9.1",0.663502626599384
"RP11-252A24.3","RP11-252A24.3",0.663377898549862
"PAXIP1-AS1","PAXIP1-AS1",0.663303808427501
"RP11-505K9.1","RP11-505K9.1",0.663300203785309
"C1RL-AS1","C1RL-AS1",0.663213481791689
"RP11-595B24.1","RP11-595B24.1",0.663126771516317
"GS1-590J6.3","GS1-590J6.3",0.663092655119041
"AC093639.1","AC093639.1",0.662944762976498
"CTC-498J12.3","CTC-498J12.3",0.662854270082751
"RUNDC3A-AS1","RUNDC3A-AS1",0.662815182188112
"RP11-298J20.3","RP11-298J20.3",0.662534839215051
"RP11-122G18.10","RP11-122G18.10",0.662527619631042
"RP4-811H24.9","RP4-811H24.9",0.662502813475874
"RP11-293M10.2","RP11-293M10.2",0.66248685905013
"RP11-414C23.1","RP11-414C23.1",0.662477878062946
"RP11-616K22.2","RP11-616K22.2",0.662216111825806
"RP11-667M19.10","RP11-667M19.10",0.662181354473126
"RP11-46H11.12","RP11-46H11.12",0.662103396026725
"LINC00115","LINC00115",0.662086036871377
"XXbac-BPG154L12.4","XXbac-BPG154L12.4",0.662042210093111
"RP11-1020M18.10","RP11-1020M18.10",0.661999211020674
"CLRN1-AS1","CLRN1-AS1",0.661885950502434
"CTD-2021J15.1","CTD-2021J15.1",0.661819605869723
"RP11-298I3.1","RP11-298I3.1",0.661761607321004
"RP11-313P13.5","RP11-313P13.5",0.661711369815731
"RP11-112J3.16","RP11-112J3.16",0.661519524272009
"CH507-216K13.2","CH507-216K13.2",0.661482310576247
"CTB-113I20.2","CTB-113I20.2",0.66147303065243
"RP11-803P9.1","RP11-803P9.1",0.661452082918436
"RP11-384C4.7","RP11-384C4.7",0.661411606273988
"AC011997.1","AC011997.1",0.661367876127839
"CTB-113P19.5","CTB-113P19.5",0.661234680737086
"CTA-228A9.4","CTA-228A9.4",0.661195182218303
"RP11-654A16.1","RP11-654A16.1",0.66114115778661
"RP11-956E11.1","RP11-956E11.1",0.661135369671568
"RP11-85A1.3","RP11-85A1.3",0.660753241495269
"CTD-2012K14.8","CTD-2012K14.8",0.660721124590712
"LINC00971","LINC00971",0.66067556584923
"RP3-508I15.9","RP3-508I15.9",0.660447409274199
"CTC-490E21.10","CTC-490E21.10",0.66039996365117
"RN7SL832P","RN7SL832P",0.660235810001245
"RP1-239B22.5","RP1-239B22.5",0.660027310795231
"TESC-AS1","TESC-AS1",0.659732652667045
"LINC01192","LINC01192",0.659648421613018
"TTTY10","TTTY10",0.659005555720297
"AC009501.4","AC009501.4",0.658997210765087
"RP11-39E3.3","RP11-39E3.3",0.658781373701587
"RP1-111B22.3","RP1-111B22.3",0.658559402223356
"RP11-351M16.3","RP11-351M16.3",0.658512929645439
"RP11-776A13.3","RP11-776A13.3",0.658167452852383
"RP11-778D9.12","RP11-778D9.12",0.657900553381304
"RP11-545I5.3","RP11-545I5.3",0.657805201640579
"NPHP3-AS1","NPHP3-AS1",0.657756096893
"RP5-940J5.9","RP5-940J5.9",0.657689905969424
"AF131217.1","AF131217.1",0.65764642899349
"RP11-712B9.2","RP11-712B9.2",0.657623275311622
"RP11-343L5.2","RP11-343L5.2",0.657389606318001
"RP11-57H12.5","RP11-57H12.5",0.657326688796563
"RP11-38J22.3","RP11-38J22.3",0.657212072425111
"RP11-297P16.3","RP11-297P16.3",0.657018656043817
"LINC01446","LINC01446",0.657006154843071
"RP3-414A15.10","RP3-414A15.10",0.656910650814778
"RAET1E-AS1","RAET1E-AS1",0.656906650511849
"RP5-1112D6.7","RP5-1112D6.7",0.656724298062048
"RP11-479O16.1","RP11-479O16.1",0.656684462226149
"KLHL7-AS1","KLHL7-AS1",0.656663279698474
"RP5-1050D4.3","RP5-1050D4.3",0.656653151033754
"RP11-333A23.4","RP11-333A23.4",0.656603267994263
"RP4-728D4.2","RP4-728D4.2",0.656535057340242
"RP11-349P19.1","RP11-349P19.1",0.656515582428075
"RP11-362J17.1","RP11-362J17.1",0.656394626080549
"RP11-146F11.5","RP11-146F11.5",0.656394250656812
"RP11-380M21.4","RP11-380M21.4",0.656350904019295
"LIFR-AS1","LIFR-AS1",0.656199906088289
"RP11-378A13.2","RP11-378A13.2",0.655861439121094
"AC015849.19","AC015849.19",0.655850708225974
"RP5-1024G6.5","RP5-1024G6.5",0.655643408515175
"CTD-2574D22.2","CTD-2574D22.2",0.655640911330584
"CTD-3195I5.3","CTD-3195I5.3",0.65532895882712
"RP11-400L8.2","RP11-400L8.2",0.655134906590356
"MIR940","MIR940",0.655128929497193
"RP11-98D18.1","RP11-98D18.1",0.655088294846068
"RP11-756H20.1","RP11-756H20.1",0.654952707079058
"KDM4A-AS1","KDM4A-AS1",0.65486997372673
"RP11-687F6.5","RP11-687F6.5",0.654778939492007
"CTB-191K22.6","CTB-191K22.6",0.654713726528261
"LINC01525","LINC01525",0.65458432362322
"AP001439.2","AP001439.2",0.654500508833146
"CTC-344H19.4","CTC-344H19.4",0.65447481850199
"RP11-514P8.8","RP11-514P8.8",0.653989265269415
"H1FX-AS1","H1FX-AS1",0.653892577697226
"CTC-458I2.2","CTC-458I2.2",0.653837083963972
"INTS6-AS1","INTS6-AS1",0.65374751827851
"RP11-430G17.3","RP11-430G17.3",0.65368613272012
"AP002856.5","AP002856.5",0.653511986043245
"PTOV1-AS1","PTOV1-AS1",0.653430476840525
"RP11-846C15.2","RP11-846C15.2",0.653298247582541
"RP11-307C12.12","RP11-307C12.12",0.653167637525328
"RP11-996F15.5","RP11-996F15.5",0.653125180634801
"RP11-455B3.1","RP11-455B3.1",0.653122594413315
"XIAP-AS1","XIAP-AS1",0.65308367827127
"ARHGEF3-AS1","ARHGEF3-AS1",0.653071703141235
"RP11-334C17.6","RP11-334C17.6",0.653038602662732
"RP1-78O14.1","RP1-78O14.1",0.652934920543426
"RP11-422P24.11","RP11-422P24.11",0.6527386118849
"CTC-218B8.3","CTC-218B8.3",0.652705031316494
"RP11-6N17.6","RP11-6N17.6",0.65268772735242
"AC010226.4","AC010226.4",0.652573609206839
"AP000266.7","AP000266.7",0.652407639068761
"RP11-15B17.1","RP11-15B17.1",0.652222661309028
"TSC22D1-AS1","TSC22D1-AS1",0.652168232349794
"RP11-10A14.3","RP11-10A14.3",0.65210302092217
"RP11-344J7.3","RP11-344J7.3",0.651864965642531
"RP11-93H24.3","RP11-93H24.3",0.651845395127756
"RP5-991G20.1","RP5-991G20.1",0.651707826049224
"RP11-430L16.1","RP11-430L16.1",0.651671031841096
"RP11-802F5.1","RP11-802F5.1",0.651338184936425
"TMEM9B-AS1","TMEM9B-AS1",0.651275582826462
"LOH12CR2","LOH12CR2",0.65121045870935
"PRICKLE2-AS1","PRICKLE2-AS1",0.651187923245645
"HCG20","HCG20",0.651099329969075
"MYLK-AS1","MYLK-AS1",0.651072109273637
"RP11-367N14.3","RP11-367N14.3",0.650982885979746
"CTC-513N18.7","CTC-513N18.7",0.650765905610431
"RP11-370I10.12","RP11-370I10.12",0.650526592544418
"RP11-457K10.1","RP11-457K10.1",0.650462992750417
"RP11-15E18.4","RP11-15E18.4",0.650362810193929
"RP11-352M15.1","RP11-352M15.1",0.650294506410069
"RP11-475I24.3","RP11-475I24.3",0.650250001190842
"SNHG7","SNHG7",0.650218025053368
"RP11-430C7.4","RP11-430C7.4",0.650215782757993
"SLC2A1-AS1","SLC2A1-AS1",0.650207863061183
"MKNK1-AS1","MKNK1-AS1",0.649969749069534
"AC005740.5","AC005740.5",0.649361357350009
"RP11-266K4.14","RP11-266K4.14",0.649323520228753
"AP000704.5","AP000704.5",0.649316477250082
"RP11-6N13.1","RP11-6N13.1",0.649219713100894
"MIR181A1HG","MIR181A1HG",0.649216587316263
"AC092839.3","AC092839.3",0.649164261344033
"RP11-17M16.2","RP11-17M16.2",0.649093713158658
"THSD4-AS1","THSD4-AS1",0.648791311151004
"RP11-753H16.3","RP11-753H16.3",0.648778626171212
"RP5-940J5.6","RP5-940J5.6",0.648713272357274
"CEBPB-AS1","CEBPB-AS1",0.648567330535514
"RP11-645C24.5","RP11-645C24.5",0.64838780458763
"ENTPD3-AS1","ENTPD3-AS1",0.648377269768373
"ITFG1-AS1","ITFG1-AS1",0.648178379200446
"RP11-285J16.1","RP11-285J16.1",0.648176988840045
"RP11-402N8.1","RP11-402N8.1",0.647928254153346
"RP11-196G11.6","RP11-196G11.6",0.647894040207409
"RP4-798A10.2","RP4-798A10.2",0.647844064597803
"RP11-162D16.2","RP11-162D16.2",0.647701946232081
"AC008753.6","AC008753.6",0.647686346415776
"RP11-325B23.2","RP11-325B23.2",0.647613616351662
"RP11-120K9.2","RP11-120K9.2",0.647515270140523
"RP11-707G18.1","RP11-707G18.1",0.647441688255801
"RP4-536B24.3","RP4-536B24.3",0.64735267632484
"AC105760.3","AC105760.3",0.64721559492083
"CTD-2201I18.1","CTD-2201I18.1",0.647120582059231
"Z69666.2","Z69666.2",0.647109231821511
"RP11-536C5.2","RP11-536C5.2",0.647000009771979
"RP11-92F20.1","RP11-92F20.1",0.646898326270751
"ZBTB11-AS1","ZBTB11-AS1",0.646734755334893
"PSMB1","PSMB1",0.646625960385417
"RP11-305P22.9","RP11-305P22.9",0.64659071813901
"TMEM44-AS1","TMEM44-AS1",0.646483376808783
"RP11-572M11.1","RP11-572M11.1",0.646292887963726
"RP11-234G16.4","RP11-234G16.4",0.646287801327864
"STPG2-AS1","STPG2-AS1",0.646243018027468
"RP11-524F11.2","RP11-524F11.2",0.646224821126168
"CTD-2292P10.4","CTD-2292P10.4",0.646072080812779
"SUCLG2-AS1","SUCLG2-AS1",0.646011779701301
"GLTSCR2-AS1","GLTSCR2-AS1",0.64592675870849
"RP11-565A3.2","RP11-565A3.2",0.645915554248342
"PCAT14","PCAT14",0.645912557196621
"AP000230.1","AP000230.1",0.64577455385007
"RASAL2-AS1","RASAL2-AS1",0.645659977659763
"MIR99AHG","MIR99AHG",0.645526369870795
"RP11-542A14.1","RP11-542A14.1",0.645454505686528
"RP11-208K4.1","RP11-208K4.1",0.645412007722768
"RP11-465N4.4","RP11-465N4.4",0.645205056033355
"RP1-221C16.8","RP1-221C16.8",0.645103387793884
"ITPK1-AS1","ITPK1-AS1",0.645043301922486
"SDCBP2-AS1","SDCBP2-AS1",0.644915004994416
"RP5-1029F21.4","RP5-1029F21.4",0.644875960094207
"RP11-215E13.1","RP11-215E13.1",0.64484027986792
"RP11-274B21.10","RP11-274B21.10",0.64476499088961
"RP11-131L12.3","RP11-131L12.3",0.644696280874414
"AC079305.11","AC079305.11",0.644668973405633
"LINC00894","LINC00894",0.644421970263146
"MIS18A-AS1","MIS18A-AS1",0.644314415192734
"RP11-506M13.3","RP11-506M13.3",0.644174502577095
"RP13-465B17.4","RP13-465B17.4",0.644166898314322
"RP11-204L24.2","RP11-204L24.2",0.644100136169524
"AC005253.2","AC005253.2",0.643871583150553
"AC114271.2","AC114271.2",0.643811691148485
"RP11-400D2.2","RP11-400D2.2",0.64372480639174
"RP11-430H10.1","RP11-430H10.1",0.643675581384289
"CTD-2336O2.1","CTD-2336O2.1",0.643668753609466
"KCCAT211","KCCAT211",0.64347314188937
"RP11-2B6.3","RP11-2B6.3",0.643345549046877
"RP11-61J19.5","RP11-61J19.5",0.643340375219528
"KC6","KC6",0.643300684934694
"PAPPA-AS1","PAPPA-AS1",0.64328551109629
"RP11-1113L8.1","RP11-1113L8.1",0.643245741782909
"RP11-488C13.6","RP11-488C13.6",0.643220624833784
"RP11-548M13.1","RP11-548M13.1",0.643052044988306
"RP11-711K1.8","RP11-711K1.8",0.642868614868585
"RP11-978I15.10","RP11-978I15.10",0.642836036586777
"RP11-513G11.4","RP11-513G11.4",0.642796603909902
"RP11-799B12.4","RP11-799B12.4",0.642681081762705
"RP11-140K17.3","RP11-140K17.3",0.642661550777964
"LINC01206","LINC01206",0.642658324169389
"CTA-363E19.2","CTA-363E19.2",0.642594905098742
"RP11-115D19.1","RP11-115D19.1",0.642461358163952
"MIR3976HG","MIR3976HG",0.642441988976755
"RP11-383I23.2","RP11-383I23.2",0.64227513516533
"RP11-716O23.2","RP11-716O23.2",0.642265132573273
"RP11-573D15.9","RP11-573D15.9",0.642184837164898
"LINC01135","LINC01135",0.641991902583232
"AC016910.1","AC016910.1",0.64195556844205
"RP11-1060G2.1","RP11-1060G2.1",0.641815774311086
"KCNQ1OT1","KCNQ1OT1",0.641729211739216
"RP11-80H5.6","RP11-80H5.6",0.641471112536072
"CTD-2349P21.9","CTD-2349P21.9",0.641439870018208
"CTD-2587H19.3","CTD-2587H19.3",0.641386555835423
"RP11-409I10.2","RP11-409I10.2",0.641369194508161
"RP11-1275H24.1","RP11-1275H24.1",0.641194477032625
"RP11-225N10.1","RP11-225N10.1",0.641170285191908
"LLNLR-268E12.1","LLNLR-268E12.1",0.641133747986735
"MIR1539","MIR1539",0.640565948578924
"AP001628.6","AP001628.6",0.640483695911937
"RP11-297N6.4","RP11-297N6.4",0.640366333793093
"RP11-379F4.6","RP11-379F4.6",0.640323004069826
"FAM66A","FAM66A",0.639915524967233
"RP11-677O4.6","RP11-677O4.6",0.639727426695361
"RP11-40E6.1","RP11-40E6.1",0.639657884464846
"RP11-658F2.8","RP11-658F2.8",0.639640689943944
"CTD-2269F5.1","CTD-2269F5.1",0.639488309372991
"ZBTB20-AS1","ZBTB20-AS1",0.639283503400426
"CTB-164N12.1","CTB-164N12.1",0.638859244445801
"AL022341.3","AL022341.3",0.638858587343197
"RP11-208N14.4","RP11-208N14.4",0.638823191606749
"LA16c-380H5.5","LA16c-380H5.5",0.638349262990786
"RP4-665N4.8","RP4-665N4.8",0.638087720729671
"RP11-15A1.3","RP11-15A1.3",0.637885767893802
"CTD-3239E11.2","CTD-3239E11.2",0.637875994017456
"LINC01597","LINC01597",0.637767291039707
"RP11-102L12.2","RP11-102L12.2",0.637759582162305
"AC069513.4","AC069513.4",0.637757519988938
"RP11-69G7.1","RP11-69G7.1",0.637748439483589
"AC083843.1","AC083843.1",0.637630220467832
"AP000318.2","AP000318.2",0.637612162079793
"AC009120.4","AC009120.4",0.637375033565696
"RP11-314A20.2","RP11-314A20.2",0.637279700595118
"CTD-2043I16.1","CTD-2043I16.1",0.63718780768018
"RP11-1038A11.1","RP11-1038A11.1",0.637035665293574
"AP006621.5","AP006621.5",0.637008003169636
"RP11-388G22.1","RP11-388G22.1",0.636691383362764
"RP11-791G15.2","RP11-791G15.2",0.636629764440519
"RP11-469A15.2","RP11-469A15.2",0.636503683801311
"RP11-190P13.2","RP11-190P13.2",0.636455026557765
"RP11-446H18.6","RP11-446H18.6",0.636388179767254
"LINC01205","LINC01205",0.636278315351472
"RP11-730G20.1","RP11-730G20.1",0.636277117238104
"CTD-2547L16.1","CTD-2547L16.1",0.636159896628363
"GS1-166A23.2","GS1-166A23.2",0.636131325909114
"LINC01389","LINC01389",0.636113057359078
"AC079305.8","AC079305.8",0.63606192969461
"RP3-475N16.1","RP3-475N16.1",0.636012935718233
"AC104088.1","AC104088.1",0.635790727182998
"RP11-293M10.1","RP11-293M10.1",0.635631852289516
"TBX18-AS1","TBX18-AS1",0.635533063319646
"RP11-45A17.4","RP11-45A17.4",0.635518383456491
"CTB-5E10.3","CTB-5E10.3",0.63546535950981
"RP11-665C16.5","RP11-665C16.5",0.635419707944554
"RP5-1159O4.2","RP5-1159O4.2",0.635298850124871
"LINC00994","LINC00994",0.635281864759775
"RP11-1E4.1","RP11-1E4.1",0.635003314333303
"RP11-341G23.4","RP11-341G23.4",0.634742526387663
"RP4-742C19.13","RP4-742C19.13",0.634579138591628
"LL0XNC01-250H12.3","LL0XNC01-250H12.3",0.634527473031293
"RP11-392P7.6","RP11-392P7.6",0.634341976602121
"RP11-111D3.2","RP11-111D3.2",0.634316015748573
"RP11-527F13.1","RP11-527F13.1",0.63346501483556
"RP11-118B22.4","RP11-118B22.4",0.633375960764182
"C1orf220","C1orf220",0.633117788612479
"AC004702.2","AC004702.2",0.633088318289784
"APOA1-AS","APOA1-AS",0.633043655205518
"AC092159.2","AC092159.2",0.632990663651761
"RP5-1132H15.1","RP5-1132H15.1",0.632824850540372
"RP11-265O12.1","RP11-265O12.1",0.632760983890521
"RP11-981P6.1","RP11-981P6.1",0.632626255627027
"RP11-328P23.4","RP11-328P23.4",0.632461599231453
"RP11-429P3.3","RP11-429P3.3",0.632405013395882
"SNHG25","SNHG25",0.63235875356315
"AC007228.9","AC007228.9",0.632311740291622
"SBF2-AS1","SBF2-AS1",0.632289821350827
"AP000705.7","AP000705.7",0.632262689067749
"RP11-162A12.2","RP11-162A12.2",0.631926904662025
"CMP21-97G8.1","CMP21-97G8.1",0.631868376736247
"LINC01479","LINC01479",0.631843516326494
"LINC01162","LINC01162",0.63171959937753
"LINC00681","LINC00681",0.631427918948228
"AC007566.10","AC007566.10",0.631227417146998
"CTD-2369P2.5","CTD-2369P2.5",0.631214920860498
"RP11-646I6.5","RP11-646I6.5",0.631192306250271
"CTD-2246P4.1","CTD-2246P4.1",0.630910356964617
"AC104532.4","AC104532.4",0.630882910580269
"AC093802.1","AC093802.1",0.630824893514888
"RP11-408A13.3","RP11-408A13.3",0.630696119999244
"RP11-545E17.3","RP11-545E17.3",0.630576832359674
"AC079807.2","AC079807.2",0.630181354330319
"CDC37L1-AS1","CDC37L1-AS1",0.630175079127258
"RP11-841O20.2","RP11-841O20.2",0.630013511605754
"AP001062.7","AP001062.7",0.630008046025036
"RP5-998N21.7","RP5-998N21.7",0.629983180135813
"RP11-539L10.3","RP11-539L10.3",0.629912278820311
"RP11-161D15.1","RP11-161D15.1",0.629809758730989
"RP11-314N14.1","RP11-314N14.1",0.629752702923925
"CTD-2134P3.1","CTD-2134P3.1",0.629721076632845
"CTD-2376I20.1","CTD-2376I20.1",0.629678843596574
"RP11-33B1.3","RP11-33B1.3",0.629675647258206
"AP001092.4","AP001092.4",0.629605173082682
"RP1-267L14.6","RP1-267L14.6",0.629594568432498
"CYP51A1-AS1","CYP51A1-AS1",0.629538942638252
"RP11-434H6.7","RP11-434H6.7",0.629478337204927
"RP11-250B2.6","RP11-250B2.6",0.629386100923031
"RP5-1031J8.1","RP5-1031J8.1",0.629355014100896
"RP11-697E22.2","RP11-697E22.2",0.629335067833502
"RP11-22A3.2","RP11-22A3.2",0.62920629288356
"MIRLET7BHG","MIRLET7BHG",0.629165588443199
"AC159540.2","AC159540.2",0.628627728217645
"IDI2-AS1","IDI2-AS1",0.628584155754903
"RP11-571L19.7","RP11-571L19.7",0.628549240504089
"HRAT92","HRAT92",0.628442102857245
"RP11-91G21.1","RP11-91G21.1",0.628406855429226
"RP11-613D13.5","RP11-613D13.5",0.628405837632119
"RP11-310E22.5","RP11-310E22.5",0.62814037806713
"LINC01340","LINC01340",0.628134459495255
"RP11-128A17.1","RP11-128A17.1",0.628125403796995
"AC142528.1","AC142528.1",0.628105141419129
"RP3-525N10.2","RP3-525N10.2",0.62802012447596
"RP5-945F2.3","RP5-945F2.3",0.628006374102694
"RP11-532F6.4","RP11-532F6.4",0.627804781629943
"AC079776.1","AC079776.1",0.627278136412231
"RP11-481C4.1","RP11-481C4.1",0.626947986712145
"RP11-121C2.2","RP11-121C2.2",0.626872111068439
"STT3A-AS1","STT3A-AS1",0.626447788425054
"CTD-2128A3.2","CTD-2128A3.2",0.626337100809331
"RP11-662M24.1","RP11-662M24.1",0.626291133439962
"AF213884.2","AF213884.2",0.626170994567972
"RP4-539M6.14","RP4-539M6.14",0.626118153995454
"RP11-510I5.4","RP11-510I5.4",0.625960145996019
"LINC01473","LINC01473",0.625726669403101
"LINC01134","LINC01134",0.625642428886
"RP11-763E3.1","RP11-763E3.1",0.625582667661848
"RP11-109A6.3","RP11-109A6.3",0.625507470869105
"ABCC5-AS1","ABCC5-AS1",0.625340821585663
"AC092431.3","AC092431.3",0.625265293774152
"LINC01301","LINC01301",0.625259967874078
"AC144836.1","AC144836.1",0.625204798943566
"RP11-546K22.3","RP11-546K22.3",0.625018857437401
"RP1-30M3.5","RP1-30M3.5",0.624993695128128
"RP5-1093G23.1","RP5-1093G23.1",0.624957160504299
"RP4-816N1.6","RP4-816N1.6",0.624833724217714
"FLJ12825","FLJ12825",0.624714858173456
"RP11-10K16.1","RP11-10K16.1",0.624711559644578
"RP11-108M12.3","RP11-108M12.3",0.624557994674175
"RNU6ATAC35P","RNU6ATAC35P",0.624551985636742
"CTB-152G17.6","CTB-152G17.6",0.624421455075577
"AC068286.1","AC068286.1",0.623878282126196
"RP11-374M1.3","RP11-374M1.3",0.623716639243831
"LINC00266-4P","LINC00266-4P",0.623489327396553
"RP5-1110E20.1","RP5-1110E20.1",0.623431344585984
"CTD-2083E4.6","CTD-2083E4.6",0.622788508000138
"CTC-338M12.5","CTC-338M12.5",0.622640965028179
"AC009312.1","AC009312.1",0.622593772564399
"RP11-66H6.3","RP11-66H6.3",0.622508507443615
"AC004951.6","AC004951.6",0.622452213933938
"RP11-158I9.8","RP11-158I9.8",0.622390500966258
"RP11-247L20.4","RP11-247L20.4",0.622337242636299
"RP11-266K4.9","RP11-266K4.9",0.622158703084661
"RP11-1000B6.5","RP11-1000B6.5",0.622067238806522
"LINC00685","LINC00685",0.621824695600297
"RP11-589B3.6","RP11-589B3.6",0.621536124791532
"SNHG8","SNHG8",0.62151946188165
"CTD-2384A14.1","CTD-2384A14.1",0.621446404458936
"AC004237.1","AC004237.1",0.621408900564903
"RP1-148H17.1","RP1-148H17.1",0.621317855547625
"RP1-111C20.4","RP1-111C20.4",0.62130424283109
"CCDC144NL-AS1","CCDC144NL-AS1",0.621277769276266
"RP11-504A18.1","RP11-504A18.1",0.621171109677693
"RP11-413N19.2","RP11-413N19.2",0.621115860021592
"AC003005.2","AC003005.2",0.621097903777826
"CTD-2630F21.1","CTD-2630F21.1",0.620895087984958
"FLJ37035","FLJ37035",0.620861856048537
"RP11-332H14.2","RP11-332H14.2",0.620849803674577
"RP11-245J9.4","RP11-245J9.4",0.62045926924453
"RP11-72M17.1","RP11-72M17.1",0.620446847100739
"RP1-178F10.1","RP1-178F10.1",0.620392222242247
"CTD-2245F17.9","CTD-2245F17.9",0.620065002677186
"ST3GAL6-AS1","ST3GAL6-AS1",0.619969382393105
"ZMYM4-AS1","ZMYM4-AS1",0.619530815061708
"FLJ21408","FLJ21408",0.619529319753409
"FLG-AS1","FLG-AS1",0.619342742156526
"RP11-44K6.3","RP11-44K6.3",0.619264245251393
"PRRT3-AS1","PRRT3-AS1",0.619063919627883
"RP11-164O23.8","RP11-164O23.8",0.618884400740287
"RP11-421M1.8","RP11-421M1.8",0.618848150865913
"RP11-474G23.2","RP11-474G23.2",0.618624242239461
"RP11-1017G21.5","RP11-1017G21.5",0.618400334695585
"SLC25A25-AS1","SLC25A25-AS1",0.618181325035946
"MAN1B1-AS1","MAN1B1-AS1",0.618056839893788
"ELDR","ELDR",0.617883549402957
"RP11-166P13.3","RP11-166P13.3",0.617538927797943
"CTC-444N24.6","CTC-444N24.6",0.617200659003627
"RP11-351I21.11","RP11-351I21.11",0.616996215798775
"LINC00158","LINC00158",0.616928096967624
"RP11-21B21.4","RP11-21B21.4",0.616858727971984
"RP11-190C22.8","RP11-190C22.8",0.616508619353225
"RP11-114F10.2","RP11-114F10.2",0.616381253259917
"C21orf62-AS1","C21orf62-AS1",0.616277638736342
"RP11-110I1.14","RP11-110I1.14",0.616064078030782
"DPH6-AS1","DPH6-AS1",0.615925623479331
"CTD-2562J15.4","CTD-2562J15.4",0.615483535095464
"LINC01198","LINC01198",0.615371791609352
"RP11-603J24.14","RP11-603J24.14",0.615300198667232
"RP1-184J9.2","RP1-184J9.2",0.615114785572155
"RP11-21M24.2","RP11-21M24.2",0.615107318501331
"RP11-589M4.3","RP11-589M4.3",0.615080605010848
"RP11-498C9.15","RP11-498C9.15",0.615017544928419
"AC007383.4","AC007383.4",0.614736743974418
"RP11-6C14.1","RP11-6C14.1",0.614732277297712
"RP11-408A13.4","RP11-408A13.4",0.614598520260432
"ZBTB20-AS3","ZBTB20-AS3",0.614541730066107
"RP11-420B22.1","RP11-420B22.1",0.614524067715113
"RP11-725P16.2","RP11-725P16.2",0.614356860634101
"AC009478.1","AC009478.1",0.61426292675779
"RP1-12G14.9","RP1-12G14.9",0.614115515670758
"RP11-424N24.2","RP11-424N24.2",0.614104428993009
"XXbac-B135H6.18","XXbac-B135H6.18",0.614096659427076
"RP11-378J18.8","RP11-378J18.8",0.614049688511741
"MCHR2-AS1","MCHR2-AS1",0.613988590838379
"RP11-400N13.1","RP11-400N13.1",0.613799440872778
"RP11-140I16.3","RP11-140I16.3",0.613783339686172
"CTC-453G23.8","CTC-453G23.8",0.613722138074194
"RP11-818F20.5","RP11-818F20.5",0.613621475985232
"CTD-2081C10.1","CTD-2081C10.1",0.613504744711475
"RP11-655H13.2","RP11-655H13.2",0.613322944002269
"RP4-640H8.2","RP4-640H8.2",0.613281465407417
"ERVH48-1","ERVH48-1",0.613251571957647
"RP11-343H19.1","RP11-343H19.1",0.613065243039754
"RP11-223P11.3","RP11-223P11.3",0.612571095526264
"RP11-348B17.1","RP11-348B17.1",0.61238971445354
"RP11-324E6.10","RP11-324E6.10",0.612054392708195
"KIZ-AS1","KIZ-AS1",0.612000355954358
"AC007098.1","AC007098.1",0.611950220934617
"RP11-700H13.1","RP11-700H13.1",0.611878429856082
"RP11-225H22.7","RP11-225H22.7",0.611723063369109
"RP11-16N11.2","RP11-16N11.2",0.611698746571803
"LINC00698","LINC00698",0.611669319388495
"RP11-264B17.2","RP11-264B17.2",0.611654608092916
"RP11-814H16.2","RP11-814H16.2",0.611494435161897
"AC002310.12","AC002310.12",0.611326153414807
"RP11-380B4.3","RP11-380B4.3",0.611289156067531
"DAXX","DAXX",0.611250820831751
"RP11-282O18.3","RP11-282O18.3",0.611214275360047
"RP3-330M21.5","RP3-330M21.5",0.610967920116109
"RP11-739N20.2","RP11-739N20.2",0.610940635148339
"AC138035.2","AC138035.2",0.610874031244923
"KTN1-AS1","KTN1-AS1",0.610712319970727
"LINC00847","LINC00847",0.610412619360331
"RP11-498M5.2","RP11-498M5.2",0.610354804152511
"RP11-57G10.8","RP11-57G10.8",0.610349593177021
"MUC19","MUC19",0.610337858295524
"RP11-950C14.7","RP11-950C14.7",0.610322978754831
"LINC01194","LINC01194",0.610017871534621
"RP11-462L8.1","RP11-462L8.1",0.609687650013731
"RP11-282I1.1","RP11-282I1.1",0.609507612012608
"RP5-973N23.4","RP5-973N23.4",0.609279112706828
"RP11-390E23.6","RP11-390E23.6",0.609245916200604
"CTC-425F1.4","CTC-425F1.4",0.609212698103846
"AC006460.2","AC006460.2",0.609161718182326
"AC005786.5","AC005786.5",0.609150623897715
"RP5-1068E13.7","RP5-1068E13.7",0.60905637978979
"MIR4458HG","MIR4458HG",0.608970248278872
"AC007879.1","AC007879.1",0.608689916352757
"CTD-2189E23.1","CTD-2189E23.1",0.608663275809629
"XXbac-BPGBPG55C20.1","XXbac-BPGBPG55C20.1",0.608438658833235
"CTD-2213F21.2","CTD-2213F21.2",0.608402220522783
"CTB-119C2.1","CTB-119C2.1",0.608400404536828
"HDAC11-AS1","HDAC11-AS1",0.608305304743441
"RP11-131L23.1","RP11-131L23.1",0.608162982271446
"RP11-857B24.1","RP11-857B24.1",0.608090350102098
"RP11-320N21.2","RP11-320N21.2",0.607942542950957
"LINC01310","LINC01310",0.607611033696138
"RP11-455F5.3","RP11-455F5.3",0.60753482653944
"CECR5-AS1","CECR5-AS1",0.607497477292461
"RP11-401O9.3","RP11-401O9.3",0.607425050967435
"CH17-189H20.1","CH17-189H20.1",0.607399754454612
"RP11-503P10.1","RP11-503P10.1",0.607384161646091
"CH17-80A12.1","CH17-80A12.1",0.607362794966538
"RP11-268J15.5","RP11-268J15.5",0.607157134894122
"AP000302.58","AP000302.58",0.607120097811613
"RP11-360P21.2","RP11-360P21.2",0.607111543167057
"RP11-20E24.1","RP11-20E24.1",0.607038767176655
"RP11-516C1.1","RP11-516C1.1",0.606988996358706
"CTD-3193O13.12","CTD-3193O13.12",0.606963783021839
"AC007966.1","AC007966.1",0.60662473147189
"RP11-254F19.3","RP11-254F19.3",0.60650718440087
"RP11-596D21.1","RP11-596D21.1",0.606365407147198
"CTD-2325B11.1","CTD-2325B11.1",0.606304813695381
"RP11-336A10.2","RP11-336A10.2",0.606222035475681
"RP11-50D9.3","RP11-50D9.3",0.606179332766287
"DACT3-AS1","DACT3-AS1",0.606124769390525
"RP11-500G22.5","RP11-500G22.5",0.605804170533242
"RP11-299G20.2","RP11-299G20.2",0.605789908872917
"RP11-708B6.2","RP11-708B6.2",0.605658538711344
"AC012074.2","AC012074.2",0.60557311200207
"AC195454.1","AC195454.1",0.605470635135479
"CTD-3185P2.1","CTD-3185P2.1",0.605140653345643
"TMPO-AS1","TMPO-AS1",0.605046845629175
"ZFY-AS1","ZFY-AS1",0.604916255585714
"RP11-1379J22.2","RP11-1379J22.2",0.604705010020793
"AC011290.4","AC011290.4",0.604619113723905
"RP11-371F15.3","RP11-371F15.3",0.604585291058482
"RP1-122P22.2","RP1-122P22.2",0.604552756170204
"RP11-166B2.5","RP11-166B2.5",0.60448758083616
"RP11-354P11.3","RP11-354P11.3",0.604301335238852
"HMGN3-AS1","HMGN3-AS1",0.604181866665199
"RP4-657D16.3","RP4-657D16.3",0.604162145724024
"RP5-894A10.2","RP5-894A10.2",0.604138774359897
"CTB-118N6.2","CTB-118N6.2",0.604099022234475
"LINC01396","LINC01396",0.603887771677427
"RP11-468H14.2","RP11-468H14.2",0.603400075239636
"RP11-518L10.5","RP11-518L10.5",0.602803358294746
"ASB16-AS1","ASB16-AS1",0.602786502509009
"RP11-170N16.3","RP11-170N16.3",0.602490997038131
"RBM5-AS1","RBM5-AS1",0.602233474261917
"AC004854.4","AC004854.4",0.601799813670464
"RP11-1114A5.4","RP11-1114A5.4",0.601708273450128
"ZMIZ1-AS1","ZMIZ1-AS1",0.601416446554721
"TRAM2-AS1","TRAM2-AS1",0.601274789904692
"RP1-117O3.2","RP1-117O3.2",0.601159832432046
"AP001437.1","AP001437.1",0.60107671157029
"CTD-2525I3.5","CTD-2525I3.5",0.601023709849299
"RP11-773H22.4","RP11-773H22.4",0.600952862789507
"VPS9D1-AS1","VPS9D1-AS1",0.600950604525464
"UBE2R2-AS1","UBE2R2-AS1",0.600833553670661
"RP11-284M14.1","RP11-284M14.1",0.60046755277398
"RP11-401O9.4","RP11-401O9.4",0.600330948557605
"RP5-890E16.5","RP5-890E16.5",0.600052509250909
"RP11-11C20.3","RP11-11C20.3",0.60002061618257
"RP11-665G4.1","RP11-665G4.1",0.599867942453735
"CTD-2653M23.3","CTD-2653M23.3",0.599862805701639
"AC006547.8","AC006547.8",0.599806452949892
"KB-1125A3.12","KB-1125A3.12",0.599804181214179
"AC026150.8","AC026150.8",0.599683329038894
"RP11-242J7.1","RP11-242J7.1",0.59955964567147
"MID1IP1-AS1","MID1IP1-AS1",0.599550247677674
"PKN2-AS1","PKN2-AS1",0.599462126333192
"RP1-234P15.4","RP1-234P15.4",0.599458934409437
"PTENP1-AS","PTENP1-AS",0.5994425040215
"SH3PXD2A-AS1","SH3PXD2A-AS1",0.599089401572457
"RP11-677M14.7","RP11-677M14.7",0.599080690938597
"RP11-346D19.1","RP11-346D19.1",0.598923536892808
"RP11-1029J19.5","RP11-1029J19.5",0.59842281393678
"RP11-452L6.5","RP11-452L6.5",0.598355477599458
"RP11-989E6.10","RP11-989E6.10",0.598302554945083
"LINC01258","LINC01258",0.598192284312819
"RP11-760H22.2","RP11-760H22.2",0.598161670101991
"AC003075.4","AC003075.4",0.597795141854097
"RP11-243J16.7","RP11-243J16.7",0.597719496607709
"RP13-942N8.1","RP13-942N8.1",0.597666894891837
"HTR3E-AS1","HTR3E-AS1",0.597582332336469
"CTC-242N15.1","CTC-242N15.1",0.59754297361607
"RP11-90D4.3","RP11-90D4.3",0.597466574641666
"RP11-46C24.7","RP11-46C24.7",0.597271068048917
"KCNIP2-AS1","KCNIP2-AS1",0.597194089996492
"AC093323.3","AC093323.3",0.597111756751587
"RP11-638I2.4","RP11-638I2.4",0.597021398562019
"RP3-388E23.2","RP3-388E23.2",0.596934855370479
"CTC-420A11.2","CTC-420A11.2",0.596462859285469
"MINCR","MINCR",0.596438489821827
"RP11-37B2.1","RP11-37B2.1",0.596421861021708
"ZNF213-AS1","ZNF213-AS1",0.596260394388361
"MAPKAPK5-AS1","MAPKAPK5-AS1",0.596034820490678
"RP11-12G12.7","RP11-12G12.7",0.595996833960766
"SRRM2-AS1","SRRM2-AS1",0.595947471289832
"KB-1562D12.1","KB-1562D12.1",0.595838000334812
"AC018890.6","AC018890.6",0.595831812984572
"RP11-502M1.2","RP11-502M1.2",0.595812980272691
"RP11-31F15.2","RP11-31F15.2",0.595637161420282
"RP11-160E2.6","RP11-160E2.6",0.595623902145963
"RNASEH1-AS1","RNASEH1-AS1",0.59526159533058
"RP11-7F17.8","RP11-7F17.8",0.595163892191882
"RP11-230C9.4","RP11-230C9.4",0.595015984355808
"NCBP2-AS1","NCBP2-AS1",0.594951302761251
"RP11-1000B6.3","RP11-1000B6.3",0.594927742989421
"RP5-821D11.7","RP5-821D11.7",0.594726891272881
"RP11-305O4.3","RP11-305O4.3",0.594711044018456
"LINC00882","LINC00882",0.594634484898209
"AC093388.3","AC093388.3",0.594257101696552
"AC084219.4","AC084219.4",0.594116637476675
"RP11-973N13.4","RP11-973N13.4",0.594106107432998
"POT1-AS1","POT1-AS1",0.593933678368627
"RP4-535B20.4","RP4-535B20.4",0.593838977958988
"RP11-727A23.10","RP11-727A23.10",0.593491190178465
"RP11-161I2.1","RP11-161I2.1",0.593453106099511
"AC097662.2","AC097662.2",0.593433300064072
"LINC00222","LINC00222",0.592748514993571
"CTD-2007L18.5","CTD-2007L18.5",0.592396626652887
"ARF4-AS1","ARF4-AS1",0.592225264315692
"RP3-465N24.6","RP3-465N24.6",0.592016782046776
"MPRIP-AS1","MPRIP-AS1",0.591871392648545
"RP11-10O17.3","RP11-10O17.3",0.591838200948197
"LINC01311","LINC01311",0.591401077261046
"AP000235.2","AP000235.2",0.591361735750253
"CRHR1","CRHR1",0.591298616099944
"AP001412.1","AP001412.1",0.590862560227198
"RP11-340I6.8","RP11-340I6.8",0.59077706825499
"LINC01317","LINC01317",0.590613095849124
"RP11-582J16.5","RP11-582J16.5",0.590381316792566
"THAP7-AS1","THAP7-AS1",0.59018368870627
"RP11-110I1.12","RP11-110I1.12",0.590177950744333
"AC015971.2","AC015971.2",0.590094596237076
"RP11-195F19.9","RP11-195F19.9",0.589867676739164
"RP11-304M2.3","RP11-304M2.3",0.589799319936114
"BAALC-AS1","BAALC-AS1",0.589694194217214
"RP3-414A15.2","RP3-414A15.2",0.589536646890878
"RP6-109B7.4","RP6-109B7.4",0.589469056782961
"DIO2-AS1","DIO2-AS1",0.589300436655414
"RP1-225E12.2","RP1-225E12.2",0.589225632549416
"RP11-218F10.3","RP11-218F10.3",0.589155127286416
"RP11-323J4.1","RP11-323J4.1",0.588696082168175
"ZBTB20-AS4","ZBTB20-AS4",0.588478223805201
"RP11-513D5.5","RP11-513D5.5",0.58832011321982
"LINC00265","LINC00265",0.588054746878452
"ZNF337-AS1","ZNF337-AS1",0.587936840500559
"ALOX12-AS1","ALOX12-AS1",0.587720514988928
"OPA1-AS1","OPA1-AS1",0.587529932381847
"SGMS1-AS1","SGMS1-AS1",0.587371259813665
"RP5-1112D6.4","RP5-1112D6.4",0.587211102613005
"RP11-294J22.6","RP11-294J22.6",0.587091085804697
"AC002116.7","AC002116.7",0.587089545435406
"CTC-490E21.14","CTC-490E21.14",0.586874775750229
"CTC-270D5.1","CTC-270D5.1",0.586809594355909
"RP11-135D11.2","RP11-135D11.2",0.586639561820943
"RP5-936J12.1","RP5-936J12.1",0.586504809889563
"AC004231.2","AC004231.2",0.586411355568187
"RP11-53I6.4","RP11-53I6.4",0.586353214515021
"AC005618.6","AC005618.6",0.586309187515403
"RP11-557C18.3","RP11-557C18.3",0.586278817920504
"RP11-774D14.1","RP11-774D14.1",0.586253907916624
"AC005009.2","AC005009.2",0.586138363786969
"FAM66C","FAM66C",0.585979058914514
"RP11-10C24.3","RP11-10C24.3",0.585761501155525
"RP11-69L16.4","RP11-69L16.4",0.585744633577303
"LL22NC03-2H8.5","LL22NC03-2H8.5",0.585543755086592
"RP11-383M4.6","RP11-383M4.6",0.585497890091831
"RP11-398C13.6","RP11-398C13.6",0.585448310437061
"RP11-421L21.3","RP11-421L21.3",0.585070956683913
"RP11-477D19.2","RP11-477D19.2",0.584543442775602
"AC009303.1","AC009303.1",0.584424423772925
"RP11-872J21.3","RP11-872J21.3",0.584388319321724
"MMP25-AS1","MMP25-AS1",0.584162752054237
"RP11-154J22.1","RP11-154J22.1",0.584152918195785
"NUCB1-AS1","NUCB1-AS1",0.584025938507455
"RP11-1148L6.9","RP11-1148L6.9",0.583992471829157
"RP11-284G10.1","RP11-284G10.1",0.583924491992586
"RP11-120M18.5","RP11-120M18.5",0.583792536681226
"APTR","APTR",0.583764694042163
"RP11-373N22.3","RP11-373N22.3",0.583646857976834
"RP3-510L9.1","RP3-510L9.1",0.583623334012921
"RP11-338H14.1","RP11-338H14.1",0.583522308367041
"LINC01204","LINC01204",0.583498870987884
"RP11-357N13.1","RP11-357N13.1",0.583456009615844
"AC105760.2","AC105760.2",0.583296528493467
"AC145124.2","AC145124.2",0.583155802878379
"RP11-351D16.3","RP11-351D16.3",0.583013916605495
"RP11-277A4.4","RP11-277A4.4",0.582814220310923
"PRCAT47","PRCAT47",0.582803163934412
"RP1-179N16.6","RP1-179N16.6",0.582691778144283
"RP11-144G7.2","RP11-144G7.2",0.582230757674376
"RP11-351M8.2","RP11-351M8.2",0.582169710845324
"LINC00167","LINC00167",0.582137977148578
"RP11-552D8.1","RP11-552D8.1",0.582071383378199
"RP5-1021I20.1","RP5-1021I20.1",0.582030326816468
"RP11-327P2.5","RP11-327P2.5",0.581977045750902
"LINC00667","LINC00667",0.581972212789637
"LL22NC03-86G7.1","LL22NC03-86G7.1",0.581507349164747
"WASF3-AS1","WASF3-AS1",0.581314899650798
"CTD-3074O7.5","CTD-3074O7.5",0.580791617737818
"TTTY14","TTTY14",0.580569127952269
"RP11-552F3.10","RP11-552F3.10",0.580537731975172
"RP11-758H9.2","RP11-758H9.2",0.580481489544778
"SEPT7-AS1","SEPT7-AS1",0.580420406659096
"ST7-AS1","ST7-AS1",0.580300701175561
"P4HA2-AS1","P4HA2-AS1",0.580288928922164
"RP11-6J21.2","RP11-6J21.2",0.580131369369096
"XXbac-BPG252P9.10","XXbac-BPG252P9.10",0.57987149476997
"RP11-147L13.13","RP11-147L13.13",0.579723740133272
"LINC00997","LINC00997",0.57952133603939
"CAPN15","CAPN15",0.579508758747226
"RP4-669P10.20","RP4-669P10.20",0.579499464995014
"RP5-908M14.9","RP5-908M14.9",0.579366510491057
"RP11-666O2.2","RP11-666O2.2",0.579198599566136
"ZFAS1","ZFAS1",0.579164377596377
"RMRP","RMRP",0.579071078628253
"RP11-32D16.1","RP11-32D16.1",0.578983892716996
"RP11-17E2.2","RP11-17E2.2",0.578606721046765
"RP11-14P20.1","RP11-14P20.1",0.578340314404672
"DANT2","DANT2",0.578096795141825
"AC068282.3","AC068282.3",0.577944847026323
"CTD-2260A17.2","CTD-2260A17.2",0.577608295762179
"RP11-379K17.4","RP11-379K17.4",0.577441583455276
"RP11-164J13.1","RP11-164J13.1",0.577374945542743
"CTB-129O4.1","CTB-129O4.1",0.576769124125132
"AC006042.7","AC006042.7",0.576670114793244
"LINC00393","LINC00393",0.575892150948141
"RP11-410E4.1","RP11-410E4.1",0.57579953852311
"RP11-12M5.4","RP11-12M5.4",0.575707286572827
"RP11-470P21.2","RP11-470P21.2",0.575362550368954
"ZNF790-AS1","ZNF790-AS1",0.575296142799446
"RP13-941N14.1","RP13-941N14.1",0.575291541743582
"CTD-2302E22.4","CTD-2302E22.4",0.575268476595766
"AP000487.6","AP000487.6",0.575266414297457
"KANTR","KANTR",0.575159270960825
"RP11-370I10.6","RP11-370I10.6",0.575121471669726
"RP11-813I20.2","RP11-813I20.2",0.574506999698138
"EXOC3-AS1","EXOC3-AS1",0.574263004254246
"RP11-56B16.5","RP11-56B16.5",0.57386387054037
"CTD-2325M2.1","CTD-2325M2.1",0.573840669471522
"U52111.14","U52111.14",0.573761464117868
"RP11-256I9.3","RP11-256I9.3",0.573730420252572
"CTD-2125J1.1","CTD-2125J1.1",0.573691428938181
"RP11-179B2.2","RP11-179B2.2",0.573475783704412
"RP11-584P21.2","RP11-584P21.2",0.573261828883073
"CTD-2066L21.3","CTD-2066L21.3",0.573258665291543
"RP11-710F7.3","RP11-710F7.3",0.57323064586684
"RP11-530I17.1","RP11-530I17.1",0.573132803765655
"PCCA-AS1","PCCA-AS1",0.573056563711684
"RP11-230G5.2","RP11-230G5.2",0.573029596453517
"LA16c-390E6.5","LA16c-390E6.5",0.572999340054064
"RP11-212P7.2","RP11-212P7.2",0.572909468732782
"CTD-2378E21.1","CTD-2378E21.1",0.572744751906352
"CTD-2152M20.2","CTD-2152M20.2",0.572709351924925
"RP11-290F5.1","RP11-290F5.1",0.57241796347344
"FBXL19-AS1","FBXL19-AS1",0.572004758698579
"AC026202.3","AC026202.3",0.572001283494221
"SAP30L-AS1","SAP30L-AS1",0.571865962836017
"CTD-2649C14.2","CTD-2649C14.2",0.571782826661879
"RP1-256G22.2","RP1-256G22.2",0.571331632495692
"RP11-596C23.2","RP11-596C23.2",0.571212274512088
"RP11-251G23.5","RP11-251G23.5",0.571158295357636
"RP1-45N11.1","RP1-45N11.1",0.571109717343517
"RBM26-AS1","RBM26-AS1",0.570519611405805
"AC007163.6","AC007163.6",0.570374648406934
"PAN3-AS1","PAN3-AS1",0.570263346329562
"RP11-66B24.5","RP11-66B24.5",0.570252606167801
"GHRLOS","GHRLOS",0.570122092922421
"AC091132.1","AC091132.1",0.570055131719192
"CTD-2366F13.1","CTD-2366F13.1",0.570003230530654
"USP27X-AS1","USP27X-AS1",0.569695547909861
"RP11-120D5.1","RP11-120D5.1",0.569690718318749
"XXbac-BPGBPG55C20.2","XXbac-BPGBPG55C20.2",0.569595441675695
"AC091133.1","AC091133.1",0.56955164747978
"CTD-3162L10.1","CTD-3162L10.1",0.569006439865229
"RP11-359K18.3","RP11-359K18.3",0.568961003808913
"CTC-513N18.6","CTC-513N18.6",0.568926210920561
"AC005775.2","AC005775.2",0.568814665812202
"RP11-497H16.9","RP11-497H16.9",0.568546481404747
"RP11-856M7.6","RP11-856M7.6",0.568433968659188
"RP11-253M7.4","RP11-253M7.4",0.56834170286472
"AC007228.5","AC007228.5",0.568294769952282
"BMS1P14","BMS1P14",0.567958443472624
"RP11-388M20.1","RP11-388M20.1",0.567574458270139
"ZNF32-AS3","ZNF32-AS3",0.567559851962465
"RP4-739H11.3","RP4-739H11.3",0.567514371807846
"RP11-849N15.4","RP11-849N15.4",0.567338982938002
"AC079630.4","AC079630.4",0.567242032800294
"LINC01535","LINC01535",0.566917014952926
"TOLLIP-AS1","TOLLIP-AS1",0.566765121397754
"RP11-517C16.2","RP11-517C16.2",0.566577747018233
"RP11-47A8.5","RP11-47A8.5",0.566433052044663
"RP11-147L13.11","RP11-147L13.11",0.566405732621272
"LINC00266-1","LINC00266-1",0.565481885042252
"RP11-389G6.5","RP11-389G6.5",0.565481832499834
"CTB-161M19.4","CTB-161M19.4",0.565355012342391
"RP11-545D19.1","RP11-545D19.1",0.565298318711463
"AC113189.5","AC113189.5",0.565151144248258
"LINC01429","LINC01429",0.565120051006193
"CTD-2054N24.2","CTD-2054N24.2",0.564924177970258
"RP11-73K9.2","RP11-73K9.2",0.564820075931592
"RP1-102G20.5","RP1-102G20.5",0.564475848700372
"RP11-507K2.2","RP11-507K2.2",0.564002324862716
"CTD-2215E18.1","CTD-2215E18.1",0.563823415013201
"RP11-22P6.2","RP11-22P6.2",0.563736026433904
"RP1-317E23.3","RP1-317E23.3",0.563479417160004
"RP11-228B15.4","RP11-228B15.4",0.563162493308245
"RP11-2C15.1","RP11-2C15.1",0.563141299890965
"AC002550.5","AC002550.5",0.56310264603275
"MIR762HG","MIR762HG",0.562640262418217
"RP11-143P4.2","RP11-143P4.2",0.562393914723196
"RP11-413H22.3","RP11-413H22.3",0.562101524916378
"RP13-228J13.1","RP13-228J13.1",0.561915991197297
"LINC00114","LINC00114",0.561868350862397
"CTC-273B12.10","CTC-273B12.10",0.56160934587439
"RP11-214N9.1","RP11-214N9.1",0.560841389758011
"RP11-158H5.8","RP11-158H5.8",0.560789949714482
"RP11-871F6.3","RP11-871F6.3",0.560674773518826
"CPEB2-AS1","CPEB2-AS1",0.560454701312915
"LINC01499","LINC01499",0.560451874878429
"LA16c-OS12.2","LA16c-OS12.2",0.560078293702456
"RP11-46J23.1","RP11-46J23.1",0.559980663111769
"RP1-167A14.2","RP1-167A14.2",0.55977774394122
"AC009403.2","AC009403.2",0.559616696259989
"RP3-476K8.3","RP3-476K8.3",0.559327402944236
"MIATNB","MIATNB",0.559253492834605
"RP11-386B13.3","RP11-386B13.3",0.559239994306941
"RP11-115C21.2","RP11-115C21.2",0.559009040404091
"RP11-770G2.2","RP11-770G2.2",0.558993407791892
"RP11-648K4.2","RP11-648K4.2",0.558804499371619
"RP3-402G11.25","RP3-402G11.25",0.558791169432501
"RP11-477N12.6","RP11-477N12.6",0.558775256304345
"RP13-753N3.1","RP13-753N3.1",0.558732200312039
"RP11-429P3.5","RP11-429P3.5",0.558586021481557
"RP11-178C3.2","RP11-178C3.2",0.558319875938124
"RP11-266A24.1","RP11-266A24.1",0.558303799143302
"RP11-849F2.5","RP11-849F2.5",0.558135449306907
"RP1-197B17.3","RP1-197B17.3",0.558117914064002
"RP11-124G5.3","RP11-124G5.3",0.557863297344909
"LINC01100","LINC01100",0.557815849558385
"RP11-235G24.1","RP11-235G24.1",0.557771520602666
"RP11-77I22.2","RP11-77I22.2",0.557724947433519
"RP11-216B9.6","RP11-216B9.6",0.557699504173805
"RP11-540O11.1","RP11-540O11.1",0.557518993782888
"RP5-882C2.2","RP5-882C2.2",0.557437948565145
"RP11-390D11.1","RP11-390D11.1",0.557365721771195
"RP11-486I11.2","RP11-486I11.2",0.557051423478495
"RP11-831F12.2","RP11-831F12.2",0.55696341991876
"CTC-339F2.2","CTC-339F2.2",0.556901974134925
"RP11-1094M14.11","RP11-1094M14.11",0.556886539261529
"LINC00534","LINC00534",0.556833120986981
"NUTM2A-AS1","NUTM2A-AS1",0.556764105945588
"RP5-864K19.4","RP5-864K19.4",0.556391338876878
"AC099850.1","AC099850.1",0.556378484047888
"LYPLAL1-AS1","LYPLAL1-AS1",0.55632077382678
"RP11-630D6.5","RP11-630D6.5",0.555971487397165
"AC016751.3","AC016751.3",0.555926931076394
"LINC01358","LINC01358",0.555786869575558
"RP1-8B1.4","RP1-8B1.4",0.555621662101218
"AC005224.2","AC005224.2",0.555448964086295
"RP11-351A11.1","RP11-351A11.1",0.555383808330283
"RP1-315G1.3","RP1-315G1.3",0.555262459458976
"RP11-350J20.5","RP11-350J20.5",0.554599417408314
"CTB-25B13.5","CTB-25B13.5",0.554559748058139
"RP11-16L14.2","RP11-16L14.2",0.554420828778273
"RP1-20C7.6","RP1-20C7.6",0.554416763494143
"THCAT158","THCAT158",0.554125312160227
"NAPA-AS1","NAPA-AS1",0.554032840658959
"CABIN1","CABIN1",0.55379743553625
"CTD-2619J13.14","CTD-2619J13.14",0.553689463386709
"SLC25A21-AS1","SLC25A21-AS1",0.55357743856067
"DLEU2","DLEU2",0.553559411990037
"RP11-686O6.2","RP11-686O6.2",0.553206218813454
"PSMG3-AS1","PSMG3-AS1",0.552870413509481
"KB-1458E12.1","KB-1458E12.1",0.552346353343843
"RP11-166B2.8","RP11-166B2.8",0.552310605848839
"TAPT1-AS1","TAPT1-AS1",0.552235439966865
"RP3-508I15.10","RP3-508I15.10",0.552142332638637
"TH2LCRR","TH2LCRR",0.55185682613516
"RP11-403P17.3","RP11-403P17.3",0.551687657010219
"RP11-290D2.3","RP11-290D2.3",0.551630253593916
"RP11-106M3.3","RP11-106M3.3",0.551476045103706
"LINC01521","LINC01521",0.551365310304301
"CTC-444N24.8","CTC-444N24.8",0.549834047589581
"CEP83-AS1","CEP83-AS1",0.549573285707707
"RP11-95M15.1","RP11-95M15.1",0.549512375112459
"RP11-34P13.7","RP11-34P13.7",0.549427029794439
"ST20-AS1","ST20-AS1",0.549212812348495
"AC008746.3","AC008746.3",0.549013384719063
"TM4SF1-AS1","TM4SF1-AS1",0.54891708205775
"RP11-434D11.4","RP11-434D11.4",0.54867852853351
"RP11-234B24.2","RP11-234B24.2",0.548408848766211
"HCG27","HCG27",0.548341450455448
"MORC2-AS1","MORC2-AS1",0.548048312620761
"RP11-745L13.2","RP11-745L13.2",0.547781699734176
"RP11-15F12.3","RP11-15F12.3",0.547500576413885
"AC007773.2","AC007773.2",0.546939311179261
"LINC01483","LINC01483",0.546848230483062
"RP11-48B3.5","RP11-48B3.5",0.546692964433887
"RP3-402G11.26","RP3-402G11.26",0.546485991626776
"RP11-887P2.5","RP11-887P2.5",0.546402087080348
"CTD-2516F10.2","CTD-2516F10.2",0.546323639239532
"RP11-1H15.2","RP11-1H15.2",0.546096729775061
"AC012668.2","AC012668.2",0.545567226890318
"RP11-334C17.5","RP11-334C17.5",0.545544028019678
"RP11-432I5.6","RP11-432I5.6",0.545441989117779
"RP11-59N23.3","RP11-59N23.3",0.545351475375252
"RP11-815M8.1","RP11-815M8.1",0.54532576529128
"RP11-546B15.1","RP11-546B15.1",0.545179034348631
"RP11-77H9.2","RP11-77H9.2",0.544799110440866
"RP11-40H20.4","RP11-40H20.4",0.544575481925757
"CTB-129P6.11","CTB-129P6.11",0.544228407661395
"TMEM161B-AS1","TMEM161B-AS1",0.543943408552362
"OSGEPL1-AS1","OSGEPL1-AS1",0.543756654791898
"RP11-927P21.1","RP11-927P21.1",0.543583687618779
"RP11-395A13.2","RP11-395A13.2",0.543546525212994
"CTC-559E9.8","CTC-559E9.8",0.543517623379393
"DDX11-AS1","DDX11-AS1",0.543495262224819
"RP11-614F17.2","RP11-614F17.2",0.543360571597597
"FAM66E","FAM66E",0.543295308861866
"NOP14-AS1","NOP14-AS1",0.543209264830851
"RP11-192H23.6","RP11-192H23.6",0.543141660138288
"RP11-278A23.1","RP11-278A23.1",0.543091683782244
"RP11-422P24.10","RP11-422P24.10",0.543040728188098
"RP11-267M23.4","RP11-267M23.4",0.54252575702292
"SCOC-AS1","SCOC-AS1",0.542417965588122
"RP11-166O4.6","RP11-166O4.6",0.541964288454802
"RP11-146F11.1","RP11-146F11.1",0.541714609621493
"AC007292.6","AC007292.6",0.54127218519097
"LINC00936","LINC00936",0.541245295569768
"RP11-38L15.2","RP11-38L15.2",0.541228162415315
"AC073218.1","AC073218.1",0.541152043716207
"CTB-131K11.1","CTB-131K11.1",0.541049126310775
"AC012363.4","AC012363.4",0.540874545275379
"CTD-2371O3.2","CTD-2371O3.2",0.540784824278719
"AC005754.8","AC005754.8",0.540659099252948
"SH3BP5-AS1","SH3BP5-AS1",0.540569332891427
"MIR181A2HG","MIR181A2HG",0.540484443143198
"AC007228.11","AC007228.11",0.540261981814623
"RP11-49K24.4","RP11-49K24.4",0.539957919255948
"RP11-549K20.1","RP11-549K20.1",0.53985576762587
"KMT2E-AS1","KMT2E-AS1",0.539561994999888
"SLFNL1-AS1","SLFNL1-AS1",0.539462133878002
"AC010504.2","AC010504.2",0.539210503493727
"RP11-589M4.1","RP11-589M4.1",0.538835162398087
"RP11-506N2.1","RP11-506N2.1",0.537693697279744
"RP11-265E18.1","RP11-265E18.1",0.537574472648316
"ZFX-AS1","ZFX-AS1",0.537512207897852
"RP11-1129I3.1","RP11-1129I3.1",0.537180290600327
"RP11-127B20.3","RP11-127B20.3",0.536919441961719
"RP11-415C15.2","RP11-415C15.2",0.536873188312305
"RP11-227G15.8","RP11-227G15.8",0.536546738853038
"RP11-253I19.3","RP11-253I19.3",0.536462929029334
"RP11-867G23.8","RP11-867G23.8",0.536377375693881
"IL12A-AS1","IL12A-AS1",0.536351985014771
"RP11-91A18.4","RP11-91A18.4",0.535886655047421
"RP11-613C6.2","RP11-613C6.2",0.535885921155451
"LINC01031","LINC01031",0.535839945595098
"TMLHE-AS1","TMLHE-AS1",0.535834055032086
"FAM13A-AS1","FAM13A-AS1",0.535671588796757
"RP11-121G22.3","RP11-121G22.3",0.535150552696768
"CTC-524C5.2","CTC-524C5.2",0.535135350249491
"RP5-1115A15.1","RP5-1115A15.1",0.535116800617656
"TTC3-AS1","TTC3-AS1",0.535088082245056
"RP11-398K22.12","RP11-398K22.12",0.534767473815937
"BACE1-AS","BACE1-AS",0.534717145605879
"RP11-262H14.3","RP11-262H14.3",0.534699846405063
"RP11-21B23.3","RP11-21B23.3",0.534404103185394
"CTD-2349P21.11","CTD-2349P21.11",0.533872119079508
"RP11-634H22.1","RP11-634H22.1",0.533808343276377
"CTD-3131K8.2","CTD-3131K8.2",0.533769401141684
"PXN-AS1","PXN-AS1",0.533126901298168
"DENND5B-AS1","DENND5B-AS1",0.532746612314357
"CTD-3025N20.3","CTD-3025N20.3",0.532374222731874
"RP4-800J21.3","RP4-800J21.3",0.531941023028792
"XXbac-BPG299F13.17","XXbac-BPG299F13.17",0.53194024247895
"ZNF674-AS1","ZNF674-AS1",0.531869098327118
"LINC00687","LINC00687",0.531797203987072
"RP11-269F19.2","RP11-269F19.2",0.531738096995424
"RP11-459F6.3","RP11-459F6.3",0.531658552467596
"TTN-AS1","TTN-AS1",0.531250559603492
"LINC01242","LINC01242",0.530892370835383
"RP11-574K11.29","RP11-574K11.29",0.53084577361185
"RP3-380B8.4","RP3-380B8.4",0.53077975739791
"PINK1-AS","PINK1-AS",0.530642654002013
"RP11-488C13.5","RP11-488C13.5",0.530562478696735
"AC007679.3","AC007679.3",0.530465864517309
"WDFY3-AS1","WDFY3-AS1",0.530311404459607
"RP11-66A2.2","RP11-66A2.2",0.529799637207225
"NFYC-AS1","NFYC-AS1",0.52975703445871
"RP11-386G11.5","RP11-386G11.5",0.529479958189906
"RP11-650J17.1","RP11-650J17.1",0.528995322227137
"URB1-AS1","URB1-AS1",0.528801081362791
"PSMD6-AS2","PSMD6-AS2",0.527570862548104
"RP11-382A20.5","RP11-382A20.5",0.527520203422824
"RP11-23E10.3","RP11-23E10.3",0.527517979767473
"CTC-457E21.9","CTC-457E21.9",0.527476427930405
"STAM-AS1","STAM-AS1",0.527337656765303
"RP11-297D21.4","RP11-297D21.4",0.526822737171004
"CTD-3193K9.3","CTD-3193K9.3",0.526389757627008
"RP11-1M18.1","RP11-1M18.1",0.525775473793799
"RP11-2H3.7","RP11-2H3.7",0.52575213258496
"TMCC1-AS1","TMCC1-AS1",0.525122620587275
"RP5-1085F17.3","RP5-1085F17.3",0.525057456156782
"RP11-700J17.2","RP11-700J17.2",0.524928543939163
"AP001462.6","AP001462.6",0.524676953941421
"RP11-388C12.1","RP11-388C12.1",0.524465115222696
"MALAT1","MALAT1",0.524432316549878
"RP11-266L9.5","RP11-266L9.5",0.524168709811021
"RP5-1085F17.4","RP5-1085F17.4",0.524022533287751
"RP11-10L12.4","RP11-10L12.4",0.523781411531732
"RP11-131K5.1","RP11-131K5.1",0.52354144118375
"RP11-685M7.3","RP11-685M7.3",0.523273104523772
"UGDH-AS1","UGDH-AS1",0.522899792125321
"RP11-94P11.4","RP11-94P11.4",0.52247785623649
"AC087294.2","AC087294.2",0.522391439774837
"AP000892.4","AP000892.4",0.522323610212574
"GLTSCR1-AS1","GLTSCR1-AS1",0.522307514234116
"RP11-268P4.4","RP11-268P4.4",0.522268385129678
"UBL7-AS1","UBL7-AS1",0.522166326562413
"RP11-21L19.1","RP11-21L19.1",0.521699336367866
"LINC01337","LINC01337",0.521525294150323
"CH507-513H4.1","CH507-513H4.1",0.521279589887085
"RP11-434C1.2","RP11-434C1.2",0.520843037771814
"AL133245.2","AL133245.2",0.520065657447208
"BCDIN3D-AS1","BCDIN3D-AS1",0.519958115852355
"RP11-118M9.3","RP11-118M9.3",0.519907851929188
"RP11-108K3.1","RP11-108K3.1",0.519131636950737
"LINC00476","LINC00476",0.519094146021988
"RP11-97C16.1","RP11-97C16.1",0.518914211242972
"LINC00893","LINC00893",0.518572267481154
"RP13-582O9.7","RP13-582O9.7",0.518413499676072
"RP11-252E2.2","RP11-252E2.2",0.517970035881298
"ZIM2-AS1","ZIM2-AS1",0.517969209439107
"AC005387.2","AC005387.2",0.517644250632905
"RP3-403L10.3","RP3-403L10.3",0.517429267740588
"RP4-605O3.4","RP4-605O3.4",0.517330050728779
"LINC00469","LINC00469",0.517197502322022
"RP1-40E16.12","RP1-40E16.12",0.51705959331706
"FAM66B","FAM66B",0.517059257901696
"AC016831.7","AC016831.7",0.516988317309975
"CTD-2528L19.6","CTD-2528L19.6",0.516813605091253
"RP11-439A17.4","RP11-439A17.4",0.516789226368404
"ZNF582-AS1","ZNF582-AS1",0.516619246323528
"RP11-464F9.22","RP11-464F9.22",0.515885303106772
"CTB-46B19.2","CTB-46B19.2",0.515756161048683
"RP11-716O23.1","RP11-716O23.1",0.515549266670941
"CTD-2001C12.1","CTD-2001C12.1",0.515532302397942
"RP11-867O8.5","RP11-867O8.5",0.515358635600145
"RP11-486O13.4","RP11-486O13.4",0.51535186713934
"RP11-692D12.1","RP11-692D12.1",0.515050587918782
"RP11-296O14.3","RP11-296O14.3",0.514851222307734
"RP11-110A12.2","RP11-110A12.2",0.514542605413107
"STX18-AS1","STX18-AS1",0.514542066184605
"RP11-143J12.3","RP11-143J12.3",0.514109841612381
"EFCAB14-AS1","EFCAB14-AS1",0.514078583131853
"RP1-65P5.3","RP1-65P5.3",0.514064417300944
"RP11-352M15.2","RP11-352M15.2",0.51398766642646
"RP11-568N6.1","RP11-568N6.1",0.512978835746593
"RP11-281O15.4","RP11-281O15.4",0.512840431960263
"RP11-519G16.3","RP11-519G16.3",0.512537816108557
"USP46-AS1","USP46-AS1",0.512069018958784
"RP11-67L2.2","RP11-67L2.2",0.511595750816867
"RP11-770J1.3","RP11-770J1.3",0.511012564300726
"RP11-305L7.7","RP11-305L7.7",0.510498208188499
"CTD-3020H12.4","CTD-3020H12.4",0.510422047565913
"RP3-508I15.14","RP3-508I15.14",0.510388644093023
"RP11-393I2.4","RP11-393I2.4",0.510094611997194
"RP11-276M12.1","RP11-276M12.1",0.509011093098878
"FGD5-AS1","FGD5-AS1",0.508986891382298
"LINC01024","LINC01024",0.508929723481729
"CTD-2007H13.3","CTD-2007H13.3",0.50877361488536
"LINC01256","LINC01256",0.50871055138637
"RP11-575F12.1","RP11-575F12.1",0.508520499660077
"SNHG22","SNHG22",0.508136046854846
"RP11-173D3.1","RP11-173D3.1",0.508080255634538
"RP4-564F22.6","RP4-564F22.6",0.507675444066128
"AC092295.4","AC092295.4",0.507338701499575
"RP11-187E13.2","RP11-187E13.2",0.506944211317053
"AC138035.1","AC138035.1",0.506221028958783
"RP11-154H23.4","RP11-154H23.4",0.506131129856647
"GLIDR","GLIDR",0.506012321532775
"RP11-45M22.3","RP11-45M22.3",0.50589313346864
"RP11-798M19.3","RP11-798M19.3",0.505627278215037
"RP5-902P8.10","RP5-902P8.10",0.50551918253235
"CTD-2538C1.2","CTD-2538C1.2",0.504402446462455
"CKMT2-AS1","CKMT2-AS1",0.504252320068882
"RP11-540O11.7","RP11-540O11.7",0.503999777080589
"AP000442.1","AP000442.1",0.50327403500629
"LL22NC03-86D4.1","LL22NC03-86D4.1",0.503159384611214
"RP11-792A8.4","RP11-792A8.4",0.503131249519838
"RP11-793H13.11","RP11-793H13.11",0.50310059519372
"RP4-799D16.1","RP4-799D16.1",0.502850149945734
"RP11-1020A11.2","RP11-1020A11.2",0.502822531230086
"RAB30-AS1","RAB30-AS1",0.502782255098465
"RP11-363J20.1","RP11-363J20.1",0.5019687376579
"RP11-244M2.1","RP11-244M2.1",0.501952156900089
"RP11-544A12.8","RP11-544A12.8",0.501942213702574
"AC072062.1","AC072062.1",0.501840824716469
"RP11-1277A3.3","RP11-1277A3.3",0.501581855211205
"FLJ33360","FLJ33360",0.50053288901204
"CTD-3001H11.2","CTD-3001H11.2",0.500210755489558
"UBOX5-AS1","UBOX5-AS1",0.499896084578746
"RP11-415I12.3","RP11-415I12.3",0.499570260736756
"CTD-3184A7.4","CTD-3184A7.4",0.499306896166576
"LINC00159","LINC00159",0.499245067942281
"RP11-296I10.3","RP11-296I10.3",0.499197328980837
"GABPB1-AS1","GABPB1-AS1",0.499169184073256
"AC007292.4","AC007292.4",0.498451940197866
"RP11-17E13.2","RP11-17E13.2",0.4980555537331
"RNF217-AS1","RNF217-AS1",0.497653793900556
"CTD-2651B20.3","CTD-2651B20.3",0.497431627222167
"LLPH-AS1","LLPH-AS1",0.496727852205771
"RP11-708J19.1","RP11-708J19.1",0.49660950445754
"RP5-832C2.5","RP5-832C2.5",0.49650985348935
"FLVCR1-AS1","FLVCR1-AS1",0.496471170569558
"RP5-1159O4.1","RP5-1159O4.1",0.496310281043751
"RP11-554F20.1","RP11-554F20.1",0.496100772689949
"RP11-297A16.2","RP11-297A16.2",0.495682182086822
"CTC-444N24.11","CTC-444N24.11",0.495055357309955
"FTX","FTX",0.494795390371565
"LINC01572","LINC01572",0.494431057500266
"AC074117.10","AC074117.10",0.494425352293244
"RP11-210K20.2","RP11-210K20.2",0.494172662247598
"RP5-1065J22.8","RP5-1065J22.8",0.493956678352276
"RP11-345P4.9","RP11-345P4.9",0.493844519879911
"RP11-603J24.4","RP11-603J24.4",0.493767586035253
"RP11-448A19.1","RP11-448A19.1",0.493670487092115
"RP11-474B12.1","RP11-474B12.1",0.493660783833814
"LINC00310","LINC00310",0.493553174572618
"CTC-329D1.2","CTC-329D1.2",0.493252299859821
"RP11-798M19.6","RP11-798M19.6",0.493235460590897
"ADGRL3-AS1","ADGRL3-AS1",0.492815124265295
"RP13-638C3.4","RP13-638C3.4",0.492698564475016
"RP11-678G14.2","RP11-678G14.2",0.492060344430323
"RP4-635E18.7","RP4-635E18.7",0.491969178542576
"FLJ37453","FLJ37453",0.491731757787622
"RP11-83M16.6","RP11-83M16.6",0.49123116237715
"ZNF529-AS1","ZNF529-AS1",0.491065764820131
"RP11-18H7.1","RP11-18H7.1",0.491061027477303
"TMEM72-AS1","TMEM72-AS1",0.490332556015554
"RP11-197K3.1","RP11-197K3.1",0.490306257118013
"RP11-80H5.9","RP11-80H5.9",0.489792618856824
"RP11-365N19.2","RP11-365N19.2",0.489637398921328
"RP11-98I9.4","RP11-98I9.4",0.489514574415223
"RP11-169E6.1","RP11-169E6.1",0.489423701148822
"STX17-AS1","STX17-AS1",0.489412813543108
"LINC00969","LINC00969",0.489258597514521
"RP11-754B17.1","RP11-754B17.1",0.489180465405716
"RP11-262H14.4","RP11-262H14.4",0.488812472980522
"HCG25","HCG25",0.48877808190122
"CTD-2337A12.1","CTD-2337A12.1",0.488293219368504
"RP4-591C20.9","RP4-591C20.9",0.488005147104539
"AC093901.1","AC093901.1",0.487986288813945
"RP11-7F18.2","RP11-7F18.2",0.487852504871804
"RP11-203B9.4","RP11-203B9.4",0.487699344283264
"RP11-317G6.1","RP11-317G6.1",0.487362629897545
"CAPN10-AS1","CAPN10-AS1",0.487332875477047
"AC009120.5","AC009120.5",0.486369367101961
"RP11-109P14.10","RP11-109P14.10",0.48619222805634
"RP11-543C4.1","RP11-543C4.1",0.486012993547802
"RP11-53O19.1","RP11-53O19.1",0.485665289260997
"RP11-1055B8.9","RP11-1055B8.9",0.484282051346787
"CTD-2506P8.6","CTD-2506P8.6",0.483914745021062
"GS1-124K5.4","GS1-124K5.4",0.483311608576892
"AC092415.1","AC092415.1",0.483181017839491
"SMCR5","SMCR5",0.483113434227405
"RP11-535M15.1","RP11-535M15.1",0.482872748688112
"FSIP2-AS1","FSIP2-AS1",0.482400009257251
"RP11-412D9.4","RP11-412D9.4",0.482082934604194
"CTD-2287O16.5","CTD-2287O16.5",0.481447498441649
"CTD-2199O4.6","CTD-2199O4.6",0.480921713150716
"RP11-78L16.1","RP11-78L16.1",0.480602027331454
"CTD-2377D24.6","CTD-2377D24.6",0.479818325727746
"FAM85B","FAM85B",0.47972317246146
"OSER1-AS1","OSER1-AS1",0.479552461425383
"RP3-388M5.9","RP3-388M5.9",0.479226022023495
"CTD-2619J13.17","CTD-2619J13.17",0.478623906078688
"RP11-299J3.8","RP11-299J3.8",0.478148626552913
"CTB-50L17.16","CTB-50L17.16",0.477661209304494
"CTD-3138B18.5","CTD-3138B18.5",0.477211692513088
"RP11-64D24.2","RP11-64D24.2",0.477087183179245
"CTD-2555O16.2","CTD-2555O16.2",0.477061285644212
"IQCH-AS1","IQCH-AS1",0.476947466104958
"AC009228.1","AC009228.1",0.476675262935028
"RP11-227D13.1","RP11-227D13.1",0.476574345026834
"ATP6V0E2-AS1","ATP6V0E2-AS1",0.475448846136503
"RP11-722P11.4","RP11-722P11.4",0.474761236929984
"CTD-2006H14.2","CTD-2006H14.2",0.473311124605031
"PCF11-AS1","PCF11-AS1",0.473291610800023
"CTC-260E6.6","CTC-260E6.6",0.47224597786022
"DNAJC27-AS1","DNAJC27-AS1",0.471830684925663
"PAXBP1-AS1","PAXBP1-AS1",0.470688695861082
"RP11-706D8.3","RP11-706D8.3",0.470619034983093
"RP11-98D18.9","RP11-98D18.9",0.469835789431244
"AC087501.1","AC087501.1",0.46979773362276
"AC007246.3","AC007246.3",0.469217517438631
"TRAF3IP2-AS1","TRAF3IP2-AS1",0.469190312384687
"RP11-803B1.8","RP11-803B1.8",0.469125036832846
"RP11-631N16.2","RP11-631N16.2",0.469042420898833
"RP11-378J18.9","RP11-378J18.9",0.468646432065712
"RP11-182J1.18","RP11-182J1.18",0.468247925807555
"RP11-1000B6.8","RP11-1000B6.8",0.465703051829891
"CTD-2095E4.5","CTD-2095E4.5",0.464427532833611
"AC137934.1","AC137934.1",0.463079640413954
"FLJ20021","FLJ20021",0.46297985970931
"RP11-977G19.11","RP11-977G19.11",0.462814909053837
"CTD-2525I3.6","CTD-2525I3.6",0.461758658262969
"RP11-60A24.3","RP11-60A24.3",0.461589498152684
"AC073343.13","AC073343.13",0.461042164846441
"CTD-2515A14.1","CTD-2515A14.1",0.460552042657595
"AC009961.3","AC009961.3",0.460046634375724
"AC007285.6","AC007285.6",0.457173562024438
"XIST","XIST",0.457093579975965
"RP11-260M2.1","RP11-260M2.1",0.456909961313473
"SMIM10L1","SMIM10L1",0.456727394138025
"RP1-39G22.7","RP1-39G22.7",0.455439783326727
"BDNF-AS","BDNF-AS",0.454653062029178
"RP11-138A9.2","RP11-138A9.2",0.452782859621682
"CTB-31O20.2","CTB-31O20.2",0.45243320703669
"LLNLR-245B6.1","LLNLR-245B6.1",0.452273101998841
"KB-1460A1.5","KB-1460A1.5",0.451950429054912
"ILF3-AS1","ILF3-AS1",0.451458047098834
"RP11-1103G16.1","RP11-1103G16.1",0.450623271468488
"CTC-366B18.4","CTC-366B18.4",0.450076865741587
"NIFK-AS1","NIFK-AS1",0.446763053489625
"RP11-392O1.4","RP11-392O1.4",0.445219483453664
"AC008746.12","AC008746.12",0.444938765504997
"FAM66D","FAM66D",0.444900874722665
"TMEM147-AS1","TMEM147-AS1",0.442920696630428
"RP11-506M12.1","RP11-506M12.1",0.441593166536933
"CTBP1-AS","CTBP1-AS",0.441497120483973
"TCEB3-AS1","TCEB3-AS1",0.440276072749525
"SNHG21","SNHG21",0.439980415394241
"EIF3J-AS1","EIF3J-AS1",0.439962891751277
"RP1-43E13.2","RP1-43E13.2",0.439327153984799
"RP11-540O11.4","RP11-540O11.4",0.439000462842104
"RP11-385F5.4","RP11-385F5.4",0.438870182747463
"RP11-65N13.8","RP11-65N13.8",0.438611452939831
"RP11-356J5.12","RP11-356J5.12",0.43782602303334
"LINC01355","LINC01355",0.437705829886739
"RP11-544A12.4","RP11-544A12.4",0.436622087471794
"RP11-461O7.1","RP11-461O7.1",0.436586835572701
"RP11-983P16.4","RP11-983P16.4",0.435489824011104
"AC018462.2","AC018462.2",0.434896052899297
"BHLHE40-AS1","BHLHE40-AS1",0.434493539008804
"bP-21264C1.2","bP-21264C1.2",0.43412304036011
"RP11-63E5.6","RP11-63E5.6",0.430012725360164
"CTD-2026D20.2","CTD-2026D20.2",0.428385832491202
"RP11-323I15.5","RP11-323I15.5",0.427503826596512
"BOLA3-AS1","BOLA3-AS1",0.427216861392627
"FALEC","FALEC",0.426392543190362
"RP11-734K2.4","RP11-734K2.4",0.424031103444501
"CTA-292E10.6","CTA-292E10.6",0.423953914609153
"LINC00624","LINC00624",0.423674509784008
"RP11-367N14.2","RP11-367N14.2",0.422588937960118
"SCAMP1-AS1","SCAMP1-AS1",0.421289835863277
"RP11-321C24.1","RP11-321C24.1",0.419937409996223
"RP5-1024G6.2","RP5-1024G6.2",0.419199141005007
"AC026188.1","AC026188.1",0.419016836545674
"LINC01534","LINC01534",0.417120920952289
"TP53TG1","TP53TG1",0.416800551868322
"C9orf41-AS1","C9orf41-AS1",0.414226109819315
"AF146191.4","AF146191.4",0.412242935642816
"RP11-932O9.7","RP11-932O9.7",0.411968858445534
"RP11-418J17.1","RP11-418J17.1",0.410973095983538
"RP11-656D10.3","RP11-656D10.3",0.409191142362421
"RP11-184I16.4","RP11-184I16.4",0.40900718524377
"AC091153.4","AC091153.4",0.40705175202072
"RP11-572M11.4","RP11-572M11.4",0.407003078131687
"AP000487.5","AP000487.5",0.40620691958155
"RP11-355B11.2","RP11-355B11.2",0.404896166996525
"RP11-894P9.1","RP11-894P9.1",0.404520216571189
"RP11-147L13.14","RP11-147L13.14",0.404354866930257
"NORAD","NORAD",0.403601968797755
"CTD-2547G23.4","CTD-2547G23.4",0.40347888910039
"CTD-3113P16.11","CTD-3113P16.11",0.40336351432404
"RP11-890B15.3","RP11-890B15.3",0.403247521521764
"C1orf132","C1orf132",0.403217284644346
"RP11-61K9.2","RP11-61K9.2",0.402214997091568
"NUP50-AS1","NUP50-AS1",0.401695440979936
"LINC00342","LINC00342",0.401038684372956
"RP11-337C18.8","RP11-337C18.8",0.399849771015206
"RP11-774O3.3","RP11-774O3.3",0.399317251451672
"HCG17","HCG17",0.399106595212447
"RP11-110I1.11","RP11-110I1.11",0.398894591231434
"RP11-111A22.1","RP11-111A22.1",0.398368390886271
"PHF1","PHF1",0.398020904136236
"LINC01033","LINC01033",0.39790132176412
"MANEA-AS1","MANEA-AS1",0.396652647550585
"RP11-354M20.3","RP11-354M20.3",0.396133356316608
"RP11-445O3.2","RP11-445O3.2",0.394806776299907
"RP3-323P24.3","RP3-323P24.3",0.394226311627156
"LENG8-AS1","LENG8-AS1",0.392666837413114
"AC007255.8","AC007255.8",0.392634129078813
"RP11-77P16.4","RP11-77P16.4",0.391745960217411
"RP11-182L21.6","RP11-182L21.6",0.391731922810728
"AP002954.4","AP002954.4",0.390736123786247
"RP11-635N19.1","RP11-635N19.1",0.389737762318111
"NNT-AS1","NNT-AS1",0.389415430197321
"ZSCAN16-AS1","ZSCAN16-AS1",0.389281770563002
"DNAJC3-AS1","DNAJC3-AS1",0.387153314501829
"AC003682.16","AC003682.16",0.385997940706235
"RP11-540O11.6","RP11-540O11.6",0.38552406511349
"RP11-110G21.1","RP11-110G21.1",0.385237825082601
"RP11-206L10.9","RP11-206L10.9",0.385164558820386
"ARRDC1-AS1","ARRDC1-AS1",0.385063830595935
"RP11-452L6.1","RP11-452L6.1",0.383936968611288
"LINC01609","LINC01609",0.381024808080312
"XX-FW83563B9.5","XX-FW83563B9.5",0.380854907493748
"CTD-2378E12.1","CTD-2378E12.1",0.380360507820342
"DHRS4-AS1","DHRS4-AS1",0.379861971575403
"CTD-3222D19.8","CTD-3222D19.8",0.379564231293537
"LINC00662","LINC00662",0.37792239685041
"RP11-83A24.2","RP11-83A24.2",0.377853929206942
"MCM3AP-AS1","MCM3AP-AS1",0.377674435752107
"RP11-410L14.2","RP11-410L14.2",0.377268714358058
"LA16c-321D4.2","LA16c-321D4.2",0.376842028972836
"RP11-295K2.3","RP11-295K2.3",0.375814830650606
"ZRANB2-AS1","ZRANB2-AS1",0.3756484972031
"MCPH1-AS1","MCPH1-AS1",0.375389220335331
"AC012358.8","AC012358.8",0.374907915848525
"RP11-580I16.2","RP11-580I16.2",0.373512601387683
"LINC01184","LINC01184",0.372916416230986
"RP11-227G15.11","RP11-227G15.11",0.372445432093289
"RP11-344N10.5","RP11-344N10.5",0.371847292106144
"RP11-111A21.1","RP11-111A21.1",0.369495770916663
"RP11-996F15.2","RP11-996F15.2",0.367538101647625
"OTUD6B-AS1","OTUD6B-AS1",0.36485829018238
"RP11-20I23.6","RP11-20I23.6",0.363994418732823
"LINC00630","LINC00630",0.359643644258054
"RP4-803J11.2","RP4-803J11.2",0.359088416303314
"LINC01372","LINC01372",0.357863791878839
"RP11-215P8.3","RP11-215P8.3",0.357525060397578
"RP11-428J1.4","RP11-428J1.4",0.357022664876213
"ENTPD1-AS1","ENTPD1-AS1",0.356793584879274
"GMDS-AS1","GMDS-AS1",0.355281121101977
"CH507-528H12.1","CH507-528H12.1",0.354908848140674
"SNAI3-AS1","SNAI3-AS1",0.354905750090727
"SEC24B-AS1","SEC24B-AS1",0.354368484241705
"RP11-392O17.2","RP11-392O17.2",0.353743194224595
"LINC00665","LINC00665",0.353094376539998
"SNHG9","SNHG9",0.352102059664234
"LIPE-AS1","LIPE-AS1",0.35050364320795
"RP11-119B16.2","RP11-119B16.2",0.349608485282175
"AC007038.7","AC007038.7",0.347332014913644
"NUTM2B-AS1","NUTM2B-AS1",0.346121613806181
"RAP2C-AS1","RAP2C-AS1",0.345164471279822
"RP1-101K10.6","RP1-101K10.6",0.343656600972424
"ZNF667-AS1","ZNF667-AS1",0.341518134010391
"TTTY15","TTTY15",0.340287952884868
"LINC01004","LINC01004",0.340114057265083
"EBLN3P","EBLN3P",0.334228870441292
"RP11-432J22.2","RP11-432J22.2",0.333980471664108
"RP11-324I22.4","RP11-324I22.4",0.332630515570418
"RP11-360L9.4","RP11-360L9.4",0.329416768693683
"RP11-154D17.1","RP11-154D17.1",0.329067732239315
"RP1-267D11.6","RP1-267D11.6",0.3247196168029
"SLC16A1-AS1","SLC16A1-AS1",0.324612117746985
"AC005037.3","AC005037.3",0.324408243784459
"CTBP1-AS2","CTBP1-AS2",0.321750508077537
"CTC-436P18.1","CTC-436P18.1",0.319221961616712
"WAC-AS1","WAC-AS1",0.3146636358119
"RP11-88I18.2","RP11-88I18.2",0.3114852766317
"AC105402.4","AC105402.4",0.304595890015324
"LINC00843","LINC00843",0.293763973583275
"JPX","JPX",0.292611570483009
"LINC00909","LINC00909",0.289995418505866
"RP11-499P20.2","RP11-499P20.2",0.285136009222762
"RP11-440L14.1","RP11-440L14.1",0.281730086881608
"RP11-517O13.1","RP11-517O13.1",0.269441650592763
"THUMPD3-AS1","THUMPD3-AS1",0.261346163770506
"DENND6A-AS1","DENND6A-AS1",0.260993976487786
"LINC00486","LINC00486",0.194933162038873
"RP11-335E6.2","RP11-335E6.2",0
"RP11-152H18.4","RP11-152H18.4",0
"RP11-3B12.5","RP11-3B12.5",0
"RP11-1028N23.3","RP11-1028N23.3",0
"LINC01287","LINC01287",0
"LINC00709","LINC00709",0
